-- The C compiler identification is GNU 13.3.0
-- The CXX compiler identification is GNU 13.3.0
-- Detecting C compiler ABI info
-- Detecting C compiler ABI info - done
-- Check for working C compiler: /usr/bin/cc - skipped
-- Detecting C compile features
-- Detecting C compile features - done
-- Detecting CXX compiler ABI info
-- Detecting CXX compiler ABI info - done
-- Check for working CXX compiler: /usr/bin/c++ - skipped
-- Detecting CXX compile features
-- Detecting CXX compile features - done
-- Found ament_cmake: 2.5.5 (/workspace/jazzy_ws/install/share/ament_cmake/cmake)
-- Found Python3: /usr/bin/python3 (found version "3.12.3") found components: Interpreter 
-- Found rosidl_default_generators: 1.6.0 (/workspace/jazzy_ws/install/share/rosidl_default_generators/cmake)
-- Using all available rosidl_typesupport_c: rosidl_typesupport_fastrtps_c;rosidl_typesupport_introspection_c
-- Using all available rosidl_typesupport_cpp: rosidl_typesupport_fastrtps_cpp;rosidl_typesupport_introspection_cpp
-- Found rosidl_adapter: 4.6.7 (/workspace/jazzy_ws/install/share/rosidl_adapter/cmake)
-- Found ament_cmake_ros: 0.12.0 (/workspace/jazzy_ws/install/share/ament_cmake_ros/cmake)
-- Using all available rosidl_typesupport_c: rosidl_typesupport_fastrtps_c;rosidl_typesupport_introspection_c
-- Using all available rosidl_typesupport_cpp: rosidl_typesupport_fastrtps_cpp;rosidl_typesupport_introspection_cpp
-- Found python_cmake_module: 0.11.1 (/workspace/jazzy_ws/install/share/python_cmake_module/cmake)
-- Found PythonExtra: /usr/bin/python3  
-- Found Python3: /usr/bin/python3 (found version "3.12.3") found components: Interpreter Development NumPy Development.Module Development.Embed 
-- Configuring done (1.9s)
-- Generating done (0.1s)
-- Build files have been written to: /workspace/jazzy_ws/build/example_interfaces
[  0%] Generating type hashes for ROS interfaces
[  0%] Built target ament_cmake_python_copy_example_interfaces
running egg_info
creating example_interfaces.egg-info
writing example_interfaces.egg-info/PKG-INFO
writing dependency_links to example_interfaces.egg-info/dependency_links.txt
writing top-level names to example_interfaces.egg-info/top_level.txt
writing manifest file 'example_interfaces.egg-info/SOURCES.txt'
reading manifest file 'example_interfaces.egg-info/SOURCES.txt'
writing manifest file 'example_interfaces.egg-info/SOURCES.txt'
[  0%] Built target ament_cmake_python_build_example_interfaces_egg
[  0%] Built target example_interfaces__rosidl_generator_type_description
[  0%] Generating C++ code for ROS interfaces
[  0%] Generating C code for ROS interfaces
[  0%] Built target example_interfaces__cpp
[  0%] Building C object CMakeFiles/example_interfaces__rosidl_generator_c.dir/rosidl_generator_c/example_interfaces/action/detail/fibonacci__functions.c.o
[  0%] Building C object CMakeFiles/example_interfaces__rosidl_generator_c.dir/rosidl_generator_c/example_interfaces/msg/detail/bool__description.c.o
[  1%] Building C object CMakeFiles/example_interfaces__rosidl_generator_c.dir/rosidl_generator_c/example_interfaces/action/detail/fibonacci__description.c.o
[  1%] Building C object CMakeFiles/example_interfaces__rosidl_generator_c.dir/rosidl_generator_c/example_interfaces/msg/detail/byte__description.c.o
[  0%] Building C object CMakeFiles/example_interfaces__rosidl_generator_c.dir/rosidl_generator_c/example_interfaces/action/detail/fibonacci__type_support.c.o
[  2%] Building C object CMakeFiles/example_interfaces__rosidl_generator_c.dir/rosidl_generator_c/example_interfaces/msg/detail/bool__functions.c.o
[  3%] Building C object CMakeFiles/example_interfaces__rosidl_generator_c.dir/rosidl_generator_c/example_interfaces/msg/detail/byte__functions.c.o
[  3%] Building C object CMakeFiles/example_interfaces__rosidl_generator_c.dir/rosidl_generator_c/example_interfaces/msg/detail/byte_multi_array__description.c.o
[  4%] Building C object CMakeFiles/example_interfaces__rosidl_generator_c.dir/rosidl_generator_c/example_interfaces/msg/detail/byte_multi_array__type_support.c.o
[  4%] Building C object CMakeFiles/example_interfaces__rosidl_generator_c.dir/rosidl_generator_c/example_interfaces/msg/detail/bool__type_support.c.o
[  4%] Building C object CMakeFiles/example_interfaces__rosidl_generator_c.dir/rosidl_generator_c/example_interfaces/msg/detail/byte__type_support.c.o
[  4%] Building C object CMakeFiles/example_interfaces__rosidl_generator_c.dir/rosidl_generator_c/example_interfaces/msg/detail/byte_multi_array__functions.c.o
[  4%] Building C object CMakeFiles/example_interfaces__rosidl_generator_c.dir/rosidl_generator_c/example_interfaces/msg/detail/char__description.c.o
[  4%] Building C object CMakeFiles/example_interfaces__rosidl_generator_c.dir/rosidl_generator_c/example_interfaces/msg/detail/char__functions.c.o
[  4%] Building C object CMakeFiles/example_interfaces__rosidl_generator_c.dir/rosidl_generator_c/example_interfaces/msg/detail/empty__functions.c.o
[  4%] Building C object CMakeFiles/example_interfaces__rosidl_generator_c.dir/rosidl_generator_c/example_interfaces/msg/detail/empty__type_support.c.o
[  4%] Building C object CMakeFiles/example_interfaces__rosidl_generator_c.dir/rosidl_generator_c/example_interfaces/msg/detail/empty__description.c.o
[  5%] Building C object CMakeFiles/example_interfaces__rosidl_generator_c.dir/rosidl_generator_c/example_interfaces/msg/detail/float32__description.c.o
[  6%] Building C object CMakeFiles/example_interfaces__rosidl_generator_c.dir/rosidl_generator_c/example_interfaces/msg/detail/float32_multi_array__description.c.o
[  5%] Building C object CMakeFiles/example_interfaces__rosidl_generator_c.dir/rosidl_generator_c/example_interfaces/msg/detail/float32__functions.c.o
[  7%] Building C object CMakeFiles/example_interfaces__rosidl_generator_c.dir/rosidl_generator_c/example_interfaces/msg/detail/float32__type_support.c.o
[  7%] Building C object CMakeFiles/example_interfaces__rosidl_generator_c.dir/rosidl_generator_c/example_interfaces/msg/detail/char__type_support.c.o
[  7%] Building C object CMakeFiles/example_interfaces__rosidl_generator_c.dir/rosidl_generator_c/example_interfaces/msg/detail/float32_multi_array__functions.c.o
[  7%] Building C object CMakeFiles/example_interfaces__rosidl_generator_c.dir/rosidl_generator_c/example_interfaces/msg/detail/float32_multi_array__type_support.c.o
[  8%] Building C object CMakeFiles/example_interfaces__rosidl_generator_c.dir/rosidl_generator_c/example_interfaces/msg/detail/float64__functions.c.o
[  7%] Building C object CMakeFiles/example_interfaces__rosidl_generator_c.dir/rosidl_generator_c/example_interfaces/msg/detail/float64__description.c.o
[  8%] Building C object CMakeFiles/example_interfaces__rosidl_generator_c.dir/rosidl_generator_c/example_interfaces/msg/detail/float64__type_support.c.o
[  8%] Building C object CMakeFiles/example_interfaces__rosidl_generator_c.dir/rosidl_generator_c/example_interfaces/msg/detail/float64_multi_array__description.c.o
[  9%] Building C object CMakeFiles/example_interfaces__rosidl_generator_c.dir/rosidl_generator_c/example_interfaces/msg/detail/float64_multi_array__functions.c.o
[  9%] Building C object CMakeFiles/example_interfaces__rosidl_generator_c.dir/rosidl_generator_c/example_interfaces/msg/detail/int16__description.c.o
[  9%] Building C object CMakeFiles/example_interfaces__rosidl_generator_c.dir/rosidl_generator_c/example_interfaces/msg/detail/float64_multi_array__type_support.c.o
[  9%] Building C object CMakeFiles/example_interfaces__rosidl_generator_c.dir/rosidl_generator_c/example_interfaces/msg/detail/int16__functions.c.o
[  9%] Building C object CMakeFiles/example_interfaces__rosidl_generator_c.dir/rosidl_generator_c/example_interfaces/msg/detail/int16_multi_array__description.c.o
[  9%] Building C object CMakeFiles/example_interfaces__rosidl_generator_c.dir/rosidl_generator_c/example_interfaces/msg/detail/int16_multi_array__functions.c.o
[ 10%] Building C object CMakeFiles/example_interfaces__rosidl_generator_c.dir/rosidl_generator_c/example_interfaces/msg/detail/int16__type_support.c.o
[ 10%] Building C object CMakeFiles/example_interfaces__rosidl_generator_c.dir/rosidl_generator_c/example_interfaces/msg/detail/int32__description.c.o
[ 11%] Building C object CMakeFiles/example_interfaces__rosidl_generator_c.dir/rosidl_generator_c/example_interfaces/msg/detail/int32_multi_array__description.c.o
[ 12%] Building C object CMakeFiles/example_interfaces__rosidl_generator_c.dir/rosidl_generator_c/example_interfaces/msg/detail/int16_multi_array__type_support.c.o
[ 12%] Building C object CMakeFiles/example_interfaces__rosidl_generator_c.dir/rosidl_generator_c/example_interfaces/msg/detail/int32__type_support.c.o
[ 12%] Building C object CMakeFiles/example_interfaces__rosidl_generator_c.dir/rosidl_generator_c/example_interfaces/msg/detail/int32__functions.c.o
[ 12%] Building C object CMakeFiles/example_interfaces__rosidl_generator_c.dir/rosidl_generator_c/example_interfaces/msg/detail/int32_multi_array__functions.c.o
[ 12%] Building C object CMakeFiles/example_interfaces__rosidl_generator_c.dir/rosidl_generator_c/example_interfaces/msg/detail/int32_multi_array__type_support.c.o
[ 12%] Building C object CMakeFiles/example_interfaces__rosidl_generator_c.dir/rosidl_generator_c/example_interfaces/msg/detail/int64__description.c.o
[ 12%] Building C object CMakeFiles/example_interfaces__rosidl_generator_c.dir/rosidl_generator_c/example_interfaces/msg/detail/int64__type_support.c.o
[ 12%] Building C object CMakeFiles/example_interfaces__rosidl_generator_c.dir/rosidl_generator_c/example_interfaces/msg/detail/int64_multi_array__description.c.o
[ 13%] Building C object CMakeFiles/example_interfaces__rosidl_generator_c.dir/rosidl_generator_c/example_interfaces/msg/detail/int64__functions.c.o
[ 13%] Building C object CMakeFiles/example_interfaces__rosidl_generator_c.dir/rosidl_generator_c/example_interfaces/msg/detail/int8__description.c.o
[ 13%] Building C object CMakeFiles/example_interfaces__rosidl_generator_c.dir/rosidl_generator_c/example_interfaces/msg/detail/int64_multi_array__type_support.c.o
[ 13%] Building C object CMakeFiles/example_interfaces__rosidl_generator_c.dir/rosidl_generator_c/example_interfaces/msg/detail/int8__functions.c.o
[ 14%] Building C object CMakeFiles/example_interfaces__rosidl_generator_c.dir/rosidl_generator_c/example_interfaces/msg/detail/int64_multi_array__functions.c.o
[ 15%] Building C object CMakeFiles/example_interfaces__rosidl_generator_c.dir/rosidl_generator_c/example_interfaces/msg/detail/int8__type_support.c.o
[ 15%] Building C object CMakeFiles/example_interfaces__rosidl_generator_c.dir/rosidl_generator_c/example_interfaces/msg/detail/int8_multi_array__description.c.o
[ 15%] Building C object CMakeFiles/example_interfaces__rosidl_generator_c.dir/rosidl_generator_c/example_interfaces/msg/detail/int8_multi_array__functions.c.o
[ 15%] Building C object CMakeFiles/example_interfaces__rosidl_generator_c.dir/rosidl_generator_c/example_interfaces/msg/detail/multi_array_dimension__functions.c.o
[ 16%] Building C object CMakeFiles/example_interfaces__rosidl_generator_c.dir/rosidl_generator_c/example_interfaces/msg/detail/int8_multi_array__type_support.c.o
[ 16%] Building C object CMakeFiles/example_interfaces__rosidl_generator_c.dir/rosidl_generator_c/example_interfaces/msg/detail/multi_array_dimension__type_support.c.o
[ 16%] Building C object CMakeFiles/example_interfaces__rosidl_generator_c.dir/rosidl_generator_c/example_interfaces/msg/detail/multi_array_dimension__description.c.o
[ 17%] Building C object CMakeFiles/example_interfaces__rosidl_generator_c.dir/rosidl_generator_c/example_interfaces/msg/detail/multi_array_layout__description.c.o
[ 17%] Building C object CMakeFiles/example_interfaces__rosidl_generator_c.dir/rosidl_generator_c/example_interfaces/msg/detail/multi_array_layout__functions.c.o
[ 17%] Building C object CMakeFiles/example_interfaces__rosidl_generator_c.dir/rosidl_generator_c/example_interfaces/msg/detail/multi_array_layout__type_support.c.o
[ 18%] Building C object CMakeFiles/example_interfaces__rosidl_generator_c.dir/rosidl_generator_c/example_interfaces/msg/detail/string__description.c.o
[ 18%] Building C object CMakeFiles/example_interfaces__rosidl_generator_c.dir/rosidl_generator_c/example_interfaces/msg/detail/string__functions.c.o
[ 18%] Building C object CMakeFiles/example_interfaces__rosidl_generator_c.dir/rosidl_generator_c/example_interfaces/msg/detail/string__type_support.c.o
[ 18%] Building C object CMakeFiles/example_interfaces__rosidl_generator_c.dir/rosidl_generator_c/example_interfaces/msg/detail/u_int16__description.c.o
[ 18%] Building C object CMakeFiles/example_interfaces__rosidl_generator_c.dir/rosidl_generator_c/example_interfaces/msg/detail/u_int16__type_support.c.o
[ 18%] Building C object CMakeFiles/example_interfaces__rosidl_generator_c.dir/rosidl_generator_c/example_interfaces/msg/detail/u_int16_multi_array__description.c.o
[ 19%] Building C object CMakeFiles/example_interfaces__rosidl_generator_c.dir/rosidl_generator_c/example_interfaces/msg/detail/u_int16__functions.c.o
[ 20%] Building C object CMakeFiles/example_interfaces__rosidl_generator_c.dir/rosidl_generator_c/example_interfaces/msg/detail/u_int16_multi_array__functions.c.o
[ 21%] Building C object CMakeFiles/example_interfaces__rosidl_generator_c.dir/rosidl_generator_c/example_interfaces/msg/detail/u_int32__type_support.c.o
[ 21%] Building C object CMakeFiles/example_interfaces__rosidl_generator_c.dir/rosidl_generator_c/example_interfaces/msg/detail/u_int16_multi_array__type_support.c.o
[ 21%] Building C object CMakeFiles/example_interfaces__rosidl_generator_c.dir/rosidl_generator_c/example_interfaces/msg/detail/u_int32__description.c.o
[ 21%] Building C object CMakeFiles/example_interfaces__rosidl_generator_c.dir/rosidl_generator_c/example_interfaces/msg/detail/u_int32__functions.c.o
[ 21%] Building C object CMakeFiles/example_interfaces__rosidl_generator_c.dir/rosidl_generator_c/example_interfaces/msg/detail/u_int32_multi_array__description.c.o
[ 21%] Building C object CMakeFiles/example_interfaces__rosidl_generator_c.dir/rosidl_generator_c/example_interfaces/msg/detail/u_int32_multi_array__functions.c.o
[ 22%] Building C object CMakeFiles/example_interfaces__rosidl_generator_c.dir/rosidl_generator_c/example_interfaces/msg/detail/u_int32_multi_array__type_support.c.o
[ 22%] Building C object CMakeFiles/example_interfaces__rosidl_generator_c.dir/rosidl_generator_c/example_interfaces/msg/detail/u_int64__functions.c.o
[ 22%] Building C object CMakeFiles/example_interfaces__rosidl_generator_c.dir/rosidl_generator_c/example_interfaces/msg/detail/u_int64__description.c.o
[ 22%] Building C object CMakeFiles/example_interfaces__rosidl_generator_c.dir/rosidl_generator_c/example_interfaces/msg/detail/u_int64__type_support.c.o
[ 23%] Building C object CMakeFiles/example_interfaces__rosidl_generator_c.dir/rosidl_generator_c/example_interfaces/msg/detail/u_int8__description.c.o
[ 23%] Building C object CMakeFiles/example_interfaces__rosidl_generator_c.dir/rosidl_generator_c/example_interfaces/msg/detail/u_int64_multi_array__type_support.c.o
[ 24%] Building C object CMakeFiles/example_interfaces__rosidl_generator_c.dir/rosidl_generator_c/example_interfaces/msg/detail/u_int64_multi_array__description.c.o
[ 24%] Building C object CMakeFiles/example_interfaces__rosidl_generator_c.dir/rosidl_generator_c/example_interfaces/msg/detail/u_int64_multi_array__functions.c.o
[ 24%] Building C object CMakeFiles/example_interfaces__rosidl_generator_c.dir/rosidl_generator_c/example_interfaces/msg/detail/u_int8__type_support.c.o
[ 24%] Building C object CMakeFiles/example_interfaces__rosidl_generator_c.dir/rosidl_generator_c/example_interfaces/msg/detail/u_int8__functions.c.o
[ 24%] Building C object CMakeFiles/example_interfaces__rosidl_generator_c.dir/rosidl_generator_c/example_interfaces/msg/detail/u_int8_multi_array__type_support.c.o
[ 24%] Building C object CMakeFiles/example_interfaces__rosidl_generator_c.dir/rosidl_generator_c/example_interfaces/msg/detail/w_string__description.c.o
[ 24%] Building C object CMakeFiles/example_interfaces__rosidl_generator_c.dir/rosidl_generator_c/example_interfaces/msg/detail/u_int8_multi_array__description.c.o
[ 24%] Building C object CMakeFiles/example_interfaces__rosidl_generator_c.dir/rosidl_generator_c/example_interfaces/msg/detail/w_string__functions.c.o
[ 24%] Building C object CMakeFiles/example_interfaces__rosidl_generator_c.dir/rosidl_generator_c/example_interfaces/srv/detail/add_two_ints__description.c.o
[ 25%] Building C object CMakeFiles/example_interfaces__rosidl_generator_c.dir/rosidl_generator_c/example_interfaces/msg/detail/w_string__type_support.c.o
[ 26%] Building C object CMakeFiles/example_interfaces__rosidl_generator_c.dir/rosidl_generator_c/example_interfaces/srv/detail/add_two_ints__functions.c.o
[ 26%] Building C object CMakeFiles/example_interfaces__rosidl_generator_c.dir/rosidl_generator_c/example_interfaces/msg/detail/u_int8_multi_array__functions.c.o
[ 27%] Building C object CMakeFiles/example_interfaces__rosidl_generator_c.dir/rosidl_generator_c/example_interfaces/srv/detail/add_two_ints__type_support.c.o
[ 27%] Building C object CMakeFiles/example_interfaces__rosidl_generator_c.dir/rosidl_generator_c/example_interfaces/srv/detail/set_bool__type_support.c.o
[ 27%] Building C object CMakeFiles/example_interfaces__rosidl_generator_c.dir/rosidl_generator_c/example_interfaces/srv/detail/set_bool__functions.c.o
[ 27%] Building C object CMakeFiles/example_interfaces__rosidl_generator_c.dir/rosidl_generator_c/example_interfaces/srv/detail/trigger__functions.c.o
[ 28%] Building C object CMakeFiles/example_interfaces__rosidl_generator_c.dir/rosidl_generator_c/example_interfaces/srv/detail/trigger__description.c.o
[ 28%] Building C object CMakeFiles/example_interfaces__rosidl_generator_c.dir/rosidl_generator_c/example_interfaces/srv/detail/set_bool__description.c.o
[ 28%] Building C object CMakeFiles/example_interfaces__rosidl_generator_c.dir/rosidl_generator_c/example_interfaces/srv/detail/trigger__type_support.c.o
[ 29%] Linking C shared library libexample_interfaces__rosidl_generator_c.so
[ 29%] Built target example_interfaces__rosidl_generator_c
[ 30%] Generating C++ type support dispatch for ROS interfaces
[ 31%] Generating C type support dispatch for ROS interfaces
[ 31%] Generating C introspection for ROS interfaces
[ 31%] Generating C++ introspection for ROS interfaces
[ 31%] Generating C++ type support for eProsima Fast-RTPS
[ 32%] Generating C type support for eProsima Fast-RTPS
[ 32%] Building CXX object CMakeFiles/example_interfaces__rosidl_typesupport_introspection_cpp.dir/rosidl_typesupport_introspection_cpp/example_interfaces/action/detail/fibonacci__type_support.cpp.o
[ 33%] Building CXX object CMakeFiles/example_interfaces__rosidl_typesupport_introspection_cpp.dir/rosidl_typesupport_introspection_cpp/example_interfaces/msg/detail/char__type_support.cpp.o
[ 33%] Building CXX object CMakeFiles/example_interfaces__rosidl_typesupport_introspection_cpp.dir/rosidl_typesupport_introspection_cpp/example_interfaces/msg/detail/empty__type_support.cpp.o
[ 34%] Building CXX object CMakeFiles/example_interfaces__rosidl_typesupport_introspection_cpp.dir/rosidl_typesupport_introspection_cpp/example_interfaces/msg/detail/bool__type_support.cpp.o
[ 34%] Building CXX object CMakeFiles/example_interfaces__rosidl_typesupport_introspection_cpp.dir/rosidl_typesupport_introspection_cpp/example_interfaces/msg/detail/float32_multi_array__type_support.cpp.o
[ 34%] Building CXX object CMakeFiles/example_interfaces__rosidl_typesupport_introspection_cpp.dir/rosidl_typesupport_introspection_cpp/example_interfaces/msg/detail/byte_multi_array__type_support.cpp.o
[ 34%] Building CXX object CMakeFiles/example_interfaces__rosidl_typesupport_introspection_cpp.dir/rosidl_typesupport_introspection_cpp/example_interfaces/msg/detail/float64_multi_array__type_support.cpp.o
[ 34%] Building CXX object CMakeFiles/example_interfaces__rosidl_typesupport_introspection_cpp.dir/rosidl_typesupport_introspection_cpp/example_interfaces/msg/detail/int16__type_support.cpp.o
[ 34%] Building CXX object CMakeFiles/example_interfaces__rosidl_typesupport_introspection_cpp.dir/rosidl_typesupport_introspection_cpp/example_interfaces/msg/detail/byte__type_support.cpp.o
[ 35%] Building CXX object CMakeFiles/example_interfaces__rosidl_typesupport_introspection_cpp.dir/rosidl_typesupport_introspection_cpp/example_interfaces/msg/detail/float64__type_support.cpp.o
[ 35%] Building CXX object CMakeFiles/example_interfaces__rosidl_typesupport_introspection_cpp.dir/rosidl_typesupport_introspection_cpp/example_interfaces/msg/detail/int32_multi_array__type_support.cpp.o
[ 35%] Building CXX object CMakeFiles/example_interfaces__rosidl_typesupport_introspection_cpp.dir/rosidl_typesupport_introspection_cpp/example_interfaces/msg/detail/float32__type_support.cpp.o
[ 36%] Building CXX object CMakeFiles/example_interfaces__rosidl_typesupport_introspection_cpp.dir/rosidl_typesupport_introspection_cpp/example_interfaces/msg/detail/int16_multi_array__type_support.cpp.o
[ 36%] Building CXX object CMakeFiles/example_interfaces__rosidl_typesupport_introspection_cpp.dir/rosidl_typesupport_introspection_cpp/example_interfaces/msg/detail/int8_multi_array__type_support.cpp.o
[ 36%] Building CXX object CMakeFiles/example_interfaces__rosidl_typesupport_introspection_cpp.dir/rosidl_typesupport_introspection_cpp/example_interfaces/msg/detail/int32__type_support.cpp.o
[ 36%] Building CXX object CMakeFiles/example_interfaces__rosidl_typesupport_introspection_cpp.dir/rosidl_typesupport_introspection_cpp/example_interfaces/msg/detail/int8__type_support.cpp.o
[ 36%] Building CXX object CMakeFiles/example_interfaces__rosidl_typesupport_introspection_cpp.dir/rosidl_typesupport_introspection_cpp/example_interfaces/msg/detail/int64__type_support.cpp.o
[ 37%] Building CXX object CMakeFiles/example_interfaces__rosidl_typesupport_introspection_cpp.dir/rosidl_typesupport_introspection_cpp/example_interfaces/msg/detail/multi_array_dimension__type_support.cpp.o
[ 38%] Building CXX object CMakeFiles/example_interfaces__rosidl_typesupport_introspection_cpp.dir/rosidl_typesupport_introspection_cpp/example_interfaces/msg/detail/int64_multi_array__type_support.cpp.o
[ 38%] Building CXX object CMakeFiles/example_interfaces__rosidl_typesupport_introspection_cpp.dir/rosidl_typesupport_introspection_cpp/example_interfaces/msg/detail/multi_array_layout__type_support.cpp.o
[ 38%] Building CXX object CMakeFiles/example_interfaces__rosidl_typesupport_introspection_cpp.dir/rosidl_typesupport_introspection_cpp/example_interfaces/msg/detail/string__type_support.cpp.o
[ 38%] Building CXX object CMakeFiles/example_interfaces__rosidl_typesupport_introspection_cpp.dir/rosidl_typesupport_introspection_cpp/example_interfaces/msg/detail/u_int16__type_support.cpp.o
[ 39%] Building CXX object CMakeFiles/example_interfaces__rosidl_typesupport_introspection_cpp.dir/rosidl_typesupport_introspection_cpp/example_interfaces/msg/detail/u_int16_multi_array__type_support.cpp.o
[ 39%] Building CXX object CMakeFiles/example_interfaces__rosidl_typesupport_introspection_cpp.dir/rosidl_typesupport_introspection_cpp/example_interfaces/msg/detail/u_int32__type_support.cpp.o
[ 39%] Building CXX object CMakeFiles/example_interfaces__rosidl_typesupport_introspection_cpp.dir/rosidl_typesupport_introspection_cpp/example_interfaces/msg/detail/u_int32_multi_array__type_support.cpp.o
[ 40%] Building CXX object CMakeFiles/example_interfaces__rosidl_typesupport_introspection_cpp.dir/rosidl_typesupport_introspection_cpp/example_interfaces/msg/detail/u_int64__type_support.cpp.o
[ 40%] Building CXX object CMakeFiles/example_interfaces__rosidl_typesupport_introspection_cpp.dir/rosidl_typesupport_introspection_cpp/example_interfaces/msg/detail/u_int64_multi_array__type_support.cpp.o
[ 40%] Building CXX object CMakeFiles/example_interfaces__rosidl_typesupport_introspection_cpp.dir/rosidl_typesupport_introspection_cpp/example_interfaces/msg/detail/u_int8__type_support.cpp.o
[ 40%] Building CXX object CMakeFiles/example_interfaces__rosidl_typesupport_introspection_cpp.dir/rosidl_typesupport_introspection_cpp/example_interfaces/msg/detail/u_int8_multi_array__type_support.cpp.o
[ 41%] Building CXX object CMakeFiles/example_interfaces__rosidl_typesupport_introspection_cpp.dir/rosidl_typesupport_introspection_cpp/example_interfaces/msg/detail/w_string__type_support.cpp.o
[ 41%] Building CXX object CMakeFiles/example_interfaces__rosidl_typesupport_introspection_cpp.dir/rosidl_typesupport_introspection_cpp/example_interfaces/srv/detail/add_two_ints__type_support.cpp.o
[ 41%] Building CXX object CMakeFiles/example_interfaces__rosidl_typesupport_introspection_cpp.dir/rosidl_typesupport_introspection_cpp/example_interfaces/srv/detail/set_bool__type_support.cpp.o
[ 42%] Building CXX object CMakeFiles/example_interfaces__rosidl_typesupport_introspection_cpp.dir/rosidl_typesupport_introspection_cpp/example_interfaces/srv/detail/trigger__type_support.cpp.o
[ 43%] Building C object CMakeFiles/example_interfaces__rosidl_typesupport_introspection_c.dir/rosidl_typesupport_introspection_c/example_interfaces/msg/detail/byte_multi_array__type_support.c.o
[ 43%] Building C object CMakeFiles/example_interfaces__rosidl_typesupport_introspection_c.dir/rosidl_typesupport_introspection_c/example_interfaces/msg/detail/bool__type_support.c.o
[ 43%] Building C object CMakeFiles/example_interfaces__rosidl_typesupport_introspection_c.dir/rosidl_typesupport_introspection_c/example_interfaces/action/detail/fibonacci__type_support.c.o
[ 44%] Building C object CMakeFiles/example_interfaces__rosidl_typesupport_introspection_c.dir/rosidl_typesupport_introspection_c/example_interfaces/msg/detail/char__type_support.c.o
[ 43%] Building C object CMakeFiles/example_interfaces__rosidl_typesupport_introspection_c.dir/rosidl_typesupport_introspection_c/example_interfaces/msg/detail/byte__type_support.c.o
[ 44%] Building C object CMakeFiles/example_interfaces__rosidl_typesupport_introspection_c.dir/rosidl_typesupport_introspection_c/example_interfaces/msg/detail/empty__type_support.c.o
[ 44%] Building C object CMakeFiles/example_interfaces__rosidl_typesupport_introspection_c.dir/rosidl_typesupport_introspection_c/example_interfaces/msg/detail/float32__type_support.c.o
[ 45%] Building C object CMakeFiles/example_interfaces__rosidl_typesupport_introspection_c.dir/rosidl_typesupport_introspection_c/example_interfaces/msg/detail/float32_multi_array__type_support.c.o
[ 45%] Building C object CMakeFiles/example_interfaces__rosidl_typesupport_introspection_c.dir/rosidl_typesupport_introspection_c/example_interfaces/msg/detail/float64__type_support.c.o
[ 45%] Building C object CMakeFiles/example_interfaces__rosidl_typesupport_introspection_c.dir/rosidl_typesupport_introspection_c/example_interfaces/msg/detail/float64_multi_array__type_support.c.o
[ 45%] Building C object CMakeFiles/example_interfaces__rosidl_typesupport_introspection_c.dir/rosidl_typesupport_introspection_c/example_interfaces/msg/detail/int16__type_support.c.o
[ 46%] Building C object CMakeFiles/example_interfaces__rosidl_typesupport_introspection_c.dir/rosidl_typesupport_introspection_c/example_interfaces/msg/detail/int16_multi_array__type_support.c.o
[ 46%] Building C object CMakeFiles/example_interfaces__rosidl_typesupport_introspection_c.dir/rosidl_typesupport_introspection_c/example_interfaces/msg/detail/int32_multi_array__type_support.c.o
[ 46%] Building C object CMakeFiles/example_interfaces__rosidl_typesupport_introspection_c.dir/rosidl_typesupport_introspection_c/example_interfaces/msg/detail/int32__type_support.c.o
[ 47%] Building C object CMakeFiles/example_interfaces__rosidl_typesupport_introspection_c.dir/rosidl_typesupport_introspection_c/example_interfaces/msg/detail/int64__type_support.c.o
[ 47%] Building C object CMakeFiles/example_interfaces__rosidl_typesupport_introspection_c.dir/rosidl_typesupport_introspection_c/example_interfaces/msg/detail/int64_multi_array__type_support.c.o
[ 47%] Building C object CMakeFiles/example_interfaces__rosidl_typesupport_introspection_c.dir/rosidl_typesupport_introspection_c/example_interfaces/msg/detail/int8__type_support.c.o
[ 47%] Building C object CMakeFiles/example_interfaces__rosidl_typesupport_introspection_c.dir/rosidl_typesupport_introspection_c/example_interfaces/msg/detail/int8_multi_array__type_support.c.o
[ 48%] Building C object CMakeFiles/example_interfaces__rosidl_typesupport_introspection_c.dir/rosidl_typesupport_introspection_c/example_interfaces/msg/detail/multi_array_dimension__type_support.c.o
[ 48%] Building C object CMakeFiles/example_interfaces__rosidl_typesupport_introspection_c.dir/rosidl_typesupport_introspection_c/example_interfaces/msg/detail/multi_array_layout__type_support.c.o
[ 48%] Building C object CMakeFiles/example_interfaces__rosidl_typesupport_introspection_c.dir/rosidl_typesupport_introspection_c/example_interfaces/msg/detail/string__type_support.c.o
[ 48%] Building C object CMakeFiles/example_interfaces__rosidl_typesupport_introspection_c.dir/rosidl_typesupport_introspection_c/example_interfaces/msg/detail/u_int32__type_support.c.o
[ 49%] Building C object CMakeFiles/example_interfaces__rosidl_typesupport_introspection_c.dir/rosidl_typesupport_introspection_c/example_interfaces/msg/detail/u_int16__type_support.c.o
[ 49%] Building C object CMakeFiles/example_interfaces__rosidl_typesupport_introspection_c.dir/rosidl_typesupport_introspection_c/example_interfaces/msg/detail/u_int16_multi_array__type_support.c.o
[ 50%] Building C object CMakeFiles/example_interfaces__rosidl_typesupport_introspection_c.dir/rosidl_typesupport_introspection_c/example_interfaces/msg/detail/u_int64__type_support.c.o
[ 50%] Building C object CMakeFiles/example_interfaces__rosidl_typesupport_introspection_c.dir/rosidl_typesupport_introspection_c/example_interfaces/msg/detail/u_int32_multi_array__type_support.c.o
[ 50%] Building C object CMakeFiles/example_interfaces__rosidl_typesupport_introspection_c.dir/rosidl_typesupport_introspection_c/example_interfaces/msg/detail/u_int64_multi_array__type_support.c.o
[ 51%] Building C object CMakeFiles/example_interfaces__rosidl_typesupport_introspection_c.dir/rosidl_typesupport_introspection_c/example_interfaces/msg/detail/u_int8__type_support.c.o
[ 51%] Building C object CMakeFiles/example_interfaces__rosidl_typesupport_introspection_c.dir/rosidl_typesupport_introspection_c/example_interfaces/msg/detail/u_int8_multi_array__type_support.c.o
[ 51%] Building C object CMakeFiles/example_interfaces__rosidl_typesupport_introspection_c.dir/rosidl_typesupport_introspection_c/example_interfaces/msg/detail/w_string__type_support.c.o
[ 51%] Building C object CMakeFiles/example_interfaces__rosidl_typesupport_introspection_c.dir/rosidl_typesupport_introspection_c/example_interfaces/srv/detail/add_two_ints__type_support.c.o
[ 51%] Building C object CMakeFiles/example_interfaces__rosidl_typesupport_introspection_c.dir/rosidl_typesupport_introspection_c/example_interfaces/srv/detail/set_bool__type_support.c.o
[ 52%] Building C object CMakeFiles/example_interfaces__rosidl_typesupport_introspection_c.dir/rosidl_typesupport_introspection_c/example_interfaces/srv/detail/trigger__type_support.c.o
[ 52%] Linking C shared library libexample_interfaces__rosidl_typesupport_introspection_c.so
[ 52%] Built target example_interfaces__rosidl_typesupport_introspection_c
[ 54%] Building CXX object CMakeFiles/example_interfaces__rosidl_typesupport_fastrtps_cpp.dir/rosidl_typesupport_fastrtps_cpp/example_interfaces/msg/detail/dds_fastrtps/byte_multi_array__type_support.cpp.o
[ 54%] Building CXX object CMakeFiles/example_interfaces__rosidl_typesupport_fastrtps_cpp.dir/rosidl_typesupport_fastrtps_cpp/example_interfaces/action/detail/dds_fastrtps/fibonacci__type_support.cpp.o
[ 54%] Building CXX object CMakeFiles/example_interfaces__rosidl_typesupport_fastrtps_cpp.dir/rosidl_typesupport_fastrtps_cpp/example_interfaces/msg/detail/dds_fastrtps/byte__type_support.cpp.o
[ 54%] Building CXX object CMakeFiles/example_interfaces__rosidl_typesupport_fastrtps_cpp.dir/rosidl_typesupport_fastrtps_cpp/example_interfaces/msg/detail/dds_fastrtps/bool__type_support.cpp.o
[ 55%] Building CXX object CMakeFiles/example_interfaces__rosidl_typesupport_fastrtps_cpp.dir/rosidl_typesupport_fastrtps_cpp/example_interfaces/msg/detail/dds_fastrtps/float64__type_support.cpp.o
[ 56%] Building CXX object CMakeFiles/example_interfaces__rosidl_typesupport_fastrtps_cpp.dir/rosidl_typesupport_fastrtps_cpp/example_interfaces/msg/detail/dds_fastrtps/int16__type_support.cpp.o
[ 56%] Building CXX object CMakeFiles/example_interfaces__rosidl_typesupport_fastrtps_cpp.dir/rosidl_typesupport_fastrtps_cpp/example_interfaces/msg/detail/dds_fastrtps/empty__type_support.cpp.o
[ 56%] Building CXX object CMakeFiles/example_interfaces__rosidl_typesupport_fastrtps_cpp.dir/rosidl_typesupport_fastrtps_cpp/example_interfaces/msg/detail/dds_fastrtps/char__type_support.cpp.o
[ 55%] Building CXX object CMakeFiles/example_interfaces__rosidl_typesupport_fastrtps_cpp.dir/rosidl_typesupport_fastrtps_cpp/example_interfaces/msg/detail/dds_fastrtps/float32_multi_array__type_support.cpp.o
[ 56%] Building CXX object CMakeFiles/example_interfaces__rosidl_typesupport_fastrtps_cpp.dir/rosidl_typesupport_fastrtps_cpp/example_interfaces/msg/detail/dds_fastrtps/float32__type_support.cpp.o
[ 56%] Building CXX object CMakeFiles/example_interfaces__rosidl_typesupport_fastrtps_cpp.dir/rosidl_typesupport_fastrtps_cpp/example_interfaces/msg/detail/dds_fastrtps/float64_multi_array__type_support.cpp.o
[ 56%] Building CXX object CMakeFiles/example_interfaces__rosidl_typesupport_fastrtps_cpp.dir/rosidl_typesupport_fastrtps_cpp/example_interfaces/msg/detail/dds_fastrtps/int16_multi_array__type_support.cpp.o
[ 56%] Building CXX object CMakeFiles/example_interfaces__rosidl_typesupport_fastrtps_cpp.dir/rosidl_typesupport_fastrtps_cpp/example_interfaces/msg/detail/dds_fastrtps/int32__type_support.cpp.o
[ 56%] Building CXX object CMakeFiles/example_interfaces__rosidl_typesupport_fastrtps_cpp.dir/rosidl_typesupport_fastrtps_cpp/example_interfaces/msg/detail/dds_fastrtps/int32_multi_array__type_support.cpp.o
[ 57%] Building CXX object CMakeFiles/example_interfaces__rosidl_typesupport_fastrtps_cpp.dir/rosidl_typesupport_fastrtps_cpp/example_interfaces/msg/detail/dds_fastrtps/int64__type_support.cpp.o
[ 57%] Building CXX object CMakeFiles/example_interfaces__rosidl_typesupport_fastrtps_cpp.dir/rosidl_typesupport_fastrtps_cpp/example_interfaces/msg/detail/dds_fastrtps/int64_multi_array__type_support.cpp.o
[ 57%] Building CXX object CMakeFiles/example_interfaces__rosidl_typesupport_fastrtps_cpp.dir/rosidl_typesupport_fastrtps_cpp/example_interfaces/msg/detail/dds_fastrtps/int8__type_support.cpp.o
[ 58%] Building CXX object CMakeFiles/example_interfaces__rosidl_typesupport_fastrtps_cpp.dir/rosidl_typesupport_fastrtps_cpp/example_interfaces/msg/detail/dds_fastrtps/int8_multi_array__type_support.cpp.o
[ 58%] Building CXX object CMakeFiles/example_interfaces__rosidl_typesupport_fastrtps_cpp.dir/rosidl_typesupport_fastrtps_cpp/example_interfaces/msg/detail/dds_fastrtps/multi_array_dimension__type_support.cpp.o
[ 58%] Building CXX object CMakeFiles/example_interfaces__rosidl_typesupport_fastrtps_cpp.dir/rosidl_typesupport_fastrtps_cpp/example_interfaces/msg/detail/dds_fastrtps/multi_array_layout__type_support.cpp.o
[ 58%] Linking CXX shared library libexample_interfaces__rosidl_typesupport_introspection_cpp.so
[ 58%] Building CXX object CMakeFiles/example_interfaces__rosidl_typesupport_fastrtps_cpp.dir/rosidl_typesupport_fastrtps_cpp/example_interfaces/msg/detail/dds_fastrtps/string__type_support.cpp.o
[ 59%] Building CXX object CMakeFiles/example_interfaces__rosidl_typesupport_fastrtps_cpp.dir/rosidl_typesupport_fastrtps_cpp/example_interfaces/msg/detail/dds_fastrtps/u_int16__type_support.cpp.o
[ 59%] Building CXX object CMakeFiles/example_interfaces__rosidl_typesupport_fastrtps_cpp.dir/rosidl_typesupport_fastrtps_cpp/example_interfaces/msg/detail/dds_fastrtps/u_int16_multi_array__type_support.cpp.o
[ 59%] Building CXX object CMakeFiles/example_interfaces__rosidl_typesupport_fastrtps_cpp.dir/rosidl_typesupport_fastrtps_cpp/example_interfaces/msg/detail/dds_fastrtps/u_int32__type_support.cpp.o
[ 59%] Building CXX object CMakeFiles/example_interfaces__rosidl_typesupport_fastrtps_cpp.dir/rosidl_typesupport_fastrtps_cpp/example_interfaces/msg/detail/dds_fastrtps/u_int32_multi_array__type_support.cpp.o
[ 60%] Building CXX object CMakeFiles/example_interfaces__rosidl_typesupport_fastrtps_cpp.dir/rosidl_typesupport_fastrtps_cpp/example_interfaces/msg/detail/dds_fastrtps/u_int64__type_support.cpp.o
[ 60%] Building CXX object CMakeFiles/example_interfaces__rosidl_typesupport_fastrtps_cpp.dir/rosidl_typesupport_fastrtps_cpp/example_interfaces/msg/detail/dds_fastrtps/u_int64_multi_array__type_support.cpp.o
[ 60%] Building CXX object CMakeFiles/example_interfaces__rosidl_typesupport_c.dir/rosidl_typesupport_c/example_interfaces/action/fibonacci__type_support.cpp.o
[ 60%] Building CXX object CMakeFiles/example_interfaces__rosidl_typesupport_cpp.dir/rosidl_typesupport_cpp/example_interfaces/action/fibonacci__type_support.cpp.o
[ 60%] Building CXX object CMakeFiles/example_interfaces__rosidl_typesupport_fastrtps_cpp.dir/rosidl_typesupport_fastrtps_cpp/example_interfaces/msg/detail/dds_fastrtps/u_int8__type_support.cpp.o
[ 60%] Built target example_interfaces__rosidl_typesupport_introspection_cpp
[ 60%] Building CXX object CMakeFiles/example_interfaces__rosidl_typesupport_c.dir/rosidl_typesupport_c/example_interfaces/msg/bool__type_support.cpp.o
[ 60%] Building CXX object CMakeFiles/example_interfaces__rosidl_typesupport_cpp.dir/rosidl_typesupport_cpp/example_interfaces/msg/bool__type_support.cpp.o
[ 61%] Building CXX object CMakeFiles/example_interfaces__rosidl_typesupport_cpp.dir/rosidl_typesupport_cpp/example_interfaces/msg/byte__type_support.cpp.o
[ 62%] Building CXX object CMakeFiles/example_interfaces__rosidl_typesupport_fastrtps_cpp.dir/rosidl_typesupport_fastrtps_cpp/example_interfaces/msg/detail/dds_fastrtps/u_int8_multi_array__type_support.cpp.o
[ 63%] Building CXX object CMakeFiles/example_interfaces__rosidl_typesupport_c.dir/rosidl_typesupport_c/example_interfaces/msg/byte__type_support.cpp.o
[ 63%] Building CXX object CMakeFiles/example_interfaces__rosidl_typesupport_cpp.dir/rosidl_typesupport_cpp/example_interfaces/msg/byte_multi_array__type_support.cpp.o
[ 63%] Building CXX object CMakeFiles/example_interfaces__rosidl_typesupport_cpp.dir/rosidl_typesupport_cpp/example_interfaces/msg/char__type_support.cpp.o
[ 63%] Building CXX object CMakeFiles/example_interfaces__rosidl_typesupport_cpp.dir/rosidl_typesupport_cpp/example_interfaces/msg/empty__type_support.cpp.o
[ 63%] Building CXX object CMakeFiles/example_interfaces__rosidl_typesupport_fastrtps_cpp.dir/rosidl_typesupport_fastrtps_cpp/example_interfaces/msg/detail/dds_fastrtps/w_string__type_support.cpp.o
[ 63%] Building CXX object CMakeFiles/example_interfaces__rosidl_typesupport_fastrtps_cpp.dir/rosidl_typesupport_fastrtps_cpp/example_interfaces/srv/detail/dds_fastrtps/add_two_ints__type_support.cpp.o
[ 63%] Building CXX object CMakeFiles/example_interfaces__rosidl_typesupport_fastrtps_cpp.dir/rosidl_typesupport_fastrtps_cpp/example_interfaces/srv/detail/dds_fastrtps/set_bool__type_support.cpp.o
[ 63%] Building CXX object CMakeFiles/example_interfaces__rosidl_typesupport_c.dir/rosidl_typesupport_c/example_interfaces/msg/byte_multi_array__type_support.cpp.o
[ 63%] Building CXX object CMakeFiles/example_interfaces__rosidl_typesupport_c.dir/rosidl_typesupport_c/example_interfaces/msg/char__type_support.cpp.o
[ 64%] Building CXX object CMakeFiles/example_interfaces__rosidl_typesupport_cpp.dir/rosidl_typesupport_cpp/example_interfaces/msg/float32__type_support.cpp.o
[ 64%] Building CXX object CMakeFiles/example_interfaces__rosidl_typesupport_c.dir/rosidl_typesupport_c/example_interfaces/msg/empty__type_support.cpp.o
[ 64%] Building CXX object CMakeFiles/example_interfaces__rosidl_typesupport_cpp.dir/rosidl_typesupport_cpp/example_interfaces/msg/float32_multi_array__type_support.cpp.o
[ 65%] Building CXX object CMakeFiles/example_interfaces__rosidl_typesupport_c.dir/rosidl_typesupport_c/example_interfaces/msg/float32__type_support.cpp.o
[ 65%] Building CXX object CMakeFiles/example_interfaces__rosidl_typesupport_c.dir/rosidl_typesupport_c/example_interfaces/msg/float32_multi_array__type_support.cpp.o
[ 65%] Building CXX object CMakeFiles/example_interfaces__rosidl_typesupport_c.dir/rosidl_typesupport_c/example_interfaces/msg/float64__type_support.cpp.o
[ 65%] Building CXX object CMakeFiles/example_interfaces__rosidl_typesupport_cpp.dir/rosidl_typesupport_cpp/example_interfaces/msg/float64__type_support.cpp.o
[ 65%] Building CXX object CMakeFiles/example_interfaces__rosidl_typesupport_cpp.dir/rosidl_typesupport_cpp/example_interfaces/msg/float64_multi_array__type_support.cpp.o
[ 66%] Building CXX object CMakeFiles/example_interfaces__rosidl_typesupport_fastrtps_cpp.dir/rosidl_typesupport_fastrtps_cpp/example_interfaces/srv/detail/dds_fastrtps/trigger__type_support.cpp.o
[ 67%] Building CXX object CMakeFiles/example_interfaces__rosidl_typesupport_c.dir/rosidl_typesupport_c/example_interfaces/msg/float64_multi_array__type_support.cpp.o
[ 67%] Building CXX object CMakeFiles/example_interfaces__rosidl_typesupport_c.dir/rosidl_typesupport_c/example_interfaces/msg/int16__type_support.cpp.o
[ 67%] Building CXX object CMakeFiles/example_interfaces__rosidl_typesupport_c.dir/rosidl_typesupport_c/example_interfaces/msg/int16_multi_array__type_support.cpp.o
[ 68%] Building CXX object CMakeFiles/example_interfaces__rosidl_typesupport_cpp.dir/rosidl_typesupport_cpp/example_interfaces/msg/int16__type_support.cpp.o
[ 68%] Building CXX object CMakeFiles/example_interfaces__rosidl_typesupport_c.dir/rosidl_typesupport_c/example_interfaces/msg/int32__type_support.cpp.o
[ 69%] Building CXX object CMakeFiles/example_interfaces__rosidl_typesupport_c.dir/rosidl_typesupport_c/example_interfaces/msg/int32_multi_array__type_support.cpp.o
[ 69%] Building CXX object CMakeFiles/example_interfaces__rosidl_typesupport_cpp.dir/rosidl_typesupport_cpp/example_interfaces/msg/int16_multi_array__type_support.cpp.o
[ 69%] Building CXX object CMakeFiles/example_interfaces__rosidl_typesupport_cpp.dir/rosidl_typesupport_cpp/example_interfaces/msg/int32__type_support.cpp.o
[ 69%] Building CXX object CMakeFiles/example_interfaces__rosidl_typesupport_c.dir/rosidl_typesupport_c/example_interfaces/msg/int64__type_support.cpp.o
[ 69%] Building CXX object CMakeFiles/example_interfaces__rosidl_typesupport_c.dir/rosidl_typesupport_c/example_interfaces/msg/int64_multi_array__type_support.cpp.o
[ 70%] Building CXX object CMakeFiles/example_interfaces__rosidl_typesupport_cpp.dir/rosidl_typesupport_cpp/example_interfaces/msg/int32_multi_array__type_support.cpp.o
[ 71%] Building CXX object CMakeFiles/example_interfaces__rosidl_typesupport_c.dir/rosidl_typesupport_c/example_interfaces/msg/int8__type_support.cpp.o
[ 71%] Building CXX object CMakeFiles/example_interfaces__rosidl_typesupport_cpp.dir/rosidl_typesupport_cpp/example_interfaces/msg/int64__type_support.cpp.o
[ 71%] Building CXX object CMakeFiles/example_interfaces__rosidl_typesupport_c.dir/rosidl_typesupport_c/example_interfaces/msg/int8_multi_array__type_support.cpp.o
[ 71%] Building CXX object CMakeFiles/example_interfaces__rosidl_typesupport_cpp.dir/rosidl_typesupport_cpp/example_interfaces/msg/int64_multi_array__type_support.cpp.o
[ 71%] Building CXX object CMakeFiles/example_interfaces__rosidl_typesupport_cpp.dir/rosidl_typesupport_cpp/example_interfaces/msg/int8__type_support.cpp.o
[ 72%] Building CXX object CMakeFiles/example_interfaces__rosidl_typesupport_cpp.dir/rosidl_typesupport_cpp/example_interfaces/msg/int8_multi_array__type_support.cpp.o
[ 72%] Building CXX object CMakeFiles/example_interfaces__rosidl_typesupport_c.dir/rosidl_typesupport_c/example_interfaces/msg/multi_array_dimension__type_support.cpp.o
[ 72%] Building CXX object CMakeFiles/example_interfaces__rosidl_typesupport_c.dir/rosidl_typesupport_c/example_interfaces/msg/multi_array_layout__type_support.cpp.o
[ 72%] Building CXX object CMakeFiles/example_interfaces__rosidl_typesupport_cpp.dir/rosidl_typesupport_cpp/example_interfaces/msg/multi_array_dimension__type_support.cpp.o
[ 72%] Building CXX object CMakeFiles/example_interfaces__rosidl_typesupport_cpp.dir/rosidl_typesupport_cpp/example_interfaces/msg/multi_array_layout__type_support.cpp.o
[ 73%] Building CXX object CMakeFiles/example_interfaces__rosidl_typesupport_cpp.dir/rosidl_typesupport_cpp/example_interfaces/msg/string__type_support.cpp.o
[ 74%] Building CXX object CMakeFiles/example_interfaces__rosidl_typesupport_c.dir/rosidl_typesupport_c/example_interfaces/msg/string__type_support.cpp.o
[ 74%] Building CXX object CMakeFiles/example_interfaces__rosidl_typesupport_c.dir/rosidl_typesupport_c/example_interfaces/msg/u_int16__type_support.cpp.o
[ 74%] Building CXX object CMakeFiles/example_interfaces__rosidl_typesupport_cpp.dir/rosidl_typesupport_cpp/example_interfaces/msg/u_int16__type_support.cpp.o
[ 74%] Building CXX object CMakeFiles/example_interfaces__rosidl_typesupport_c.dir/rosidl_typesupport_c/example_interfaces/msg/u_int16_multi_array__type_support.cpp.o
[ 75%] Building CXX object CMakeFiles/example_interfaces__rosidl_typesupport_c.dir/rosidl_typesupport_c/example_interfaces/msg/u_int32__type_support.cpp.o
[ 75%] Building CXX object CMakeFiles/example_interfaces__rosidl_typesupport_cpp.dir/rosidl_typesupport_cpp/example_interfaces/msg/u_int16_multi_array__type_support.cpp.o
[ 75%] Building CXX object CMakeFiles/example_interfaces__rosidl_typesupport_c.dir/rosidl_typesupport_c/example_interfaces/msg/u_int32_multi_array__type_support.cpp.o
[ 75%] Building CXX object CMakeFiles/example_interfaces__rosidl_typesupport_cpp.dir/rosidl_typesupport_cpp/example_interfaces/msg/u_int32__type_support.cpp.o
[ 75%] Building CXX object CMakeFiles/example_interfaces__rosidl_typesupport_c.dir/rosidl_typesupport_c/example_interfaces/msg/u_int64__type_support.cpp.o
[ 75%] Building CXX object CMakeFiles/example_interfaces__rosidl_typesupport_c.dir/rosidl_typesupport_c/example_interfaces/msg/u_int64_multi_array__type_support.cpp.o
[ 76%] Building CXX object CMakeFiles/example_interfaces__rosidl_typesupport_cpp.dir/rosidl_typesupport_cpp/example_interfaces/msg/u_int32_multi_array__type_support.cpp.o
[ 76%] Building CXX object CMakeFiles/example_interfaces__rosidl_typesupport_cpp.dir/rosidl_typesupport_cpp/example_interfaces/msg/u_int64__type_support.cpp.o
[ 76%] Building CXX object CMakeFiles/example_interfaces__rosidl_typesupport_cpp.dir/rosidl_typesupport_cpp/example_interfaces/msg/u_int64_multi_array__type_support.cpp.o
[ 77%] Building CXX object CMakeFiles/example_interfaces__rosidl_typesupport_cpp.dir/rosidl_typesupport_cpp/example_interfaces/msg/u_int8__type_support.cpp.o
[ 78%] Building CXX object CMakeFiles/example_interfaces__rosidl_typesupport_c.dir/rosidl_typesupport_c/example_interfaces/msg/u_int8__type_support.cpp.o
[ 78%] Building CXX object CMakeFiles/example_interfaces__rosidl_typesupport_cpp.dir/rosidl_typesupport_cpp/example_interfaces/msg/u_int8_multi_array__type_support.cpp.o
[ 78%] Building CXX object CMakeFiles/example_interfaces__rosidl_typesupport_c.dir/rosidl_typesupport_c/example_interfaces/msg/u_int8_multi_array__type_support.cpp.o
[ 78%] Building CXX object CMakeFiles/example_interfaces__rosidl_typesupport_c.dir/rosidl_typesupport_c/example_interfaces/msg/w_string__type_support.cpp.o
[ 78%] Building CXX object CMakeFiles/example_interfaces__rosidl_typesupport_cpp.dir/rosidl_typesupport_cpp/example_interfaces/msg/w_string__type_support.cpp.o
[ 78%] Building CXX object CMakeFiles/example_interfaces__rosidl_typesupport_cpp.dir/rosidl_typesupport_cpp/example_interfaces/srv/add_two_ints__type_support.cpp.o
[ 79%] Building CXX object CMakeFiles/example_interfaces__rosidl_typesupport_c.dir/rosidl_typesupport_c/example_interfaces/srv/add_two_ints__type_support.cpp.o
[ 79%] Building CXX object CMakeFiles/example_interfaces__rosidl_typesupport_c.dir/rosidl_typesupport_c/example_interfaces/srv/set_bool__type_support.cpp.o
[ 80%] Building CXX object CMakeFiles/example_interfaces__rosidl_typesupport_cpp.dir/rosidl_typesupport_cpp/example_interfaces/srv/set_bool__type_support.cpp.o
[ 80%] Building CXX object CMakeFiles/example_interfaces__rosidl_typesupport_cpp.dir/rosidl_typesupport_cpp/example_interfaces/srv/trigger__type_support.cpp.o
[ 80%] Building CXX object CMakeFiles/example_interfaces__rosidl_typesupport_c.dir/rosidl_typesupport_c/example_interfaces/srv/trigger__type_support.cpp.o
[ 80%] Linking CXX shared library libexample_interfaces__rosidl_typesupport_c.so
[ 80%] Building CXX object CMakeFiles/example_interfaces__rosidl_typesupport_fastrtps_c.dir/rosidl_typesupport_fastrtps_c/example_interfaces/msg/detail/byte__type_support_c.cpp.o
[ 80%] Building CXX object CMakeFiles/example_interfaces__rosidl_typesupport_fastrtps_c.dir/rosidl_typesupport_fastrtps_c/example_interfaces/action/detail/fibonacci__type_support_c.cpp.o
[ 80%] Building CXX object CMakeFiles/example_interfaces__rosidl_typesupport_fastrtps_c.dir/rosidl_typesupport_fastrtps_c/example_interfaces/msg/detail/bool__type_support_c.cpp.o
[ 81%] Building CXX object CMakeFiles/example_interfaces__rosidl_typesupport_fastrtps_c.dir/rosidl_typesupport_fastrtps_c/example_interfaces/msg/detail/byte_multi_array__type_support_c.cpp.o
[ 81%] Building CXX object CMakeFiles/example_interfaces__rosidl_typesupport_fastrtps_c.dir/rosidl_typesupport_fastrtps_c/example_interfaces/msg/detail/empty__type_support_c.cpp.o
[ 82%] Building CXX object CMakeFiles/example_interfaces__rosidl_typesupport_fastrtps_c.dir/rosidl_typesupport_fastrtps_c/example_interfaces/msg/detail/char__type_support_c.cpp.o
[ 82%] Built target example_interfaces__rosidl_typesupport_c
[ 82%] Building CXX object CMakeFiles/example_interfaces__rosidl_typesupport_fastrtps_c.dir/rosidl_typesupport_fastrtps_c/example_interfaces/msg/detail/float32_multi_array__type_support_c.cpp.o
[ 82%] Building CXX object CMakeFiles/example_interfaces__rosidl_typesupport_fastrtps_c.dir/rosidl_typesupport_fastrtps_c/example_interfaces/msg/detail/float32__type_support_c.cpp.o
[ 82%] Building CXX object CMakeFiles/example_interfaces__rosidl_typesupport_fastrtps_c.dir/rosidl_typesupport_fastrtps_c/example_interfaces/msg/detail/float64__type_support_c.cpp.o
[ 82%] Building CXX object CMakeFiles/example_interfaces__rosidl_typesupport_fastrtps_c.dir/rosidl_typesupport_fastrtps_c/example_interfaces/msg/detail/float64_multi_array__type_support_c.cpp.o
[ 83%] Building CXX object CMakeFiles/example_interfaces__rosidl_typesupport_fastrtps_c.dir/rosidl_typesupport_fastrtps_c/example_interfaces/msg/detail/int16__type_support_c.cpp.o
[ 83%] Linking CXX shared library libexample_interfaces__rosidl_typesupport_cpp.so
[ 84%] Building CXX object CMakeFiles/example_interfaces__rosidl_typesupport_fastrtps_c.dir/rosidl_typesupport_fastrtps_c/example_interfaces/msg/detail/u_int16__type_support_c.cpp.o
[ 84%] Built target example_interfaces__rosidl_typesupport_cpp
[ 84%] Linking CXX shared library libexample_interfaces__rosidl_typesupport_fastrtps_cpp.so
[ 84%] Building CXX object CMakeFiles/example_interfaces__rosidl_typesupport_fastrtps_c.dir/rosidl_typesupport_fastrtps_c/example_interfaces/msg/detail/u_int32__type_support_c.cpp.o
[ 84%] Building CXX object CMakeFiles/example_interfaces__rosidl_typesupport_fastrtps_c.dir/rosidl_typesupport_fastrtps_c/example_interfaces/msg/detail/u_int16_multi_array__type_support_c.cpp.o
[ 84%] Building CXX object CMakeFiles/example_interfaces__rosidl_typesupport_fastrtps_c.dir/rosidl_typesupport_fastrtps_c/example_interfaces/msg/detail/multi_array_dimension__type_support_c.cpp.o
[ 85%] Building CXX object CMakeFiles/example_interfaces__rosidl_typesupport_fastrtps_c.dir/rosidl_typesupport_fastrtps_c/example_interfaces/msg/detail/int8__type_support_c.cpp.o
[ 85%] Building CXX object CMakeFiles/example_interfaces__rosidl_typesupport_fastrtps_c.dir/rosidl_typesupport_fastrtps_c/example_interfaces/msg/detail/int8_multi_array__type_support_c.cpp.o
[ 85%] Building CXX object CMakeFiles/example_interfaces__rosidl_typesupport_fastrtps_c.dir/rosidl_typesupport_fastrtps_c/example_interfaces/msg/detail/string__type_support_c.cpp.o
[ 85%] Building CXX object CMakeFiles/example_interfaces__rosidl_typesupport_fastrtps_c.dir/rosidl_typesupport_fastrtps_c/example_interfaces/msg/detail/multi_array_layout__type_support_c.cpp.o
[ 85%] Building CXX object CMakeFiles/example_interfaces__rosidl_typesupport_fastrtps_c.dir/rosidl_typesupport_fastrtps_c/example_interfaces/msg/detail/int64_multi_array__type_support_c.cpp.o
[ 86%] Building CXX object CMakeFiles/example_interfaces__rosidl_typesupport_fastrtps_c.dir/rosidl_typesupport_fastrtps_c/example_interfaces/msg/detail/u_int32_multi_array__type_support_c.cpp.o
[ 86%] Building CXX object CMakeFiles/example_interfaces__rosidl_typesupport_fastrtps_c.dir/rosidl_typesupport_fastrtps_c/example_interfaces/msg/detail/u_int64__type_support_c.cpp.o
[ 86%] Built target example_interfaces__rosidl_typesupport_fastrtps_cpp
[ 86%] Building CXX object CMakeFiles/example_interfaces__rosidl_typesupport_fastrtps_c.dir/rosidl_typesupport_fastrtps_c/example_interfaces/msg/detail/u_int8__type_support_c.cpp.o
[ 87%] Building CXX object CMakeFiles/example_interfaces__rosidl_typesupport_fastrtps_c.dir/rosidl_typesupport_fastrtps_c/example_interfaces/msg/detail/u_int8_multi_array__type_support_c.cpp.o
[ 87%] Building CXX object CMakeFiles/example_interfaces__rosidl_typesupport_fastrtps_c.dir/rosidl_typesupport_fastrtps_c/example_interfaces/msg/detail/u_int64_multi_array__type_support_c.cpp.o
[ 87%] Building CXX object CMakeFiles/example_interfaces__rosidl_typesupport_fastrtps_c.dir/rosidl_typesupport_fastrtps_c/example_interfaces/msg/detail/w_string__type_support_c.cpp.o
[ 88%] Building CXX object CMakeFiles/example_interfaces__rosidl_typesupport_fastrtps_c.dir/rosidl_typesupport_fastrtps_c/example_interfaces/msg/detail/int64__type_support_c.cpp.o
[ 89%] Building CXX object CMakeFiles/example_interfaces__rosidl_typesupport_fastrtps_c.dir/rosidl_typesupport_fastrtps_c/example_interfaces/srv/detail/set_bool__type_support_c.cpp.o
[ 89%] Building CXX object CMakeFiles/example_interfaces__rosidl_typesupport_fastrtps_c.dir/rosidl_typesupport_fastrtps_c/example_interfaces/srv/detail/trigger__type_support_c.cpp.o
[ 89%] Building CXX object CMakeFiles/example_interfaces__rosidl_typesupport_fastrtps_c.dir/rosidl_typesupport_fastrtps_c/example_interfaces/srv/detail/add_two_ints__type_support_c.cpp.o
[ 89%] Building CXX object CMakeFiles/example_interfaces__rosidl_typesupport_fastrtps_c.dir/rosidl_typesupport_fastrtps_c/example_interfaces/msg/detail/int32_multi_array__type_support_c.cpp.o
[ 89%] Building CXX object CMakeFiles/example_interfaces__rosidl_typesupport_fastrtps_c.dir/rosidl_typesupport_fastrtps_c/example_interfaces/msg/detail/int16_multi_array__type_support_c.cpp.o
[ 89%] Building CXX object CMakeFiles/example_interfaces__rosidl_typesupport_fastrtps_c.dir/rosidl_typesupport_fastrtps_c/example_interfaces/msg/detail/int32__type_support_c.cpp.o
[ 89%] Linking CXX shared library libexample_interfaces__rosidl_typesupport_fastrtps_c.so
[ 89%] Built target example_interfaces__rosidl_typesupport_fastrtps_c
[ 89%] Built target example_interfaces
[ 89%] Generating Python code for ROS interfaces
[ 89%] Built target example_interfaces__py
[ 89%] Building C object CMakeFiles/example_interfaces__rosidl_generator_py.dir/rosidl_generator_py/example_interfaces/action/_fibonacci_s.c.o
[ 90%] Building C object CMakeFiles/example_interfaces__rosidl_generator_py.dir/rosidl_generator_py/example_interfaces/msg/_byte_multi_array_s.c.o
[ 90%] Building C object CMakeFiles/example_interfaces__rosidl_generator_py.dir/rosidl_generator_py/example_interfaces/msg/_byte_s.c.o
[ 90%] Building C object CMakeFiles/example_interfaces__rosidl_generator_py.dir/rosidl_generator_py/example_interfaces/msg/_char_s.c.o
[ 90%] Building C object CMakeFiles/example_interfaces__rosidl_generator_py.dir/rosidl_generator_py/example_interfaces/msg/_empty_s.c.o
[ 90%] Building C object CMakeFiles/example_interfaces__rosidl_generator_py.dir/rosidl_generator_py/example_interfaces/msg/_bool_s.c.o
[ 91%] Building C object CMakeFiles/example_interfaces__rosidl_generator_py.dir/rosidl_generator_py/example_interfaces/msg/_float32_multi_array_s.c.o
[ 91%] Building C object CMakeFiles/example_interfaces__rosidl_generator_py.dir/rosidl_generator_py/example_interfaces/msg/_float32_s.c.o
[ 91%] Building C object CMakeFiles/example_interfaces__rosidl_generator_py.dir/rosidl_generator_py/example_interfaces/msg/_float64_multi_array_s.c.o
[ 91%] Building C object CMakeFiles/example_interfaces__rosidl_generator_py.dir/rosidl_generator_py/example_interfaces/msg/_int16_multi_array_s.c.o
[ 92%] Building C object CMakeFiles/example_interfaces__rosidl_generator_py.dir/rosidl_generator_py/example_interfaces/msg/_int16_s.c.o
[ 92%] Building C object CMakeFiles/example_interfaces__rosidl_generator_py.dir/rosidl_generator_py/example_interfaces/msg/_float64_s.c.o
[ 93%] Building C object CMakeFiles/example_interfaces__rosidl_generator_py.dir/rosidl_generator_py/example_interfaces/msg/_int32_multi_array_s.c.o
[ 93%] Building C object CMakeFiles/example_interfaces__rosidl_generator_py.dir/rosidl_generator_py/example_interfaces/msg/_int32_s.c.o
[ 93%] Building C object CMakeFiles/example_interfaces__rosidl_generator_py.dir/rosidl_generator_py/example_interfaces/msg/_u_int32_s.c.o
[ 93%] Building C object CMakeFiles/example_interfaces__rosidl_generator_py.dir/rosidl_generator_py/example_interfaces/msg/_u_int64_s.c.o
[ 94%] Building C object CMakeFiles/example_interfaces__rosidl_generator_py.dir/rosidl_generator_py/example_interfaces/msg/_u_int32_multi_array_s.c.o
[ 95%] Building C object CMakeFiles/example_interfaces__rosidl_generator_py.dir/rosidl_generator_py/example_interfaces/msg/_u_int8_s.c.o
[ 95%] Building C object CMakeFiles/example_interfaces__rosidl_generator_py.dir/rosidl_generator_py/example_interfaces/msg/_u_int64_multi_array_s.c.o
[ 95%] Building C object CMakeFiles/example_interfaces__rosidl_generator_py.dir/rosidl_generator_py/example_interfaces/msg/_u_int8_multi_array_s.c.o
[ 95%] Building C object CMakeFiles/example_interfaces__rosidl_generator_py.dir/rosidl_generator_py/example_interfaces/msg/_u_int16_multi_array_s.c.o
[ 96%] Building C object CMakeFiles/example_interfaces__rosidl_generator_py.dir/rosidl_generator_py/example_interfaces/srv/_set_bool_s.c.o
[ 95%] Building C object CMakeFiles/example_interfaces__rosidl_generator_py.dir/rosidl_generator_py/example_interfaces/srv/_add_two_ints_s.c.o
[ 96%] Building C object CMakeFiles/example_interfaces__rosidl_generator_py.dir/rosidl_generator_py/example_interfaces/srv/_trigger_s.c.o
[ 96%] Building C object CMakeFiles/example_interfaces__rosidl_generator_py.dir/rosidl_generator_py/example_interfaces/msg/_w_string_s.c.o
[ 96%] Building C object CMakeFiles/example_interfaces__rosidl_generator_py.dir/rosidl_generator_py/example_interfaces/msg/_u_int16_s.c.o
[ 97%] Building C object CMakeFiles/example_interfaces__rosidl_generator_py.dir/rosidl_generator_py/example_interfaces/msg/_string_s.c.o
[ 97%] Building C object CMakeFiles/example_interfaces__rosidl_generator_py.dir/rosidl_generator_py/example_interfaces/msg/_multi_array_layout_s.c.o
[ 97%] Building C object CMakeFiles/example_interfaces__rosidl_generator_py.dir/rosidl_generator_py/example_interfaces/msg/_multi_array_dimension_s.c.o
[ 98%] Building C object CMakeFiles/example_interfaces__rosidl_generator_py.dir/rosidl_generator_py/example_interfaces/msg/_int8_multi_array_s.c.o
[ 98%] Building C object CMakeFiles/example_interfaces__rosidl_generator_py.dir/rosidl_generator_py/example_interfaces/msg/_int8_s.c.o
[ 98%] Building C object CMakeFiles/example_interfaces__rosidl_generator_py.dir/rosidl_generator_py/example_interfaces/msg/_int64_multi_array_s.c.o
[ 98%] Building C object CMakeFiles/example_interfaces__rosidl_generator_py.dir/rosidl_generator_py/example_interfaces/msg/_int64_s.c.o
[ 98%] Linking C shared library libexample_interfaces__rosidl_generator_py.so
[ 98%] Built target example_interfaces__rosidl_generator_py
[ 99%] Building C object CMakeFiles/example_interfaces_s__rosidl_typesupport_fastrtps_c.dir/rosidl_generator_py/example_interfaces/_example_interfaces_s.ep.rosidl_typesupport_fastrtps_c.c.o
[ 99%] Building C object CMakeFiles/example_interfaces_s__rosidl_typesupport_c.dir/rosidl_generator_py/example_interfaces/_example_interfaces_s.ep.rosidl_typesupport_c.c.o
[ 99%] Building C object CMakeFiles/example_interfaces_s__rosidl_typesupport_introspection_c.dir/rosidl_generator_py/example_interfaces/_example_interfaces_s.ep.rosidl_typesupport_introspection_c.c.o
[ 99%] Linking C shared module rosidl_generator_py/example_interfaces/example_interfaces_s__rosidl_typesupport_fastrtps_c.so
[100%] Linking C shared module rosidl_generator_py/example_interfaces/example_interfaces_s__rosidl_typesupport_introspection_c.so
[100%] Linking C shared module rosidl_generator_py/example_interfaces/example_interfaces_s__rosidl_typesupport_c.so
[100%] Built target example_interfaces_s__rosidl_typesupport_fastrtps_c
[100%] Built target example_interfaces_s__rosidl_typesupport_c
[100%] Built target example_interfaces_s__rosidl_typesupport_introspection_c
-- Install configuration: ""
-- Installing: /workspace/jazzy_ws/install/share/ament_index/resource_index/rosidl_interfaces/example_interfaces
-- Installing: /workspace/jazzy_ws/install/share/example_interfaces/action/Fibonacci.json
-- Installing: /workspace/jazzy_ws/install/share/example_interfaces/msg/Bool.json
-- Installing: /workspace/jazzy_ws/install/share/example_interfaces/msg/Byte.json
-- Installing: /workspace/jazzy_ws/install/share/example_interfaces/msg/ByteMultiArray.json
-- Installing: /workspace/jazzy_ws/install/share/example_interfaces/msg/Char.json
-- Installing: /workspace/jazzy_ws/install/share/example_interfaces/msg/Empty.json
-- Installing: /workspace/jazzy_ws/install/share/example_interfaces/msg/Float32.json
-- Installing: /workspace/jazzy_ws/install/share/example_interfaces/msg/Float32MultiArray.json
-- Installing: /workspace/jazzy_ws/install/share/example_interfaces/msg/Float64.json
-- Installing: /workspace/jazzy_ws/install/share/example_interfaces/msg/Float64MultiArray.json
-- Installing: /workspace/jazzy_ws/install/share/example_interfaces/msg/Int16.json
-- Installing: /workspace/jazzy_ws/install/share/example_interfaces/msg/Int16MultiArray.json
-- Installing: /workspace/jazzy_ws/install/share/example_interfaces/msg/Int32.json
-- Installing: /workspace/jazzy_ws/install/share/example_interfaces/msg/Int32MultiArray.json
-- Installing: /workspace/jazzy_ws/install/share/example_interfaces/msg/Int64.json
-- Installing: /workspace/jazzy_ws/install/share/example_interfaces/msg/Int64MultiArray.json
-- Installing: /workspace/jazzy_ws/install/share/example_interfaces/msg/Int8.json
-- Installing: /workspace/jazzy_ws/install/share/example_interfaces/msg/Int8MultiArray.json
-- Installing: /workspace/jazzy_ws/install/share/example_interfaces/msg/MultiArrayDimension.json
-- Installing: /workspace/jazzy_ws/install/share/example_interfaces/msg/MultiArrayLayout.json
-- Installing: /workspace/jazzy_ws/install/share/example_interfaces/msg/String.json
-- Installing: /workspace/jazzy_ws/install/share/example_interfaces/msg/UInt16.json
-- Installing: /workspace/jazzy_ws/install/share/example_interfaces/msg/UInt16MultiArray.json
-- Installing: /workspace/jazzy_ws/install/share/example_interfaces/msg/UInt32.json
-- Installing: /workspace/jazzy_ws/install/share/example_interfaces/msg/UInt32MultiArray.json
-- Installing: /workspace/jazzy_ws/install/share/example_interfaces/msg/UInt64.json
-- Installing: /workspace/jazzy_ws/install/share/example_interfaces/msg/UInt64MultiArray.json
-- Installing: /workspace/jazzy_ws/install/share/example_interfaces/msg/UInt8.json
-- Installing: /workspace/jazzy_ws/install/share/example_interfaces/msg/UInt8MultiArray.json
-- Installing: /workspace/jazzy_ws/install/share/example_interfaces/msg/WString.json
-- Installing: /workspace/jazzy_ws/install/share/example_interfaces/srv/AddTwoInts.json
-- Installing: /workspace/jazzy_ws/install/share/example_interfaces/srv/SetBool.json
-- Installing: /workspace/jazzy_ws/install/share/example_interfaces/srv/Trigger.json
-- Installing: /workspace/jazzy_ws/install/include/example_interfaces/example_interfaces
-- Installing: /workspace/jazzy_ws/install/include/example_interfaces/example_interfaces/msg
-- Installing: /workspace/jazzy_ws/install/include/example_interfaces/example_interfaces/msg/detail
-- Installing: /workspace/jazzy_ws/install/include/example_interfaces/example_interfaces/msg/detail/u_int8__type_support.h
-- Installing: /workspace/jazzy_ws/install/include/example_interfaces/example_interfaces/msg/detail/int64_multi_array__type_support.c
-- Installing: /workspace/jazzy_ws/install/include/example_interfaces/example_interfaces/msg/detail/int64__functions.h
-- Installing: /workspace/jazzy_ws/install/include/example_interfaces/example_interfaces/msg/detail/int8_multi_array__functions.h
-- Installing: /workspace/jazzy_ws/install/include/example_interfaces/example_interfaces/msg/detail/int8_multi_array__type_support.c
-- Installing: /workspace/jazzy_ws/install/include/example_interfaces/example_interfaces/msg/detail/u_int64_multi_array__type_support.c
-- Installing: /workspace/jazzy_ws/install/include/example_interfaces/example_interfaces/msg/detail/int16__functions.h
-- Installing: /workspace/jazzy_ws/install/include/example_interfaces/example_interfaces/msg/detail/int16__type_support.h
-- Installing: /workspace/jazzy_ws/install/include/example_interfaces/example_interfaces/msg/detail/int64_multi_array__description.c
-- Installing: /workspace/jazzy_ws/install/include/example_interfaces/example_interfaces/msg/detail/int8__description.c
-- Installing: /workspace/jazzy_ws/install/include/example_interfaces/example_interfaces/msg/detail/u_int32_multi_array__type_support.c
-- Installing: /workspace/jazzy_ws/install/include/example_interfaces/example_interfaces/msg/detail/w_string__functions.h
-- Installing: /workspace/jazzy_ws/install/include/example_interfaces/example_interfaces/msg/detail/u_int16__functions.h
-- Installing: /workspace/jazzy_ws/install/include/example_interfaces/example_interfaces/msg/detail/int16__type_support.c
-- Installing: /workspace/jazzy_ws/install/include/example_interfaces/example_interfaces/msg/detail/bool__type_support.c
-- Installing: /workspace/jazzy_ws/install/include/example_interfaces/example_interfaces/msg/detail/bool__functions.h
-- Installing: /workspace/jazzy_ws/install/include/example_interfaces/example_interfaces/msg/detail/float64_multi_array__description.c
-- Installing: /workspace/jazzy_ws/install/include/example_interfaces/example_interfaces/msg/detail/u_int8_multi_array__functions.h
-- Installing: /workspace/jazzy_ws/install/include/example_interfaces/example_interfaces/msg/detail/int32_multi_array__functions.c
-- Installing: /workspace/jazzy_ws/install/include/example_interfaces/example_interfaces/msg/detail/u_int64_multi_array__functions.c
-- Installing: /workspace/jazzy_ws/install/include/example_interfaces/example_interfaces/msg/detail/u_int32__struct.h
-- Installing: /workspace/jazzy_ws/install/include/example_interfaces/example_interfaces/msg/detail/multi_array_dimension__type_support.c
-- Installing: /workspace/jazzy_ws/install/include/example_interfaces/example_interfaces/msg/detail/u_int8_multi_array__type_support.h
-- Installing: /workspace/jazzy_ws/install/include/example_interfaces/example_interfaces/msg/detail/float32__functions.h
-- Installing: /workspace/jazzy_ws/install/include/example_interfaces/example_interfaces/msg/detail/int64_multi_array__functions.c
-- Installing: /workspace/jazzy_ws/install/include/example_interfaces/example_interfaces/msg/detail/u_int16__type_support.h
-- Installing: /workspace/jazzy_ws/install/include/example_interfaces/example_interfaces/msg/detail/multi_array_layout__description.c
-- Installing: /workspace/jazzy_ws/install/include/example_interfaces/example_interfaces/msg/detail/float32_multi_array__struct.h
-- Installing: /workspace/jazzy_ws/install/include/example_interfaces/example_interfaces/msg/detail/int8_multi_array__type_support.h
-- Installing: /workspace/jazzy_ws/install/include/example_interfaces/example_interfaces/msg/detail/u_int8__type_support.c
-- Installing: /workspace/jazzy_ws/install/include/example_interfaces/example_interfaces/msg/detail/byte__type_support.c
-- Installing: /workspace/jazzy_ws/install/include/example_interfaces/example_interfaces/msg/detail/multi_array_layout__type_support.h
-- Installing: /workspace/jazzy_ws/install/include/example_interfaces/example_interfaces/msg/detail/u_int64_multi_array__description.c
-- Installing: /workspace/jazzy_ws/install/include/example_interfaces/example_interfaces/msg/detail/float32__functions.c
-- Installing: /workspace/jazzy_ws/install/include/example_interfaces/example_interfaces/msg/detail/multi_array_dimension__type_support.h
-- Installing: /workspace/jazzy_ws/install/include/example_interfaces/example_interfaces/msg/detail/u_int8__functions.c
-- Installing: /workspace/jazzy_ws/install/include/example_interfaces/example_interfaces/msg/detail/u_int16_multi_array__type_support.c
-- Installing: /workspace/jazzy_ws/install/include/example_interfaces/example_interfaces/msg/detail/float64__struct.h
-- Installing: /workspace/jazzy_ws/install/include/example_interfaces/example_interfaces/msg/detail/empty__functions.h
-- Installing: /workspace/jazzy_ws/install/include/example_interfaces/example_interfaces/msg/detail/bool__functions.c
-- Installing: /workspace/jazzy_ws/install/include/example_interfaces/example_interfaces/msg/detail/int32__functions.c
-- Installing: /workspace/jazzy_ws/install/include/example_interfaces/example_interfaces/msg/detail/u_int64__struct.h
-- Installing: /workspace/jazzy_ws/install/include/example_interfaces/example_interfaces/msg/detail/byte_multi_array__functions.h
-- Installing: /workspace/jazzy_ws/install/include/example_interfaces/example_interfaces/msg/detail/int64__struct.h
-- Installing: /workspace/jazzy_ws/install/include/example_interfaces/example_interfaces/msg/detail/int8__type_support.c
-- Installing: /workspace/jazzy_ws/install/include/example_interfaces/example_interfaces/msg/detail/u_int32_multi_array__functions.c
-- Installing: /workspace/jazzy_ws/install/include/example_interfaces/example_interfaces/msg/detail/int16_multi_array__description.c
-- Installing: /workspace/jazzy_ws/install/include/example_interfaces/example_interfaces/msg/detail/u_int64_multi_array__type_support.h
-- Installing: /workspace/jazzy_ws/install/include/example_interfaces/example_interfaces/msg/detail/u_int32_multi_array__type_support.h
-- Installing: /workspace/jazzy_ws/install/include/example_interfaces/example_interfaces/msg/detail/string__struct.h
-- Installing: /workspace/jazzy_ws/install/include/example_interfaces/example_interfaces/msg/detail/bool__description.c
-- Installing: /workspace/jazzy_ws/install/include/example_interfaces/example_interfaces/msg/detail/int32_multi_array__description.c
-- Installing: /workspace/jazzy_ws/install/include/example_interfaces/example_interfaces/msg/detail/int16__description.c
-- Installing: /workspace/jazzy_ws/install/include/example_interfaces/example_interfaces/msg/detail/u_int8_multi_array__description.c
-- Installing: /workspace/jazzy_ws/install/include/example_interfaces/example_interfaces/msg/detail/byte_multi_array__type_support.h
-- Installing: /workspace/jazzy_ws/install/include/example_interfaces/example_interfaces/msg/detail/u_int8__struct.h
-- Installing: /workspace/jazzy_ws/install/include/example_interfaces/example_interfaces/msg/detail/int32__description.c
-- Installing: /workspace/jazzy_ws/install/include/example_interfaces/example_interfaces/msg/detail/int8_multi_array__description.c
-- Installing: /workspace/jazzy_ws/install/include/example_interfaces/example_interfaces/msg/detail/float64_multi_array__functions.c
-- Installing: /workspace/jazzy_ws/install/include/example_interfaces/example_interfaces/msg/detail/string__functions.h
-- Installing: /workspace/jazzy_ws/install/include/example_interfaces/example_interfaces/msg/detail/byte_multi_array__type_support.c
-- Installing: /workspace/jazzy_ws/install/include/example_interfaces/example_interfaces/msg/detail/u_int8_multi_array__type_support.c
-- Installing: /workspace/jazzy_ws/install/include/example_interfaces/example_interfaces/msg/detail/float32_multi_array__type_support.h
-- Installing: /workspace/jazzy_ws/install/include/example_interfaces/example_interfaces/msg/detail/byte__functions.h
-- Installing: /workspace/jazzy_ws/install/include/example_interfaces/example_interfaces/msg/detail/int8_multi_array__struct.h
-- Installing: /workspace/jazzy_ws/install/include/example_interfaces/example_interfaces/msg/detail/float64__functions.c
-- Installing: /workspace/jazzy_ws/install/include/example_interfaces/example_interfaces/msg/detail/u_int16__type_support.c
-- Installing: /workspace/jazzy_ws/install/include/example_interfaces/example_interfaces/msg/detail/float64_multi_array__struct.h
-- Installing: /workspace/jazzy_ws/install/include/example_interfaces/example_interfaces/msg/detail/multi_array_dimension__description.c
-- Installing: /workspace/jazzy_ws/install/include/example_interfaces/example_interfaces/msg/detail/int8__functions.h
-- Installing: /workspace/jazzy_ws/install/include/example_interfaces/example_interfaces/msg/detail/u_int8_multi_array__struct.h
-- Installing: /workspace/jazzy_ws/install/include/example_interfaces/example_interfaces/msg/detail/float32_multi_array__description.c
-- Installing: /workspace/jazzy_ws/install/include/example_interfaces/example_interfaces/msg/detail/float32__type_support.c
-- Installing: /workspace/jazzy_ws/install/include/example_interfaces/example_interfaces/msg/detail/byte__type_support.h
-- Installing: /workspace/jazzy_ws/install/include/example_interfaces/example_interfaces/msg/detail/int16__functions.c
-- Installing: /workspace/jazzy_ws/install/include/example_interfaces/example_interfaces/msg/detail/int64_multi_array__struct.h
-- Installing: /workspace/jazzy_ws/install/include/example_interfaces/example_interfaces/msg/detail/string__description.c
-- Installing: /workspace/jazzy_ws/install/include/example_interfaces/example_interfaces/msg/detail/char__type_support.c
-- Installing: /workspace/jazzy_ws/install/include/example_interfaces/example_interfaces/msg/detail/u_int32__functions.h
-- Installing: /workspace/jazzy_ws/install/include/example_interfaces/example_interfaces/msg/detail/int16_multi_array__type_support.h
-- Installing: /workspace/jazzy_ws/install/include/example_interfaces/example_interfaces/msg/detail/string__functions.c
-- Installing: /workspace/jazzy_ws/install/include/example_interfaces/example_interfaces/msg/detail/w_string__type_support.c
-- Installing: /workspace/jazzy_ws/install/include/example_interfaces/example_interfaces/msg/detail/byte_multi_array__functions.c
-- Installing: /workspace/jazzy_ws/install/include/example_interfaces/example_interfaces/msg/detail/float32_multi_array__functions.c
-- Installing: /workspace/jazzy_ws/install/include/example_interfaces/example_interfaces/msg/detail/u_int32_multi_array__struct.h
-- Installing: /workspace/jazzy_ws/install/include/example_interfaces/example_interfaces/msg/detail/w_string__type_support.h
-- Installing: /workspace/jazzy_ws/install/include/example_interfaces/example_interfaces/msg/detail/multi_array_dimension__functions.h
-- Installing: /workspace/jazzy_ws/install/include/example_interfaces/example_interfaces/msg/detail/u_int64__functions.h
-- Installing: /workspace/jazzy_ws/install/include/example_interfaces/example_interfaces/msg/detail/float64_multi_array__functions.h
-- Installing: /workspace/jazzy_ws/install/include/example_interfaces/example_interfaces/msg/detail/int16_multi_array__struct.h
-- Installing: /workspace/jazzy_ws/install/include/example_interfaces/example_interfaces/msg/detail/char__functions.c
-- Installing: /workspace/jazzy_ws/install/include/example_interfaces/example_interfaces/msg/detail/byte__struct.h
-- Installing: /workspace/jazzy_ws/install/include/example_interfaces/example_interfaces/msg/detail/u_int64__type_support.h
-- Installing: /workspace/jazzy_ws/install/include/example_interfaces/example_interfaces/msg/detail/int64_multi_array__type_support.h
-- Installing: /workspace/jazzy_ws/install/include/example_interfaces/example_interfaces/msg/detail/char__functions.h
-- Installing: /workspace/jazzy_ws/install/include/example_interfaces/example_interfaces/msg/detail/int32__type_support.h
-- Installing: /workspace/jazzy_ws/install/include/example_interfaces/example_interfaces/msg/detail/u_int32__type_support.c
-- Installing: /workspace/jazzy_ws/install/include/example_interfaces/example_interfaces/msg/detail/string__type_support.c
-- Installing: /workspace/jazzy_ws/install/include/example_interfaces/example_interfaces/msg/detail/u_int32__description.c
-- Installing: /workspace/jazzy_ws/install/include/example_interfaces/example_interfaces/msg/detail/float32__struct.h
-- Installing: /workspace/jazzy_ws/install/include/example_interfaces/example_interfaces/msg/detail/int32__struct.h
-- Installing: /workspace/jazzy_ws/install/include/example_interfaces/example_interfaces/msg/detail/int32__type_support.c
-- Installing: /workspace/jazzy_ws/install/include/example_interfaces/example_interfaces/msg/detail/float64_multi_array__type_support.h
-- Installing: /workspace/jazzy_ws/install/include/example_interfaces/example_interfaces/msg/detail/u_int8_multi_array__functions.c
-- Installing: /workspace/jazzy_ws/install/include/example_interfaces/example_interfaces/msg/detail/multi_array_layout__struct.h
-- Installing: /workspace/jazzy_ws/install/include/example_interfaces/example_interfaces/msg/detail/empty__type_support.h
-- Installing: /workspace/jazzy_ws/install/include/example_interfaces/example_interfaces/msg/detail/empty__functions.c
-- Installing: /workspace/jazzy_ws/install/include/example_interfaces/example_interfaces/msg/detail/u_int16_multi_array__functions.c
-- Installing: /workspace/jazzy_ws/install/include/example_interfaces/example_interfaces/msg/detail/float64_multi_array__type_support.c
-- Installing: /workspace/jazzy_ws/install/include/example_interfaces/example_interfaces/msg/detail/u_int16_multi_array__description.c
-- Installing: /workspace/jazzy_ws/install/include/example_interfaces/example_interfaces/msg/detail/u_int64__type_support.c
-- Installing: /workspace/jazzy_ws/install/include/example_interfaces/example_interfaces/msg/detail/int32_multi_array__struct.h
-- Installing: /workspace/jazzy_ws/install/include/example_interfaces/example_interfaces/msg/detail/int64__functions.c
-- Installing: /workspace/jazzy_ws/install/include/example_interfaces/example_interfaces/msg/detail/float32__description.c
-- Installing: /workspace/jazzy_ws/install/include/example_interfaces/example_interfaces/msg/detail/int32_multi_array__type_support.c
-- Installing: /workspace/jazzy_ws/install/include/example_interfaces/example_interfaces/msg/detail/multi_array_dimension__struct.h
-- Installing: /workspace/jazzy_ws/install/include/example_interfaces/example_interfaces/msg/detail/empty__type_support.c
-- Installing: /workspace/jazzy_ws/install/include/example_interfaces/example_interfaces/msg/detail/empty__description.c
-- Installing: /workspace/jazzy_ws/install/include/example_interfaces/example_interfaces/msg/detail/u_int64__description.c
-- Installing: /workspace/jazzy_ws/install/include/example_interfaces/example_interfaces/msg/detail/float32__type_support.h
-- Installing: /workspace/jazzy_ws/install/include/example_interfaces/example_interfaces/msg/detail/char__type_support.h
-- Installing: /workspace/jazzy_ws/install/include/example_interfaces/example_interfaces/msg/detail/u_int16__struct.h
-- Installing: /workspace/jazzy_ws/install/include/example_interfaces/example_interfaces/msg/detail/w_string__struct.h
-- Installing: /workspace/jazzy_ws/install/include/example_interfaces/example_interfaces/msg/detail/bool__struct.h
-- Installing: /workspace/jazzy_ws/install/include/example_interfaces/example_interfaces/msg/detail/u_int16__functions.c
-- Installing: /workspace/jazzy_ws/install/include/example_interfaces/example_interfaces/msg/detail/byte__functions.c
-- Installing: /workspace/jazzy_ws/install/include/example_interfaces/example_interfaces/msg/detail/empty__struct.h
-- Installing: /workspace/jazzy_ws/install/include/example_interfaces/example_interfaces/msg/detail/w_string__description.c
-- Installing: /workspace/jazzy_ws/install/include/example_interfaces/example_interfaces/msg/detail/byte__description.c
-- Installing: /workspace/jazzy_ws/install/include/example_interfaces/example_interfaces/msg/detail/float64__description.c
-- Installing: /workspace/jazzy_ws/install/include/example_interfaces/example_interfaces/msg/detail/bool__type_support.h
-- Installing: /workspace/jazzy_ws/install/include/example_interfaces/example_interfaces/msg/detail/char__description.c
-- Installing: /workspace/jazzy_ws/install/include/example_interfaces/example_interfaces/msg/detail/u_int8__description.c
-- Installing: /workspace/jazzy_ws/install/include/example_interfaces/example_interfaces/msg/detail/int64__type_support.c
-- Installing: /workspace/jazzy_ws/install/include/example_interfaces/example_interfaces/msg/detail/float64__functions.h
-- Installing: /workspace/jazzy_ws/install/include/example_interfaces/example_interfaces/msg/detail/int16_multi_array__functions.c
-- Installing: /workspace/jazzy_ws/install/include/example_interfaces/example_interfaces/msg/detail/u_int16_multi_array__type_support.h
-- Installing: /workspace/jazzy_ws/install/include/example_interfaces/example_interfaces/msg/detail/u_int32_multi_array__description.c
-- Installing: /workspace/jazzy_ws/install/include/example_interfaces/example_interfaces/msg/detail/u_int8__functions.h
-- Installing: /workspace/jazzy_ws/install/include/example_interfaces/example_interfaces/msg/detail/multi_array_dimension__functions.c
-- Installing: /workspace/jazzy_ws/install/include/example_interfaces/example_interfaces/msg/detail/int8__functions.c
-- Installing: /workspace/jazzy_ws/install/include/example_interfaces/example_interfaces/msg/detail/string__type_support.h
-- Installing: /workspace/jazzy_ws/install/include/example_interfaces/example_interfaces/msg/detail/u_int64_multi_array__struct.h
-- Installing: /workspace/jazzy_ws/install/include/example_interfaces/example_interfaces/msg/detail/u_int32__type_support.h
-- Installing: /workspace/jazzy_ws/install/include/example_interfaces/example_interfaces/msg/detail/u_int64__functions.c
-- Installing: /workspace/jazzy_ws/install/include/example_interfaces/example_interfaces/msg/detail/float64__type_support.h
-- Installing: /workspace/jazzy_ws/install/include/example_interfaces/example_interfaces/msg/detail/byte_multi_array__struct.h
-- Installing: /workspace/jazzy_ws/install/include/example_interfaces/example_interfaces/msg/detail/int16__struct.h
-- Installing: /workspace/jazzy_ws/install/include/example_interfaces/example_interfaces/msg/detail/byte_multi_array__description.c
-- Installing: /workspace/jazzy_ws/install/include/example_interfaces/example_interfaces/msg/detail/int16_multi_array__type_support.c
-- Installing: /workspace/jazzy_ws/install/include/example_interfaces/example_interfaces/msg/detail/int32_multi_array__type_support.h
-- Installing: /workspace/jazzy_ws/install/include/example_interfaces/example_interfaces/msg/detail/int8__type_support.h
-- Installing: /workspace/jazzy_ws/install/include/example_interfaces/example_interfaces/msg/detail/float32_multi_array__functions.h
-- Installing: /workspace/jazzy_ws/install/include/example_interfaces/example_interfaces/msg/detail/u_int16_multi_array__struct.h
-- Installing: /workspace/jazzy_ws/install/include/example_interfaces/example_interfaces/msg/detail/multi_array_layout__functions.h
-- Installing: /workspace/jazzy_ws/install/include/example_interfaces/example_interfaces/msg/detail/int64__description.c
-- Installing: /workspace/jazzy_ws/install/include/example_interfaces/example_interfaces/msg/detail/int8__struct.h
-- Installing: /workspace/jazzy_ws/install/include/example_interfaces/example_interfaces/msg/detail/u_int16__description.c
-- Installing: /workspace/jazzy_ws/install/include/example_interfaces/example_interfaces/msg/detail/u_int16_multi_array__functions.h
-- Installing: /workspace/jazzy_ws/install/include/example_interfaces/example_interfaces/msg/detail/w_string__functions.c
-- Installing: /workspace/jazzy_ws/install/include/example_interfaces/example_interfaces/msg/detail/int32_multi_array__functions.h
-- Installing: /workspace/jazzy_ws/install/include/example_interfaces/example_interfaces/msg/detail/int8_multi_array__functions.c
-- Installing: /workspace/jazzy_ws/install/include/example_interfaces/example_interfaces/msg/detail/u_int64_multi_array__functions.h
-- Installing: /workspace/jazzy_ws/install/include/example_interfaces/example_interfaces/msg/detail/char__struct.h
-- Installing: /workspace/jazzy_ws/install/include/example_interfaces/example_interfaces/msg/detail/int64__type_support.h
-- Installing: /workspace/jazzy_ws/install/include/example_interfaces/example_interfaces/msg/detail/int32__functions.h
-- Installing: /workspace/jazzy_ws/install/include/example_interfaces/example_interfaces/msg/detail/u_int32_multi_array__functions.h
-- Installing: /workspace/jazzy_ws/install/include/example_interfaces/example_interfaces/msg/detail/float64__type_support.c
-- Installing: /workspace/jazzy_ws/install/include/example_interfaces/example_interfaces/msg/detail/u_int32__functions.c
-- Installing: /workspace/jazzy_ws/install/include/example_interfaces/example_interfaces/msg/detail/int64_multi_array__functions.h
-- Installing: /workspace/jazzy_ws/install/include/example_interfaces/example_interfaces/msg/detail/float32_multi_array__type_support.c
-- Installing: /workspace/jazzy_ws/install/include/example_interfaces/example_interfaces/msg/detail/multi_array_layout__type_support.c
-- Installing: /workspace/jazzy_ws/install/include/example_interfaces/example_interfaces/msg/detail/multi_array_layout__functions.c
-- Installing: /workspace/jazzy_ws/install/include/example_interfaces/example_interfaces/msg/detail/int16_multi_array__functions.h
-- Installing: /workspace/jazzy_ws/install/include/example_interfaces/example_interfaces/msg/bool.h
-- Installing: /workspace/jazzy_ws/install/include/example_interfaces/example_interfaces/msg/float64.h
-- Installing: /workspace/jazzy_ws/install/include/example_interfaces/example_interfaces/msg/string.h
-- Installing: /workspace/jazzy_ws/install/include/example_interfaces/example_interfaces/msg/int8.h
-- Installing: /workspace/jazzy_ws/install/include/example_interfaces/example_interfaces/msg/empty.h
-- Installing: /workspace/jazzy_ws/install/include/example_interfaces/example_interfaces/msg/int32.h
-- Installing: /workspace/jazzy_ws/install/include/example_interfaces/example_interfaces/msg/u_int16_multi_array.h
-- Installing: /workspace/jazzy_ws/install/include/example_interfaces/example_interfaces/msg/int32_multi_array.h
-- Installing: /workspace/jazzy_ws/install/include/example_interfaces/example_interfaces/msg/int16.h
-- Installing: /workspace/jazzy_ws/install/include/example_interfaces/example_interfaces/msg/int8_multi_array.h
-- Installing: /workspace/jazzy_ws/install/include/example_interfaces/example_interfaces/msg/u_int64_multi_array.h
-- Installing: /workspace/jazzy_ws/install/include/example_interfaces/example_interfaces/msg/byte.h
-- Installing: /workspace/jazzy_ws/install/include/example_interfaces/example_interfaces/msg/u_int32.h
-- Installing: /workspace/jazzy_ws/install/include/example_interfaces/example_interfaces/msg/int64.h
-- Installing: /workspace/jazzy_ws/install/include/example_interfaces/example_interfaces/msg/float32_multi_array.h
-- Installing: /workspace/jazzy_ws/install/include/example_interfaces/example_interfaces/msg/w_string.h
-- Installing: /workspace/jazzy_ws/install/include/example_interfaces/example_interfaces/msg/u_int16.h
-- Installing: /workspace/jazzy_ws/install/include/example_interfaces/example_interfaces/msg/u_int8.h
-- Installing: /workspace/jazzy_ws/install/include/example_interfaces/example_interfaces/msg/multi_array_dimension.h
-- Installing: /workspace/jazzy_ws/install/include/example_interfaces/example_interfaces/msg/int16_multi_array.h
-- Installing: /workspace/jazzy_ws/install/include/example_interfaces/example_interfaces/msg/u_int8_multi_array.h
-- Installing: /workspace/jazzy_ws/install/include/example_interfaces/example_interfaces/msg/u_int64.h
-- Installing: /workspace/jazzy_ws/install/include/example_interfaces/example_interfaces/msg/char.h
-- Installing: /workspace/jazzy_ws/install/include/example_interfaces/example_interfaces/msg/u_int32_multi_array.h
-- Installing: /workspace/jazzy_ws/install/include/example_interfaces/example_interfaces/msg/byte_multi_array.h
-- Installing: /workspace/jazzy_ws/install/include/example_interfaces/example_interfaces/msg/float64_multi_array.h
-- Installing: /workspace/jazzy_ws/install/include/example_interfaces/example_interfaces/msg/multi_array_layout.h
-- Installing: /workspace/jazzy_ws/install/include/example_interfaces/example_interfaces/msg/int64_multi_array.h
-- Installing: /workspace/jazzy_ws/install/include/example_interfaces/example_interfaces/msg/float32.h
-- Installing: /workspace/jazzy_ws/install/include/example_interfaces/example_interfaces/msg/rosidl_generator_c__visibility_control.h
-- Installing: /workspace/jazzy_ws/install/include/example_interfaces/example_interfaces/srv
-- Installing: /workspace/jazzy_ws/install/include/example_interfaces/example_interfaces/srv/detail
-- Installing: /workspace/jazzy_ws/install/include/example_interfaces/example_interfaces/srv/detail/set_bool__type_support.h
-- Installing: /workspace/jazzy_ws/install/include/example_interfaces/example_interfaces/srv/detail/set_bool__type_support.c
-- Installing: /workspace/jazzy_ws/install/include/example_interfaces/example_interfaces/srv/detail/trigger__type_support.c
-- Installing: /workspace/jazzy_ws/install/include/example_interfaces/example_interfaces/srv/detail/add_two_ints__functions.h
-- Installing: /workspace/jazzy_ws/install/include/example_interfaces/example_interfaces/srv/detail/trigger__type_support.h
-- Installing: /workspace/jazzy_ws/install/include/example_interfaces/example_interfaces/srv/detail/trigger__functions.c
-- Installing: /workspace/jazzy_ws/install/include/example_interfaces/example_interfaces/srv/detail/set_bool__description.c
-- Installing: /workspace/jazzy_ws/install/include/example_interfaces/example_interfaces/srv/detail/trigger__description.c
-- Installing: /workspace/jazzy_ws/install/include/example_interfaces/example_interfaces/srv/detail/add_two_ints__type_support.h
-- Installing: /workspace/jazzy_ws/install/include/example_interfaces/example_interfaces/srv/detail/set_bool__functions.c
-- Installing: /workspace/jazzy_ws/install/include/example_interfaces/example_interfaces/srv/detail/trigger__functions.h
-- Installing: /workspace/jazzy_ws/install/include/example_interfaces/example_interfaces/srv/detail/add_two_ints__description.c
-- Installing: /workspace/jazzy_ws/install/include/example_interfaces/example_interfaces/srv/detail/set_bool__functions.h
-- Installing: /workspace/jazzy_ws/install/include/example_interfaces/example_interfaces/srv/detail/set_bool__struct.h
-- Installing: /workspace/jazzy_ws/install/include/example_interfaces/example_interfaces/srv/detail/add_two_ints__type_support.c
-- Installing: /workspace/jazzy_ws/install/include/example_interfaces/example_interfaces/srv/detail/add_two_ints__struct.h
-- Installing: /workspace/jazzy_ws/install/include/example_interfaces/example_interfaces/srv/detail/trigger__struct.h
-- Installing: /workspace/jazzy_ws/install/include/example_interfaces/example_interfaces/srv/detail/add_two_ints__functions.c
-- Installing: /workspace/jazzy_ws/install/include/example_interfaces/example_interfaces/srv/add_two_ints.h
-- Installing: /workspace/jazzy_ws/install/include/example_interfaces/example_interfaces/srv/set_bool.h
-- Installing: /workspace/jazzy_ws/install/include/example_interfaces/example_interfaces/srv/trigger.h
-- Installing: /workspace/jazzy_ws/install/include/example_interfaces/example_interfaces/action
-- Installing: /workspace/jazzy_ws/install/include/example_interfaces/example_interfaces/action/detail
-- Installing: /workspace/jazzy_ws/install/include/example_interfaces/example_interfaces/action/detail/fibonacci__type_support.h
-- Installing: /workspace/jazzy_ws/install/include/example_interfaces/example_interfaces/action/detail/fibonacci__functions.c
-- Installing: /workspace/jazzy_ws/install/include/example_interfaces/example_interfaces/action/detail/fibonacci__struct.h
-- Installing: /workspace/jazzy_ws/install/include/example_interfaces/example_interfaces/action/detail/fibonacci__description.c
-- Installing: /workspace/jazzy_ws/install/include/example_interfaces/example_interfaces/action/detail/fibonacci__type_support.c
-- Installing: /workspace/jazzy_ws/install/include/example_interfaces/example_interfaces/action/detail/fibonacci__functions.h
-- Installing: /workspace/jazzy_ws/install/include/example_interfaces/example_interfaces/action/fibonacci.h
-- Installing: /workspace/jazzy_ws/install/share/example_interfaces/environment/library_path.sh
-- Installing: /workspace/jazzy_ws/install/share/example_interfaces/environment/library_path.dsv
-- Installing: /workspace/jazzy_ws/install/lib/libexample_interfaces__rosidl_generator_c.so
-- Set non-toolchain portion of runtime path of "/workspace/jazzy_ws/install/lib/libexample_interfaces__rosidl_generator_c.so" to ""
-- Up-to-date: /workspace/jazzy_ws/install/include/example_interfaces/example_interfaces
-- Up-to-date: /workspace/jazzy_ws/install/include/example_interfaces/example_interfaces/msg
-- Up-to-date: /workspace/jazzy_ws/install/include/example_interfaces/example_interfaces/msg/detail
-- Installing: /workspace/jazzy_ws/install/include/example_interfaces/example_interfaces/msg/detail/u_int16_multi_array__rosidl_typesupport_fastrtps_c.h
-- Installing: /workspace/jazzy_ws/install/include/example_interfaces/example_interfaces/msg/detail/int32_multi_array__rosidl_typesupport_fastrtps_c.h
-- Installing: /workspace/jazzy_ws/install/include/example_interfaces/example_interfaces/msg/detail/u_int64_multi_array__rosidl_typesupport_fastrtps_c.h
-- Installing: /workspace/jazzy_ws/install/include/example_interfaces/example_interfaces/msg/detail/int8__rosidl_typesupport_fastrtps_c.h
-- Installing: /workspace/jazzy_ws/install/include/example_interfaces/example_interfaces/msg/detail/int16_multi_array__rosidl_typesupport_fastrtps_c.h
-- Installing: /workspace/jazzy_ws/install/include/example_interfaces/example_interfaces/msg/detail/int8_multi_array__rosidl_typesupport_fastrtps_c.h
-- Installing: /workspace/jazzy_ws/install/include/example_interfaces/example_interfaces/msg/detail/u_int64__rosidl_typesupport_fastrtps_c.h
-- Installing: /workspace/jazzy_ws/install/include/example_interfaces/example_interfaces/msg/detail/byte__rosidl_typesupport_fastrtps_c.h
-- Installing: /workspace/jazzy_ws/install/include/example_interfaces/example_interfaces/msg/detail/u_int32_multi_array__rosidl_typesupport_fastrtps_c.h
-- Installing: /workspace/jazzy_ws/install/include/example_interfaces/example_interfaces/msg/detail/int64_multi_array__rosidl_typesupport_fastrtps_c.h
-- Installing: /workspace/jazzy_ws/install/include/example_interfaces/example_interfaces/msg/detail/u_int32__rosidl_typesupport_fastrtps_c.h
-- Installing: /workspace/jazzy_ws/install/include/example_interfaces/example_interfaces/msg/detail/u_int16__rosidl_typesupport_fastrtps_c.h
-- Installing: /workspace/jazzy_ws/install/include/example_interfaces/example_interfaces/msg/detail/int16__rosidl_typesupport_fastrtps_c.h
-- Installing: /workspace/jazzy_ws/install/include/example_interfaces/example_interfaces/msg/detail/byte_multi_array__rosidl_typesupport_fastrtps_c.h
-- Installing: /workspace/jazzy_ws/install/include/example_interfaces/example_interfaces/msg/detail/bool__rosidl_typesupport_fastrtps_c.h
-- Installing: /workspace/jazzy_ws/install/include/example_interfaces/example_interfaces/msg/detail/string__rosidl_typesupport_fastrtps_c.h
-- Installing: /workspace/jazzy_ws/install/include/example_interfaces/example_interfaces/msg/detail/float64_multi_array__rosidl_typesupport_fastrtps_c.h
-- Installing: /workspace/jazzy_ws/install/include/example_interfaces/example_interfaces/msg/detail/u_int8_multi_array__rosidl_typesupport_fastrtps_c.h
-- Installing: /workspace/jazzy_ws/install/include/example_interfaces/example_interfaces/msg/detail/int32__rosidl_typesupport_fastrtps_c.h
-- Installing: /workspace/jazzy_ws/install/include/example_interfaces/example_interfaces/msg/detail/float32__rosidl_typesupport_fastrtps_c.h
-- Installing: /workspace/jazzy_ws/install/include/example_interfaces/example_interfaces/msg/detail/char__rosidl_typesupport_fastrtps_c.h
-- Installing: /workspace/jazzy_ws/install/include/example_interfaces/example_interfaces/msg/detail/u_int8__rosidl_typesupport_fastrtps_c.h
-- Installing: /workspace/jazzy_ws/install/include/example_interfaces/example_interfaces/msg/detail/int64__rosidl_typesupport_fastrtps_c.h
-- Installing: /workspace/jazzy_ws/install/include/example_interfaces/example_interfaces/msg/detail/empty__rosidl_typesupport_fastrtps_c.h
-- Installing: /workspace/jazzy_ws/install/include/example_interfaces/example_interfaces/msg/detail/float64__rosidl_typesupport_fastrtps_c.h
-- Installing: /workspace/jazzy_ws/install/include/example_interfaces/example_interfaces/msg/detail/multi_array_dimension__rosidl_typesupport_fastrtps_c.h
-- Installing: /workspace/jazzy_ws/install/include/example_interfaces/example_interfaces/msg/detail/w_string__rosidl_typesupport_fastrtps_c.h
-- Installing: /workspace/jazzy_ws/install/include/example_interfaces/example_interfaces/msg/detail/float32_multi_array__rosidl_typesupport_fastrtps_c.h
-- Installing: /workspace/jazzy_ws/install/include/example_interfaces/example_interfaces/msg/detail/multi_array_layout__rosidl_typesupport_fastrtps_c.h
-- Installing: /workspace/jazzy_ws/install/include/example_interfaces/example_interfaces/msg/rosidl_typesupport_fastrtps_c__visibility_control.h
-- Up-to-date: /workspace/jazzy_ws/install/include/example_interfaces/example_interfaces/srv
-- Up-to-date: /workspace/jazzy_ws/install/include/example_interfaces/example_interfaces/srv/detail
-- Installing: /workspace/jazzy_ws/install/include/example_interfaces/example_interfaces/srv/detail/set_bool__rosidl_typesupport_fastrtps_c.h
-- Installing: /workspace/jazzy_ws/install/include/example_interfaces/example_interfaces/srv/detail/add_two_ints__rosidl_typesupport_fastrtps_c.h
-- Installing: /workspace/jazzy_ws/install/include/example_interfaces/example_interfaces/srv/detail/trigger__rosidl_typesupport_fastrtps_c.h
-- Up-to-date: /workspace/jazzy_ws/install/include/example_interfaces/example_interfaces/action
-- Up-to-date: /workspace/jazzy_ws/install/include/example_interfaces/example_interfaces/action/detail
-- Installing: /workspace/jazzy_ws/install/include/example_interfaces/example_interfaces/action/detail/fibonacci__rosidl_typesupport_fastrtps_c.h
-- Installing: /workspace/jazzy_ws/install/lib/libexample_interfaces__rosidl_typesupport_fastrtps_c.so
-- Set non-toolchain portion of runtime path of "/workspace/jazzy_ws/install/lib/libexample_interfaces__rosidl_typesupport_fastrtps_c.so" to ""
-- Up-to-date: /workspace/jazzy_ws/install/include/example_interfaces/example_interfaces
-- Up-to-date: /workspace/jazzy_ws/install/include/example_interfaces/example_interfaces/msg
-- Up-to-date: /workspace/jazzy_ws/install/include/example_interfaces/example_interfaces/msg/detail
-- Installing: /workspace/jazzy_ws/install/include/example_interfaces/example_interfaces/msg/detail/int64_multi_array__type_support.c
-- Installing: /workspace/jazzy_ws/install/include/example_interfaces/example_interfaces/msg/detail/int8_multi_array__type_support.c
-- Installing: /workspace/jazzy_ws/install/include/example_interfaces/example_interfaces/msg/detail/u_int64_multi_array__type_support.c
-- Installing: /workspace/jazzy_ws/install/include/example_interfaces/example_interfaces/msg/detail/u_int32_multi_array__type_support.c
-- Installing: /workspace/jazzy_ws/install/include/example_interfaces/example_interfaces/msg/detail/u_int32_multi_array__rosidl_typesupport_introspection_c.h
-- Installing: /workspace/jazzy_ws/install/include/example_interfaces/example_interfaces/msg/detail/int16__type_support.c
-- Installing: /workspace/jazzy_ws/install/include/example_interfaces/example_interfaces/msg/detail/byte_multi_array__rosidl_typesupport_introspection_c.h
-- Installing: /workspace/jazzy_ws/install/include/example_interfaces/example_interfaces/msg/detail/bool__type_support.c
-- Installing: /workspace/jazzy_ws/install/include/example_interfaces/example_interfaces/msg/detail/u_int64__rosidl_typesupport_introspection_c.h
-- Installing: /workspace/jazzy_ws/install/include/example_interfaces/example_interfaces/msg/detail/multi_array_dimension__type_support.c
-- Installing: /workspace/jazzy_ws/install/include/example_interfaces/example_interfaces/msg/detail/u_int8__type_support.c
-- Installing: /workspace/jazzy_ws/install/include/example_interfaces/example_interfaces/msg/detail/byte__type_support.c
-- Installing: /workspace/jazzy_ws/install/include/example_interfaces/example_interfaces/msg/detail/u_int16_multi_array__rosidl_typesupport_introspection_c.h
-- Installing: /workspace/jazzy_ws/install/include/example_interfaces/example_interfaces/msg/detail/int64__rosidl_typesupport_introspection_c.h
-- Installing: /workspace/jazzy_ws/install/include/example_interfaces/example_interfaces/msg/detail/u_int16_multi_array__type_support.c
-- Installing: /workspace/jazzy_ws/install/include/example_interfaces/example_interfaces/msg/detail/int8__type_support.c
-- Installing: /workspace/jazzy_ws/install/include/example_interfaces/example_interfaces/msg/detail/float32_multi_array__rosidl_typesupport_introspection_c.h
-- Installing: /workspace/jazzy_ws/install/include/example_interfaces/example_interfaces/msg/detail/int32__rosidl_typesupport_introspection_c.h
-- Installing: /workspace/jazzy_ws/install/include/example_interfaces/example_interfaces/msg/detail/bool__rosidl_typesupport_introspection_c.h
-- Installing: /workspace/jazzy_ws/install/include/example_interfaces/example_interfaces/msg/detail/byte_multi_array__type_support.c
-- Installing: /workspace/jazzy_ws/install/include/example_interfaces/example_interfaces/msg/detail/multi_array_dimension__rosidl_typesupport_introspection_c.h
-- Installing: /workspace/jazzy_ws/install/include/example_interfaces/example_interfaces/msg/detail/u_int8_multi_array__type_support.c
-- Installing: /workspace/jazzy_ws/install/include/example_interfaces/example_interfaces/msg/detail/u_int16__type_support.c
-- Installing: /workspace/jazzy_ws/install/include/example_interfaces/example_interfaces/msg/detail/u_int32__rosidl_typesupport_introspection_c.h
-- Installing: /workspace/jazzy_ws/install/include/example_interfaces/example_interfaces/msg/detail/float32__type_support.c
-- Installing: /workspace/jazzy_ws/install/include/example_interfaces/example_interfaces/msg/detail/char__type_support.c
-- Installing: /workspace/jazzy_ws/install/include/example_interfaces/example_interfaces/msg/detail/w_string__type_support.c
-- Installing: /workspace/jazzy_ws/install/include/example_interfaces/example_interfaces/msg/detail/multi_array_layout__rosidl_typesupport_introspection_c.h
-- Installing: /workspace/jazzy_ws/install/include/example_interfaces/example_interfaces/msg/detail/u_int16__rosidl_typesupport_introspection_c.h
-- Installing: /workspace/jazzy_ws/install/include/example_interfaces/example_interfaces/msg/detail/char__rosidl_typesupport_introspection_c.h
-- Installing: /workspace/jazzy_ws/install/include/example_interfaces/example_interfaces/msg/detail/int8_multi_array__rosidl_typesupport_introspection_c.h
-- Installing: /workspace/jazzy_ws/install/include/example_interfaces/example_interfaces/msg/detail/empty__rosidl_typesupport_introspection_c.h
-- Installing: /workspace/jazzy_ws/install/include/example_interfaces/example_interfaces/msg/detail/u_int32__type_support.c
-- Installing: /workspace/jazzy_ws/install/include/example_interfaces/example_interfaces/msg/detail/string__type_support.c
-- Installing: /workspace/jazzy_ws/install/include/example_interfaces/example_interfaces/msg/detail/int32__type_support.c
-- Installing: /workspace/jazzy_ws/install/include/example_interfaces/example_interfaces/msg/detail/float64_multi_array__type_support.c
-- Installing: /workspace/jazzy_ws/install/include/example_interfaces/example_interfaces/msg/detail/int16_multi_array__rosidl_typesupport_introspection_c.h
-- Installing: /workspace/jazzy_ws/install/include/example_interfaces/example_interfaces/msg/detail/u_int64__type_support.c
-- Installing: /workspace/jazzy_ws/install/include/example_interfaces/example_interfaces/msg/detail/int32_multi_array__type_support.c
-- Installing: /workspace/jazzy_ws/install/include/example_interfaces/example_interfaces/msg/detail/empty__type_support.c
-- Installing: /workspace/jazzy_ws/install/include/example_interfaces/example_interfaces/msg/detail/int64_multi_array__rosidl_typesupport_introspection_c.h
-- Installing: /workspace/jazzy_ws/install/include/example_interfaces/example_interfaces/msg/detail/int16__rosidl_typesupport_introspection_c.h
-- Installing: /workspace/jazzy_ws/install/include/example_interfaces/example_interfaces/msg/detail/float64_multi_array__rosidl_typesupport_introspection_c.h
-- Installing: /workspace/jazzy_ws/install/include/example_interfaces/example_interfaces/msg/detail/int32_multi_array__rosidl_typesupport_introspection_c.h
-- Installing: /workspace/jazzy_ws/install/include/example_interfaces/example_interfaces/msg/detail/int64__type_support.c
-- Installing: /workspace/jazzy_ws/install/include/example_interfaces/example_interfaces/msg/detail/u_int64_multi_array__rosidl_typesupport_introspection_c.h
-- Installing: /workspace/jazzy_ws/install/include/example_interfaces/example_interfaces/msg/detail/float32__rosidl_typesupport_introspection_c.h
-- Installing: /workspace/jazzy_ws/install/include/example_interfaces/example_interfaces/msg/detail/float64__rosidl_typesupport_introspection_c.h
-- Installing: /workspace/jazzy_ws/install/include/example_interfaces/example_interfaces/msg/detail/w_string__rosidl_typesupport_introspection_c.h
-- Installing: /workspace/jazzy_ws/install/include/example_interfaces/example_interfaces/msg/detail/byte__rosidl_typesupport_introspection_c.h
-- Installing: /workspace/jazzy_ws/install/include/example_interfaces/example_interfaces/msg/detail/int16_multi_array__type_support.c
-- Installing: /workspace/jazzy_ws/install/include/example_interfaces/example_interfaces/msg/detail/u_int8__rosidl_typesupport_introspection_c.h
-- Installing: /workspace/jazzy_ws/install/include/example_interfaces/example_interfaces/msg/detail/int8__rosidl_typesupport_introspection_c.h
-- Installing: /workspace/jazzy_ws/install/include/example_interfaces/example_interfaces/msg/detail/float64__type_support.c
-- Installing: /workspace/jazzy_ws/install/include/example_interfaces/example_interfaces/msg/detail/float32_multi_array__type_support.c
-- Installing: /workspace/jazzy_ws/install/include/example_interfaces/example_interfaces/msg/detail/string__rosidl_typesupport_introspection_c.h
-- Installing: /workspace/jazzy_ws/install/include/example_interfaces/example_interfaces/msg/detail/multi_array_layout__type_support.c
-- Installing: /workspace/jazzy_ws/install/include/example_interfaces/example_interfaces/msg/detail/u_int8_multi_array__rosidl_typesupport_introspection_c.h
-- Installing: /workspace/jazzy_ws/install/include/example_interfaces/example_interfaces/msg/rosidl_typesupport_introspection_c__visibility_control.h
-- Up-to-date: /workspace/jazzy_ws/install/include/example_interfaces/example_interfaces/srv
-- Up-to-date: /workspace/jazzy_ws/install/include/example_interfaces/example_interfaces/srv/detail
-- Installing: /workspace/jazzy_ws/install/include/example_interfaces/example_interfaces/srv/detail/set_bool__rosidl_typesupport_introspection_c.h
-- Installing: /workspace/jazzy_ws/install/include/example_interfaces/example_interfaces/srv/detail/set_bool__type_support.c
-- Installing: /workspace/jazzy_ws/install/include/example_interfaces/example_interfaces/srv/detail/trigger__type_support.c
-- Installing: /workspace/jazzy_ws/install/include/example_interfaces/example_interfaces/srv/detail/trigger__rosidl_typesupport_introspection_c.h
-- Installing: /workspace/jazzy_ws/install/include/example_interfaces/example_interfaces/srv/detail/add_two_ints__type_support.c
-- Installing: /workspace/jazzy_ws/install/include/example_interfaces/example_interfaces/srv/detail/add_two_ints__rosidl_typesupport_introspection_c.h
-- Up-to-date: /workspace/jazzy_ws/install/include/example_interfaces/example_interfaces/action
-- Up-to-date: /workspace/jazzy_ws/install/include/example_interfaces/example_interfaces/action/detail
-- Installing: /workspace/jazzy_ws/install/include/example_interfaces/example_interfaces/action/detail/fibonacci__rosidl_typesupport_introspection_c.h
-- Installing: /workspace/jazzy_ws/install/include/example_interfaces/example_interfaces/action/detail/fibonacci__type_support.c
-- Installing: /workspace/jazzy_ws/install/lib/libexample_interfaces__rosidl_typesupport_introspection_c.so
-- Set non-toolchain portion of runtime path of "/workspace/jazzy_ws/install/lib/libexample_interfaces__rosidl_typesupport_introspection_c.so" to ""
-- Installing: /workspace/jazzy_ws/install/lib/libexample_interfaces__rosidl_typesupport_c.so
-- Set non-toolchain portion of runtime path of "/workspace/jazzy_ws/install/lib/libexample_interfaces__rosidl_typesupport_c.so" to ""
-- Up-to-date: /workspace/jazzy_ws/install/include/example_interfaces/example_interfaces
-- Up-to-date: /workspace/jazzy_ws/install/include/example_interfaces/example_interfaces/msg
-- Up-to-date: /workspace/jazzy_ws/install/include/example_interfaces/example_interfaces/msg/detail
-- Installing: /workspace/jazzy_ws/install/include/example_interfaces/example_interfaces/msg/detail/int64_multi_array__struct.hpp
-- Installing: /workspace/jazzy_ws/install/include/example_interfaces/example_interfaces/msg/detail/int8__builder.hpp
-- Installing: /workspace/jazzy_ws/install/include/example_interfaces/example_interfaces/msg/detail/multi_array_layout__struct.hpp
-- Installing: /workspace/jazzy_ws/install/include/example_interfaces/example_interfaces/msg/detail/int8_multi_array__struct.hpp
-- Installing: /workspace/jazzy_ws/install/include/example_interfaces/example_interfaces/msg/detail/u_int32_multi_array__builder.hpp
-- Installing: /workspace/jazzy_ws/install/include/example_interfaces/example_interfaces/msg/detail/empty__struct.hpp
-- Installing: /workspace/jazzy_ws/install/include/example_interfaces/example_interfaces/msg/detail/int64__type_support.hpp
-- Installing: /workspace/jazzy_ws/install/include/example_interfaces/example_interfaces/msg/detail/int64__builder.hpp
-- Installing: /workspace/jazzy_ws/install/include/example_interfaces/example_interfaces/msg/detail/u_int16__builder.hpp
-- Installing: /workspace/jazzy_ws/install/include/example_interfaces/example_interfaces/msg/detail/float64__builder.hpp
-- Installing: /workspace/jazzy_ws/install/include/example_interfaces/example_interfaces/msg/detail/int16_multi_array__builder.hpp
-- Installing: /workspace/jazzy_ws/install/include/example_interfaces/example_interfaces/msg/detail/multi_array_dimension__builder.hpp
-- Installing: /workspace/jazzy_ws/install/include/example_interfaces/example_interfaces/msg/detail/float32_multi_array__builder.hpp
-- Installing: /workspace/jazzy_ws/install/include/example_interfaces/example_interfaces/msg/detail/u_int8__builder.hpp
-- Installing: /workspace/jazzy_ws/install/include/example_interfaces/example_interfaces/msg/detail/int16__traits.hpp
-- Installing: /workspace/jazzy_ws/install/include/example_interfaces/example_interfaces/msg/detail/bool__traits.hpp
-- Installing: /workspace/jazzy_ws/install/include/example_interfaces/example_interfaces/msg/detail/u_int8_multi_array__builder.hpp
-- Installing: /workspace/jazzy_ws/install/include/example_interfaces/example_interfaces/msg/detail/empty__builder.hpp
-- Installing: /workspace/jazzy_ws/install/include/example_interfaces/example_interfaces/msg/detail/string__type_support.hpp
-- Installing: /workspace/jazzy_ws/install/include/example_interfaces/example_interfaces/msg/detail/bool__type_support.hpp
-- Installing: /workspace/jazzy_ws/install/include/example_interfaces/example_interfaces/msg/detail/u_int8__traits.hpp
-- Installing: /workspace/jazzy_ws/install/include/example_interfaces/example_interfaces/msg/detail/u_int16_multi_array__type_support.hpp
-- Installing: /workspace/jazzy_ws/install/include/example_interfaces/example_interfaces/msg/detail/empty__traits.hpp
-- Installing: /workspace/jazzy_ws/install/include/example_interfaces/example_interfaces/msg/detail/float64_multi_array__struct.hpp
-- Installing: /workspace/jazzy_ws/install/include/example_interfaces/example_interfaces/msg/detail/u_int16_multi_array__traits.hpp
-- Installing: /workspace/jazzy_ws/install/include/example_interfaces/example_interfaces/msg/detail/multi_array_dimension__traits.hpp
-- Installing: /workspace/jazzy_ws/install/include/example_interfaces/example_interfaces/msg/detail/u_int32__builder.hpp
-- Installing: /workspace/jazzy_ws/install/include/example_interfaces/example_interfaces/msg/detail/w_string__builder.hpp
-- Installing: /workspace/jazzy_ws/install/include/example_interfaces/example_interfaces/msg/detail/char__struct.hpp
-- Installing: /workspace/jazzy_ws/install/include/example_interfaces/example_interfaces/msg/detail/int64__traits.hpp
-- Installing: /workspace/jazzy_ws/install/include/example_interfaces/example_interfaces/msg/detail/w_string__struct.hpp
-- Installing: /workspace/jazzy_ws/install/include/example_interfaces/example_interfaces/msg/detail/u_int16__traits.hpp
-- Installing: /workspace/jazzy_ws/install/include/example_interfaces/example_interfaces/msg/detail/u_int32__type_support.hpp
-- Installing: /workspace/jazzy_ws/install/include/example_interfaces/example_interfaces/msg/detail/int64_multi_array__traits.hpp
-- Installing: /workspace/jazzy_ws/install/include/example_interfaces/example_interfaces/msg/detail/int16_multi_array__traits.hpp
-- Installing: /workspace/jazzy_ws/install/include/example_interfaces/example_interfaces/msg/detail/u_int8_multi_array__struct.hpp
-- Installing: /workspace/jazzy_ws/install/include/example_interfaces/example_interfaces/msg/detail/byte_multi_array__struct.hpp
-- Installing: /workspace/jazzy_ws/install/include/example_interfaces/example_interfaces/msg/detail/int8__traits.hpp
-- Installing: /workspace/jazzy_ws/install/include/example_interfaces/example_interfaces/msg/detail/int64_multi_array__builder.hpp
-- Installing: /workspace/jazzy_ws/install/include/example_interfaces/example_interfaces/msg/detail/u_int64__traits.hpp
-- Installing: /workspace/jazzy_ws/install/include/example_interfaces/example_interfaces/msg/detail/string__struct.hpp
-- Installing: /workspace/jazzy_ws/install/include/example_interfaces/example_interfaces/msg/detail/int32_multi_array__traits.hpp
-- Installing: /workspace/jazzy_ws/install/include/example_interfaces/example_interfaces/msg/detail/int32_multi_array__type_support.hpp
-- Installing: /workspace/jazzy_ws/install/include/example_interfaces/example_interfaces/msg/detail/byte__type_support.hpp
-- Installing: /workspace/jazzy_ws/install/include/example_interfaces/example_interfaces/msg/detail/multi_array_layout__builder.hpp
-- Installing: /workspace/jazzy_ws/install/include/example_interfaces/example_interfaces/msg/detail/u_int64__type_support.hpp
-- Installing: /workspace/jazzy_ws/install/include/example_interfaces/example_interfaces/msg/detail/w_string__type_support.hpp
-- Installing: /workspace/jazzy_ws/install/include/example_interfaces/example_interfaces/msg/detail/float64__struct.hpp
-- Installing: /workspace/jazzy_ws/install/include/example_interfaces/example_interfaces/msg/detail/bool__builder.hpp
-- Installing: /workspace/jazzy_ws/install/include/example_interfaces/example_interfaces/msg/detail/float64_multi_array__traits.hpp
-- Installing: /workspace/jazzy_ws/install/include/example_interfaces/example_interfaces/msg/detail/char__traits.hpp
-- Installing: /workspace/jazzy_ws/install/include/example_interfaces/example_interfaces/msg/detail/w_string__traits.hpp
-- Installing: /workspace/jazzy_ws/install/include/example_interfaces/example_interfaces/msg/detail/u_int32__traits.hpp
-- Installing: /workspace/jazzy_ws/install/include/example_interfaces/example_interfaces/msg/detail/u_int64__struct.hpp
-- Installing: /workspace/jazzy_ws/install/include/example_interfaces/example_interfaces/msg/detail/float64_multi_array__type_support.hpp
-- Installing: /workspace/jazzy_ws/install/include/example_interfaces/example_interfaces/msg/detail/float64__traits.hpp
-- Installing: /workspace/jazzy_ws/install/include/example_interfaces/example_interfaces/msg/detail/float32__struct.hpp
-- Installing: /workspace/jazzy_ws/install/include/example_interfaces/example_interfaces/msg/detail/u_int8__struct.hpp
-- Installing: /workspace/jazzy_ws/install/include/example_interfaces/example_interfaces/msg/detail/int16__struct.hpp
-- Installing: /workspace/jazzy_ws/install/include/example_interfaces/example_interfaces/msg/detail/u_int32__struct.hpp
-- Installing: /workspace/jazzy_ws/install/include/example_interfaces/example_interfaces/msg/detail/byte__builder.hpp
-- Installing: /workspace/jazzy_ws/install/include/example_interfaces/example_interfaces/msg/detail/u_int64_multi_array__traits.hpp
-- Installing: /workspace/jazzy_ws/install/include/example_interfaces/example_interfaces/msg/detail/char__builder.hpp
-- Installing: /workspace/jazzy_ws/install/include/example_interfaces/example_interfaces/msg/detail/float32_multi_array__struct.hpp
-- Installing: /workspace/jazzy_ws/install/include/example_interfaces/example_interfaces/msg/detail/int8__struct.hpp
-- Installing: /workspace/jazzy_ws/install/include/example_interfaces/example_interfaces/msg/detail/char__type_support.hpp
-- Installing: /workspace/jazzy_ws/install/include/example_interfaces/example_interfaces/msg/detail/int16__builder.hpp
-- Installing: /workspace/jazzy_ws/install/include/example_interfaces/example_interfaces/msg/detail/int32__traits.hpp
-- Installing: /workspace/jazzy_ws/install/include/example_interfaces/example_interfaces/msg/detail/int16__type_support.hpp
-- Installing: /workspace/jazzy_ws/install/include/example_interfaces/example_interfaces/msg/detail/u_int8__type_support.hpp
-- Installing: /workspace/jazzy_ws/install/include/example_interfaces/example_interfaces/msg/detail/u_int16_multi_array__builder.hpp
-- Installing: /workspace/jazzy_ws/install/include/example_interfaces/example_interfaces/msg/detail/float64__type_support.hpp
-- Installing: /workspace/jazzy_ws/install/include/example_interfaces/example_interfaces/msg/detail/int8__type_support.hpp
-- Installing: /workspace/jazzy_ws/install/include/example_interfaces/example_interfaces/msg/detail/multi_array_layout__traits.hpp
-- Installing: /workspace/jazzy_ws/install/include/example_interfaces/example_interfaces/msg/detail/float32__builder.hpp
-- Installing: /workspace/jazzy_ws/install/include/example_interfaces/example_interfaces/msg/detail/int32__type_support.hpp
-- Installing: /workspace/jazzy_ws/install/include/example_interfaces/example_interfaces/msg/detail/u_int8_multi_array__traits.hpp
-- Installing: /workspace/jazzy_ws/install/include/example_interfaces/example_interfaces/msg/detail/byte__traits.hpp
-- Installing: /workspace/jazzy_ws/install/include/example_interfaces/example_interfaces/msg/detail/string__traits.hpp
-- Installing: /workspace/jazzy_ws/install/include/example_interfaces/example_interfaces/msg/detail/u_int32_multi_array__traits.hpp
-- Installing: /workspace/jazzy_ws/install/include/example_interfaces/example_interfaces/msg/detail/int32_multi_array__struct.hpp
-- Installing: /workspace/jazzy_ws/install/include/example_interfaces/example_interfaces/msg/detail/byte__struct.hpp
-- Installing: /workspace/jazzy_ws/install/include/example_interfaces/example_interfaces/msg/detail/u_int32_multi_array__type_support.hpp
-- Installing: /workspace/jazzy_ws/install/include/example_interfaces/example_interfaces/msg/detail/float32_multi_array__traits.hpp
-- Installing: /workspace/jazzy_ws/install/include/example_interfaces/example_interfaces/msg/detail/u_int64_multi_array__type_support.hpp
-- Installing: /workspace/jazzy_ws/install/include/example_interfaces/example_interfaces/msg/detail/byte_multi_array__type_support.hpp
-- Installing: /workspace/jazzy_ws/install/include/example_interfaces/example_interfaces/msg/detail/multi_array_dimension__type_support.hpp
-- Installing: /workspace/jazzy_ws/install/include/example_interfaces/example_interfaces/msg/detail/multi_array_dimension__struct.hpp
-- Installing: /workspace/jazzy_ws/install/include/example_interfaces/example_interfaces/msg/detail/int8_multi_array__builder.hpp
-- Installing: /workspace/jazzy_ws/install/include/example_interfaces/example_interfaces/msg/detail/u_int16__type_support.hpp
-- Installing: /workspace/jazzy_ws/install/include/example_interfaces/example_interfaces/msg/detail/u_int8_multi_array__type_support.hpp
-- Installing: /workspace/jazzy_ws/install/include/example_interfaces/example_interfaces/msg/detail/string__builder.hpp
-- Installing: /workspace/jazzy_ws/install/include/example_interfaces/example_interfaces/msg/detail/int8_multi_array__type_support.hpp
-- Installing: /workspace/jazzy_ws/install/include/example_interfaces/example_interfaces/msg/detail/float32__type_support.hpp
-- Installing: /workspace/jazzy_ws/install/include/example_interfaces/example_interfaces/msg/detail/empty__type_support.hpp
-- Installing: /workspace/jazzy_ws/install/include/example_interfaces/example_interfaces/msg/detail/u_int32_multi_array__struct.hpp
-- Installing: /workspace/jazzy_ws/install/include/example_interfaces/example_interfaces/msg/detail/int64__struct.hpp
-- Installing: /workspace/jazzy_ws/install/include/example_interfaces/example_interfaces/msg/detail/int32__struct.hpp
-- Installing: /workspace/jazzy_ws/install/include/example_interfaces/example_interfaces/msg/detail/int64_multi_array__type_support.hpp
-- Installing: /workspace/jazzy_ws/install/include/example_interfaces/example_interfaces/msg/detail/int32_multi_array__builder.hpp
-- Installing: /workspace/jazzy_ws/install/include/example_interfaces/example_interfaces/msg/detail/int16_multi_array__type_support.hpp
-- Installing: /workspace/jazzy_ws/install/include/example_interfaces/example_interfaces/msg/detail/float64_multi_array__builder.hpp
-- Installing: /workspace/jazzy_ws/install/include/example_interfaces/example_interfaces/msg/detail/u_int64_multi_array__builder.hpp
-- Installing: /workspace/jazzy_ws/install/include/example_interfaces/example_interfaces/msg/detail/u_int64__builder.hpp
-- Installing: /workspace/jazzy_ws/install/include/example_interfaces/example_interfaces/msg/detail/int8_multi_array__traits.hpp
-- Installing: /workspace/jazzy_ws/install/include/example_interfaces/example_interfaces/msg/detail/int16_multi_array__struct.hpp
-- Installing: /workspace/jazzy_ws/install/include/example_interfaces/example_interfaces/msg/detail/byte_multi_array__traits.hpp
-- Installing: /workspace/jazzy_ws/install/include/example_interfaces/example_interfaces/msg/detail/u_int16_multi_array__struct.hpp
-- Installing: /workspace/jazzy_ws/install/include/example_interfaces/example_interfaces/msg/detail/u_int64_multi_array__struct.hpp
-- Installing: /workspace/jazzy_ws/install/include/example_interfaces/example_interfaces/msg/detail/float32__traits.hpp
-- Installing: /workspace/jazzy_ws/install/include/example_interfaces/example_interfaces/msg/detail/byte_multi_array__builder.hpp
-- Installing: /workspace/jazzy_ws/install/include/example_interfaces/example_interfaces/msg/detail/float32_multi_array__type_support.hpp
-- Installing: /workspace/jazzy_ws/install/include/example_interfaces/example_interfaces/msg/detail/int32__builder.hpp
-- Installing: /workspace/jazzy_ws/install/include/example_interfaces/example_interfaces/msg/detail/u_int16__struct.hpp
-- Installing: /workspace/jazzy_ws/install/include/example_interfaces/example_interfaces/msg/detail/multi_array_layout__type_support.hpp
-- Installing: /workspace/jazzy_ws/install/include/example_interfaces/example_interfaces/msg/detail/bool__struct.hpp
-- Installing: /workspace/jazzy_ws/install/include/example_interfaces/example_interfaces/msg/float32_multi_array.hpp
-- Installing: /workspace/jazzy_ws/install/include/example_interfaces/example_interfaces/msg/u_int64_multi_array.hpp
-- Installing: /workspace/jazzy_ws/install/include/example_interfaces/example_interfaces/msg/int64_multi_array.hpp
-- Installing: /workspace/jazzy_ws/install/include/example_interfaces/example_interfaces/msg/u_int32.hpp
-- Installing: /workspace/jazzy_ws/install/include/example_interfaces/example_interfaces/msg/int16.hpp
-- Installing: /workspace/jazzy_ws/install/include/example_interfaces/example_interfaces/msg/u_int32_multi_array.hpp
-- Installing: /workspace/jazzy_ws/install/include/example_interfaces/example_interfaces/msg/multi_array_dimension.hpp
-- Installing: /workspace/jazzy_ws/install/include/example_interfaces/example_interfaces/msg/byte.hpp
-- Installing: /workspace/jazzy_ws/install/include/example_interfaces/example_interfaces/msg/rosidl_generator_cpp__visibility_control.hpp
-- Installing: /workspace/jazzy_ws/install/include/example_interfaces/example_interfaces/msg/u_int8_multi_array.hpp
-- Installing: /workspace/jazzy_ws/install/include/example_interfaces/example_interfaces/msg/byte_multi_array.hpp
-- Installing: /workspace/jazzy_ws/install/include/example_interfaces/example_interfaces/msg/int16_multi_array.hpp
-- Installing: /workspace/jazzy_ws/install/include/example_interfaces/example_interfaces/msg/u_int16_multi_array.hpp
-- Installing: /workspace/jazzy_ws/install/include/example_interfaces/example_interfaces/msg/u_int16.hpp
-- Installing: /workspace/jazzy_ws/install/include/example_interfaces/example_interfaces/msg/multi_array_layout.hpp
-- Installing: /workspace/jazzy_ws/install/include/example_interfaces/example_interfaces/msg/bool.hpp
-- Installing: /workspace/jazzy_ws/install/include/example_interfaces/example_interfaces/msg/int64.hpp
-- Installing: /workspace/jazzy_ws/install/include/example_interfaces/example_interfaces/msg/w_string.hpp
-- Installing: /workspace/jazzy_ws/install/include/example_interfaces/example_interfaces/msg/int32.hpp
-- Installing: /workspace/jazzy_ws/install/include/example_interfaces/example_interfaces/msg/u_int8.hpp
-- Installing: /workspace/jazzy_ws/install/include/example_interfaces/example_interfaces/msg/float64.hpp
-- Installing: /workspace/jazzy_ws/install/include/example_interfaces/example_interfaces/msg/float32.hpp
-- Installing: /workspace/jazzy_ws/install/include/example_interfaces/example_interfaces/msg/string.hpp
-- Installing: /workspace/jazzy_ws/install/include/example_interfaces/example_interfaces/msg/u_int64.hpp
-- Installing: /workspace/jazzy_ws/install/include/example_interfaces/example_interfaces/msg/empty.hpp
-- Installing: /workspace/jazzy_ws/install/include/example_interfaces/example_interfaces/msg/int32_multi_array.hpp
-- Installing: /workspace/jazzy_ws/install/include/example_interfaces/example_interfaces/msg/char.hpp
-- Installing: /workspace/jazzy_ws/install/include/example_interfaces/example_interfaces/msg/float64_multi_array.hpp
-- Installing: /workspace/jazzy_ws/install/include/example_interfaces/example_interfaces/msg/int8.hpp
-- Installing: /workspace/jazzy_ws/install/include/example_interfaces/example_interfaces/msg/int8_multi_array.hpp
-- Up-to-date: /workspace/jazzy_ws/install/include/example_interfaces/example_interfaces/srv
-- Up-to-date: /workspace/jazzy_ws/install/include/example_interfaces/example_interfaces/srv/detail
-- Installing: /workspace/jazzy_ws/install/include/example_interfaces/example_interfaces/srv/detail/trigger__builder.hpp
-- Installing: /workspace/jazzy_ws/install/include/example_interfaces/example_interfaces/srv/detail/trigger__struct.hpp
-- Installing: /workspace/jazzy_ws/install/include/example_interfaces/example_interfaces/srv/detail/add_two_ints__type_support.hpp
-- Installing: /workspace/jazzy_ws/install/include/example_interfaces/example_interfaces/srv/detail/set_bool__builder.hpp
-- Installing: /workspace/jazzy_ws/install/include/example_interfaces/example_interfaces/srv/detail/set_bool__struct.hpp
-- Installing: /workspace/jazzy_ws/install/include/example_interfaces/example_interfaces/srv/detail/set_bool__traits.hpp
-- Installing: /workspace/jazzy_ws/install/include/example_interfaces/example_interfaces/srv/detail/trigger__type_support.hpp
-- Installing: /workspace/jazzy_ws/install/include/example_interfaces/example_interfaces/srv/detail/set_bool__type_support.hpp
-- Installing: /workspace/jazzy_ws/install/include/example_interfaces/example_interfaces/srv/detail/add_two_ints__traits.hpp
-- Installing: /workspace/jazzy_ws/install/include/example_interfaces/example_interfaces/srv/detail/add_two_ints__builder.hpp
-- Installing: /workspace/jazzy_ws/install/include/example_interfaces/example_interfaces/srv/detail/trigger__traits.hpp
-- Installing: /workspace/jazzy_ws/install/include/example_interfaces/example_interfaces/srv/detail/add_two_ints__struct.hpp
-- Installing: /workspace/jazzy_ws/install/include/example_interfaces/example_interfaces/srv/add_two_ints.hpp
-- Installing: /workspace/jazzy_ws/install/include/example_interfaces/example_interfaces/srv/set_bool.hpp
-- Installing: /workspace/jazzy_ws/install/include/example_interfaces/example_interfaces/srv/trigger.hpp
-- Up-to-date: /workspace/jazzy_ws/install/include/example_interfaces/example_interfaces/action
-- Up-to-date: /workspace/jazzy_ws/install/include/example_interfaces/example_interfaces/action/detail
-- Installing: /workspace/jazzy_ws/install/include/example_interfaces/example_interfaces/action/detail/fibonacci__traits.hpp
-- Installing: /workspace/jazzy_ws/install/include/example_interfaces/example_interfaces/action/detail/fibonacci__struct.hpp
-- Installing: /workspace/jazzy_ws/install/include/example_interfaces/example_interfaces/action/detail/fibonacci__builder.hpp
-- Installing: /workspace/jazzy_ws/install/include/example_interfaces/example_interfaces/action/detail/fibonacci__type_support.hpp
-- Installing: /workspace/jazzy_ws/install/include/example_interfaces/example_interfaces/action/fibonacci.hpp
-- Up-to-date: /workspace/jazzy_ws/install/include/example_interfaces/example_interfaces
-- Up-to-date: /workspace/jazzy_ws/install/include/example_interfaces/example_interfaces/msg
-- Up-to-date: /workspace/jazzy_ws/install/include/example_interfaces/example_interfaces/msg/detail
-- Installing: /workspace/jazzy_ws/install/include/example_interfaces/example_interfaces/msg/detail/u_int32__rosidl_typesupport_fastrtps_cpp.hpp
-- Installing: /workspace/jazzy_ws/install/include/example_interfaces/example_interfaces/msg/detail/int8_multi_array__rosidl_typesupport_fastrtps_cpp.hpp
-- Installing: /workspace/jazzy_ws/install/include/example_interfaces/example_interfaces/msg/detail/int16_multi_array__rosidl_typesupport_fastrtps_cpp.hpp
-- Installing: /workspace/jazzy_ws/install/include/example_interfaces/example_interfaces/msg/detail/w_string__rosidl_typesupport_fastrtps_cpp.hpp
-- Installing: /workspace/jazzy_ws/install/include/example_interfaces/example_interfaces/msg/detail/float64__rosidl_typesupport_fastrtps_cpp.hpp
-- Installing: /workspace/jazzy_ws/install/include/example_interfaces/example_interfaces/msg/detail/bool__rosidl_typesupport_fastrtps_cpp.hpp
-- Installing: /workspace/jazzy_ws/install/include/example_interfaces/example_interfaces/msg/detail/u_int32_multi_array__rosidl_typesupport_fastrtps_cpp.hpp
-- Installing: /workspace/jazzy_ws/install/include/example_interfaces/example_interfaces/msg/detail/int8__rosidl_typesupport_fastrtps_cpp.hpp
-- Installing: /workspace/jazzy_ws/install/include/example_interfaces/example_interfaces/msg/detail/u_int64__rosidl_typesupport_fastrtps_cpp.hpp
-- Installing: /workspace/jazzy_ws/install/include/example_interfaces/example_interfaces/msg/detail/u_int8_multi_array__rosidl_typesupport_fastrtps_cpp.hpp
-- Installing: /workspace/jazzy_ws/install/include/example_interfaces/example_interfaces/msg/detail/int32_multi_array__rosidl_typesupport_fastrtps_cpp.hpp
-- Installing: /workspace/jazzy_ws/install/include/example_interfaces/example_interfaces/msg/detail/multi_array_layout__rosidl_typesupport_fastrtps_cpp.hpp
-- Installing: /workspace/jazzy_ws/install/include/example_interfaces/example_interfaces/msg/detail/empty__rosidl_typesupport_fastrtps_cpp.hpp
-- Installing: /workspace/jazzy_ws/install/include/example_interfaces/example_interfaces/msg/detail/int64__rosidl_typesupport_fastrtps_cpp.hpp
-- Installing: /workspace/jazzy_ws/install/include/example_interfaces/example_interfaces/msg/detail/float32__rosidl_typesupport_fastrtps_cpp.hpp
-- Installing: /workspace/jazzy_ws/install/include/example_interfaces/example_interfaces/msg/detail/int16__rosidl_typesupport_fastrtps_cpp.hpp
-- Installing: /workspace/jazzy_ws/install/include/example_interfaces/example_interfaces/msg/detail/byte_multi_array__rosidl_typesupport_fastrtps_cpp.hpp
-- Installing: /workspace/jazzy_ws/install/include/example_interfaces/example_interfaces/msg/detail/int32__rosidl_typesupport_fastrtps_cpp.hpp
-- Installing: /workspace/jazzy_ws/install/include/example_interfaces/example_interfaces/msg/detail/int64_multi_array__rosidl_typesupport_fastrtps_cpp.hpp
-- Installing: /workspace/jazzy_ws/install/include/example_interfaces/example_interfaces/msg/detail/dds_fastrtps
-- Installing: /workspace/jazzy_ws/install/include/example_interfaces/example_interfaces/msg/detail/char__rosidl_typesupport_fastrtps_cpp.hpp
-- Installing: /workspace/jazzy_ws/install/include/example_interfaces/example_interfaces/msg/detail/multi_array_dimension__rosidl_typesupport_fastrtps_cpp.hpp
-- Installing: /workspace/jazzy_ws/install/include/example_interfaces/example_interfaces/msg/detail/u_int8__rosidl_typesupport_fastrtps_cpp.hpp
-- Installing: /workspace/jazzy_ws/install/include/example_interfaces/example_interfaces/msg/detail/string__rosidl_typesupport_fastrtps_cpp.hpp
-- Installing: /workspace/jazzy_ws/install/include/example_interfaces/example_interfaces/msg/detail/float64_multi_array__rosidl_typesupport_fastrtps_cpp.hpp
-- Installing: /workspace/jazzy_ws/install/include/example_interfaces/example_interfaces/msg/detail/u_int16_multi_array__rosidl_typesupport_fastrtps_cpp.hpp
-- Installing: /workspace/jazzy_ws/install/include/example_interfaces/example_interfaces/msg/detail/float32_multi_array__rosidl_typesupport_fastrtps_cpp.hpp
-- Installing: /workspace/jazzy_ws/install/include/example_interfaces/example_interfaces/msg/detail/byte__rosidl_typesupport_fastrtps_cpp.hpp
-- Installing: /workspace/jazzy_ws/install/include/example_interfaces/example_interfaces/msg/detail/u_int64_multi_array__rosidl_typesupport_fastrtps_cpp.hpp
-- Installing: /workspace/jazzy_ws/install/include/example_interfaces/example_interfaces/msg/detail/u_int16__rosidl_typesupport_fastrtps_cpp.hpp
-- Installing: /workspace/jazzy_ws/install/include/example_interfaces/example_interfaces/msg/rosidl_typesupport_fastrtps_cpp__visibility_control.h
-- Up-to-date: /workspace/jazzy_ws/install/include/example_interfaces/example_interfaces/srv
-- Up-to-date: /workspace/jazzy_ws/install/include/example_interfaces/example_interfaces/srv/detail
-- Installing: /workspace/jazzy_ws/install/include/example_interfaces/example_interfaces/srv/detail/dds_fastrtps
-- Installing: /workspace/jazzy_ws/install/include/example_interfaces/example_interfaces/srv/detail/set_bool__rosidl_typesupport_fastrtps_cpp.hpp
-- Installing: /workspace/jazzy_ws/install/include/example_interfaces/example_interfaces/srv/detail/add_two_ints__rosidl_typesupport_fastrtps_cpp.hpp
-- Installing: /workspace/jazzy_ws/install/include/example_interfaces/example_interfaces/srv/detail/trigger__rosidl_typesupport_fastrtps_cpp.hpp
-- Up-to-date: /workspace/jazzy_ws/install/include/example_interfaces/example_interfaces/action
-- Up-to-date: /workspace/jazzy_ws/install/include/example_interfaces/example_interfaces/action/detail
-- Installing: /workspace/jazzy_ws/install/include/example_interfaces/example_interfaces/action/detail/fibonacci__rosidl_typesupport_fastrtps_cpp.hpp
-- Installing: /workspace/jazzy_ws/install/include/example_interfaces/example_interfaces/action/detail/dds_fastrtps
-- Installing: /workspace/jazzy_ws/install/lib/libexample_interfaces__rosidl_typesupport_fastrtps_cpp.so
-- Set non-toolchain portion of runtime path of "/workspace/jazzy_ws/install/lib/libexample_interfaces__rosidl_typesupport_fastrtps_cpp.so" to ""
-- Up-to-date: /workspace/jazzy_ws/install/include/example_interfaces/example_interfaces
-- Up-to-date: /workspace/jazzy_ws/install/include/example_interfaces/example_interfaces/msg
-- Up-to-date: /workspace/jazzy_ws/install/include/example_interfaces/example_interfaces/msg/detail
-- Installing: /workspace/jazzy_ws/install/include/example_interfaces/example_interfaces/msg/detail/float32__type_support.cpp
-- Installing: /workspace/jazzy_ws/install/include/example_interfaces/example_interfaces/msg/detail/string__type_support.cpp
-- Installing: /workspace/jazzy_ws/install/include/example_interfaces/example_interfaces/msg/detail/int8__type_support.cpp
-- Installing: /workspace/jazzy_ws/install/include/example_interfaces/example_interfaces/msg/detail/multi_array_dimension__type_support.cpp
-- Installing: /workspace/jazzy_ws/install/include/example_interfaces/example_interfaces/msg/detail/u_int16__rosidl_typesupport_introspection_cpp.hpp
-- Installing: /workspace/jazzy_ws/install/include/example_interfaces/example_interfaces/msg/detail/u_int64_multi_array__rosidl_typesupport_introspection_cpp.hpp
-- Installing: /workspace/jazzy_ws/install/include/example_interfaces/example_interfaces/msg/detail/u_int8_multi_array__type_support.cpp
-- Installing: /workspace/jazzy_ws/install/include/example_interfaces/example_interfaces/msg/detail/u_int16__type_support.cpp
-- Installing: /workspace/jazzy_ws/install/include/example_interfaces/example_interfaces/msg/detail/int64_multi_array__type_support.cpp
-- Installing: /workspace/jazzy_ws/install/include/example_interfaces/example_interfaces/msg/detail/u_int32__rosidl_typesupport_introspection_cpp.hpp
-- Installing: /workspace/jazzy_ws/install/include/example_interfaces/example_interfaces/msg/detail/float64_multi_array__rosidl_typesupport_introspection_cpp.hpp
-- Installing: /workspace/jazzy_ws/install/include/example_interfaces/example_interfaces/msg/detail/int8_multi_array__rosidl_typesupport_introspection_cpp.hpp
-- Installing: /workspace/jazzy_ws/install/include/example_interfaces/example_interfaces/msg/detail/int32__type_support.cpp
-- Installing: /workspace/jazzy_ws/install/include/example_interfaces/example_interfaces/msg/detail/int64__rosidl_typesupport_introspection_cpp.hpp
-- Installing: /workspace/jazzy_ws/install/include/example_interfaces/example_interfaces/msg/detail/int16_multi_array__rosidl_typesupport_introspection_cpp.hpp
-- Installing: /workspace/jazzy_ws/install/include/example_interfaces/example_interfaces/msg/detail/u_int64__type_support.cpp
-- Installing: /workspace/jazzy_ws/install/include/example_interfaces/example_interfaces/msg/detail/u_int32__type_support.cpp
-- Installing: /workspace/jazzy_ws/install/include/example_interfaces/example_interfaces/msg/detail/byte__type_support.cpp
-- Installing: /workspace/jazzy_ws/install/include/example_interfaces/example_interfaces/msg/detail/float64__rosidl_typesupport_introspection_cpp.hpp
-- Installing: /workspace/jazzy_ws/install/include/example_interfaces/example_interfaces/msg/detail/u_int16_multi_array__rosidl_typesupport_introspection_cpp.hpp
-- Installing: /workspace/jazzy_ws/install/include/example_interfaces/example_interfaces/msg/detail/float32_multi_array__rosidl_typesupport_introspection_cpp.hpp
-- Installing: /workspace/jazzy_ws/install/include/example_interfaces/example_interfaces/msg/detail/u_int64__rosidl_typesupport_introspection_cpp.hpp
-- Installing: /workspace/jazzy_ws/install/include/example_interfaces/example_interfaces/msg/detail/u_int8__rosidl_typesupport_introspection_cpp.hpp
-- Installing: /workspace/jazzy_ws/install/include/example_interfaces/example_interfaces/msg/detail/int32_multi_array__type_support.cpp
-- Installing: /workspace/jazzy_ws/install/include/example_interfaces/example_interfaces/msg/detail/byte_multi_array__type_support.cpp
-- Installing: /workspace/jazzy_ws/install/include/example_interfaces/example_interfaces/msg/detail/empty__rosidl_typesupport_introspection_cpp.hpp
-- Installing: /workspace/jazzy_ws/install/include/example_interfaces/example_interfaces/msg/detail/int16__rosidl_typesupport_introspection_cpp.hpp
-- Installing: /workspace/jazzy_ws/install/include/example_interfaces/example_interfaces/msg/detail/byte__rosidl_typesupport_introspection_cpp.hpp
-- Installing: /workspace/jazzy_ws/install/include/example_interfaces/example_interfaces/msg/detail/int32_multi_array__rosidl_typesupport_introspection_cpp.hpp
-- Installing: /workspace/jazzy_ws/install/include/example_interfaces/example_interfaces/msg/detail/byte_multi_array__rosidl_typesupport_introspection_cpp.hpp
-- Installing: /workspace/jazzy_ws/install/include/example_interfaces/example_interfaces/msg/detail/bool__type_support.cpp
-- Installing: /workspace/jazzy_ws/install/include/example_interfaces/example_interfaces/msg/detail/empty__type_support.cpp
-- Installing: /workspace/jazzy_ws/install/include/example_interfaces/example_interfaces/msg/detail/w_string__rosidl_typesupport_introspection_cpp.hpp
-- Installing: /workspace/jazzy_ws/install/include/example_interfaces/example_interfaces/msg/detail/int64_multi_array__rosidl_typesupport_introspection_cpp.hpp
-- Installing: /workspace/jazzy_ws/install/include/example_interfaces/example_interfaces/msg/detail/float64__type_support.cpp
-- Installing: /workspace/jazzy_ws/install/include/example_interfaces/example_interfaces/msg/detail/int64__type_support.cpp
-- Installing: /workspace/jazzy_ws/install/include/example_interfaces/example_interfaces/msg/detail/string__rosidl_typesupport_introspection_cpp.hpp
-- Installing: /workspace/jazzy_ws/install/include/example_interfaces/example_interfaces/msg/detail/multi_array_dimension__rosidl_typesupport_introspection_cpp.hpp
-- Installing: /workspace/jazzy_ws/install/include/example_interfaces/example_interfaces/msg/detail/u_int32_multi_array__rosidl_typesupport_introspection_cpp.hpp
-- Installing: /workspace/jazzy_ws/install/include/example_interfaces/example_interfaces/msg/detail/u_int16_multi_array__type_support.cpp
-- Installing: /workspace/jazzy_ws/install/include/example_interfaces/example_interfaces/msg/detail/bool__rosidl_typesupport_introspection_cpp.hpp
-- Installing: /workspace/jazzy_ws/install/include/example_interfaces/example_interfaces/msg/detail/u_int8_multi_array__rosidl_typesupport_introspection_cpp.hpp
-- Installing: /workspace/jazzy_ws/install/include/example_interfaces/example_interfaces/msg/detail/int16_multi_array__type_support.cpp
-- Installing: /workspace/jazzy_ws/install/include/example_interfaces/example_interfaces/msg/detail/char__rosidl_typesupport_introspection_cpp.hpp
-- Installing: /workspace/jazzy_ws/install/include/example_interfaces/example_interfaces/msg/detail/w_string__type_support.cpp
-- Installing: /workspace/jazzy_ws/install/include/example_interfaces/example_interfaces/msg/detail/int32__rosidl_typesupport_introspection_cpp.hpp
-- Installing: /workspace/jazzy_ws/install/include/example_interfaces/example_interfaces/msg/detail/int16__type_support.cpp
-- Installing: /workspace/jazzy_ws/install/include/example_interfaces/example_interfaces/msg/detail/char__type_support.cpp
-- Installing: /workspace/jazzy_ws/install/include/example_interfaces/example_interfaces/msg/detail/float64_multi_array__type_support.cpp
-- Installing: /workspace/jazzy_ws/install/include/example_interfaces/example_interfaces/msg/detail/int8__rosidl_typesupport_introspection_cpp.hpp
-- Installing: /workspace/jazzy_ws/install/include/example_interfaces/example_interfaces/msg/detail/u_int8__type_support.cpp
-- Installing: /workspace/jazzy_ws/install/include/example_interfaces/example_interfaces/msg/detail/multi_array_layout__type_support.cpp
-- Installing: /workspace/jazzy_ws/install/include/example_interfaces/example_interfaces/msg/detail/u_int64_multi_array__type_support.cpp
-- Installing: /workspace/jazzy_ws/install/include/example_interfaces/example_interfaces/msg/detail/u_int32_multi_array__type_support.cpp
-- Installing: /workspace/jazzy_ws/install/include/example_interfaces/example_interfaces/msg/detail/float32__rosidl_typesupport_introspection_cpp.hpp
-- Installing: /workspace/jazzy_ws/install/include/example_interfaces/example_interfaces/msg/detail/float32_multi_array__type_support.cpp
-- Installing: /workspace/jazzy_ws/install/include/example_interfaces/example_interfaces/msg/detail/multi_array_layout__rosidl_typesupport_introspection_cpp.hpp
-- Installing: /workspace/jazzy_ws/install/include/example_interfaces/example_interfaces/msg/detail/int8_multi_array__type_support.cpp
-- Up-to-date: /workspace/jazzy_ws/install/include/example_interfaces/example_interfaces/srv
-- Up-to-date: /workspace/jazzy_ws/install/include/example_interfaces/example_interfaces/srv/detail
-- Installing: /workspace/jazzy_ws/install/include/example_interfaces/example_interfaces/srv/detail/add_two_ints__rosidl_typesupport_introspection_cpp.hpp
-- Installing: /workspace/jazzy_ws/install/include/example_interfaces/example_interfaces/srv/detail/add_two_ints__type_support.cpp
-- Installing: /workspace/jazzy_ws/install/include/example_interfaces/example_interfaces/srv/detail/set_bool__rosidl_typesupport_introspection_cpp.hpp
-- Installing: /workspace/jazzy_ws/install/include/example_interfaces/example_interfaces/srv/detail/trigger__type_support.cpp
-- Installing: /workspace/jazzy_ws/install/include/example_interfaces/example_interfaces/srv/detail/set_bool__type_support.cpp
-- Installing: /workspace/jazzy_ws/install/include/example_interfaces/example_interfaces/srv/detail/trigger__rosidl_typesupport_introspection_cpp.hpp
-- Up-to-date: /workspace/jazzy_ws/install/include/example_interfaces/example_interfaces/action
-- Up-to-date: /workspace/jazzy_ws/install/include/example_interfaces/example_interfaces/action/detail
-- Installing: /workspace/jazzy_ws/install/include/example_interfaces/example_interfaces/action/detail/fibonacci__type_support.cpp
-- Installing: /workspace/jazzy_ws/install/include/example_interfaces/example_interfaces/action/detail/fibonacci__rosidl_typesupport_introspection_cpp.hpp
-- Installing: /workspace/jazzy_ws/install/lib/libexample_interfaces__rosidl_typesupport_introspection_cpp.so
-- Set non-toolchain portion of runtime path of "/workspace/jazzy_ws/install/lib/libexample_interfaces__rosidl_typesupport_introspection_cpp.so" to ""
-- Installing: /workspace/jazzy_ws/install/lib/libexample_interfaces__rosidl_typesupport_cpp.so
-- Set non-toolchain portion of runtime path of "/workspace/jazzy_ws/install/lib/libexample_interfaces__rosidl_typesupport_cpp.so" to ""
-- Installing: /workspace/jazzy_ws/install/share/example_interfaces/environment/pythonpath.sh
-- Installing: /workspace/jazzy_ws/install/share/example_interfaces/environment/pythonpath.dsv
-- Installing: /workspace/jazzy_ws/install/lib/python3.12/site-packages/example_interfaces-0.12.0-py3.12.egg-info
-- Installing: /workspace/jazzy_ws/install/lib/python3.12/site-packages/example_interfaces-0.12.0-py3.12.egg-info/PKG-INFO
-- Installing: /workspace/jazzy_ws/install/lib/python3.12/site-packages/example_interfaces-0.12.0-py3.12.egg-info/SOURCES.txt
-- Installing: /workspace/jazzy_ws/install/lib/python3.12/site-packages/example_interfaces-0.12.0-py3.12.egg-info/top_level.txt
-- Installing: /workspace/jazzy_ws/install/lib/python3.12/site-packages/example_interfaces-0.12.0-py3.12.egg-info/dependency_links.txt
-- Installing: /workspace/jazzy_ws/install/lib/python3.12/site-packages/example_interfaces
-- Installing: /workspace/jazzy_ws/install/lib/python3.12/site-packages/example_interfaces/example_interfaces_s__rosidl_typesupport_c.so
-- Installing: /workspace/jazzy_ws/install/lib/python3.12/site-packages/example_interfaces/_example_interfaces_s.ep.rosidl_typesupport_introspection_c.c
-- Installing: /workspace/jazzy_ws/install/lib/python3.12/site-packages/example_interfaces/msg
-- Installing: /workspace/jazzy_ws/install/lib/python3.12/site-packages/example_interfaces/msg/_float64_multi_array_s.c
-- Installing: /workspace/jazzy_ws/install/lib/python3.12/site-packages/example_interfaces/msg/_float32_s.c
-- Installing: /workspace/jazzy_ws/install/lib/python3.12/site-packages/example_interfaces/msg/_string.py
-- Installing: /workspace/jazzy_ws/install/lib/python3.12/site-packages/example_interfaces/msg/_byte_multi_array.py
-- Installing: /workspace/jazzy_ws/install/lib/python3.12/site-packages/example_interfaces/msg/_u_int64_s.c
-- Installing: /workspace/jazzy_ws/install/lib/python3.12/site-packages/example_interfaces/msg/_int8_s.c
-- Installing: /workspace/jazzy_ws/install/lib/python3.12/site-packages/example_interfaces/msg/_int16_multi_array.py
-- Installing: /workspace/jazzy_ws/install/lib/python3.12/site-packages/example_interfaces/msg/_int8_multi_array_s.c
-- Installing: /workspace/jazzy_ws/install/lib/python3.12/site-packages/example_interfaces/msg/_int64_multi_array.py
-- Installing: /workspace/jazzy_ws/install/lib/python3.12/site-packages/example_interfaces/msg/_int16.py
-- Installing: /workspace/jazzy_ws/install/lib/python3.12/site-packages/example_interfaces/msg/_float64.py
-- Installing: /workspace/jazzy_ws/install/lib/python3.12/site-packages/example_interfaces/msg/_int32_multi_array_s.c
-- Installing: /workspace/jazzy_ws/install/lib/python3.12/site-packages/example_interfaces/msg/_w_string_s.c
-- Installing: /workspace/jazzy_ws/install/lib/python3.12/site-packages/example_interfaces/msg/_multi_array_layout_s.c
-- Installing: /workspace/jazzy_ws/install/lib/python3.12/site-packages/example_interfaces/msg/_bool.py
-- Installing: /workspace/jazzy_ws/install/lib/python3.12/site-packages/example_interfaces/msg/_int64.py
-- Installing: /workspace/jazzy_ws/install/lib/python3.12/site-packages/example_interfaces/msg/_int8_multi_array.py
-- Installing: /workspace/jazzy_ws/install/lib/python3.12/site-packages/example_interfaces/msg/_int32.py
-- Installing: /workspace/jazzy_ws/install/lib/python3.12/site-packages/example_interfaces/msg/_u_int8_multi_array_s.c
-- Installing: /workspace/jazzy_ws/install/lib/python3.12/site-packages/example_interfaces/msg/_u_int8_s.c
-- Installing: /workspace/jazzy_ws/install/lib/python3.12/site-packages/example_interfaces/msg/_char.py
-- Installing: /workspace/jazzy_ws/install/lib/python3.12/site-packages/example_interfaces/msg/_u_int64_multi_array_s.c
-- Installing: /workspace/jazzy_ws/install/lib/python3.12/site-packages/example_interfaces/msg/_u_int32_multi_array.py
-- Installing: /workspace/jazzy_ws/install/lib/python3.12/site-packages/example_interfaces/msg/_int32_s.c
-- Installing: /workspace/jazzy_ws/install/lib/python3.12/site-packages/example_interfaces/msg/_byte.py
-- Installing: /workspace/jazzy_ws/install/lib/python3.12/site-packages/example_interfaces/msg/__init__.py
-- Installing: /workspace/jazzy_ws/install/lib/python3.12/site-packages/example_interfaces/msg/_float32_multi_array_s.c
-- Installing: /workspace/jazzy_ws/install/lib/python3.12/site-packages/example_interfaces/msg/_empty.py
-- Installing: /workspace/jazzy_ws/install/lib/python3.12/site-packages/example_interfaces/msg/_string_s.c
-- Installing: /workspace/jazzy_ws/install/lib/python3.12/site-packages/example_interfaces/msg/_float32_multi_array.py
-- Installing: /workspace/jazzy_ws/install/lib/python3.12/site-packages/example_interfaces/msg/_int16_s.c
-- Installing: /workspace/jazzy_ws/install/lib/python3.12/site-packages/example_interfaces/msg/_u_int16_multi_array.py
-- Installing: /workspace/jazzy_ws/install/lib/python3.12/site-packages/example_interfaces/msg/_empty_s.c
-- Installing: /workspace/jazzy_ws/install/lib/python3.12/site-packages/example_interfaces/msg/_float64_s.c
-- Installing: /workspace/jazzy_ws/install/lib/python3.12/site-packages/example_interfaces/msg/_int64_s.c
-- Installing: /workspace/jazzy_ws/install/lib/python3.12/site-packages/example_interfaces/msg/_float64_multi_array.py
-- Installing: /workspace/jazzy_ws/install/lib/python3.12/site-packages/example_interfaces/msg/_multi_array_dimension.py
-- Installing: /workspace/jazzy_ws/install/lib/python3.12/site-packages/example_interfaces/msg/_u_int64_multi_array.py
-- Installing: /workspace/jazzy_ws/install/lib/python3.12/site-packages/example_interfaces/msg/_multi_array_dimension_s.c
-- Installing: /workspace/jazzy_ws/install/lib/python3.12/site-packages/example_interfaces/msg/_int16_multi_array_s.c
-- Installing: /workspace/jazzy_ws/install/lib/python3.12/site-packages/example_interfaces/msg/_int64_multi_array_s.c
-- Installing: /workspace/jazzy_ws/install/lib/python3.12/site-packages/example_interfaces/msg/_u_int8_multi_array.py
-- Installing: /workspace/jazzy_ws/install/lib/python3.12/site-packages/example_interfaces/msg/_int32_multi_array.py
-- Installing: /workspace/jazzy_ws/install/lib/python3.12/site-packages/example_interfaces/msg/_int8.py
-- Installing: /workspace/jazzy_ws/install/lib/python3.12/site-packages/example_interfaces/msg/_u_int32_s.c
-- Installing: /workspace/jazzy_ws/install/lib/python3.12/site-packages/example_interfaces/msg/_u_int64.py
-- Installing: /workspace/jazzy_ws/install/lib/python3.12/site-packages/example_interfaces/msg/_u_int8.py
-- Installing: /workspace/jazzy_ws/install/lib/python3.12/site-packages/example_interfaces/msg/_u_int32_multi_array_s.c
-- Installing: /workspace/jazzy_ws/install/lib/python3.12/site-packages/example_interfaces/msg/_bool_s.c
-- Installing: /workspace/jazzy_ws/install/lib/python3.12/site-packages/example_interfaces/msg/_char_s.c
-- Installing: /workspace/jazzy_ws/install/lib/python3.12/site-packages/example_interfaces/msg/_multi_array_layout.py
-- Installing: /workspace/jazzy_ws/install/lib/python3.12/site-packages/example_interfaces/msg/_w_string.py
-- Installing: /workspace/jazzy_ws/install/lib/python3.12/site-packages/example_interfaces/msg/_u_int16_s.c
-- Installing: /workspace/jazzy_ws/install/lib/python3.12/site-packages/example_interfaces/msg/_float32.py
-- Installing: /workspace/jazzy_ws/install/lib/python3.12/site-packages/example_interfaces/msg/_byte_s.c
-- Installing: /workspace/jazzy_ws/install/lib/python3.12/site-packages/example_interfaces/msg/_byte_multi_array_s.c
-- Installing: /workspace/jazzy_ws/install/lib/python3.12/site-packages/example_interfaces/msg/_u_int16_multi_array_s.c
-- Installing: /workspace/jazzy_ws/install/lib/python3.12/site-packages/example_interfaces/msg/_u_int32.py
-- Installing: /workspace/jazzy_ws/install/lib/python3.12/site-packages/example_interfaces/msg/_u_int16.py
-- Installing: /workspace/jazzy_ws/install/lib/python3.12/site-packages/example_interfaces/__init__.py
-- Installing: /workspace/jazzy_ws/install/lib/python3.12/site-packages/example_interfaces/_example_interfaces_s.ep.rosidl_typesupport_c.c
-- Installing: /workspace/jazzy_ws/install/lib/python3.12/site-packages/example_interfaces/_example_interfaces_s.ep.rosidl_typesupport_fastrtps_c.c
-- Installing: /workspace/jazzy_ws/install/lib/python3.12/site-packages/example_interfaces/srv
-- Installing: /workspace/jazzy_ws/install/lib/python3.12/site-packages/example_interfaces/srv/_add_two_ints_s.c
-- Installing: /workspace/jazzy_ws/install/lib/python3.12/site-packages/example_interfaces/srv/_set_bool_s.c
-- Installing: /workspace/jazzy_ws/install/lib/python3.12/site-packages/example_interfaces/srv/__init__.py
-- Installing: /workspace/jazzy_ws/install/lib/python3.12/site-packages/example_interfaces/srv/_trigger_s.c
-- Installing: /workspace/jazzy_ws/install/lib/python3.12/site-packages/example_interfaces/srv/_add_two_ints.py
-- Installing: /workspace/jazzy_ws/install/lib/python3.12/site-packages/example_interfaces/srv/_trigger.py
-- Installing: /workspace/jazzy_ws/install/lib/python3.12/site-packages/example_interfaces/srv/_set_bool.py
-- Installing: /workspace/jazzy_ws/install/lib/python3.12/site-packages/example_interfaces/action
-- Installing: /workspace/jazzy_ws/install/lib/python3.12/site-packages/example_interfaces/action/_fibonacci_s.c
-- Installing: /workspace/jazzy_ws/install/lib/python3.12/site-packages/example_interfaces/action/__init__.py
-- Installing: /workspace/jazzy_ws/install/lib/python3.12/site-packages/example_interfaces/action/_fibonacci.py
-- Installing: /workspace/jazzy_ws/install/lib/python3.12/site-packages/example_interfaces/example_interfaces_s__rosidl_typesupport_fastrtps_c.so
-- Installing: /workspace/jazzy_ws/install/lib/python3.12/site-packages/example_interfaces/example_interfaces_s__rosidl_typesupport_introspection_c.so
Listing '/workspace/jazzy_ws/install/lib/python3.12/site-packages/example_interfaces'...
Compiling '/workspace/jazzy_ws/install/lib/python3.12/site-packages/example_interfaces/__init__.py'...
Listing '/workspace/jazzy_ws/install/lib/python3.12/site-packages/example_interfaces/action'...
Compiling '/workspace/jazzy_ws/install/lib/python3.12/site-packages/example_interfaces/action/__init__.py'...
Compiling '/workspace/jazzy_ws/install/lib/python3.12/site-packages/example_interfaces/action/_fibonacci.py'...
Listing '/workspace/jazzy_ws/install/lib/python3.12/site-packages/example_interfaces/msg'...
Compiling '/workspace/jazzy_ws/install/lib/python3.12/site-packages/example_interfaces/msg/__init__.py'...
Compiling '/workspace/jazzy_ws/install/lib/python3.12/site-packages/example_interfaces/msg/_bool.py'...
Compiling '/workspace/jazzy_ws/install/lib/python3.12/site-packages/example_interfaces/msg/_byte.py'...
Compiling '/workspace/jazzy_ws/install/lib/python3.12/site-packages/example_interfaces/msg/_byte_multi_array.py'...
Compiling '/workspace/jazzy_ws/install/lib/python3.12/site-packages/example_interfaces/msg/_char.py'...
Compiling '/workspace/jazzy_ws/install/lib/python3.12/site-packages/example_interfaces/msg/_empty.py'...
Compiling '/workspace/jazzy_ws/install/lib/python3.12/site-packages/example_interfaces/msg/_float32.py'...
Compiling '/workspace/jazzy_ws/install/lib/python3.12/site-packages/example_interfaces/msg/_float32_multi_array.py'...
Compiling '/workspace/jazzy_ws/install/lib/python3.12/site-packages/example_interfaces/msg/_float64.py'...
Compiling '/workspace/jazzy_ws/install/lib/python3.12/site-packages/example_interfaces/msg/_float64_multi_array.py'...
Compiling '/workspace/jazzy_ws/install/lib/python3.12/site-packages/example_interfaces/msg/_int16.py'...
Compiling '/workspace/jazzy_ws/install/lib/python3.12/site-packages/example_interfaces/msg/_int16_multi_array.py'...
Compiling '/workspace/jazzy_ws/install/lib/python3.12/site-packages/example_interfaces/msg/_int32.py'...
Compiling '/workspace/jazzy_ws/install/lib/python3.12/site-packages/example_interfaces/msg/_int32_multi_array.py'...
Compiling '/workspace/jazzy_ws/install/lib/python3.12/site-packages/example_interfaces/msg/_int64.py'...
Compiling '/workspace/jazzy_ws/install/lib/python3.12/site-packages/example_interfaces/msg/_int64_multi_array.py'...
Compiling '/workspace/jazzy_ws/install/lib/python3.12/site-packages/example_interfaces/msg/_int8.py'...
Compiling '/workspace/jazzy_ws/install/lib/python3.12/site-packages/example_interfaces/msg/_int8_multi_array.py'...
Compiling '/workspace/jazzy_ws/install/lib/python3.12/site-packages/example_interfaces/msg/_multi_array_dimension.py'...
Compiling '/workspace/jazzy_ws/install/lib/python3.12/site-packages/example_interfaces/msg/_multi_array_layout.py'...
Compiling '/workspace/jazzy_ws/install/lib/python3.12/site-packages/example_interfaces/msg/_string.py'...
Compiling '/workspace/jazzy_ws/install/lib/python3.12/site-packages/example_interfaces/msg/_u_int16.py'...
Compiling '/workspace/jazzy_ws/install/lib/python3.12/site-packages/example_interfaces/msg/_u_int16_multi_array.py'...
Compiling '/workspace/jazzy_ws/install/lib/python3.12/site-packages/example_interfaces/msg/_u_int32.py'...
Compiling '/workspace/jazzy_ws/install/lib/python3.12/site-packages/example_interfaces/msg/_u_int32_multi_array.py'...
Compiling '/workspace/jazzy_ws/install/lib/python3.12/site-packages/example_interfaces/msg/_u_int64.py'...
Compiling '/workspace/jazzy_ws/install/lib/python3.12/site-packages/example_interfaces/msg/_u_int64_multi_array.py'...
Compiling '/workspace/jazzy_ws/install/lib/python3.12/site-packages/example_interfaces/msg/_u_int8.py'...
Compiling '/workspace/jazzy_ws/install/lib/python3.12/site-packages/example_interfaces/msg/_u_int8_multi_array.py'...
Compiling '/workspace/jazzy_ws/install/lib/python3.12/site-packages/example_interfaces/msg/_w_string.py'...
Listing '/workspace/jazzy_ws/install/lib/python3.12/site-packages/example_interfaces/srv'...
Compiling '/workspace/jazzy_ws/install/lib/python3.12/site-packages/example_interfaces/srv/__init__.py'...
Compiling '/workspace/jazzy_ws/install/lib/python3.12/site-packages/example_interfaces/srv/_add_two_ints.py'...
Compiling '/workspace/jazzy_ws/install/lib/python3.12/site-packages/example_interfaces/srv/_set_bool.py'...
Compiling '/workspace/jazzy_ws/install/lib/python3.12/site-packages/example_interfaces/srv/_trigger.py'...
-- Installing: /workspace/jazzy_ws/install/lib/python3.12/site-packages/example_interfaces/example_interfaces_s__rosidl_typesupport_fastrtps_c.so
-- Set non-toolchain portion of runtime path of "/workspace/jazzy_ws/install/lib/python3.12/site-packages/example_interfaces/example_interfaces_s__rosidl_typesupport_fastrtps_c.so" to ""
-- Installing: /workspace/jazzy_ws/install/lib/python3.12/site-packages/example_interfaces/example_interfaces_s__rosidl_typesupport_introspection_c.so
-- Set non-toolchain portion of runtime path of "/workspace/jazzy_ws/install/lib/python3.12/site-packages/example_interfaces/example_interfaces_s__rosidl_typesupport_introspection_c.so" to ""
-- Installing: /workspace/jazzy_ws/install/lib/python3.12/site-packages/example_interfaces/example_interfaces_s__rosidl_typesupport_c.so
-- Set non-toolchain portion of runtime path of "/workspace/jazzy_ws/install/lib/python3.12/site-packages/example_interfaces/example_interfaces_s__rosidl_typesupport_c.so" to ""
-- Installing: /workspace/jazzy_ws/install/lib/libexample_interfaces__rosidl_generator_py.so
-- Set non-toolchain portion of runtime path of "/workspace/jazzy_ws/install/lib/libexample_interfaces__rosidl_generator_py.so" to ""
-- Installing: /workspace/jazzy_ws/install/share/example_interfaces/action/Fibonacci.idl
-- Installing: /workspace/jazzy_ws/install/share/example_interfaces/msg/Bool.idl
-- Installing: /workspace/jazzy_ws/install/share/example_interfaces/msg/Byte.idl
-- Installing: /workspace/jazzy_ws/install/share/example_interfaces/msg/ByteMultiArray.idl
-- Installing: /workspace/jazzy_ws/install/share/example_interfaces/msg/Char.idl
-- Installing: /workspace/jazzy_ws/install/share/example_interfaces/msg/Empty.idl
-- Installing: /workspace/jazzy_ws/install/share/example_interfaces/msg/Float32.idl
-- Installing: /workspace/jazzy_ws/install/share/example_interfaces/msg/Float32MultiArray.idl
-- Installing: /workspace/jazzy_ws/install/share/example_interfaces/msg/Float64.idl
-- Installing: /workspace/jazzy_ws/install/share/example_interfaces/msg/Float64MultiArray.idl
-- Installing: /workspace/jazzy_ws/install/share/example_interfaces/msg/Int16.idl
-- Installing: /workspace/jazzy_ws/install/share/example_interfaces/msg/Int16MultiArray.idl
-- Installing: /workspace/jazzy_ws/install/share/example_interfaces/msg/Int32.idl
-- Installing: /workspace/jazzy_ws/install/share/example_interfaces/msg/Int32MultiArray.idl
-- Installing: /workspace/jazzy_ws/install/share/example_interfaces/msg/Int64.idl
-- Installing: /workspace/jazzy_ws/install/share/example_interfaces/msg/Int64MultiArray.idl
-- Installing: /workspace/jazzy_ws/install/share/example_interfaces/msg/Int8.idl
-- Installing: /workspace/jazzy_ws/install/share/example_interfaces/msg/Int8MultiArray.idl
-- Installing: /workspace/jazzy_ws/install/share/example_interfaces/msg/MultiArrayDimension.idl
-- Installing: /workspace/jazzy_ws/install/share/example_interfaces/msg/MultiArrayLayout.idl
-- Installing: /workspace/jazzy_ws/install/share/example_interfaces/msg/String.idl
-- Installing: /workspace/jazzy_ws/install/share/example_interfaces/msg/UInt16.idl
-- Installing: /workspace/jazzy_ws/install/share/example_interfaces/msg/UInt16MultiArray.idl
-- Installing: /workspace/jazzy_ws/install/share/example_interfaces/msg/UInt32.idl
-- Installing: /workspace/jazzy_ws/install/share/example_interfaces/msg/UInt32MultiArray.idl
-- Installing: /workspace/jazzy_ws/install/share/example_interfaces/msg/UInt64.idl
-- Installing: /workspace/jazzy_ws/install/share/example_interfaces/msg/UInt64MultiArray.idl
-- Installing: /workspace/jazzy_ws/install/share/example_interfaces/msg/UInt8.idl
-- Installing: /workspace/jazzy_ws/install/share/example_interfaces/msg/UInt8MultiArray.idl
-- Installing: /workspace/jazzy_ws/install/share/example_interfaces/msg/WString.idl
-- Installing: /workspace/jazzy_ws/install/share/example_interfaces/srv/AddTwoInts.idl
-- Installing: /workspace/jazzy_ws/install/share/example_interfaces/srv/SetBool.idl
-- Installing: /workspace/jazzy_ws/install/share/example_interfaces/srv/Trigger.idl
-- Installing: /workspace/jazzy_ws/install/share/example_interfaces/action/Fibonacci.action
-- Installing: /workspace/jazzy_ws/install/share/example_interfaces/msg/Bool.msg
-- Installing: /workspace/jazzy_ws/install/share/example_interfaces/msg/Byte.msg
-- Installing: /workspace/jazzy_ws/install/share/example_interfaces/msg/ByteMultiArray.msg
-- Installing: /workspace/jazzy_ws/install/share/example_interfaces/msg/Char.msg
-- Installing: /workspace/jazzy_ws/install/share/example_interfaces/msg/Empty.msg
-- Installing: /workspace/jazzy_ws/install/share/example_interfaces/msg/Float32.msg
-- Installing: /workspace/jazzy_ws/install/share/example_interfaces/msg/Float32MultiArray.msg
-- Installing: /workspace/jazzy_ws/install/share/example_interfaces/msg/Float64.msg
-- Installing: /workspace/jazzy_ws/install/share/example_interfaces/msg/Float64MultiArray.msg
-- Installing: /workspace/jazzy_ws/install/share/example_interfaces/msg/Int16.msg
-- Installing: /workspace/jazzy_ws/install/share/example_interfaces/msg/Int16MultiArray.msg
-- Installing: /workspace/jazzy_ws/install/share/example_interfaces/msg/Int32.msg
-- Installing: /workspace/jazzy_ws/install/share/example_interfaces/msg/Int32MultiArray.msg
-- Installing: /workspace/jazzy_ws/install/share/example_interfaces/msg/Int64.msg
-- Installing: /workspace/jazzy_ws/install/share/example_interfaces/msg/Int64MultiArray.msg
-- Installing: /workspace/jazzy_ws/install/share/example_interfaces/msg/Int8.msg
-- Installing: /workspace/jazzy_ws/install/share/example_interfaces/msg/Int8MultiArray.msg
-- Installing: /workspace/jazzy_ws/install/share/example_interfaces/msg/MultiArrayDimension.msg
-- Installing: /workspace/jazzy_ws/install/share/example_interfaces/msg/MultiArrayLayout.msg
-- Installing: /workspace/jazzy_ws/install/share/example_interfaces/msg/String.msg
-- Installing: /workspace/jazzy_ws/install/share/example_interfaces/msg/UInt16.msg
-- Installing: /workspace/jazzy_ws/install/share/example_interfaces/msg/UInt16MultiArray.msg
-- Installing: /workspace/jazzy_ws/install/share/example_interfaces/msg/UInt32.msg
-- Installing: /workspace/jazzy_ws/install/share/example_interfaces/msg/UInt32MultiArray.msg
-- Installing: /workspace/jazzy_ws/install/share/example_interfaces/msg/UInt64.msg
-- Installing: /workspace/jazzy_ws/install/share/example_interfaces/msg/UInt64MultiArray.msg
-- Installing: /workspace/jazzy_ws/install/share/example_interfaces/msg/UInt8.msg
-- Installing: /workspace/jazzy_ws/install/share/example_interfaces/msg/UInt8MultiArray.msg
-- Installing: /workspace/jazzy_ws/install/share/example_interfaces/msg/WString.msg
-- Installing: /workspace/jazzy_ws/install/share/example_interfaces/srv/AddTwoInts.srv
-- Installing: /workspace/jazzy_ws/install/share/example_interfaces/srv/SetBool.srv
-- Installing: /workspace/jazzy_ws/install/share/example_interfaces/srv/Trigger.srv
-- Installing: /workspace/jazzy_ws/install/share/example_interfaces/mapping_rules.yaml
-- Installing: /workspace/jazzy_ws/install/share/ament_index/resource_index/package_run_dependencies/example_interfaces
-- Installing: /workspace/jazzy_ws/install/share/ament_index/resource_index/parent_prefix_path/example_interfaces
-- Installing: /workspace/jazzy_ws/install/share/example_interfaces/environment/ament_prefix_path.sh
-- Installing: /workspace/jazzy_ws/install/share/example_interfaces/environment/ament_prefix_path.dsv
-- Installing: /workspace/jazzy_ws/install/share/example_interfaces/environment/path.sh
-- Installing: /workspace/jazzy_ws/install/share/example_interfaces/environment/path.dsv
-- Installing: /workspace/jazzy_ws/install/share/example_interfaces/local_setup.bash
-- Installing: /workspace/jazzy_ws/install/share/example_interfaces/local_setup.sh
-- Installing: /workspace/jazzy_ws/install/share/example_interfaces/local_setup.zsh
-- Installing: /workspace/jazzy_ws/install/share/example_interfaces/local_setup.dsv
-- Installing: /workspace/jazzy_ws/install/share/example_interfaces/package.dsv
-- Installing: /workspace/jazzy_ws/install/share/ament_index/resource_index/packages/example_interfaces
-- Installing: /workspace/jazzy_ws/install/share/example_interfaces/cmake/export_example_interfaces__rosidl_generator_cExport.cmake
-- Installing: /workspace/jazzy_ws/install/share/example_interfaces/cmake/export_example_interfaces__rosidl_generator_cExport-noconfig.cmake
-- Installing: /workspace/jazzy_ws/install/share/example_interfaces/cmake/export_example_interfaces__rosidl_typesupport_fastrtps_cExport.cmake
-- Installing: /workspace/jazzy_ws/install/share/example_interfaces/cmake/export_example_interfaces__rosidl_typesupport_fastrtps_cExport-noconfig.cmake
-- Installing: /workspace/jazzy_ws/install/share/example_interfaces/cmake/example_interfaces__rosidl_typesupport_introspection_cExport.cmake
-- Installing: /workspace/jazzy_ws/install/share/example_interfaces/cmake/example_interfaces__rosidl_typesupport_introspection_cExport-noconfig.cmake
-- Installing: /workspace/jazzy_ws/install/share/example_interfaces/cmake/example_interfaces__rosidl_typesupport_cExport.cmake
-- Installing: /workspace/jazzy_ws/install/share/example_interfaces/cmake/example_interfaces__rosidl_typesupport_cExport-noconfig.cmake
-- Installing: /workspace/jazzy_ws/install/share/example_interfaces/cmake/export_example_interfaces__rosidl_generator_cppExport.cmake
-- Installing: /workspace/jazzy_ws/install/share/example_interfaces/cmake/export_example_interfaces__rosidl_typesupport_fastrtps_cppExport.cmake
-- Installing: /workspace/jazzy_ws/install/share/example_interfaces/cmake/export_example_interfaces__rosidl_typesupport_fastrtps_cppExport-noconfig.cmake
-- Installing: /workspace/jazzy_ws/install/share/example_interfaces/cmake/example_interfaces__rosidl_typesupport_introspection_cppExport.cmake
-- Installing: /workspace/jazzy_ws/install/share/example_interfaces/cmake/example_interfaces__rosidl_typesupport_introspection_cppExport-noconfig.cmake
-- Installing: /workspace/jazzy_ws/install/share/example_interfaces/cmake/example_interfaces__rosidl_typesupport_cppExport.cmake
-- Installing: /workspace/jazzy_ws/install/share/example_interfaces/cmake/example_interfaces__rosidl_typesupport_cppExport-noconfig.cmake
-- Installing: /workspace/jazzy_ws/install/share/example_interfaces/cmake/export_example_interfaces__rosidl_generator_pyExport.cmake
-- Installing: /workspace/jazzy_ws/install/share/example_interfaces/cmake/export_example_interfaces__rosidl_generator_pyExport-noconfig.cmake
-- Installing: /workspace/jazzy_ws/install/share/example_interfaces/cmake/rosidl_cmake-extras.cmake
-- Installing: /workspace/jazzy_ws/install/share/example_interfaces/cmake/ament_cmake_export_dependencies-extras.cmake
-- Installing: /workspace/jazzy_ws/install/share/example_interfaces/cmake/ament_cmake_export_include_directories-extras.cmake
-- Installing: /workspace/jazzy_ws/install/share/example_interfaces/cmake/ament_cmake_export_libraries-extras.cmake
-- Installing: /workspace/jazzy_ws/install/share/example_interfaces/cmake/ament_cmake_export_targets-extras.cmake
-- Installing: /workspace/jazzy_ws/install/share/example_interfaces/cmake/rosidl_cmake_export_typesupport_targets-extras.cmake
-- Installing: /workspace/jazzy_ws/install/share/example_interfaces/cmake/rosidl_cmake_export_typesupport_libraries-extras.cmake
-- Installing: /workspace/jazzy_ws/install/share/example_interfaces/cmake/example_interfacesConfig.cmake
-- Installing: /workspace/jazzy_ws/install/share/example_interfaces/cmake/example_interfacesConfig-version.cmake
-- Installing: /workspace/jazzy_ws/install/share/example_interfaces/package.xml
