[0.114s] Invoking command in '/workspace/jazzy_ws/build/example_interfaces': AMENT_PREFIX_PATH=/workspace/jazzy_ws/install CMAKE_PREFIX_PATH=/workspace/jazzy_ws/install LD_LIBRARY_PATH=/workspace/jazzy_ws/install/lib:/workspace/jazzy_ws/install/opt/mimick_vendor/lib PATH=/workspace/jazzy_ws/install/bin:/workspace/jazzy_ws/install/opt/uncrustify_vendor/bin:${PATH} PKG_CONFIG_PATH=/workspace/jazzy_ws/install/lib/x86_64-linux-gnu/pkgconfig:/workspace/jazzy_ws/install/lib/pkgconfig PYTHONPATH=/workspace/jazzy_ws/install/lib/python3.12/site-packages /usr/bin/cmake /workspace/jazzy_ws/src/example_interfaces -DCMAKE_INSTALL_PREFIX=/workspace/jazzy_ws/install
[0.144s] -- The C compiler identification is GNU 13.3.0
[0.176s] -- The CXX compiler identification is GNU 13.3.0
[0.184s] -- Detecting C compiler ABI info
[0.231s] -- Detecting C compiler ABI info - done
[0.237s] -- Check for working C compiler: /usr/bin/cc - skipped
[0.237s] -- Detecting C compile features
[0.237s] -- Detecting C compile features - done
[0.243s] -- Detecting CXX compiler ABI info
[0.296s] -- Detecting CXX compiler ABI info - done
[0.302s] -- Check for working CXX compiler: /usr/bin/c++ - skipped
[0.302s] -- Detecting CXX compile features
[0.302s] -- Detecting CXX compile features - done
[0.303s] -- Found ament_cmake: 2.5.5 (/workspace/jazzy_ws/install/share/ament_cmake/cmake)
[0.371s] -- Found Python3: /usr/bin/python3 (found version "3.12.3") found components: Interpreter 
[0.422s] -- Found rosidl_default_generators: 1.6.0 (/workspace/jazzy_ws/install/share/rosidl_default_generators/cmake)
[0.424s] -- Using all available rosidl_typesupport_c: rosidl_typesupport_fastrtps_c;rosidl_typesupport_introspection_c
[0.444s] -- Using all available rosidl_typesupport_cpp: rosidl_typesupport_fastrtps_cpp;rosidl_typesupport_introspection_cpp
[0.464s] -- Found rosidl_adapter: 4.6.7 (/workspace/jazzy_ws/install/share/rosidl_adapter/cmake)
[0.856s] -- Found ament_cmake_ros: 0.12.0 (/workspace/jazzy_ws/install/share/ament_cmake_ros/cmake)
[1.080s] -- Using all available rosidl_typesupport_c: rosidl_typesupport_fastrtps_c;rosidl_typesupport_introspection_c
[1.370s] -- Using all available rosidl_typesupport_cpp: rosidl_typesupport_fastrtps_cpp;rosidl_typesupport_introspection_cpp
[1.371s] -- Found python_cmake_module: 0.11.1 (/workspace/jazzy_ws/install/share/python_cmake_module/cmake)
[1.472s] -- Found PythonExtra: /usr/bin/python3  
[1.995s] -- Found Python3: /usr/bin/python3 (found version "3.12.3") found components: Interpreter Development NumPy Development.Module Development.Embed 
[2.023s] -- Configuring done (1.9s)
[2.090s] -- Generating done (0.1s)
[2.101s] -- Build files have been written to: /workspace/jazzy_ws/build/example_interfaces
[2.109s] Invoked command in '/workspace/jazzy_ws/build/example_interfaces' returned '0': AMENT_PREFIX_PATH=/workspace/jazzy_ws/install CMAKE_PREFIX_PATH=/workspace/jazzy_ws/install LD_LIBRARY_PATH=/workspace/jazzy_ws/install/lib:/workspace/jazzy_ws/install/opt/mimick_vendor/lib PATH=/workspace/jazzy_ws/install/bin:/workspace/jazzy_ws/install/opt/uncrustify_vendor/bin:${PATH} PKG_CONFIG_PATH=/workspace/jazzy_ws/install/lib/x86_64-linux-gnu/pkgconfig:/workspace/jazzy_ws/install/lib/pkgconfig PYTHONPATH=/workspace/jazzy_ws/install/lib/python3.12/site-packages /usr/bin/cmake /workspace/jazzy_ws/src/example_interfaces -DCMAKE_INSTALL_PREFIX=/workspace/jazzy_ws/install
[2.110s] Invoking command in '/workspace/jazzy_ws/build/example_interfaces': AMENT_PREFIX_PATH=/workspace/jazzy_ws/install CMAKE_PREFIX_PATH=/workspace/jazzy_ws/install LD_LIBRARY_PATH=/workspace/jazzy_ws/install/lib:/workspace/jazzy_ws/install/opt/mimick_vendor/lib PATH=/workspace/jazzy_ws/install/bin:/workspace/jazzy_ws/install/opt/uncrustify_vendor/bin:${PATH} PKG_CONFIG_PATH=/workspace/jazzy_ws/install/lib/x86_64-linux-gnu/pkgconfig:/workspace/jazzy_ws/install/lib/pkgconfig PYTHONPATH=/workspace/jazzy_ws/install/lib/python3.12/site-packages /usr/bin/cmake --build /workspace/jazzy_ws/build/example_interfaces -- -j24 -l24
[2.161s] [  0%] Generating type hashes for ROS interfaces
[2.167s] [  0%] Built target ament_cmake_python_copy_example_interfaces
[2.301s] running egg_info
[2.306s] creating example_interfaces.egg-info
[2.307s] writing example_interfaces.egg-info/PKG-INFO
[2.307s] writing dependency_links to example_interfaces.egg-info/dependency_links.txt
[2.307s] writing top-level names to example_interfaces.egg-info/top_level.txt
[2.307s] writing manifest file 'example_interfaces.egg-info/SOURCES.txt'
[2.333s] reading manifest file 'example_interfaces.egg-info/SOURCES.txt'
[2.333s] writing manifest file 'example_interfaces.egg-info/SOURCES.txt'
[2.357s] [  0%] Built target ament_cmake_python_build_example_interfaces_egg
[3.037s] [  0%] Built target example_interfaces__rosidl_generator_type_description
[3.058s] [  0%] Generating C++ code for ROS interfaces
[3.059s] [  0%] Generating C code for ROS interfaces
[5.044s] [  0%] Built target example_interfaces__cpp
[5.930s] [  0%] Building C object CMakeFiles/example_interfaces__rosidl_generator_c.dir/rosidl_generator_c/example_interfaces/action/detail/fibonacci__functions.c.o
[5.933s] [  0%] Building C object CMakeFiles/example_interfaces__rosidl_generator_c.dir/rosidl_generator_c/example_interfaces/msg/detail/bool__description.c.o
[5.934s] [  1%] Building C object CMakeFiles/example_interfaces__rosidl_generator_c.dir/rosidl_generator_c/example_interfaces/action/detail/fibonacci__description.c.o
[5.934s] [  1%] Building C object CMakeFiles/example_interfaces__rosidl_generator_c.dir/rosidl_generator_c/example_interfaces/msg/detail/byte__description.c.o
[5.934s] [  0%] Building C object CMakeFiles/example_interfaces__rosidl_generator_c.dir/rosidl_generator_c/example_interfaces/action/detail/fibonacci__type_support.c.o
[5.935s] [  2%] Building C object CMakeFiles/example_interfaces__rosidl_generator_c.dir/rosidl_generator_c/example_interfaces/msg/detail/bool__functions.c.o
[5.935s] [  3%] Building C object CMakeFiles/example_interfaces__rosidl_generator_c.dir/rosidl_generator_c/example_interfaces/msg/detail/byte__functions.c.o
[5.935s] [  3%] Building C object CMakeFiles/example_interfaces__rosidl_generator_c.dir/rosidl_generator_c/example_interfaces/msg/detail/byte_multi_array__description.c.o
[5.945s] [  4%] Building C object CMakeFiles/example_interfaces__rosidl_generator_c.dir/rosidl_generator_c/example_interfaces/msg/detail/byte_multi_array__type_support.c.o
[5.945s] [  4%] Building C object CMakeFiles/example_interfaces__rosidl_generator_c.dir/rosidl_generator_c/example_interfaces/msg/detail/bool__type_support.c.o
[5.945s] [  4%] Building C object CMakeFiles/example_interfaces__rosidl_generator_c.dir/rosidl_generator_c/example_interfaces/msg/detail/byte__type_support.c.o
[5.947s] [  4%] Building C object CMakeFiles/example_interfaces__rosidl_generator_c.dir/rosidl_generator_c/example_interfaces/msg/detail/byte_multi_array__functions.c.o
[5.951s] [  4%] Building C object CMakeFiles/example_interfaces__rosidl_generator_c.dir/rosidl_generator_c/example_interfaces/msg/detail/char__description.c.o
[5.958s] [  4%] Building C object CMakeFiles/example_interfaces__rosidl_generator_c.dir/rosidl_generator_c/example_interfaces/msg/detail/char__functions.c.o
[5.958s] [  4%] Building C object CMakeFiles/example_interfaces__rosidl_generator_c.dir/rosidl_generator_c/example_interfaces/msg/detail/empty__functions.c.o
[5.966s] [  4%] Building C object CMakeFiles/example_interfaces__rosidl_generator_c.dir/rosidl_generator_c/example_interfaces/msg/detail/empty__type_support.c.o
[5.966s] [  4%] Building C object CMakeFiles/example_interfaces__rosidl_generator_c.dir/rosidl_generator_c/example_interfaces/msg/detail/empty__description.c.o
[5.967s] [  5%] Building C object CMakeFiles/example_interfaces__rosidl_generator_c.dir/rosidl_generator_c/example_interfaces/msg/detail/float32__description.c.o
[5.968s] [  6%] Building C object CMakeFiles/example_interfaces__rosidl_generator_c.dir/rosidl_generator_c/example_interfaces/msg/detail/float32_multi_array__description.c.o
[5.970s] [  5%] Building C object CMakeFiles/example_interfaces__rosidl_generator_c.dir/rosidl_generator_c/example_interfaces/msg/detail/float32__functions.c.o
[5.984s] [  7%] Building C object CMakeFiles/example_interfaces__rosidl_generator_c.dir/rosidl_generator_c/example_interfaces/msg/detail/float32__type_support.c.o
[5.985s] [  7%] Building C object CMakeFiles/example_interfaces__rosidl_generator_c.dir/rosidl_generator_c/example_interfaces/msg/detail/char__type_support.c.o
[5.987s] [  7%] Building C object CMakeFiles/example_interfaces__rosidl_generator_c.dir/rosidl_generator_c/example_interfaces/msg/detail/float32_multi_array__functions.c.o
[5.992s] [  7%] Building C object CMakeFiles/example_interfaces__rosidl_generator_c.dir/rosidl_generator_c/example_interfaces/msg/detail/float32_multi_array__type_support.c.o
[5.997s] [  8%] Building C object CMakeFiles/example_interfaces__rosidl_generator_c.dir/rosidl_generator_c/example_interfaces/msg/detail/float64__functions.c.o
[6.000s] [  7%] Building C object CMakeFiles/example_interfaces__rosidl_generator_c.dir/rosidl_generator_c/example_interfaces/msg/detail/float64__description.c.o
[6.006s] [  8%] Building C object CMakeFiles/example_interfaces__rosidl_generator_c.dir/rosidl_generator_c/example_interfaces/msg/detail/float64__type_support.c.o
[6.014s] [  8%] Building C object CMakeFiles/example_interfaces__rosidl_generator_c.dir/rosidl_generator_c/example_interfaces/msg/detail/float64_multi_array__description.c.o
[6.014s] [  9%] Building C object CMakeFiles/example_interfaces__rosidl_generator_c.dir/rosidl_generator_c/example_interfaces/msg/detail/float64_multi_array__functions.c.o
[6.028s] [  9%] Building C object CMakeFiles/example_interfaces__rosidl_generator_c.dir/rosidl_generator_c/example_interfaces/msg/detail/int16__description.c.o
[6.032s] [  9%] Building C object CMakeFiles/example_interfaces__rosidl_generator_c.dir/rosidl_generator_c/example_interfaces/msg/detail/float64_multi_array__type_support.c.o
[6.034s] [  9%] Building C object CMakeFiles/example_interfaces__rosidl_generator_c.dir/rosidl_generator_c/example_interfaces/msg/detail/int16__functions.c.o
[6.037s] [  9%] Building C object CMakeFiles/example_interfaces__rosidl_generator_c.dir/rosidl_generator_c/example_interfaces/msg/detail/int16_multi_array__description.c.o
[6.043s] [  9%] Building C object CMakeFiles/example_interfaces__rosidl_generator_c.dir/rosidl_generator_c/example_interfaces/msg/detail/int16_multi_array__functions.c.o
[6.047s] [ 10%] Building C object CMakeFiles/example_interfaces__rosidl_generator_c.dir/rosidl_generator_c/example_interfaces/msg/detail/int16__type_support.c.o
[6.051s] [ 10%] Building C object CMakeFiles/example_interfaces__rosidl_generator_c.dir/rosidl_generator_c/example_interfaces/msg/detail/int32__description.c.o
[6.051s] [ 11%] Building C object CMakeFiles/example_interfaces__rosidl_generator_c.dir/rosidl_generator_c/example_interfaces/msg/detail/int32_multi_array__description.c.o
[6.054s] [ 12%] Building C object CMakeFiles/example_interfaces__rosidl_generator_c.dir/rosidl_generator_c/example_interfaces/msg/detail/int16_multi_array__type_support.c.o
[6.055s] [ 12%] Building C object CMakeFiles/example_interfaces__rosidl_generator_c.dir/rosidl_generator_c/example_interfaces/msg/detail/int32__type_support.c.o
[6.056s] [ 12%] Building C object CMakeFiles/example_interfaces__rosidl_generator_c.dir/rosidl_generator_c/example_interfaces/msg/detail/int32__functions.c.o
[6.059s] [ 12%] Building C object CMakeFiles/example_interfaces__rosidl_generator_c.dir/rosidl_generator_c/example_interfaces/msg/detail/int32_multi_array__functions.c.o
[6.062s] [ 12%] Building C object CMakeFiles/example_interfaces__rosidl_generator_c.dir/rosidl_generator_c/example_interfaces/msg/detail/int32_multi_array__type_support.c.o
[6.065s] [ 12%] Building C object CMakeFiles/example_interfaces__rosidl_generator_c.dir/rosidl_generator_c/example_interfaces/msg/detail/int64__description.c.o
[6.067s] [ 12%] Building C object CMakeFiles/example_interfaces__rosidl_generator_c.dir/rosidl_generator_c/example_interfaces/msg/detail/int64__type_support.c.o
[6.068s] [ 12%] Building C object CMakeFiles/example_interfaces__rosidl_generator_c.dir/rosidl_generator_c/example_interfaces/msg/detail/int64_multi_array__description.c.o
[6.072s] [ 13%] Building C object CMakeFiles/example_interfaces__rosidl_generator_c.dir/rosidl_generator_c/example_interfaces/msg/detail/int64__functions.c.o
[6.095s] [ 13%] Building C object CMakeFiles/example_interfaces__rosidl_generator_c.dir/rosidl_generator_c/example_interfaces/msg/detail/int8__description.c.o
[6.095s] [ 13%] Building C object CMakeFiles/example_interfaces__rosidl_generator_c.dir/rosidl_generator_c/example_interfaces/msg/detail/int64_multi_array__type_support.c.o
[6.097s] [ 13%] Building C object CMakeFiles/example_interfaces__rosidl_generator_c.dir/rosidl_generator_c/example_interfaces/msg/detail/int8__functions.c.o
[6.098s] [ 14%] Building C object CMakeFiles/example_interfaces__rosidl_generator_c.dir/rosidl_generator_c/example_interfaces/msg/detail/int64_multi_array__functions.c.o
[6.107s] [ 15%] Building C object CMakeFiles/example_interfaces__rosidl_generator_c.dir/rosidl_generator_c/example_interfaces/msg/detail/int8__type_support.c.o
[6.119s] [ 15%] Building C object CMakeFiles/example_interfaces__rosidl_generator_c.dir/rosidl_generator_c/example_interfaces/msg/detail/int8_multi_array__description.c.o
[6.119s] [ 15%] Building C object CMakeFiles/example_interfaces__rosidl_generator_c.dir/rosidl_generator_c/example_interfaces/msg/detail/int8_multi_array__functions.c.o
[6.120s] [ 15%] Building C object CMakeFiles/example_interfaces__rosidl_generator_c.dir/rosidl_generator_c/example_interfaces/msg/detail/multi_array_dimension__functions.c.o
[6.122s] [ 16%] Building C object CMakeFiles/example_interfaces__rosidl_generator_c.dir/rosidl_generator_c/example_interfaces/msg/detail/int8_multi_array__type_support.c.o
[6.137s] [ 16%] Building C object CMakeFiles/example_interfaces__rosidl_generator_c.dir/rosidl_generator_c/example_interfaces/msg/detail/multi_array_dimension__type_support.c.o
[6.139s] [ 16%] Building C object CMakeFiles/example_interfaces__rosidl_generator_c.dir/rosidl_generator_c/example_interfaces/msg/detail/multi_array_dimension__description.c.o
[6.140s] [ 17%] Building C object CMakeFiles/example_interfaces__rosidl_generator_c.dir/rosidl_generator_c/example_interfaces/msg/detail/multi_array_layout__description.c.o
[6.141s] [ 17%] Building C object CMakeFiles/example_interfaces__rosidl_generator_c.dir/rosidl_generator_c/example_interfaces/msg/detail/multi_array_layout__functions.c.o
[6.141s] [ 17%] Building C object CMakeFiles/example_interfaces__rosidl_generator_c.dir/rosidl_generator_c/example_interfaces/msg/detail/multi_array_layout__type_support.c.o
[6.147s] [ 18%] Building C object CMakeFiles/example_interfaces__rosidl_generator_c.dir/rosidl_generator_c/example_interfaces/msg/detail/string__description.c.o
[6.147s] [ 18%] Building C object CMakeFiles/example_interfaces__rosidl_generator_c.dir/rosidl_generator_c/example_interfaces/msg/detail/string__functions.c.o
[6.148s] [ 18%] Building C object CMakeFiles/example_interfaces__rosidl_generator_c.dir/rosidl_generator_c/example_interfaces/msg/detail/string__type_support.c.o
[6.162s] [ 18%] Building C object CMakeFiles/example_interfaces__rosidl_generator_c.dir/rosidl_generator_c/example_interfaces/msg/detail/u_int16__description.c.o
[6.168s] [ 18%] Building C object CMakeFiles/example_interfaces__rosidl_generator_c.dir/rosidl_generator_c/example_interfaces/msg/detail/u_int16__type_support.c.o
[6.168s] [ 18%] Building C object CMakeFiles/example_interfaces__rosidl_generator_c.dir/rosidl_generator_c/example_interfaces/msg/detail/u_int16_multi_array__description.c.o
[6.169s] [ 19%] Building C object CMakeFiles/example_interfaces__rosidl_generator_c.dir/rosidl_generator_c/example_interfaces/msg/detail/u_int16__functions.c.o
[6.170s] [ 20%] Building C object CMakeFiles/example_interfaces__rosidl_generator_c.dir/rosidl_generator_c/example_interfaces/msg/detail/u_int16_multi_array__functions.c.o
[6.178s] [ 21%] Building C object CMakeFiles/example_interfaces__rosidl_generator_c.dir/rosidl_generator_c/example_interfaces/msg/detail/u_int32__type_support.c.o
[6.178s] [ 21%] Building C object CMakeFiles/example_interfaces__rosidl_generator_c.dir/rosidl_generator_c/example_interfaces/msg/detail/u_int16_multi_array__type_support.c.o
[6.180s] [ 21%] Building C object CMakeFiles/example_interfaces__rosidl_generator_c.dir/rosidl_generator_c/example_interfaces/msg/detail/u_int32__description.c.o
[6.181s] [ 21%] Building C object CMakeFiles/example_interfaces__rosidl_generator_c.dir/rosidl_generator_c/example_interfaces/msg/detail/u_int32__functions.c.o
[6.185s] [ 21%] Building C object CMakeFiles/example_interfaces__rosidl_generator_c.dir/rosidl_generator_c/example_interfaces/msg/detail/u_int32_multi_array__description.c.o
[6.199s] [ 21%] Building C object CMakeFiles/example_interfaces__rosidl_generator_c.dir/rosidl_generator_c/example_interfaces/msg/detail/u_int32_multi_array__functions.c.o
[6.201s] [ 22%] Building C object CMakeFiles/example_interfaces__rosidl_generator_c.dir/rosidl_generator_c/example_interfaces/msg/detail/u_int32_multi_array__type_support.c.o
[6.204s] [ 22%] Building C object CMakeFiles/example_interfaces__rosidl_generator_c.dir/rosidl_generator_c/example_interfaces/msg/detail/u_int64__functions.c.o
[6.218s] [ 22%] Building C object CMakeFiles/example_interfaces__rosidl_generator_c.dir/rosidl_generator_c/example_interfaces/msg/detail/u_int64__description.c.o
[6.218s] [ 22%] Building C object CMakeFiles/example_interfaces__rosidl_generator_c.dir/rosidl_generator_c/example_interfaces/msg/detail/u_int64__type_support.c.o
[6.224s] [ 23%] Building C object CMakeFiles/example_interfaces__rosidl_generator_c.dir/rosidl_generator_c/example_interfaces/msg/detail/u_int8__description.c.o
[6.224s] [ 23%] Building C object CMakeFiles/example_interfaces__rosidl_generator_c.dir/rosidl_generator_c/example_interfaces/msg/detail/u_int64_multi_array__type_support.c.o
[6.231s] [ 24%] Building C object CMakeFiles/example_interfaces__rosidl_generator_c.dir/rosidl_generator_c/example_interfaces/msg/detail/u_int64_multi_array__description.c.o
[6.231s] [ 24%] Building C object CMakeFiles/example_interfaces__rosidl_generator_c.dir/rosidl_generator_c/example_interfaces/msg/detail/u_int64_multi_array__functions.c.o
[6.231s] [ 24%] Building C object CMakeFiles/example_interfaces__rosidl_generator_c.dir/rosidl_generator_c/example_interfaces/msg/detail/u_int8__type_support.c.o
[6.236s] [ 24%] Building C object CMakeFiles/example_interfaces__rosidl_generator_c.dir/rosidl_generator_c/example_interfaces/msg/detail/u_int8__functions.c.o
[6.236s] [ 24%] Building C object CMakeFiles/example_interfaces__rosidl_generator_c.dir/rosidl_generator_c/example_interfaces/msg/detail/u_int8_multi_array__type_support.c.o
[6.240s] [ 24%] Building C object CMakeFiles/example_interfaces__rosidl_generator_c.dir/rosidl_generator_c/example_interfaces/msg/detail/w_string__description.c.o
[6.240s] [ 24%] Building C object CMakeFiles/example_interfaces__rosidl_generator_c.dir/rosidl_generator_c/example_interfaces/msg/detail/u_int8_multi_array__description.c.o
[6.240s] [ 24%] Building C object CMakeFiles/example_interfaces__rosidl_generator_c.dir/rosidl_generator_c/example_interfaces/msg/detail/w_string__functions.c.o
[6.246s] [ 24%] Building C object CMakeFiles/example_interfaces__rosidl_generator_c.dir/rosidl_generator_c/example_interfaces/srv/detail/add_two_ints__description.c.o
[6.246s] [ 25%] Building C object CMakeFiles/example_interfaces__rosidl_generator_c.dir/rosidl_generator_c/example_interfaces/msg/detail/w_string__type_support.c.o
[6.246s] [ 26%] Building C object CMakeFiles/example_interfaces__rosidl_generator_c.dir/rosidl_generator_c/example_interfaces/srv/detail/add_two_ints__functions.c.o
[6.248s] [ 26%] Building C object CMakeFiles/example_interfaces__rosidl_generator_c.dir/rosidl_generator_c/example_interfaces/msg/detail/u_int8_multi_array__functions.c.o
[6.255s] [ 27%] Building C object CMakeFiles/example_interfaces__rosidl_generator_c.dir/rosidl_generator_c/example_interfaces/srv/detail/add_two_ints__type_support.c.o
[6.272s] [ 27%] Building C object CMakeFiles/example_interfaces__rosidl_generator_c.dir/rosidl_generator_c/example_interfaces/srv/detail/set_bool__type_support.c.o
[6.277s] [ 27%] Building C object CMakeFiles/example_interfaces__rosidl_generator_c.dir/rosidl_generator_c/example_interfaces/srv/detail/set_bool__functions.c.o
[6.277s] [ 27%] Building C object CMakeFiles/example_interfaces__rosidl_generator_c.dir/rosidl_generator_c/example_interfaces/srv/detail/trigger__functions.c.o
[6.280s] [ 28%] Building C object CMakeFiles/example_interfaces__rosidl_generator_c.dir/rosidl_generator_c/example_interfaces/srv/detail/trigger__description.c.o
[6.286s] [ 28%] Building C object CMakeFiles/example_interfaces__rosidl_generator_c.dir/rosidl_generator_c/example_interfaces/srv/detail/set_bool__description.c.o
[6.295s] [ 28%] Building C object CMakeFiles/example_interfaces__rosidl_generator_c.dir/rosidl_generator_c/example_interfaces/srv/detail/trigger__type_support.c.o
[6.381s] [ 29%] Linking C shared library libexample_interfaces__rosidl_generator_c.so
[6.512s] [ 29%] Built target example_interfaces__rosidl_generator_c
[6.523s] [ 30%] Generating C++ type support dispatch for ROS interfaces
[6.533s] [ 31%] Generating C type support dispatch for ROS interfaces
[6.533s] [ 31%] Generating C introspection for ROS interfaces
[6.536s] [ 31%] Generating C++ introspection for ROS interfaces
[6.543s] [ 31%] Generating C++ type support for eProsima Fast-RTPS
[6.544s] [ 32%] Generating C type support for eProsima Fast-RTPS
[9.460s] [ 32%] Building CXX object CMakeFiles/example_interfaces__rosidl_typesupport_introspection_cpp.dir/rosidl_typesupport_introspection_cpp/example_interfaces/action/detail/fibonacci__type_support.cpp.o
[9.462s] [ 33%] Building CXX object CMakeFiles/example_interfaces__rosidl_typesupport_introspection_cpp.dir/rosidl_typesupport_introspection_cpp/example_interfaces/msg/detail/char__type_support.cpp.o
[9.466s] [ 33%] Building CXX object CMakeFiles/example_interfaces__rosidl_typesupport_introspection_cpp.dir/rosidl_typesupport_introspection_cpp/example_interfaces/msg/detail/empty__type_support.cpp.o
[9.474s] [ 34%] Building CXX object CMakeFiles/example_interfaces__rosidl_typesupport_introspection_cpp.dir/rosidl_typesupport_introspection_cpp/example_interfaces/msg/detail/bool__type_support.cpp.o
[9.474s] [ 34%] Building CXX object CMakeFiles/example_interfaces__rosidl_typesupport_introspection_cpp.dir/rosidl_typesupport_introspection_cpp/example_interfaces/msg/detail/float32_multi_array__type_support.cpp.o
[9.474s] [ 34%] Building CXX object CMakeFiles/example_interfaces__rosidl_typesupport_introspection_cpp.dir/rosidl_typesupport_introspection_cpp/example_interfaces/msg/detail/byte_multi_array__type_support.cpp.o
[9.474s] [ 34%] Building CXX object CMakeFiles/example_interfaces__rosidl_typesupport_introspection_cpp.dir/rosidl_typesupport_introspection_cpp/example_interfaces/msg/detail/float64_multi_array__type_support.cpp.o
[9.474s] [ 34%] Building CXX object CMakeFiles/example_interfaces__rosidl_typesupport_introspection_cpp.dir/rosidl_typesupport_introspection_cpp/example_interfaces/msg/detail/int16__type_support.cpp.o
[9.474s] [ 34%] Building CXX object CMakeFiles/example_interfaces__rosidl_typesupport_introspection_cpp.dir/rosidl_typesupport_introspection_cpp/example_interfaces/msg/detail/byte__type_support.cpp.o
[9.478s] [ 35%] Building CXX object CMakeFiles/example_interfaces__rosidl_typesupport_introspection_cpp.dir/rosidl_typesupport_introspection_cpp/example_interfaces/msg/detail/float64__type_support.cpp.o
[9.487s] [ 35%] Building CXX object CMakeFiles/example_interfaces__rosidl_typesupport_introspection_cpp.dir/rosidl_typesupport_introspection_cpp/example_interfaces/msg/detail/int32_multi_array__type_support.cpp.o
[9.490s] [ 35%] Building CXX object CMakeFiles/example_interfaces__rosidl_typesupport_introspection_cpp.dir/rosidl_typesupport_introspection_cpp/example_interfaces/msg/detail/float32__type_support.cpp.o
[9.491s] [ 36%] Building CXX object CMakeFiles/example_interfaces__rosidl_typesupport_introspection_cpp.dir/rosidl_typesupport_introspection_cpp/example_interfaces/msg/detail/int16_multi_array__type_support.cpp.o
[9.494s] [ 36%] Building CXX object CMakeFiles/example_interfaces__rosidl_typesupport_introspection_cpp.dir/rosidl_typesupport_introspection_cpp/example_interfaces/msg/detail/int8_multi_array__type_support.cpp.o
[9.496s] [ 36%] Building CXX object CMakeFiles/example_interfaces__rosidl_typesupport_introspection_cpp.dir/rosidl_typesupport_introspection_cpp/example_interfaces/msg/detail/int32__type_support.cpp.o
[9.497s] [ 36%] Building CXX object CMakeFiles/example_interfaces__rosidl_typesupport_introspection_cpp.dir/rosidl_typesupport_introspection_cpp/example_interfaces/msg/detail/int8__type_support.cpp.o
[9.502s] [ 36%] Building CXX object CMakeFiles/example_interfaces__rosidl_typesupport_introspection_cpp.dir/rosidl_typesupport_introspection_cpp/example_interfaces/msg/detail/int64__type_support.cpp.o
[9.514s] [ 37%] Building CXX object CMakeFiles/example_interfaces__rosidl_typesupport_introspection_cpp.dir/rosidl_typesupport_introspection_cpp/example_interfaces/msg/detail/multi_array_dimension__type_support.cpp.o
[9.518s] [ 38%] Building CXX object CMakeFiles/example_interfaces__rosidl_typesupport_introspection_cpp.dir/rosidl_typesupport_introspection_cpp/example_interfaces/msg/detail/int64_multi_array__type_support.cpp.o
[9.904s] [ 38%] Building CXX object CMakeFiles/example_interfaces__rosidl_typesupport_introspection_cpp.dir/rosidl_typesupport_introspection_cpp/example_interfaces/msg/detail/multi_array_layout__type_support.cpp.o
[10.044s] [ 38%] Building CXX object CMakeFiles/example_interfaces__rosidl_typesupport_introspection_cpp.dir/rosidl_typesupport_introspection_cpp/example_interfaces/msg/detail/string__type_support.cpp.o
[10.149s] [ 38%] Building CXX object CMakeFiles/example_interfaces__rosidl_typesupport_introspection_cpp.dir/rosidl_typesupport_introspection_cpp/example_interfaces/msg/detail/u_int16__type_support.cpp.o
[10.376s] [ 39%] Building CXX object CMakeFiles/example_interfaces__rosidl_typesupport_introspection_cpp.dir/rosidl_typesupport_introspection_cpp/example_interfaces/msg/detail/u_int16_multi_array__type_support.cpp.o
[10.389s] [ 39%] Building CXX object CMakeFiles/example_interfaces__rosidl_typesupport_introspection_cpp.dir/rosidl_typesupport_introspection_cpp/example_interfaces/msg/detail/u_int32__type_support.cpp.o
[10.559s] [ 39%] Building CXX object CMakeFiles/example_interfaces__rosidl_typesupport_introspection_cpp.dir/rosidl_typesupport_introspection_cpp/example_interfaces/msg/detail/u_int32_multi_array__type_support.cpp.o
[10.603s] [ 40%] Building CXX object CMakeFiles/example_interfaces__rosidl_typesupport_introspection_cpp.dir/rosidl_typesupport_introspection_cpp/example_interfaces/msg/detail/u_int64__type_support.cpp.o
[10.621s] [ 40%] Building CXX object CMakeFiles/example_interfaces__rosidl_typesupport_introspection_cpp.dir/rosidl_typesupport_introspection_cpp/example_interfaces/msg/detail/u_int64_multi_array__type_support.cpp.o
[10.677s] [ 40%] Building CXX object CMakeFiles/example_interfaces__rosidl_typesupport_introspection_cpp.dir/rosidl_typesupport_introspection_cpp/example_interfaces/msg/detail/u_int8__type_support.cpp.o
[10.702s] [ 40%] Building CXX object CMakeFiles/example_interfaces__rosidl_typesupport_introspection_cpp.dir/rosidl_typesupport_introspection_cpp/example_interfaces/msg/detail/u_int8_multi_array__type_support.cpp.o
[10.710s] [ 41%] Building CXX object CMakeFiles/example_interfaces__rosidl_typesupport_introspection_cpp.dir/rosidl_typesupport_introspection_cpp/example_interfaces/msg/detail/w_string__type_support.cpp.o
[10.734s] [ 41%] Building CXX object CMakeFiles/example_interfaces__rosidl_typesupport_introspection_cpp.dir/rosidl_typesupport_introspection_cpp/example_interfaces/srv/detail/add_two_ints__type_support.cpp.o
[10.745s] [ 41%] Building CXX object CMakeFiles/example_interfaces__rosidl_typesupport_introspection_cpp.dir/rosidl_typesupport_introspection_cpp/example_interfaces/srv/detail/set_bool__type_support.cpp.o
[10.755s] [ 42%] Building CXX object CMakeFiles/example_interfaces__rosidl_typesupport_introspection_cpp.dir/rosidl_typesupport_introspection_cpp/example_interfaces/srv/detail/trigger__type_support.cpp.o
[10.888s] [ 43%] Building C object CMakeFiles/example_interfaces__rosidl_typesupport_introspection_c.dir/rosidl_typesupport_introspection_c/example_interfaces/msg/detail/byte_multi_array__type_support.c.o
[10.892s] [ 43%] Building C object CMakeFiles/example_interfaces__rosidl_typesupport_introspection_c.dir/rosidl_typesupport_introspection_c/example_interfaces/msg/detail/bool__type_support.c.o
[10.892s] [ 43%] Building C object CMakeFiles/example_interfaces__rosidl_typesupport_introspection_c.dir/rosidl_typesupport_introspection_c/example_interfaces/action/detail/fibonacci__type_support.c.o
[10.894s] [ 44%] Building C object CMakeFiles/example_interfaces__rosidl_typesupport_introspection_c.dir/rosidl_typesupport_introspection_c/example_interfaces/msg/detail/char__type_support.c.o
[10.902s] [ 43%] Building C object CMakeFiles/example_interfaces__rosidl_typesupport_introspection_c.dir/rosidl_typesupport_introspection_c/example_interfaces/msg/detail/byte__type_support.c.o
[10.902s] [ 44%] Building C object CMakeFiles/example_interfaces__rosidl_typesupport_introspection_c.dir/rosidl_typesupport_introspection_c/example_interfaces/msg/detail/empty__type_support.c.o
[10.907s] [ 44%] Building C object CMakeFiles/example_interfaces__rosidl_typesupport_introspection_c.dir/rosidl_typesupport_introspection_c/example_interfaces/msg/detail/float32__type_support.c.o
[10.939s] [ 45%] Building C object CMakeFiles/example_interfaces__rosidl_typesupport_introspection_c.dir/rosidl_typesupport_introspection_c/example_interfaces/msg/detail/float32_multi_array__type_support.c.o
[10.970s] [ 45%] Building C object CMakeFiles/example_interfaces__rosidl_typesupport_introspection_c.dir/rosidl_typesupport_introspection_c/example_interfaces/msg/detail/float64__type_support.c.o
[10.979s] [ 45%] Building C object CMakeFiles/example_interfaces__rosidl_typesupport_introspection_c.dir/rosidl_typesupport_introspection_c/example_interfaces/msg/detail/float64_multi_array__type_support.c.o
[10.989s] [ 45%] Building C object CMakeFiles/example_interfaces__rosidl_typesupport_introspection_c.dir/rosidl_typesupport_introspection_c/example_interfaces/msg/detail/int16__type_support.c.o
[10.990s] [ 46%] Building C object CMakeFiles/example_interfaces__rosidl_typesupport_introspection_c.dir/rosidl_typesupport_introspection_c/example_interfaces/msg/detail/int16_multi_array__type_support.c.o
[10.995s] [ 46%] Building C object CMakeFiles/example_interfaces__rosidl_typesupport_introspection_c.dir/rosidl_typesupport_introspection_c/example_interfaces/msg/detail/int32_multi_array__type_support.c.o
[10.995s] [ 46%] Building C object CMakeFiles/example_interfaces__rosidl_typesupport_introspection_c.dir/rosidl_typesupport_introspection_c/example_interfaces/msg/detail/int32__type_support.c.o
[11.004s] [ 47%] Building C object CMakeFiles/example_interfaces__rosidl_typesupport_introspection_c.dir/rosidl_typesupport_introspection_c/example_interfaces/msg/detail/int64__type_support.c.o
[11.014s] [ 47%] Building C object CMakeFiles/example_interfaces__rosidl_typesupport_introspection_c.dir/rosidl_typesupport_introspection_c/example_interfaces/msg/detail/int64_multi_array__type_support.c.o
[11.014s] [ 47%] Building C object CMakeFiles/example_interfaces__rosidl_typesupport_introspection_c.dir/rosidl_typesupport_introspection_c/example_interfaces/msg/detail/int8__type_support.c.o
[11.048s] [ 47%] Building C object CMakeFiles/example_interfaces__rosidl_typesupport_introspection_c.dir/rosidl_typesupport_introspection_c/example_interfaces/msg/detail/int8_multi_array__type_support.c.o
[11.059s] [ 48%] Building C object CMakeFiles/example_interfaces__rosidl_typesupport_introspection_c.dir/rosidl_typesupport_introspection_c/example_interfaces/msg/detail/multi_array_dimension__type_support.c.o
[11.069s] [ 48%] Building C object CMakeFiles/example_interfaces__rosidl_typesupport_introspection_c.dir/rosidl_typesupport_introspection_c/example_interfaces/msg/detail/multi_array_layout__type_support.c.o
[11.069s] [ 48%] Building C object CMakeFiles/example_interfaces__rosidl_typesupport_introspection_c.dir/rosidl_typesupport_introspection_c/example_interfaces/msg/detail/string__type_support.c.o
[11.080s] [ 48%] Building C object CMakeFiles/example_interfaces__rosidl_typesupport_introspection_c.dir/rosidl_typesupport_introspection_c/example_interfaces/msg/detail/u_int32__type_support.c.o
[11.081s] [ 49%] Building C object CMakeFiles/example_interfaces__rosidl_typesupport_introspection_c.dir/rosidl_typesupport_introspection_c/example_interfaces/msg/detail/u_int16__type_support.c.o
[11.084s] [ 49%] Building C object CMakeFiles/example_interfaces__rosidl_typesupport_introspection_c.dir/rosidl_typesupport_introspection_c/example_interfaces/msg/detail/u_int16_multi_array__type_support.c.o
[11.095s] [ 50%] Building C object CMakeFiles/example_interfaces__rosidl_typesupport_introspection_c.dir/rosidl_typesupport_introspection_c/example_interfaces/msg/detail/u_int64__type_support.c.o
[11.102s] [ 50%] Building C object CMakeFiles/example_interfaces__rosidl_typesupport_introspection_c.dir/rosidl_typesupport_introspection_c/example_interfaces/msg/detail/u_int32_multi_array__type_support.c.o
[11.116s] [ 50%] Building C object CMakeFiles/example_interfaces__rosidl_typesupport_introspection_c.dir/rosidl_typesupport_introspection_c/example_interfaces/msg/detail/u_int64_multi_array__type_support.c.o
[11.123s] [ 51%] Building C object CMakeFiles/example_interfaces__rosidl_typesupport_introspection_c.dir/rosidl_typesupport_introspection_c/example_interfaces/msg/detail/u_int8__type_support.c.o
[11.123s] [ 51%] Building C object CMakeFiles/example_interfaces__rosidl_typesupport_introspection_c.dir/rosidl_typesupport_introspection_c/example_interfaces/msg/detail/u_int8_multi_array__type_support.c.o
[11.130s] [ 51%] Building C object CMakeFiles/example_interfaces__rosidl_typesupport_introspection_c.dir/rosidl_typesupport_introspection_c/example_interfaces/msg/detail/w_string__type_support.c.o
[11.139s] [ 51%] Building C object CMakeFiles/example_interfaces__rosidl_typesupport_introspection_c.dir/rosidl_typesupport_introspection_c/example_interfaces/srv/detail/add_two_ints__type_support.c.o
[11.139s] [ 51%] Building C object CMakeFiles/example_interfaces__rosidl_typesupport_introspection_c.dir/rosidl_typesupport_introspection_c/example_interfaces/srv/detail/set_bool__type_support.c.o
[11.164s] [ 52%] Building C object CMakeFiles/example_interfaces__rosidl_typesupport_introspection_c.dir/rosidl_typesupport_introspection_c/example_interfaces/srv/detail/trigger__type_support.c.o
[11.236s] [ 52%] Linking C shared library libexample_interfaces__rosidl_typesupport_introspection_c.so
[11.269s] [ 52%] Built target example_interfaces__rosidl_typesupport_introspection_c
[11.284s] [ 54%] Building CXX object CMakeFiles/example_interfaces__rosidl_typesupport_fastrtps_cpp.dir/rosidl_typesupport_fastrtps_cpp/example_interfaces/msg/detail/dds_fastrtps/byte_multi_array__type_support.cpp.o
[11.285s] [ 54%] Building CXX object CMakeFiles/example_interfaces__rosidl_typesupport_fastrtps_cpp.dir/rosidl_typesupport_fastrtps_cpp/example_interfaces/action/detail/dds_fastrtps/fibonacci__type_support.cpp.o
[11.285s] [ 54%] Building CXX object CMakeFiles/example_interfaces__rosidl_typesupport_fastrtps_cpp.dir/rosidl_typesupport_fastrtps_cpp/example_interfaces/msg/detail/dds_fastrtps/byte__type_support.cpp.o
[11.286s] [ 54%] Building CXX object CMakeFiles/example_interfaces__rosidl_typesupport_fastrtps_cpp.dir/rosidl_typesupport_fastrtps_cpp/example_interfaces/msg/detail/dds_fastrtps/bool__type_support.cpp.o
[11.294s] [ 55%] Building CXX object CMakeFiles/example_interfaces__rosidl_typesupport_fastrtps_cpp.dir/rosidl_typesupport_fastrtps_cpp/example_interfaces/msg/detail/dds_fastrtps/float64__type_support.cpp.o
[11.295s] [ 56%] Building CXX object CMakeFiles/example_interfaces__rosidl_typesupport_fastrtps_cpp.dir/rosidl_typesupport_fastrtps_cpp/example_interfaces/msg/detail/dds_fastrtps/int16__type_support.cpp.o
[11.295s] [ 56%] Building CXX object CMakeFiles/example_interfaces__rosidl_typesupport_fastrtps_cpp.dir/rosidl_typesupport_fastrtps_cpp/example_interfaces/msg/detail/dds_fastrtps/empty__type_support.cpp.o
[11.295s] [ 56%] Building CXX object CMakeFiles/example_interfaces__rosidl_typesupport_fastrtps_cpp.dir/rosidl_typesupport_fastrtps_cpp/example_interfaces/msg/detail/dds_fastrtps/char__type_support.cpp.o
[11.295s] [ 55%] Building CXX object CMakeFiles/example_interfaces__rosidl_typesupport_fastrtps_cpp.dir/rosidl_typesupport_fastrtps_cpp/example_interfaces/msg/detail/dds_fastrtps/float32_multi_array__type_support.cpp.o
[11.298s] [ 56%] Building CXX object CMakeFiles/example_interfaces__rosidl_typesupport_fastrtps_cpp.dir/rosidl_typesupport_fastrtps_cpp/example_interfaces/msg/detail/dds_fastrtps/float32__type_support.cpp.o
[11.300s] [ 56%] Building CXX object CMakeFiles/example_interfaces__rosidl_typesupport_fastrtps_cpp.dir/rosidl_typesupport_fastrtps_cpp/example_interfaces/msg/detail/dds_fastrtps/float64_multi_array__type_support.cpp.o
[11.302s] [ 56%] Building CXX object CMakeFiles/example_interfaces__rosidl_typesupport_fastrtps_cpp.dir/rosidl_typesupport_fastrtps_cpp/example_interfaces/msg/detail/dds_fastrtps/int16_multi_array__type_support.cpp.o
[11.322s] [ 56%] Building CXX object CMakeFiles/example_interfaces__rosidl_typesupport_fastrtps_cpp.dir/rosidl_typesupport_fastrtps_cpp/example_interfaces/msg/detail/dds_fastrtps/int32__type_support.cpp.o
[11.348s] [ 56%] Building CXX object CMakeFiles/example_interfaces__rosidl_typesupport_fastrtps_cpp.dir/rosidl_typesupport_fastrtps_cpp/example_interfaces/msg/detail/dds_fastrtps/int32_multi_array__type_support.cpp.o
[11.408s] [ 57%] Building CXX object CMakeFiles/example_interfaces__rosidl_typesupport_fastrtps_cpp.dir/rosidl_typesupport_fastrtps_cpp/example_interfaces/msg/detail/dds_fastrtps/int64__type_support.cpp.o
[11.418s] [ 57%] Building CXX object CMakeFiles/example_interfaces__rosidl_typesupport_fastrtps_cpp.dir/rosidl_typesupport_fastrtps_cpp/example_interfaces/msg/detail/dds_fastrtps/int64_multi_array__type_support.cpp.o
[11.445s] [ 57%] Building CXX object CMakeFiles/example_interfaces__rosidl_typesupport_fastrtps_cpp.dir/rosidl_typesupport_fastrtps_cpp/example_interfaces/msg/detail/dds_fastrtps/int8__type_support.cpp.o
[11.469s] [ 58%] Building CXX object CMakeFiles/example_interfaces__rosidl_typesupport_fastrtps_cpp.dir/rosidl_typesupport_fastrtps_cpp/example_interfaces/msg/detail/dds_fastrtps/int8_multi_array__type_support.cpp.o
[11.596s] [ 58%] Building CXX object CMakeFiles/example_interfaces__rosidl_typesupport_fastrtps_cpp.dir/rosidl_typesupport_fastrtps_cpp/example_interfaces/msg/detail/dds_fastrtps/multi_array_dimension__type_support.cpp.o
[11.688s] [ 58%] Building CXX object CMakeFiles/example_interfaces__rosidl_typesupport_fastrtps_cpp.dir/rosidl_typesupport_fastrtps_cpp/example_interfaces/msg/detail/dds_fastrtps/multi_array_layout__type_support.cpp.o
[11.707s] [ 58%] Linking CXX shared library libexample_interfaces__rosidl_typesupport_introspection_cpp.so
[11.739s] [ 58%] Building CXX object CMakeFiles/example_interfaces__rosidl_typesupport_fastrtps_cpp.dir/rosidl_typesupport_fastrtps_cpp/example_interfaces/msg/detail/dds_fastrtps/string__type_support.cpp.o
[11.756s] [ 59%] Building CXX object CMakeFiles/example_interfaces__rosidl_typesupport_fastrtps_cpp.dir/rosidl_typesupport_fastrtps_cpp/example_interfaces/msg/detail/dds_fastrtps/u_int16__type_support.cpp.o
[11.766s] [ 59%] Building CXX object CMakeFiles/example_interfaces__rosidl_typesupport_fastrtps_cpp.dir/rosidl_typesupport_fastrtps_cpp/example_interfaces/msg/detail/dds_fastrtps/u_int16_multi_array__type_support.cpp.o
[11.767s] [ 59%] Building CXX object CMakeFiles/example_interfaces__rosidl_typesupport_fastrtps_cpp.dir/rosidl_typesupport_fastrtps_cpp/example_interfaces/msg/detail/dds_fastrtps/u_int32__type_support.cpp.o
[11.778s] [ 59%] Building CXX object CMakeFiles/example_interfaces__rosidl_typesupport_fastrtps_cpp.dir/rosidl_typesupport_fastrtps_cpp/example_interfaces/msg/detail/dds_fastrtps/u_int32_multi_array__type_support.cpp.o
[11.783s] [ 60%] Building CXX object CMakeFiles/example_interfaces__rosidl_typesupport_fastrtps_cpp.dir/rosidl_typesupport_fastrtps_cpp/example_interfaces/msg/detail/dds_fastrtps/u_int64__type_support.cpp.o
[11.813s] [ 60%] Building CXX object CMakeFiles/example_interfaces__rosidl_typesupport_fastrtps_cpp.dir/rosidl_typesupport_fastrtps_cpp/example_interfaces/msg/detail/dds_fastrtps/u_int64_multi_array__type_support.cpp.o
[11.820s] [ 60%] Building CXX object CMakeFiles/example_interfaces__rosidl_typesupport_c.dir/rosidl_typesupport_c/example_interfaces/action/fibonacci__type_support.cpp.o
[11.829s] [ 60%] Building CXX object CMakeFiles/example_interfaces__rosidl_typesupport_cpp.dir/rosidl_typesupport_cpp/example_interfaces/action/fibonacci__type_support.cpp.o
[11.914s] [ 60%] Building CXX object CMakeFiles/example_interfaces__rosidl_typesupport_fastrtps_cpp.dir/rosidl_typesupport_fastrtps_cpp/example_interfaces/msg/detail/dds_fastrtps/u_int8__type_support.cpp.o
[11.978s] [ 60%] Built target example_interfaces__rosidl_typesupport_introspection_cpp
[11.978s] [ 60%] Building CXX object CMakeFiles/example_interfaces__rosidl_typesupport_c.dir/rosidl_typesupport_c/example_interfaces/msg/bool__type_support.cpp.o
[11.978s] [ 60%] Building CXX object CMakeFiles/example_interfaces__rosidl_typesupport_cpp.dir/rosidl_typesupport_cpp/example_interfaces/msg/bool__type_support.cpp.o
[11.978s] [ 61%] Building CXX object CMakeFiles/example_interfaces__rosidl_typesupport_cpp.dir/rosidl_typesupport_cpp/example_interfaces/msg/byte__type_support.cpp.o
[11.982s] [ 62%] Building CXX object CMakeFiles/example_interfaces__rosidl_typesupport_fastrtps_cpp.dir/rosidl_typesupport_fastrtps_cpp/example_interfaces/msg/detail/dds_fastrtps/u_int8_multi_array__type_support.cpp.o
[11.990s] [ 63%] Building CXX object CMakeFiles/example_interfaces__rosidl_typesupport_c.dir/rosidl_typesupport_c/example_interfaces/msg/byte__type_support.cpp.o
[12.000s] [ 63%] Building CXX object CMakeFiles/example_interfaces__rosidl_typesupport_cpp.dir/rosidl_typesupport_cpp/example_interfaces/msg/byte_multi_array__type_support.cpp.o
[12.010s] [ 63%] Building CXX object CMakeFiles/example_interfaces__rosidl_typesupport_cpp.dir/rosidl_typesupport_cpp/example_interfaces/msg/char__type_support.cpp.o
[12.029s] [ 63%] Building CXX object CMakeFiles/example_interfaces__rosidl_typesupport_cpp.dir/rosidl_typesupport_cpp/example_interfaces/msg/empty__type_support.cpp.o
[12.046s] [ 63%] Building CXX object CMakeFiles/example_interfaces__rosidl_typesupport_fastrtps_cpp.dir/rosidl_typesupport_fastrtps_cpp/example_interfaces/msg/detail/dds_fastrtps/w_string__type_support.cpp.o
[12.081s] [ 63%] Building CXX object CMakeFiles/example_interfaces__rosidl_typesupport_fastrtps_cpp.dir/rosidl_typesupport_fastrtps_cpp/example_interfaces/srv/detail/dds_fastrtps/add_two_ints__type_support.cpp.o
[12.088s] [ 63%] Building CXX object CMakeFiles/example_interfaces__rosidl_typesupport_fastrtps_cpp.dir/rosidl_typesupport_fastrtps_cpp/example_interfaces/srv/detail/dds_fastrtps/set_bool__type_support.cpp.o
[12.101s] [ 63%] Building CXX object CMakeFiles/example_interfaces__rosidl_typesupport_c.dir/rosidl_typesupport_c/example_interfaces/msg/byte_multi_array__type_support.cpp.o
[12.157s] [ 63%] Building CXX object CMakeFiles/example_interfaces__rosidl_typesupport_c.dir/rosidl_typesupport_c/example_interfaces/msg/char__type_support.cpp.o
[12.214s] [ 64%] Building CXX object CMakeFiles/example_interfaces__rosidl_typesupport_cpp.dir/rosidl_typesupport_cpp/example_interfaces/msg/float32__type_support.cpp.o
[12.216s] [ 64%] Building CXX object CMakeFiles/example_interfaces__rosidl_typesupport_c.dir/rosidl_typesupport_c/example_interfaces/msg/empty__type_support.cpp.o
[12.217s] [ 64%] Building CXX object CMakeFiles/example_interfaces__rosidl_typesupport_cpp.dir/rosidl_typesupport_cpp/example_interfaces/msg/float32_multi_array__type_support.cpp.o
[12.268s] [ 65%] Building CXX object CMakeFiles/example_interfaces__rosidl_typesupport_c.dir/rosidl_typesupport_c/example_interfaces/msg/float32__type_support.cpp.o
[12.268s] [ 65%] Building CXX object CMakeFiles/example_interfaces__rosidl_typesupport_c.dir/rosidl_typesupport_c/example_interfaces/msg/float32_multi_array__type_support.cpp.o
[12.340s] [ 65%] Building CXX object CMakeFiles/example_interfaces__rosidl_typesupport_c.dir/rosidl_typesupport_c/example_interfaces/msg/float64__type_support.cpp.o
[12.380s] [ 65%] Building CXX object CMakeFiles/example_interfaces__rosidl_typesupport_cpp.dir/rosidl_typesupport_cpp/example_interfaces/msg/float64__type_support.cpp.o
[12.390s] [ 65%] Building CXX object CMakeFiles/example_interfaces__rosidl_typesupport_cpp.dir/rosidl_typesupport_cpp/example_interfaces/msg/float64_multi_array__type_support.cpp.o
[12.392s] [ 66%] Building CXX object CMakeFiles/example_interfaces__rosidl_typesupport_fastrtps_cpp.dir/rosidl_typesupport_fastrtps_cpp/example_interfaces/srv/detail/dds_fastrtps/trigger__type_support.cpp.o
[12.398s] [ 67%] Building CXX object CMakeFiles/example_interfaces__rosidl_typesupport_c.dir/rosidl_typesupport_c/example_interfaces/msg/float64_multi_array__type_support.cpp.o
[12.405s] [ 67%] Building CXX object CMakeFiles/example_interfaces__rosidl_typesupport_c.dir/rosidl_typesupport_c/example_interfaces/msg/int16__type_support.cpp.o
[12.416s] [ 67%] Building CXX object CMakeFiles/example_interfaces__rosidl_typesupport_c.dir/rosidl_typesupport_c/example_interfaces/msg/int16_multi_array__type_support.cpp.o
[12.421s] [ 68%] Building CXX object CMakeFiles/example_interfaces__rosidl_typesupport_cpp.dir/rosidl_typesupport_cpp/example_interfaces/msg/int16__type_support.cpp.o
[12.478s] [ 68%] Building CXX object CMakeFiles/example_interfaces__rosidl_typesupport_c.dir/rosidl_typesupport_c/example_interfaces/msg/int32__type_support.cpp.o
[12.480s] [ 69%] Building CXX object CMakeFiles/example_interfaces__rosidl_typesupport_c.dir/rosidl_typesupport_c/example_interfaces/msg/int32_multi_array__type_support.cpp.o
[12.486s] [ 69%] Building CXX object CMakeFiles/example_interfaces__rosidl_typesupport_cpp.dir/rosidl_typesupport_cpp/example_interfaces/msg/int16_multi_array__type_support.cpp.o
[12.507s] [ 69%] Building CXX object CMakeFiles/example_interfaces__rosidl_typesupport_cpp.dir/rosidl_typesupport_cpp/example_interfaces/msg/int32__type_support.cpp.o
[12.520s] [ 69%] Building CXX object CMakeFiles/example_interfaces__rosidl_typesupport_c.dir/rosidl_typesupport_c/example_interfaces/msg/int64__type_support.cpp.o
[12.527s] [ 69%] Building CXX object CMakeFiles/example_interfaces__rosidl_typesupport_c.dir/rosidl_typesupport_c/example_interfaces/msg/int64_multi_array__type_support.cpp.o
[12.564s] [ 70%] Building CXX object CMakeFiles/example_interfaces__rosidl_typesupport_cpp.dir/rosidl_typesupport_cpp/example_interfaces/msg/int32_multi_array__type_support.cpp.o
[12.586s] [ 71%] Building CXX object CMakeFiles/example_interfaces__rosidl_typesupport_c.dir/rosidl_typesupport_c/example_interfaces/msg/int8__type_support.cpp.o
[12.600s] [ 71%] Building CXX object CMakeFiles/example_interfaces__rosidl_typesupport_cpp.dir/rosidl_typesupport_cpp/example_interfaces/msg/int64__type_support.cpp.o
[12.606s] [ 71%] Building CXX object CMakeFiles/example_interfaces__rosidl_typesupport_c.dir/rosidl_typesupport_c/example_interfaces/msg/int8_multi_array__type_support.cpp.o
[12.608s] [ 71%] Building CXX object CMakeFiles/example_interfaces__rosidl_typesupport_cpp.dir/rosidl_typesupport_cpp/example_interfaces/msg/int64_multi_array__type_support.cpp.o
[12.640s] [ 71%] Building CXX object CMakeFiles/example_interfaces__rosidl_typesupport_cpp.dir/rosidl_typesupport_cpp/example_interfaces/msg/int8__type_support.cpp.o
[12.659s] [ 72%] Building CXX object CMakeFiles/example_interfaces__rosidl_typesupport_cpp.dir/rosidl_typesupport_cpp/example_interfaces/msg/int8_multi_array__type_support.cpp.o
[12.699s] [ 72%] Building CXX object CMakeFiles/example_interfaces__rosidl_typesupport_c.dir/rosidl_typesupport_c/example_interfaces/msg/multi_array_dimension__type_support.cpp.o
[12.704s] [ 72%] Building CXX object CMakeFiles/example_interfaces__rosidl_typesupport_c.dir/rosidl_typesupport_c/example_interfaces/msg/multi_array_layout__type_support.cpp.o
[12.730s] [ 72%] Building CXX object CMakeFiles/example_interfaces__rosidl_typesupport_cpp.dir/rosidl_typesupport_cpp/example_interfaces/msg/multi_array_dimension__type_support.cpp.o
[12.763s] [ 72%] Building CXX object CMakeFiles/example_interfaces__rosidl_typesupport_cpp.dir/rosidl_typesupport_cpp/example_interfaces/msg/multi_array_layout__type_support.cpp.o
[12.767s] [ 73%] Building CXX object CMakeFiles/example_interfaces__rosidl_typesupport_cpp.dir/rosidl_typesupport_cpp/example_interfaces/msg/string__type_support.cpp.o
[12.801s] [ 74%] Building CXX object CMakeFiles/example_interfaces__rosidl_typesupport_c.dir/rosidl_typesupport_c/example_interfaces/msg/string__type_support.cpp.o
[12.821s] [ 74%] Building CXX object CMakeFiles/example_interfaces__rosidl_typesupport_c.dir/rosidl_typesupport_c/example_interfaces/msg/u_int16__type_support.cpp.o
[12.861s] [ 74%] Building CXX object CMakeFiles/example_interfaces__rosidl_typesupport_cpp.dir/rosidl_typesupport_cpp/example_interfaces/msg/u_int16__type_support.cpp.o
[12.885s] [ 74%] Building CXX object CMakeFiles/example_interfaces__rosidl_typesupport_c.dir/rosidl_typesupport_c/example_interfaces/msg/u_int16_multi_array__type_support.cpp.o
[12.959s] [ 75%] Building CXX object CMakeFiles/example_interfaces__rosidl_typesupport_c.dir/rosidl_typesupport_c/example_interfaces/msg/u_int32__type_support.cpp.o
[13.018s] [ 75%] Building CXX object CMakeFiles/example_interfaces__rosidl_typesupport_cpp.dir/rosidl_typesupport_cpp/example_interfaces/msg/u_int16_multi_array__type_support.cpp.o
[13.022s] [ 75%] Building CXX object CMakeFiles/example_interfaces__rosidl_typesupport_c.dir/rosidl_typesupport_c/example_interfaces/msg/u_int32_multi_array__type_support.cpp.o
[13.031s] [ 75%] Building CXX object CMakeFiles/example_interfaces__rosidl_typesupport_cpp.dir/rosidl_typesupport_cpp/example_interfaces/msg/u_int32__type_support.cpp.o
[13.096s] [ 75%] Building CXX object CMakeFiles/example_interfaces__rosidl_typesupport_c.dir/rosidl_typesupport_c/example_interfaces/msg/u_int64__type_support.cpp.o
[13.154s] [ 75%] Building CXX object CMakeFiles/example_interfaces__rosidl_typesupport_c.dir/rosidl_typesupport_c/example_interfaces/msg/u_int64_multi_array__type_support.cpp.o
[13.168s] [ 76%] Building CXX object CMakeFiles/example_interfaces__rosidl_typesupport_cpp.dir/rosidl_typesupport_cpp/example_interfaces/msg/u_int32_multi_array__type_support.cpp.o
[13.169s] [ 76%] Building CXX object CMakeFiles/example_interfaces__rosidl_typesupport_cpp.dir/rosidl_typesupport_cpp/example_interfaces/msg/u_int64__type_support.cpp.o
[13.193s] [ 76%] Building CXX object CMakeFiles/example_interfaces__rosidl_typesupport_cpp.dir/rosidl_typesupport_cpp/example_interfaces/msg/u_int64_multi_array__type_support.cpp.o
[13.211s] [ 77%] Building CXX object CMakeFiles/example_interfaces__rosidl_typesupport_cpp.dir/rosidl_typesupport_cpp/example_interfaces/msg/u_int8__type_support.cpp.o
[13.235s] [ 78%] Building CXX object CMakeFiles/example_interfaces__rosidl_typesupport_c.dir/rosidl_typesupport_c/example_interfaces/msg/u_int8__type_support.cpp.o
[13.266s] [ 78%] Building CXX object CMakeFiles/example_interfaces__rosidl_typesupport_cpp.dir/rosidl_typesupport_cpp/example_interfaces/msg/u_int8_multi_array__type_support.cpp.o
[13.288s] [ 78%] Building CXX object CMakeFiles/example_interfaces__rosidl_typesupport_c.dir/rosidl_typesupport_c/example_interfaces/msg/u_int8_multi_array__type_support.cpp.o
[13.350s] [ 78%] Building CXX object CMakeFiles/example_interfaces__rosidl_typesupport_c.dir/rosidl_typesupport_c/example_interfaces/msg/w_string__type_support.cpp.o
[13.371s] [ 78%] Building CXX object CMakeFiles/example_interfaces__rosidl_typesupport_cpp.dir/rosidl_typesupport_cpp/example_interfaces/msg/w_string__type_support.cpp.o
[13.397s] [ 78%] Building CXX object CMakeFiles/example_interfaces__rosidl_typesupport_cpp.dir/rosidl_typesupport_cpp/example_interfaces/srv/add_two_ints__type_support.cpp.o
[13.410s] [ 79%] Building CXX object CMakeFiles/example_interfaces__rosidl_typesupport_c.dir/rosidl_typesupport_c/example_interfaces/srv/add_two_ints__type_support.cpp.o
[13.410s] [ 79%] Building CXX object CMakeFiles/example_interfaces__rosidl_typesupport_c.dir/rosidl_typesupport_c/example_interfaces/srv/set_bool__type_support.cpp.o
[13.435s] [ 80%] Building CXX object CMakeFiles/example_interfaces__rosidl_typesupport_cpp.dir/rosidl_typesupport_cpp/example_interfaces/srv/set_bool__type_support.cpp.o
[13.443s] [ 80%] Building CXX object CMakeFiles/example_interfaces__rosidl_typesupport_cpp.dir/rosidl_typesupport_cpp/example_interfaces/srv/trigger__type_support.cpp.o
[13.457s] [ 80%] Building CXX object CMakeFiles/example_interfaces__rosidl_typesupport_c.dir/rosidl_typesupport_c/example_interfaces/srv/trigger__type_support.cpp.o
[13.563s] [ 80%] Linking CXX shared library libexample_interfaces__rosidl_typesupport_c.so
[13.666s] [ 80%] Building CXX object CMakeFiles/example_interfaces__rosidl_typesupport_fastrtps_c.dir/rosidl_typesupport_fastrtps_c/example_interfaces/msg/detail/byte__type_support_c.cpp.o
[13.668s] [ 80%] Building CXX object CMakeFiles/example_interfaces__rosidl_typesupport_fastrtps_c.dir/rosidl_typesupport_fastrtps_c/example_interfaces/action/detail/fibonacci__type_support_c.cpp.o
[13.668s] [ 80%] Building CXX object CMakeFiles/example_interfaces__rosidl_typesupport_fastrtps_c.dir/rosidl_typesupport_fastrtps_c/example_interfaces/msg/detail/bool__type_support_c.cpp.o
[13.668s] [ 81%] Building CXX object CMakeFiles/example_interfaces__rosidl_typesupport_fastrtps_c.dir/rosidl_typesupport_fastrtps_c/example_interfaces/msg/detail/byte_multi_array__type_support_c.cpp.o
[13.668s] [ 81%] Building CXX object CMakeFiles/example_interfaces__rosidl_typesupport_fastrtps_c.dir/rosidl_typesupport_fastrtps_c/example_interfaces/msg/detail/empty__type_support_c.cpp.o
[13.680s] [ 82%] Building CXX object CMakeFiles/example_interfaces__rosidl_typesupport_fastrtps_c.dir/rosidl_typesupport_fastrtps_c/example_interfaces/msg/detail/char__type_support_c.cpp.o
[13.683s] [ 82%] Built target example_interfaces__rosidl_typesupport_c
[13.683s] [ 82%] Building CXX object CMakeFiles/example_interfaces__rosidl_typesupport_fastrtps_c.dir/rosidl_typesupport_fastrtps_c/example_interfaces/msg/detail/float32_multi_array__type_support_c.cpp.o
[13.687s] [ 82%] Building CXX object CMakeFiles/example_interfaces__rosidl_typesupport_fastrtps_c.dir/rosidl_typesupport_fastrtps_c/example_interfaces/msg/detail/float32__type_support_c.cpp.o
[13.705s] [ 82%] Building CXX object CMakeFiles/example_interfaces__rosidl_typesupport_fastrtps_c.dir/rosidl_typesupport_fastrtps_c/example_interfaces/msg/detail/float64__type_support_c.cpp.o
[13.730s] [ 82%] Building CXX object CMakeFiles/example_interfaces__rosidl_typesupport_fastrtps_c.dir/rosidl_typesupport_fastrtps_c/example_interfaces/msg/detail/float64_multi_array__type_support_c.cpp.o
[13.735s] [ 83%] Building CXX object CMakeFiles/example_interfaces__rosidl_typesupport_fastrtps_c.dir/rosidl_typesupport_fastrtps_c/example_interfaces/msg/detail/int16__type_support_c.cpp.o
[14.313s] [ 83%] Linking CXX shared library libexample_interfaces__rosidl_typesupport_cpp.so
[14.421s] [ 84%] Building CXX object CMakeFiles/example_interfaces__rosidl_typesupport_fastrtps_c.dir/rosidl_typesupport_fastrtps_c/example_interfaces/msg/detail/u_int16__type_support_c.cpp.o
[14.496s] [ 84%] Built target example_interfaces__rosidl_typesupport_cpp
[14.569s] [ 84%] Linking CXX shared library libexample_interfaces__rosidl_typesupport_fastrtps_cpp.so
[14.609s] [ 84%] Building CXX object CMakeFiles/example_interfaces__rosidl_typesupport_fastrtps_c.dir/rosidl_typesupport_fastrtps_c/example_interfaces/msg/detail/u_int32__type_support_c.cpp.o
[14.611s] [ 84%] Building CXX object CMakeFiles/example_interfaces__rosidl_typesupport_fastrtps_c.dir/rosidl_typesupport_fastrtps_c/example_interfaces/msg/detail/u_int16_multi_array__type_support_c.cpp.o
[14.616s] [ 84%] Building CXX object CMakeFiles/example_interfaces__rosidl_typesupport_fastrtps_c.dir/rosidl_typesupport_fastrtps_c/example_interfaces/msg/detail/multi_array_dimension__type_support_c.cpp.o
[14.636s] [ 85%] Building CXX object CMakeFiles/example_interfaces__rosidl_typesupport_fastrtps_c.dir/rosidl_typesupport_fastrtps_c/example_interfaces/msg/detail/int8__type_support_c.cpp.o
[14.650s] [ 85%] Building CXX object CMakeFiles/example_interfaces__rosidl_typesupport_fastrtps_c.dir/rosidl_typesupport_fastrtps_c/example_interfaces/msg/detail/int8_multi_array__type_support_c.cpp.o
[14.650s] [ 85%] Building CXX object CMakeFiles/example_interfaces__rosidl_typesupport_fastrtps_c.dir/rosidl_typesupport_fastrtps_c/example_interfaces/msg/detail/string__type_support_c.cpp.o
[14.650s] [ 85%] Building CXX object CMakeFiles/example_interfaces__rosidl_typesupport_fastrtps_c.dir/rosidl_typesupport_fastrtps_c/example_interfaces/msg/detail/multi_array_layout__type_support_c.cpp.o
[14.650s] [ 85%] Building CXX object CMakeFiles/example_interfaces__rosidl_typesupport_fastrtps_c.dir/rosidl_typesupport_fastrtps_c/example_interfaces/msg/detail/int64_multi_array__type_support_c.cpp.o
[14.712s] [ 86%] Building CXX object CMakeFiles/example_interfaces__rosidl_typesupport_fastrtps_c.dir/rosidl_typesupport_fastrtps_c/example_interfaces/msg/detail/u_int32_multi_array__type_support_c.cpp.o
[14.898s] [ 86%] Building CXX object CMakeFiles/example_interfaces__rosidl_typesupport_fastrtps_c.dir/rosidl_typesupport_fastrtps_c/example_interfaces/msg/detail/u_int64__type_support_c.cpp.o
[14.929s] [ 86%] Built target example_interfaces__rosidl_typesupport_fastrtps_cpp
[15.098s] [ 86%] Building CXX object CMakeFiles/example_interfaces__rosidl_typesupport_fastrtps_c.dir/rosidl_typesupport_fastrtps_c/example_interfaces/msg/detail/u_int8__type_support_c.cpp.o
[15.121s] [ 87%] Building CXX object CMakeFiles/example_interfaces__rosidl_typesupport_fastrtps_c.dir/rosidl_typesupport_fastrtps_c/example_interfaces/msg/detail/u_int8_multi_array__type_support_c.cpp.o
[15.192s] [ 87%] Building CXX object CMakeFiles/example_interfaces__rosidl_typesupport_fastrtps_c.dir/rosidl_typesupport_fastrtps_c/example_interfaces/msg/detail/u_int64_multi_array__type_support_c.cpp.o
[15.192s] [ 87%] Building CXX object CMakeFiles/example_interfaces__rosidl_typesupport_fastrtps_c.dir/rosidl_typesupport_fastrtps_c/example_interfaces/msg/detail/w_string__type_support_c.cpp.o
[15.192s] [ 88%] Building CXX object CMakeFiles/example_interfaces__rosidl_typesupport_fastrtps_c.dir/rosidl_typesupport_fastrtps_c/example_interfaces/msg/detail/int64__type_support_c.cpp.o
[15.202s] [ 89%] Building CXX object CMakeFiles/example_interfaces__rosidl_typesupport_fastrtps_c.dir/rosidl_typesupport_fastrtps_c/example_interfaces/srv/detail/set_bool__type_support_c.cpp.o
[15.206s] [ 89%] Building CXX object CMakeFiles/example_interfaces__rosidl_typesupport_fastrtps_c.dir/rosidl_typesupport_fastrtps_c/example_interfaces/srv/detail/trigger__type_support_c.cpp.o
[15.262s] [ 89%] Building CXX object CMakeFiles/example_interfaces__rosidl_typesupport_fastrtps_c.dir/rosidl_typesupport_fastrtps_c/example_interfaces/srv/detail/add_two_ints__type_support_c.cpp.o
[15.400s] [ 89%] Building CXX object CMakeFiles/example_interfaces__rosidl_typesupport_fastrtps_c.dir/rosidl_typesupport_fastrtps_c/example_interfaces/msg/detail/int32_multi_array__type_support_c.cpp.o
[15.689s] [ 89%] Building CXX object CMakeFiles/example_interfaces__rosidl_typesupport_fastrtps_c.dir/rosidl_typesupport_fastrtps_c/example_interfaces/msg/detail/int16_multi_array__type_support_c.cpp.o
[15.690s] [ 89%] Building CXX object CMakeFiles/example_interfaces__rosidl_typesupport_fastrtps_c.dir/rosidl_typesupport_fastrtps_c/example_interfaces/msg/detail/int32__type_support_c.cpp.o
[16.803s] [ 89%] Linking CXX shared library libexample_interfaces__rosidl_typesupport_fastrtps_c.so
[17.062s] [ 89%] Built target example_interfaces__rosidl_typesupport_fastrtps_c
[17.110s] [ 89%] Built target example_interfaces
[17.157s] [ 89%] Generating Python code for ROS interfaces
[19.815s] [ 89%] Built target example_interfaces__py
[19.831s] [ 89%] Building C object CMakeFiles/example_interfaces__rosidl_generator_py.dir/rosidl_generator_py/example_interfaces/action/_fibonacci_s.c.o
[19.831s] [ 90%] Building C object CMakeFiles/example_interfaces__rosidl_generator_py.dir/rosidl_generator_py/example_interfaces/msg/_byte_multi_array_s.c.o
[19.831s] [ 90%] Building C object CMakeFiles/example_interfaces__rosidl_generator_py.dir/rosidl_generator_py/example_interfaces/msg/_byte_s.c.o
[19.831s] [ 90%] Building C object CMakeFiles/example_interfaces__rosidl_generator_py.dir/rosidl_generator_py/example_interfaces/msg/_char_s.c.o
[19.831s] [ 90%] Building C object CMakeFiles/example_interfaces__rosidl_generator_py.dir/rosidl_generator_py/example_interfaces/msg/_empty_s.c.o
[19.831s] [ 90%] Building C object CMakeFiles/example_interfaces__rosidl_generator_py.dir/rosidl_generator_py/example_interfaces/msg/_bool_s.c.o
[19.831s] [ 91%] Building C object CMakeFiles/example_interfaces__rosidl_generator_py.dir/rosidl_generator_py/example_interfaces/msg/_float32_multi_array_s.c.o
[19.832s] [ 91%] Building C object CMakeFiles/example_interfaces__rosidl_generator_py.dir/rosidl_generator_py/example_interfaces/msg/_float32_s.c.o
[19.832s] [ 91%] Building C object CMakeFiles/example_interfaces__rosidl_generator_py.dir/rosidl_generator_py/example_interfaces/msg/_float64_multi_array_s.c.o
[19.835s] [ 91%] Building C object CMakeFiles/example_interfaces__rosidl_generator_py.dir/rosidl_generator_py/example_interfaces/msg/_int16_multi_array_s.c.o
[19.835s] [ 92%] Building C object CMakeFiles/example_interfaces__rosidl_generator_py.dir/rosidl_generator_py/example_interfaces/msg/_int16_s.c.o
[19.835s] [ 92%] Building C object CMakeFiles/example_interfaces__rosidl_generator_py.dir/rosidl_generator_py/example_interfaces/msg/_float64_s.c.o
[19.836s] [ 93%] Building C object CMakeFiles/example_interfaces__rosidl_generator_py.dir/rosidl_generator_py/example_interfaces/msg/_int32_multi_array_s.c.o
[19.836s] [ 93%] Building C object CMakeFiles/example_interfaces__rosidl_generator_py.dir/rosidl_generator_py/example_interfaces/msg/_int32_s.c.o
[19.928s] [ 93%] Building C object CMakeFiles/example_interfaces__rosidl_generator_py.dir/rosidl_generator_py/example_interfaces/msg/_u_int32_s.c.o
[19.937s] [ 93%] Building C object CMakeFiles/example_interfaces__rosidl_generator_py.dir/rosidl_generator_py/example_interfaces/msg/_u_int64_s.c.o
[19.940s] [ 94%] Building C object CMakeFiles/example_interfaces__rosidl_generator_py.dir/rosidl_generator_py/example_interfaces/msg/_u_int32_multi_array_s.c.o
[19.948s] [ 95%] Building C object CMakeFiles/example_interfaces__rosidl_generator_py.dir/rosidl_generator_py/example_interfaces/msg/_u_int8_s.c.o
[19.952s] [ 95%] Building C object CMakeFiles/example_interfaces__rosidl_generator_py.dir/rosidl_generator_py/example_interfaces/msg/_u_int64_multi_array_s.c.o
[19.961s] [ 95%] Building C object CMakeFiles/example_interfaces__rosidl_generator_py.dir/rosidl_generator_py/example_interfaces/msg/_u_int8_multi_array_s.c.o
[19.964s] [ 95%] Building C object CMakeFiles/example_interfaces__rosidl_generator_py.dir/rosidl_generator_py/example_interfaces/msg/_u_int16_multi_array_s.c.o
[19.965s] [ 96%] Building C object CMakeFiles/example_interfaces__rosidl_generator_py.dir/rosidl_generator_py/example_interfaces/srv/_set_bool_s.c.o
[19.968s] [ 95%] Building C object CMakeFiles/example_interfaces__rosidl_generator_py.dir/rosidl_generator_py/example_interfaces/srv/_add_two_ints_s.c.o
[19.983s] [ 96%] Building C object CMakeFiles/example_interfaces__rosidl_generator_py.dir/rosidl_generator_py/example_interfaces/srv/_trigger_s.c.o
[19.993s] [ 96%] Building C object CMakeFiles/example_interfaces__rosidl_generator_py.dir/rosidl_generator_py/example_interfaces/msg/_w_string_s.c.o
[19.998s] [ 96%] Building C object CMakeFiles/example_interfaces__rosidl_generator_py.dir/rosidl_generator_py/example_interfaces/msg/_u_int16_s.c.o
[20.010s] [ 97%] Building C object CMakeFiles/example_interfaces__rosidl_generator_py.dir/rosidl_generator_py/example_interfaces/msg/_string_s.c.o
[20.022s] [ 97%] Building C object CMakeFiles/example_interfaces__rosidl_generator_py.dir/rosidl_generator_py/example_interfaces/msg/_multi_array_layout_s.c.o
[20.034s] [ 97%] Building C object CMakeFiles/example_interfaces__rosidl_generator_py.dir/rosidl_generator_py/example_interfaces/msg/_multi_array_dimension_s.c.o
[20.040s] [ 98%] Building C object CMakeFiles/example_interfaces__rosidl_generator_py.dir/rosidl_generator_py/example_interfaces/msg/_int8_multi_array_s.c.o
[20.078s] [ 98%] Building C object CMakeFiles/example_interfaces__rosidl_generator_py.dir/rosidl_generator_py/example_interfaces/msg/_int8_s.c.o
[20.080s] [ 98%] Building C object CMakeFiles/example_interfaces__rosidl_generator_py.dir/rosidl_generator_py/example_interfaces/msg/_int64_multi_array_s.c.o
[20.088s] [ 98%] Building C object CMakeFiles/example_interfaces__rosidl_generator_py.dir/rosidl_generator_py/example_interfaces/msg/_int64_s.c.o
[20.261s] [ 98%] Linking C shared library libexample_interfaces__rosidl_generator_py.so
[20.325s] [ 98%] Built target example_interfaces__rosidl_generator_py
[20.344s] [ 99%] Building C object CMakeFiles/example_interfaces_s__rosidl_typesupport_fastrtps_c.dir/rosidl_generator_py/example_interfaces/_example_interfaces_s.ep.rosidl_typesupport_fastrtps_c.c.o
[20.356s] [ 99%] Building C object CMakeFiles/example_interfaces_s__rosidl_typesupport_c.dir/rosidl_generator_py/example_interfaces/_example_interfaces_s.ep.rosidl_typesupport_c.c.o
[20.363s] [ 99%] Building C object CMakeFiles/example_interfaces_s__rosidl_typesupport_introspection_c.dir/rosidl_generator_py/example_interfaces/_example_interfaces_s.ep.rosidl_typesupport_introspection_c.c.o
[20.569s] [ 99%] Linking C shared module rosidl_generator_py/example_interfaces/example_interfaces_s__rosidl_typesupport_fastrtps_c.so
[20.575s] [100%] Linking C shared module rosidl_generator_py/example_interfaces/example_interfaces_s__rosidl_typesupport_introspection_c.so
[20.575s] [100%] Linking C shared module rosidl_generator_py/example_interfaces/example_interfaces_s__rosidl_typesupport_c.so
[20.594s] [100%] Built target example_interfaces_s__rosidl_typesupport_fastrtps_c
[20.598s] [100%] Built target example_interfaces_s__rosidl_typesupport_c
[20.598s] [100%] Built target example_interfaces_s__rosidl_typesupport_introspection_c
[20.608s] Invoked command in '/workspace/jazzy_ws/build/example_interfaces' returned '0': AMENT_PREFIX_PATH=/workspace/jazzy_ws/install CMAKE_PREFIX_PATH=/workspace/jazzy_ws/install LD_LIBRARY_PATH=/workspace/jazzy_ws/install/lib:/workspace/jazzy_ws/install/opt/mimick_vendor/lib PATH=/workspace/jazzy_ws/install/bin:/workspace/jazzy_ws/install/opt/uncrustify_vendor/bin:${PATH} PKG_CONFIG_PATH=/workspace/jazzy_ws/install/lib/x86_64-linux-gnu/pkgconfig:/workspace/jazzy_ws/install/lib/pkgconfig PYTHONPATH=/workspace/jazzy_ws/install/lib/python3.12/site-packages /usr/bin/cmake --build /workspace/jazzy_ws/build/example_interfaces -- -j24 -l24
[20.608s] Invoking command in '/workspace/jazzy_ws/build/example_interfaces': AMENT_PREFIX_PATH=/workspace/jazzy_ws/install CMAKE_PREFIX_PATH=/workspace/jazzy_ws/install LD_LIBRARY_PATH=/workspace/jazzy_ws/install/lib:/workspace/jazzy_ws/install/opt/mimick_vendor/lib PATH=/workspace/jazzy_ws/install/bin:/workspace/jazzy_ws/install/opt/uncrustify_vendor/bin:${PATH} PKG_CONFIG_PATH=/workspace/jazzy_ws/install/lib/x86_64-linux-gnu/pkgconfig:/workspace/jazzy_ws/install/lib/pkgconfig PYTHONPATH=/workspace/jazzy_ws/install/lib/python3.12/site-packages /usr/bin/cmake --install /workspace/jazzy_ws/build/example_interfaces
[20.615s] -- Install configuration: ""
[20.615s] -- Installing: /workspace/jazzy_ws/install/share/ament_index/resource_index/rosidl_interfaces/example_interfaces
[20.615s] -- Installing: /workspace/jazzy_ws/install/share/example_interfaces/action/Fibonacci.json
[20.615s] -- Installing: /workspace/jazzy_ws/install/share/example_interfaces/msg/Bool.json
[20.615s] -- Installing: /workspace/jazzy_ws/install/share/example_interfaces/msg/Byte.json
[20.615s] -- Installing: /workspace/jazzy_ws/install/share/example_interfaces/msg/ByteMultiArray.json
[20.615s] -- Installing: /workspace/jazzy_ws/install/share/example_interfaces/msg/Char.json
[20.615s] -- Installing: /workspace/jazzy_ws/install/share/example_interfaces/msg/Empty.json
[20.615s] -- Installing: /workspace/jazzy_ws/install/share/example_interfaces/msg/Float32.json
[20.615s] -- Installing: /workspace/jazzy_ws/install/share/example_interfaces/msg/Float32MultiArray.json
[20.615s] -- Installing: /workspace/jazzy_ws/install/share/example_interfaces/msg/Float64.json
[20.616s] -- Installing: /workspace/jazzy_ws/install/share/example_interfaces/msg/Float64MultiArray.json
[20.616s] -- Installing: /workspace/jazzy_ws/install/share/example_interfaces/msg/Int16.json
[20.616s] -- Installing: /workspace/jazzy_ws/install/share/example_interfaces/msg/Int16MultiArray.json
[20.616s] -- Installing: /workspace/jazzy_ws/install/share/example_interfaces/msg/Int32.json
[20.616s] -- Installing: /workspace/jazzy_ws/install/share/example_interfaces/msg/Int32MultiArray.json
[20.616s] -- Installing: /workspace/jazzy_ws/install/share/example_interfaces/msg/Int64.json
[20.616s] -- Installing: /workspace/jazzy_ws/install/share/example_interfaces/msg/Int64MultiArray.json
[20.616s] -- Installing: /workspace/jazzy_ws/install/share/example_interfaces/msg/Int8.json
[20.616s] -- Installing: /workspace/jazzy_ws/install/share/example_interfaces/msg/Int8MultiArray.json
[20.616s] -- Installing: /workspace/jazzy_ws/install/share/example_interfaces/msg/MultiArrayDimension.json
[20.617s] -- Installing: /workspace/jazzy_ws/install/share/example_interfaces/msg/MultiArrayLayout.json
[20.617s] -- Installing: /workspace/jazzy_ws/install/share/example_interfaces/msg/String.json
[20.617s] -- Installing: /workspace/jazzy_ws/install/share/example_interfaces/msg/UInt16.json
[20.617s] -- Installing: /workspace/jazzy_ws/install/share/example_interfaces/msg/UInt16MultiArray.json
[20.617s] -- Installing: /workspace/jazzy_ws/install/share/example_interfaces/msg/UInt32.json
[20.617s] -- Installing: /workspace/jazzy_ws/install/share/example_interfaces/msg/UInt32MultiArray.json
[20.617s] -- Installing: /workspace/jazzy_ws/install/share/example_interfaces/msg/UInt64.json
[20.617s] -- Installing: /workspace/jazzy_ws/install/share/example_interfaces/msg/UInt64MultiArray.json
[20.617s] -- Installing: /workspace/jazzy_ws/install/share/example_interfaces/msg/UInt8.json
[20.617s] -- Installing: /workspace/jazzy_ws/install/share/example_interfaces/msg/UInt8MultiArray.json
[20.617s] -- Installing: /workspace/jazzy_ws/install/share/example_interfaces/msg/WString.json
[20.618s] -- Installing: /workspace/jazzy_ws/install/share/example_interfaces/srv/AddTwoInts.json
[20.618s] -- Installing: /workspace/jazzy_ws/install/share/example_interfaces/srv/SetBool.json
[20.618s] -- Installing: /workspace/jazzy_ws/install/share/example_interfaces/srv/Trigger.json
[20.618s] -- Installing: /workspace/jazzy_ws/install/include/example_interfaces/example_interfaces
[20.618s] -- Installing: /workspace/jazzy_ws/install/include/example_interfaces/example_interfaces/msg
[20.618s] -- Installing: /workspace/jazzy_ws/install/include/example_interfaces/example_interfaces/msg/detail
[20.618s] -- Installing: /workspace/jazzy_ws/install/include/example_interfaces/example_interfaces/msg/detail/u_int8__type_support.h
[20.618s] -- Installing: /workspace/jazzy_ws/install/include/example_interfaces/example_interfaces/msg/detail/int64_multi_array__type_support.c
[20.618s] -- Installing: /workspace/jazzy_ws/install/include/example_interfaces/example_interfaces/msg/detail/int64__functions.h
[20.618s] -- Installing: /workspace/jazzy_ws/install/include/example_interfaces/example_interfaces/msg/detail/int8_multi_array__functions.h
[20.618s] -- Installing: /workspace/jazzy_ws/install/include/example_interfaces/example_interfaces/msg/detail/int8_multi_array__type_support.c
[20.619s] -- Installing: /workspace/jazzy_ws/install/include/example_interfaces/example_interfaces/msg/detail/u_int64_multi_array__type_support.c
[20.619s] -- Installing: /workspace/jazzy_ws/install/include/example_interfaces/example_interfaces/msg/detail/int16__functions.h
[20.619s] -- Installing: /workspace/jazzy_ws/install/include/example_interfaces/example_interfaces/msg/detail/int16__type_support.h
[20.619s] -- Installing: /workspace/jazzy_ws/install/include/example_interfaces/example_interfaces/msg/detail/int64_multi_array__description.c
[20.619s] -- Installing: /workspace/jazzy_ws/install/include/example_interfaces/example_interfaces/msg/detail/int8__description.c
[20.619s] -- Installing: /workspace/jazzy_ws/install/include/example_interfaces/example_interfaces/msg/detail/u_int32_multi_array__type_support.c
[20.619s] -- Installing: /workspace/jazzy_ws/install/include/example_interfaces/example_interfaces/msg/detail/w_string__functions.h
[20.619s] -- Installing: /workspace/jazzy_ws/install/include/example_interfaces/example_interfaces/msg/detail/u_int16__functions.h
[20.619s] -- Installing: /workspace/jazzy_ws/install/include/example_interfaces/example_interfaces/msg/detail/int16__type_support.c
[20.620s] -- Installing: /workspace/jazzy_ws/install/include/example_interfaces/example_interfaces/msg/detail/bool__type_support.c
[20.620s] -- Installing: /workspace/jazzy_ws/install/include/example_interfaces/example_interfaces/msg/detail/bool__functions.h
[20.620s] -- Installing: /workspace/jazzy_ws/install/include/example_interfaces/example_interfaces/msg/detail/float64_multi_array__description.c
[20.620s] -- Installing: /workspace/jazzy_ws/install/include/example_interfaces/example_interfaces/msg/detail/u_int8_multi_array__functions.h
[20.620s] -- Installing: /workspace/jazzy_ws/install/include/example_interfaces/example_interfaces/msg/detail/int32_multi_array__functions.c
[20.620s] -- Installing: /workspace/jazzy_ws/install/include/example_interfaces/example_interfaces/msg/detail/u_int64_multi_array__functions.c
[20.620s] -- Installing: /workspace/jazzy_ws/install/include/example_interfaces/example_interfaces/msg/detail/u_int32__struct.h
[20.620s] -- Installing: /workspace/jazzy_ws/install/include/example_interfaces/example_interfaces/msg/detail/multi_array_dimension__type_support.c
[20.620s] -- Installing: /workspace/jazzy_ws/install/include/example_interfaces/example_interfaces/msg/detail/u_int8_multi_array__type_support.h
[20.620s] -- Installing: /workspace/jazzy_ws/install/include/example_interfaces/example_interfaces/msg/detail/float32__functions.h
[20.620s] -- Installing: /workspace/jazzy_ws/install/include/example_interfaces/example_interfaces/msg/detail/int64_multi_array__functions.c
[20.620s] -- Installing: /workspace/jazzy_ws/install/include/example_interfaces/example_interfaces/msg/detail/u_int16__type_support.h
[20.621s] -- Installing: /workspace/jazzy_ws/install/include/example_interfaces/example_interfaces/msg/detail/multi_array_layout__description.c
[20.621s] -- Installing: /workspace/jazzy_ws/install/include/example_interfaces/example_interfaces/msg/detail/float32_multi_array__struct.h
[20.621s] -- Installing: /workspace/jazzy_ws/install/include/example_interfaces/example_interfaces/msg/detail/int8_multi_array__type_support.h
[20.621s] -- Installing: /workspace/jazzy_ws/install/include/example_interfaces/example_interfaces/msg/detail/u_int8__type_support.c
[20.621s] -- Installing: /workspace/jazzy_ws/install/include/example_interfaces/example_interfaces/msg/detail/byte__type_support.c
[20.621s] -- Installing: /workspace/jazzy_ws/install/include/example_interfaces/example_interfaces/msg/detail/multi_array_layout__type_support.h
[20.621s] -- Installing: /workspace/jazzy_ws/install/include/example_interfaces/example_interfaces/msg/detail/u_int64_multi_array__description.c
[20.621s] -- Installing: /workspace/jazzy_ws/install/include/example_interfaces/example_interfaces/msg/detail/float32__functions.c
[20.621s] -- Installing: /workspace/jazzy_ws/install/include/example_interfaces/example_interfaces/msg/detail/multi_array_dimension__type_support.h
[20.621s] -- Installing: /workspace/jazzy_ws/install/include/example_interfaces/example_interfaces/msg/detail/u_int8__functions.c
[20.621s] -- Installing: /workspace/jazzy_ws/install/include/example_interfaces/example_interfaces/msg/detail/u_int16_multi_array__type_support.c
[20.621s] -- Installing: /workspace/jazzy_ws/install/include/example_interfaces/example_interfaces/msg/detail/float64__struct.h
[20.622s] -- Installing: /workspace/jazzy_ws/install/include/example_interfaces/example_interfaces/msg/detail/empty__functions.h
[20.622s] -- Installing: /workspace/jazzy_ws/install/include/example_interfaces/example_interfaces/msg/detail/bool__functions.c
[20.622s] -- Installing: /workspace/jazzy_ws/install/include/example_interfaces/example_interfaces/msg/detail/int32__functions.c
[20.622s] -- Installing: /workspace/jazzy_ws/install/include/example_interfaces/example_interfaces/msg/detail/u_int64__struct.h
[20.622s] -- Installing: /workspace/jazzy_ws/install/include/example_interfaces/example_interfaces/msg/detail/byte_multi_array__functions.h
[20.622s] -- Installing: /workspace/jazzy_ws/install/include/example_interfaces/example_interfaces/msg/detail/int64__struct.h
[20.622s] -- Installing: /workspace/jazzy_ws/install/include/example_interfaces/example_interfaces/msg/detail/int8__type_support.c
[20.622s] -- Installing: /workspace/jazzy_ws/install/include/example_interfaces/example_interfaces/msg/detail/u_int32_multi_array__functions.c
[20.622s] -- Installing: /workspace/jazzy_ws/install/include/example_interfaces/example_interfaces/msg/detail/int16_multi_array__description.c
[20.622s] -- Installing: /workspace/jazzy_ws/install/include/example_interfaces/example_interfaces/msg/detail/u_int64_multi_array__type_support.h
[20.623s] -- Installing: /workspace/jazzy_ws/install/include/example_interfaces/example_interfaces/msg/detail/u_int32_multi_array__type_support.h
[20.623s] -- Installing: /workspace/jazzy_ws/install/include/example_interfaces/example_interfaces/msg/detail/string__struct.h
[20.623s] -- Installing: /workspace/jazzy_ws/install/include/example_interfaces/example_interfaces/msg/detail/bool__description.c
[20.623s] -- Installing: /workspace/jazzy_ws/install/include/example_interfaces/example_interfaces/msg/detail/int32_multi_array__description.c
[20.623s] -- Installing: /workspace/jazzy_ws/install/include/example_interfaces/example_interfaces/msg/detail/int16__description.c
[20.623s] -- Installing: /workspace/jazzy_ws/install/include/example_interfaces/example_interfaces/msg/detail/u_int8_multi_array__description.c
[20.623s] -- Installing: /workspace/jazzy_ws/install/include/example_interfaces/example_interfaces/msg/detail/byte_multi_array__type_support.h
[20.623s] -- Installing: /workspace/jazzy_ws/install/include/example_interfaces/example_interfaces/msg/detail/u_int8__struct.h
[20.623s] -- Installing: /workspace/jazzy_ws/install/include/example_interfaces/example_interfaces/msg/detail/int32__description.c
[20.623s] -- Installing: /workspace/jazzy_ws/install/include/example_interfaces/example_interfaces/msg/detail/int8_multi_array__description.c
[20.623s] -- Installing: /workspace/jazzy_ws/install/include/example_interfaces/example_interfaces/msg/detail/float64_multi_array__functions.c
[20.623s] -- Installing: /workspace/jazzy_ws/install/include/example_interfaces/example_interfaces/msg/detail/string__functions.h
[20.624s] -- Installing: /workspace/jazzy_ws/install/include/example_interfaces/example_interfaces/msg/detail/byte_multi_array__type_support.c
[20.624s] -- Installing: /workspace/jazzy_ws/install/include/example_interfaces/example_interfaces/msg/detail/u_int8_multi_array__type_support.c
[20.624s] -- Installing: /workspace/jazzy_ws/install/include/example_interfaces/example_interfaces/msg/detail/float32_multi_array__type_support.h
[20.624s] -- Installing: /workspace/jazzy_ws/install/include/example_interfaces/example_interfaces/msg/detail/byte__functions.h
[20.624s] -- Installing: /workspace/jazzy_ws/install/include/example_interfaces/example_interfaces/msg/detail/int8_multi_array__struct.h
[20.624s] -- Installing: /workspace/jazzy_ws/install/include/example_interfaces/example_interfaces/msg/detail/float64__functions.c
[20.624s] -- Installing: /workspace/jazzy_ws/install/include/example_interfaces/example_interfaces/msg/detail/u_int16__type_support.c
[20.624s] -- Installing: /workspace/jazzy_ws/install/include/example_interfaces/example_interfaces/msg/detail/float64_multi_array__struct.h
[20.624s] -- Installing: /workspace/jazzy_ws/install/include/example_interfaces/example_interfaces/msg/detail/multi_array_dimension__description.c
[20.624s] -- Installing: /workspace/jazzy_ws/install/include/example_interfaces/example_interfaces/msg/detail/int8__functions.h
[20.624s] -- Installing: /workspace/jazzy_ws/install/include/example_interfaces/example_interfaces/msg/detail/u_int8_multi_array__struct.h
[20.625s] -- Installing: /workspace/jazzy_ws/install/include/example_interfaces/example_interfaces/msg/detail/float32_multi_array__description.c
[20.625s] -- Installing: /workspace/jazzy_ws/install/include/example_interfaces/example_interfaces/msg/detail/float32__type_support.c
[20.625s] -- Installing: /workspace/jazzy_ws/install/include/example_interfaces/example_interfaces/msg/detail/byte__type_support.h
[20.625s] -- Installing: /workspace/jazzy_ws/install/include/example_interfaces/example_interfaces/msg/detail/int16__functions.c
[20.625s] -- Installing: /workspace/jazzy_ws/install/include/example_interfaces/example_interfaces/msg/detail/int64_multi_array__struct.h
[20.625s] -- Installing: /workspace/jazzy_ws/install/include/example_interfaces/example_interfaces/msg/detail/string__description.c
[20.625s] -- Installing: /workspace/jazzy_ws/install/include/example_interfaces/example_interfaces/msg/detail/char__type_support.c
[20.625s] -- Installing: /workspace/jazzy_ws/install/include/example_interfaces/example_interfaces/msg/detail/u_int32__functions.h
[20.625s] -- Installing: /workspace/jazzy_ws/install/include/example_interfaces/example_interfaces/msg/detail/int16_multi_array__type_support.h
[20.625s] -- Installing: /workspace/jazzy_ws/install/include/example_interfaces/example_interfaces/msg/detail/string__functions.c
[20.625s] -- Installing: /workspace/jazzy_ws/install/include/example_interfaces/example_interfaces/msg/detail/w_string__type_support.c
[20.625s] -- Installing: /workspace/jazzy_ws/install/include/example_interfaces/example_interfaces/msg/detail/byte_multi_array__functions.c
[20.626s] -- Installing: /workspace/jazzy_ws/install/include/example_interfaces/example_interfaces/msg/detail/float32_multi_array__functions.c
[20.626s] -- Installing: /workspace/jazzy_ws/install/include/example_interfaces/example_interfaces/msg/detail/u_int32_multi_array__struct.h
[20.626s] -- Installing: /workspace/jazzy_ws/install/include/example_interfaces/example_interfaces/msg/detail/w_string__type_support.h
[20.626s] -- Installing: /workspace/jazzy_ws/install/include/example_interfaces/example_interfaces/msg/detail/multi_array_dimension__functions.h
[20.626s] -- Installing: /workspace/jazzy_ws/install/include/example_interfaces/example_interfaces/msg/detail/u_int64__functions.h
[20.626s] -- Installing: /workspace/jazzy_ws/install/include/example_interfaces/example_interfaces/msg/detail/float64_multi_array__functions.h
[20.626s] -- Installing: /workspace/jazzy_ws/install/include/example_interfaces/example_interfaces/msg/detail/int16_multi_array__struct.h
[20.626s] -- Installing: /workspace/jazzy_ws/install/include/example_interfaces/example_interfaces/msg/detail/char__functions.c
[20.626s] -- Installing: /workspace/jazzy_ws/install/include/example_interfaces/example_interfaces/msg/detail/byte__struct.h
[20.627s] -- Installing: /workspace/jazzy_ws/install/include/example_interfaces/example_interfaces/msg/detail/u_int64__type_support.h
[20.627s] -- Installing: /workspace/jazzy_ws/install/include/example_interfaces/example_interfaces/msg/detail/int64_multi_array__type_support.h
[20.627s] -- Installing: /workspace/jazzy_ws/install/include/example_interfaces/example_interfaces/msg/detail/char__functions.h
[20.627s] -- Installing: /workspace/jazzy_ws/install/include/example_interfaces/example_interfaces/msg/detail/int32__type_support.h
[20.627s] -- Installing: /workspace/jazzy_ws/install/include/example_interfaces/example_interfaces/msg/detail/u_int32__type_support.c
[20.627s] -- Installing: /workspace/jazzy_ws/install/include/example_interfaces/example_interfaces/msg/detail/string__type_support.c
[20.627s] -- Installing: /workspace/jazzy_ws/install/include/example_interfaces/example_interfaces/msg/detail/u_int32__description.c
[20.627s] -- Installing: /workspace/jazzy_ws/install/include/example_interfaces/example_interfaces/msg/detail/float32__struct.h
[20.627s] -- Installing: /workspace/jazzy_ws/install/include/example_interfaces/example_interfaces/msg/detail/int32__struct.h
[20.627s] -- Installing: /workspace/jazzy_ws/install/include/example_interfaces/example_interfaces/msg/detail/int32__type_support.c
[20.627s] -- Installing: /workspace/jazzy_ws/install/include/example_interfaces/example_interfaces/msg/detail/float64_multi_array__type_support.h
[20.627s] -- Installing: /workspace/jazzy_ws/install/include/example_interfaces/example_interfaces/msg/detail/u_int8_multi_array__functions.c
[20.628s] -- Installing: /workspace/jazzy_ws/install/include/example_interfaces/example_interfaces/msg/detail/multi_array_layout__struct.h
[20.628s] -- Installing: /workspace/jazzy_ws/install/include/example_interfaces/example_interfaces/msg/detail/empty__type_support.h
[20.628s] -- Installing: /workspace/jazzy_ws/install/include/example_interfaces/example_interfaces/msg/detail/empty__functions.c
[20.628s] -- Installing: /workspace/jazzy_ws/install/include/example_interfaces/example_interfaces/msg/detail/u_int16_multi_array__functions.c
[20.628s] -- Installing: /workspace/jazzy_ws/install/include/example_interfaces/example_interfaces/msg/detail/float64_multi_array__type_support.c
[20.628s] -- Installing: /workspace/jazzy_ws/install/include/example_interfaces/example_interfaces/msg/detail/u_int16_multi_array__description.c
[20.628s] -- Installing: /workspace/jazzy_ws/install/include/example_interfaces/example_interfaces/msg/detail/u_int64__type_support.c
[20.628s] -- Installing: /workspace/jazzy_ws/install/include/example_interfaces/example_interfaces/msg/detail/int32_multi_array__struct.h
[20.628s] -- Installing: /workspace/jazzy_ws/install/include/example_interfaces/example_interfaces/msg/detail/int64__functions.c
[20.628s] -- Installing: /workspace/jazzy_ws/install/include/example_interfaces/example_interfaces/msg/detail/float32__description.c
[20.628s] -- Installing: /workspace/jazzy_ws/install/include/example_interfaces/example_interfaces/msg/detail/int32_multi_array__type_support.c
[20.629s] -- Installing: /workspace/jazzy_ws/install/include/example_interfaces/example_interfaces/msg/detail/multi_array_dimension__struct.h
[20.629s] -- Installing: /workspace/jazzy_ws/install/include/example_interfaces/example_interfaces/msg/detail/empty__type_support.c
[20.629s] -- Installing: /workspace/jazzy_ws/install/include/example_interfaces/example_interfaces/msg/detail/empty__description.c
[20.629s] -- Installing: /workspace/jazzy_ws/install/include/example_interfaces/example_interfaces/msg/detail/u_int64__description.c
[20.629s] -- Installing: /workspace/jazzy_ws/install/include/example_interfaces/example_interfaces/msg/detail/float32__type_support.h
[20.629s] -- Installing: /workspace/jazzy_ws/install/include/example_interfaces/example_interfaces/msg/detail/char__type_support.h
[20.629s] -- Installing: /workspace/jazzy_ws/install/include/example_interfaces/example_interfaces/msg/detail/u_int16__struct.h
[20.629s] -- Installing: /workspace/jazzy_ws/install/include/example_interfaces/example_interfaces/msg/detail/w_string__struct.h
[20.629s] -- Installing: /workspace/jazzy_ws/install/include/example_interfaces/example_interfaces/msg/detail/bool__struct.h
[20.629s] -- Installing: /workspace/jazzy_ws/install/include/example_interfaces/example_interfaces/msg/detail/u_int16__functions.c
[20.629s] -- Installing: /workspace/jazzy_ws/install/include/example_interfaces/example_interfaces/msg/detail/byte__functions.c
[20.630s] -- Installing: /workspace/jazzy_ws/install/include/example_interfaces/example_interfaces/msg/detail/empty__struct.h
[20.630s] -- Installing: /workspace/jazzy_ws/install/include/example_interfaces/example_interfaces/msg/detail/w_string__description.c
[20.630s] -- Installing: /workspace/jazzy_ws/install/include/example_interfaces/example_interfaces/msg/detail/byte__description.c
[20.630s] -- Installing: /workspace/jazzy_ws/install/include/example_interfaces/example_interfaces/msg/detail/float64__description.c
[20.630s] -- Installing: /workspace/jazzy_ws/install/include/example_interfaces/example_interfaces/msg/detail/bool__type_support.h
[20.630s] -- Installing: /workspace/jazzy_ws/install/include/example_interfaces/example_interfaces/msg/detail/char__description.c
[20.630s] -- Installing: /workspace/jazzy_ws/install/include/example_interfaces/example_interfaces/msg/detail/u_int8__description.c
[20.630s] -- Installing: /workspace/jazzy_ws/install/include/example_interfaces/example_interfaces/msg/detail/int64__type_support.c
[20.630s] -- Installing: /workspace/jazzy_ws/install/include/example_interfaces/example_interfaces/msg/detail/float64__functions.h
[20.630s] -- Installing: /workspace/jazzy_ws/install/include/example_interfaces/example_interfaces/msg/detail/int16_multi_array__functions.c
[20.631s] -- Installing: /workspace/jazzy_ws/install/include/example_interfaces/example_interfaces/msg/detail/u_int16_multi_array__type_support.h
[20.631s] -- Installing: /workspace/jazzy_ws/install/include/example_interfaces/example_interfaces/msg/detail/u_int32_multi_array__description.c
[20.631s] -- Installing: /workspace/jazzy_ws/install/include/example_interfaces/example_interfaces/msg/detail/u_int8__functions.h
[20.631s] -- Installing: /workspace/jazzy_ws/install/include/example_interfaces/example_interfaces/msg/detail/multi_array_dimension__functions.c
[20.631s] -- Installing: /workspace/jazzy_ws/install/include/example_interfaces/example_interfaces/msg/detail/int8__functions.c
[20.631s] -- Installing: /workspace/jazzy_ws/install/include/example_interfaces/example_interfaces/msg/detail/string__type_support.h
[20.631s] -- Installing: /workspace/jazzy_ws/install/include/example_interfaces/example_interfaces/msg/detail/u_int64_multi_array__struct.h
[20.631s] -- Installing: /workspace/jazzy_ws/install/include/example_interfaces/example_interfaces/msg/detail/u_int32__type_support.h
[20.631s] -- Installing: /workspace/jazzy_ws/install/include/example_interfaces/example_interfaces/msg/detail/u_int64__functions.c
[20.631s] -- Installing: /workspace/jazzy_ws/install/include/example_interfaces/example_interfaces/msg/detail/float64__type_support.h
[20.631s] -- Installing: /workspace/jazzy_ws/install/include/example_interfaces/example_interfaces/msg/detail/byte_multi_array__struct.h
[20.632s] -- Installing: /workspace/jazzy_ws/install/include/example_interfaces/example_interfaces/msg/detail/int16__struct.h
[20.632s] -- Installing: /workspace/jazzy_ws/install/include/example_interfaces/example_interfaces/msg/detail/byte_multi_array__description.c
[20.632s] -- Installing: /workspace/jazzy_ws/install/include/example_interfaces/example_interfaces/msg/detail/int16_multi_array__type_support.c
[20.632s] -- Installing: /workspace/jazzy_ws/install/include/example_interfaces/example_interfaces/msg/detail/int32_multi_array__type_support.h
[20.632s] -- Installing: /workspace/jazzy_ws/install/include/example_interfaces/example_interfaces/msg/detail/int8__type_support.h
[20.632s] -- Installing: /workspace/jazzy_ws/install/include/example_interfaces/example_interfaces/msg/detail/float32_multi_array__functions.h
[20.632s] -- Installing: /workspace/jazzy_ws/install/include/example_interfaces/example_interfaces/msg/detail/u_int16_multi_array__struct.h
[20.632s] -- Installing: /workspace/jazzy_ws/install/include/example_interfaces/example_interfaces/msg/detail/multi_array_layout__functions.h
[20.632s] -- Installing: /workspace/jazzy_ws/install/include/example_interfaces/example_interfaces/msg/detail/int64__description.c
[20.632s] -- Installing: /workspace/jazzy_ws/install/include/example_interfaces/example_interfaces/msg/detail/int8__struct.h
[20.633s] -- Installing: /workspace/jazzy_ws/install/include/example_interfaces/example_interfaces/msg/detail/u_int16__description.c
[20.633s] -- Installing: /workspace/jazzy_ws/install/include/example_interfaces/example_interfaces/msg/detail/u_int16_multi_array__functions.h
[20.633s] -- Installing: /workspace/jazzy_ws/install/include/example_interfaces/example_interfaces/msg/detail/w_string__functions.c
[20.633s] -- Installing: /workspace/jazzy_ws/install/include/example_interfaces/example_interfaces/msg/detail/int32_multi_array__functions.h
[20.633s] -- Installing: /workspace/jazzy_ws/install/include/example_interfaces/example_interfaces/msg/detail/int8_multi_array__functions.c
[20.633s] -- Installing: /workspace/jazzy_ws/install/include/example_interfaces/example_interfaces/msg/detail/u_int64_multi_array__functions.h
[20.633s] -- Installing: /workspace/jazzy_ws/install/include/example_interfaces/example_interfaces/msg/detail/char__struct.h
[20.633s] -- Installing: /workspace/jazzy_ws/install/include/example_interfaces/example_interfaces/msg/detail/int64__type_support.h
[20.633s] -- Installing: /workspace/jazzy_ws/install/include/example_interfaces/example_interfaces/msg/detail/int32__functions.h
[20.633s] -- Installing: /workspace/jazzy_ws/install/include/example_interfaces/example_interfaces/msg/detail/u_int32_multi_array__functions.h
[20.634s] -- Installing: /workspace/jazzy_ws/install/include/example_interfaces/example_interfaces/msg/detail/float64__type_support.c
[20.634s] -- Installing: /workspace/jazzy_ws/install/include/example_interfaces/example_interfaces/msg/detail/u_int32__functions.c
[20.634s] -- Installing: /workspace/jazzy_ws/install/include/example_interfaces/example_interfaces/msg/detail/int64_multi_array__functions.h
[20.635s] -- Installing: /workspace/jazzy_ws/install/include/example_interfaces/example_interfaces/msg/detail/float32_multi_array__type_support.c
[20.635s] -- Installing: /workspace/jazzy_ws/install/include/example_interfaces/example_interfaces/msg/detail/multi_array_layout__type_support.c
[20.635s] -- Installing: /workspace/jazzy_ws/install/include/example_interfaces/example_interfaces/msg/detail/multi_array_layout__functions.c
[20.635s] -- Installing: /workspace/jazzy_ws/install/include/example_interfaces/example_interfaces/msg/detail/int16_multi_array__functions.h
[20.635s] -- Installing: /workspace/jazzy_ws/install/include/example_interfaces/example_interfaces/msg/bool.h
[20.635s] -- Installing: /workspace/jazzy_ws/install/include/example_interfaces/example_interfaces/msg/float64.h
[20.635s] -- Installing: /workspace/jazzy_ws/install/include/example_interfaces/example_interfaces/msg/string.h
[20.635s] -- Installing: /workspace/jazzy_ws/install/include/example_interfaces/example_interfaces/msg/int8.h
[20.635s] -- Installing: /workspace/jazzy_ws/install/include/example_interfaces/example_interfaces/msg/empty.h
[20.635s] -- Installing: /workspace/jazzy_ws/install/include/example_interfaces/example_interfaces/msg/int32.h
[20.635s] -- Installing: /workspace/jazzy_ws/install/include/example_interfaces/example_interfaces/msg/u_int16_multi_array.h
[20.636s] -- Installing: /workspace/jazzy_ws/install/include/example_interfaces/example_interfaces/msg/int32_multi_array.h
[20.636s] -- Installing: /workspace/jazzy_ws/install/include/example_interfaces/example_interfaces/msg/int16.h
[20.636s] -- Installing: /workspace/jazzy_ws/install/include/example_interfaces/example_interfaces/msg/int8_multi_array.h
[20.636s] -- Installing: /workspace/jazzy_ws/install/include/example_interfaces/example_interfaces/msg/u_int64_multi_array.h
[20.636s] -- Installing: /workspace/jazzy_ws/install/include/example_interfaces/example_interfaces/msg/byte.h
[20.636s] -- Installing: /workspace/jazzy_ws/install/include/example_interfaces/example_interfaces/msg/u_int32.h
[20.636s] -- Installing: /workspace/jazzy_ws/install/include/example_interfaces/example_interfaces/msg/int64.h
[20.636s] -- Installing: /workspace/jazzy_ws/install/include/example_interfaces/example_interfaces/msg/float32_multi_array.h
[20.636s] -- Installing: /workspace/jazzy_ws/install/include/example_interfaces/example_interfaces/msg/w_string.h
[20.636s] -- Installing: /workspace/jazzy_ws/install/include/example_interfaces/example_interfaces/msg/u_int16.h
[20.636s] -- Installing: /workspace/jazzy_ws/install/include/example_interfaces/example_interfaces/msg/u_int8.h
[20.636s] -- Installing: /workspace/jazzy_ws/install/include/example_interfaces/example_interfaces/msg/multi_array_dimension.h
[20.636s] -- Installing: /workspace/jazzy_ws/install/include/example_interfaces/example_interfaces/msg/int16_multi_array.h
[20.636s] -- Installing: /workspace/jazzy_ws/install/include/example_interfaces/example_interfaces/msg/u_int8_multi_array.h
[20.636s] -- Installing: /workspace/jazzy_ws/install/include/example_interfaces/example_interfaces/msg/u_int64.h
[20.636s] -- Installing: /workspace/jazzy_ws/install/include/example_interfaces/example_interfaces/msg/char.h
[20.636s] -- Installing: /workspace/jazzy_ws/install/include/example_interfaces/example_interfaces/msg/u_int32_multi_array.h
[20.636s] -- Installing: /workspace/jazzy_ws/install/include/example_interfaces/example_interfaces/msg/byte_multi_array.h
[20.636s] -- Installing: /workspace/jazzy_ws/install/include/example_interfaces/example_interfaces/msg/float64_multi_array.h
[20.636s] -- Installing: /workspace/jazzy_ws/install/include/example_interfaces/example_interfaces/msg/multi_array_layout.h
[20.637s] -- Installing: /workspace/jazzy_ws/install/include/example_interfaces/example_interfaces/msg/int64_multi_array.h
[20.637s] -- Installing: /workspace/jazzy_ws/install/include/example_interfaces/example_interfaces/msg/float32.h
[20.637s] -- Installing: /workspace/jazzy_ws/install/include/example_interfaces/example_interfaces/msg/rosidl_generator_c__visibility_control.h
[20.637s] -- Installing: /workspace/jazzy_ws/install/include/example_interfaces/example_interfaces/srv
[20.637s] -- Installing: /workspace/jazzy_ws/install/include/example_interfaces/example_interfaces/srv/detail
[20.637s] -- Installing: /workspace/jazzy_ws/install/include/example_interfaces/example_interfaces/srv/detail/set_bool__type_support.h
[20.637s] -- Installing: /workspace/jazzy_ws/install/include/example_interfaces/example_interfaces/srv/detail/set_bool__type_support.c
[20.637s] -- Installing: /workspace/jazzy_ws/install/include/example_interfaces/example_interfaces/srv/detail/trigger__type_support.c
[20.637s] -- Installing: /workspace/jazzy_ws/install/include/example_interfaces/example_interfaces/srv/detail/add_two_ints__functions.h
[20.637s] -- Installing: /workspace/jazzy_ws/install/include/example_interfaces/example_interfaces/srv/detail/trigger__type_support.h
[20.637s] -- Installing: /workspace/jazzy_ws/install/include/example_interfaces/example_interfaces/srv/detail/trigger__functions.c
[20.637s] -- Installing: /workspace/jazzy_ws/install/include/example_interfaces/example_interfaces/srv/detail/set_bool__description.c
[20.637s] -- Installing: /workspace/jazzy_ws/install/include/example_interfaces/example_interfaces/srv/detail/trigger__description.c
[20.638s] -- Installing: /workspace/jazzy_ws/install/include/example_interfaces/example_interfaces/srv/detail/add_two_ints__type_support.h
[20.638s] -- Installing: /workspace/jazzy_ws/install/include/example_interfaces/example_interfaces/srv/detail/set_bool__functions.c
[20.638s] -- Installing: /workspace/jazzy_ws/install/include/example_interfaces/example_interfaces/srv/detail/trigger__functions.h
[20.638s] -- Installing: /workspace/jazzy_ws/install/include/example_interfaces/example_interfaces/srv/detail/add_two_ints__description.c
[20.638s] -- Installing: /workspace/jazzy_ws/install/include/example_interfaces/example_interfaces/srv/detail/set_bool__functions.h
[20.638s] -- Installing: /workspace/jazzy_ws/install/include/example_interfaces/example_interfaces/srv/detail/set_bool__struct.h
[20.638s] -- Installing: /workspace/jazzy_ws/install/include/example_interfaces/example_interfaces/srv/detail/add_two_ints__type_support.c
[20.638s] -- Installing: /workspace/jazzy_ws/install/include/example_interfaces/example_interfaces/srv/detail/add_two_ints__struct.h
[20.638s] -- Installing: /workspace/jazzy_ws/install/include/example_interfaces/example_interfaces/srv/detail/trigger__struct.h
[20.638s] -- Installing: /workspace/jazzy_ws/install/include/example_interfaces/example_interfaces/srv/detail/add_two_ints__functions.c
[20.638s] -- Installing: /workspace/jazzy_ws/install/include/example_interfaces/example_interfaces/srv/add_two_ints.h
[20.638s] -- Installing: /workspace/jazzy_ws/install/include/example_interfaces/example_interfaces/srv/set_bool.h
[20.639s] -- Installing: /workspace/jazzy_ws/install/include/example_interfaces/example_interfaces/srv/trigger.h
[20.639s] -- Installing: /workspace/jazzy_ws/install/include/example_interfaces/example_interfaces/action
[20.639s] -- Installing: /workspace/jazzy_ws/install/include/example_interfaces/example_interfaces/action/detail
[20.639s] -- Installing: /workspace/jazzy_ws/install/include/example_interfaces/example_interfaces/action/detail/fibonacci__type_support.h
[20.639s] -- Installing: /workspace/jazzy_ws/install/include/example_interfaces/example_interfaces/action/detail/fibonacci__functions.c
[20.639s] -- Installing: /workspace/jazzy_ws/install/include/example_interfaces/example_interfaces/action/detail/fibonacci__struct.h
[20.639s] -- Installing: /workspace/jazzy_ws/install/include/example_interfaces/example_interfaces/action/detail/fibonacci__description.c
[20.639s] -- Installing: /workspace/jazzy_ws/install/include/example_interfaces/example_interfaces/action/detail/fibonacci__type_support.c
[20.639s] -- Installing: /workspace/jazzy_ws/install/include/example_interfaces/example_interfaces/action/detail/fibonacci__functions.h
[20.639s] -- Installing: /workspace/jazzy_ws/install/include/example_interfaces/example_interfaces/action/fibonacci.h
[20.639s] -- Installing: /workspace/jazzy_ws/install/share/example_interfaces/environment/library_path.sh
[20.640s] -- Installing: /workspace/jazzy_ws/install/share/example_interfaces/environment/library_path.dsv
[20.640s] -- Installing: /workspace/jazzy_ws/install/lib/libexample_interfaces__rosidl_generator_c.so
[20.640s] -- Set non-toolchain portion of runtime path of "/workspace/jazzy_ws/install/lib/libexample_interfaces__rosidl_generator_c.so" to ""
[20.640s] -- Up-to-date: /workspace/jazzy_ws/install/include/example_interfaces/example_interfaces
[20.641s] -- Up-to-date: /workspace/jazzy_ws/install/include/example_interfaces/example_interfaces/msg
[20.641s] -- Up-to-date: /workspace/jazzy_ws/install/include/example_interfaces/example_interfaces/msg/detail
[20.641s] -- Installing: /workspace/jazzy_ws/install/include/example_interfaces/example_interfaces/msg/detail/u_int16_multi_array__rosidl_typesupport_fastrtps_c.h
[20.641s] -- Installing: /workspace/jazzy_ws/install/include/example_interfaces/example_interfaces/msg/detail/int32_multi_array__rosidl_typesupport_fastrtps_c.h
[20.641s] -- Installing: /workspace/jazzy_ws/install/include/example_interfaces/example_interfaces/msg/detail/u_int64_multi_array__rosidl_typesupport_fastrtps_c.h
[20.641s] -- Installing: /workspace/jazzy_ws/install/include/example_interfaces/example_interfaces/msg/detail/int8__rosidl_typesupport_fastrtps_c.h
[20.641s] -- Installing: /workspace/jazzy_ws/install/include/example_interfaces/example_interfaces/msg/detail/int16_multi_array__rosidl_typesupport_fastrtps_c.h
[20.641s] -- Installing: /workspace/jazzy_ws/install/include/example_interfaces/example_interfaces/msg/detail/int8_multi_array__rosidl_typesupport_fastrtps_c.h
[20.641s] -- Installing: /workspace/jazzy_ws/install/include/example_interfaces/example_interfaces/msg/detail/u_int64__rosidl_typesupport_fastrtps_c.h
[20.641s] -- Installing: /workspace/jazzy_ws/install/include/example_interfaces/example_interfaces/msg/detail/byte__rosidl_typesupport_fastrtps_c.h
[20.641s] -- Installing: /workspace/jazzy_ws/install/include/example_interfaces/example_interfaces/msg/detail/u_int32_multi_array__rosidl_typesupport_fastrtps_c.h
[20.641s] -- Installing: /workspace/jazzy_ws/install/include/example_interfaces/example_interfaces/msg/detail/int64_multi_array__rosidl_typesupport_fastrtps_c.h
[20.641s] -- Installing: /workspace/jazzy_ws/install/include/example_interfaces/example_interfaces/msg/detail/u_int32__rosidl_typesupport_fastrtps_c.h
[20.641s] -- Installing: /workspace/jazzy_ws/install/include/example_interfaces/example_interfaces/msg/detail/u_int16__rosidl_typesupport_fastrtps_c.h
[20.642s] -- Installing: /workspace/jazzy_ws/install/include/example_interfaces/example_interfaces/msg/detail/int16__rosidl_typesupport_fastrtps_c.h
[20.642s] -- Installing: /workspace/jazzy_ws/install/include/example_interfaces/example_interfaces/msg/detail/byte_multi_array__rosidl_typesupport_fastrtps_c.h
[20.642s] -- Installing: /workspace/jazzy_ws/install/include/example_interfaces/example_interfaces/msg/detail/bool__rosidl_typesupport_fastrtps_c.h
[20.642s] -- Installing: /workspace/jazzy_ws/install/include/example_interfaces/example_interfaces/msg/detail/string__rosidl_typesupport_fastrtps_c.h
[20.642s] -- Installing: /workspace/jazzy_ws/install/include/example_interfaces/example_interfaces/msg/detail/float64_multi_array__rosidl_typesupport_fastrtps_c.h
[20.642s] -- Installing: /workspace/jazzy_ws/install/include/example_interfaces/example_interfaces/msg/detail/u_int8_multi_array__rosidl_typesupport_fastrtps_c.h
[20.642s] -- Installing: /workspace/jazzy_ws/install/include/example_interfaces/example_interfaces/msg/detail/int32__rosidl_typesupport_fastrtps_c.h
[20.642s] -- Installing: /workspace/jazzy_ws/install/include/example_interfaces/example_interfaces/msg/detail/float32__rosidl_typesupport_fastrtps_c.h
[20.642s] -- Installing: /workspace/jazzy_ws/install/include/example_interfaces/example_interfaces/msg/detail/char__rosidl_typesupport_fastrtps_c.h
[20.642s] -- Installing: /workspace/jazzy_ws/install/include/example_interfaces/example_interfaces/msg/detail/u_int8__rosidl_typesupport_fastrtps_c.h
[20.642s] -- Installing: /workspace/jazzy_ws/install/include/example_interfaces/example_interfaces/msg/detail/int64__rosidl_typesupport_fastrtps_c.h
[20.642s] -- Installing: /workspace/jazzy_ws/install/include/example_interfaces/example_interfaces/msg/detail/empty__rosidl_typesupport_fastrtps_c.h
[20.643s] -- Installing: /workspace/jazzy_ws/install/include/example_interfaces/example_interfaces/msg/detail/float64__rosidl_typesupport_fastrtps_c.h
[20.643s] -- Installing: /workspace/jazzy_ws/install/include/example_interfaces/example_interfaces/msg/detail/multi_array_dimension__rosidl_typesupport_fastrtps_c.h
[20.643s] -- Installing: /workspace/jazzy_ws/install/include/example_interfaces/example_interfaces/msg/detail/w_string__rosidl_typesupport_fastrtps_c.h
[20.643s] -- Installing: /workspace/jazzy_ws/install/include/example_interfaces/example_interfaces/msg/detail/float32_multi_array__rosidl_typesupport_fastrtps_c.h
[20.643s] -- Installing: /workspace/jazzy_ws/install/include/example_interfaces/example_interfaces/msg/detail/multi_array_layout__rosidl_typesupport_fastrtps_c.h
[20.643s] -- Installing: /workspace/jazzy_ws/install/include/example_interfaces/example_interfaces/msg/rosidl_typesupport_fastrtps_c__visibility_control.h
[20.643s] -- Up-to-date: /workspace/jazzy_ws/install/include/example_interfaces/example_interfaces/srv
[20.643s] -- Up-to-date: /workspace/jazzy_ws/install/include/example_interfaces/example_interfaces/srv/detail
[20.643s] -- Installing: /workspace/jazzy_ws/install/include/example_interfaces/example_interfaces/srv/detail/set_bool__rosidl_typesupport_fastrtps_c.h
[20.643s] -- Installing: /workspace/jazzy_ws/install/include/example_interfaces/example_interfaces/srv/detail/add_two_ints__rosidl_typesupport_fastrtps_c.h
[20.643s] -- Installing: /workspace/jazzy_ws/install/include/example_interfaces/example_interfaces/srv/detail/trigger__rosidl_typesupport_fastrtps_c.h
[20.643s] -- Up-to-date: /workspace/jazzy_ws/install/include/example_interfaces/example_interfaces/action
[20.643s] -- Up-to-date: /workspace/jazzy_ws/install/include/example_interfaces/example_interfaces/action/detail
[20.644s] -- Installing: /workspace/jazzy_ws/install/include/example_interfaces/example_interfaces/action/detail/fibonacci__rosidl_typesupport_fastrtps_c.h
[20.644s] -- Installing: /workspace/jazzy_ws/install/lib/libexample_interfaces__rosidl_typesupport_fastrtps_c.so
[20.644s] -- Set non-toolchain portion of runtime path of "/workspace/jazzy_ws/install/lib/libexample_interfaces__rosidl_typesupport_fastrtps_c.so" to ""
[20.644s] -- Up-to-date: /workspace/jazzy_ws/install/include/example_interfaces/example_interfaces
[20.644s] -- Up-to-date: /workspace/jazzy_ws/install/include/example_interfaces/example_interfaces/msg
[20.644s] -- Up-to-date: /workspace/jazzy_ws/install/include/example_interfaces/example_interfaces/msg/detail
[20.644s] -- Installing: /workspace/jazzy_ws/install/include/example_interfaces/example_interfaces/msg/detail/int64_multi_array__type_support.c
[20.644s] -- Installing: /workspace/jazzy_ws/install/include/example_interfaces/example_interfaces/msg/detail/int8_multi_array__type_support.c
[20.644s] -- Installing: /workspace/jazzy_ws/install/include/example_interfaces/example_interfaces/msg/detail/u_int64_multi_array__type_support.c
[20.645s] -- Installing: /workspace/jazzy_ws/install/include/example_interfaces/example_interfaces/msg/detail/u_int32_multi_array__type_support.c
[20.645s] -- Installing: /workspace/jazzy_ws/install/include/example_interfaces/example_interfaces/msg/detail/u_int32_multi_array__rosidl_typesupport_introspection_c.h
[20.645s] -- Installing: /workspace/jazzy_ws/install/include/example_interfaces/example_interfaces/msg/detail/int16__type_support.c
[20.645s] -- Installing: /workspace/jazzy_ws/install/include/example_interfaces/example_interfaces/msg/detail/byte_multi_array__rosidl_typesupport_introspection_c.h
[20.645s] -- Installing: /workspace/jazzy_ws/install/include/example_interfaces/example_interfaces/msg/detail/bool__type_support.c
[20.645s] -- Installing: /workspace/jazzy_ws/install/include/example_interfaces/example_interfaces/msg/detail/u_int64__rosidl_typesupport_introspection_c.h
[20.645s] -- Installing: /workspace/jazzy_ws/install/include/example_interfaces/example_interfaces/msg/detail/multi_array_dimension__type_support.c
[20.645s] -- Installing: /workspace/jazzy_ws/install/include/example_interfaces/example_interfaces/msg/detail/u_int8__type_support.c
[20.645s] -- Installing: /workspace/jazzy_ws/install/include/example_interfaces/example_interfaces/msg/detail/byte__type_support.c
[20.645s] -- Installing: /workspace/jazzy_ws/install/include/example_interfaces/example_interfaces/msg/detail/u_int16_multi_array__rosidl_typesupport_introspection_c.h
[20.645s] -- Installing: /workspace/jazzy_ws/install/include/example_interfaces/example_interfaces/msg/detail/int64__rosidl_typesupport_introspection_c.h
[20.646s] -- Installing: /workspace/jazzy_ws/install/include/example_interfaces/example_interfaces/msg/detail/u_int16_multi_array__type_support.c
[20.646s] -- Installing: /workspace/jazzy_ws/install/include/example_interfaces/example_interfaces/msg/detail/int8__type_support.c
[20.646s] -- Installing: /workspace/jazzy_ws/install/include/example_interfaces/example_interfaces/msg/detail/float32_multi_array__rosidl_typesupport_introspection_c.h
[20.646s] -- Installing: /workspace/jazzy_ws/install/include/example_interfaces/example_interfaces/msg/detail/int32__rosidl_typesupport_introspection_c.h
[20.646s] -- Installing: /workspace/jazzy_ws/install/include/example_interfaces/example_interfaces/msg/detail/bool__rosidl_typesupport_introspection_c.h
[20.646s] -- Installing: /workspace/jazzy_ws/install/include/example_interfaces/example_interfaces/msg/detail/byte_multi_array__type_support.c
[20.646s] -- Installing: /workspace/jazzy_ws/install/include/example_interfaces/example_interfaces/msg/detail/multi_array_dimension__rosidl_typesupport_introspection_c.h
[20.646s] -- Installing: /workspace/jazzy_ws/install/include/example_interfaces/example_interfaces/msg/detail/u_int8_multi_array__type_support.c
[20.646s] -- Installing: /workspace/jazzy_ws/install/include/example_interfaces/example_interfaces/msg/detail/u_int16__type_support.c
[20.647s] -- Installing: /workspace/jazzy_ws/install/include/example_interfaces/example_interfaces/msg/detail/u_int32__rosidl_typesupport_introspection_c.h
[20.647s] -- Installing: /workspace/jazzy_ws/install/include/example_interfaces/example_interfaces/msg/detail/float32__type_support.c
[20.647s] -- Installing: /workspace/jazzy_ws/install/include/example_interfaces/example_interfaces/msg/detail/char__type_support.c
[20.647s] -- Installing: /workspace/jazzy_ws/install/include/example_interfaces/example_interfaces/msg/detail/w_string__type_support.c
[20.647s] -- Installing: /workspace/jazzy_ws/install/include/example_interfaces/example_interfaces/msg/detail/multi_array_layout__rosidl_typesupport_introspection_c.h
[20.647s] -- Installing: /workspace/jazzy_ws/install/include/example_interfaces/example_interfaces/msg/detail/u_int16__rosidl_typesupport_introspection_c.h
[20.647s] -- Installing: /workspace/jazzy_ws/install/include/example_interfaces/example_interfaces/msg/detail/char__rosidl_typesupport_introspection_c.h
[20.647s] -- Installing: /workspace/jazzy_ws/install/include/example_interfaces/example_interfaces/msg/detail/int8_multi_array__rosidl_typesupport_introspection_c.h
[20.647s] -- Installing: /workspace/jazzy_ws/install/include/example_interfaces/example_interfaces/msg/detail/empty__rosidl_typesupport_introspection_c.h
[20.647s] -- Installing: /workspace/jazzy_ws/install/include/example_interfaces/example_interfaces/msg/detail/u_int32__type_support.c
[20.648s] -- Installing: /workspace/jazzy_ws/install/include/example_interfaces/example_interfaces/msg/detail/string__type_support.c
[20.648s] -- Installing: /workspace/jazzy_ws/install/include/example_interfaces/example_interfaces/msg/detail/int32__type_support.c
[20.648s] -- Installing: /workspace/jazzy_ws/install/include/example_interfaces/example_interfaces/msg/detail/float64_multi_array__type_support.c
[20.648s] -- Installing: /workspace/jazzy_ws/install/include/example_interfaces/example_interfaces/msg/detail/int16_multi_array__rosidl_typesupport_introspection_c.h
[20.648s] -- Installing: /workspace/jazzy_ws/install/include/example_interfaces/example_interfaces/msg/detail/u_int64__type_support.c
[20.648s] -- Installing: /workspace/jazzy_ws/install/include/example_interfaces/example_interfaces/msg/detail/int32_multi_array__type_support.c
[20.648s] -- Installing: /workspace/jazzy_ws/install/include/example_interfaces/example_interfaces/msg/detail/empty__type_support.c
[20.648s] -- Installing: /workspace/jazzy_ws/install/include/example_interfaces/example_interfaces/msg/detail/int64_multi_array__rosidl_typesupport_introspection_c.h
[20.648s] -- Installing: /workspace/jazzy_ws/install/include/example_interfaces/example_interfaces/msg/detail/int16__rosidl_typesupport_introspection_c.h
[20.648s] -- Installing: /workspace/jazzy_ws/install/include/example_interfaces/example_interfaces/msg/detail/float64_multi_array__rosidl_typesupport_introspection_c.h
[20.649s] -- Installing: /workspace/jazzy_ws/install/include/example_interfaces/example_interfaces/msg/detail/int32_multi_array__rosidl_typesupport_introspection_c.h
[20.649s] -- Installing: /workspace/jazzy_ws/install/include/example_interfaces/example_interfaces/msg/detail/int64__type_support.c
[20.649s] -- Installing: /workspace/jazzy_ws/install/include/example_interfaces/example_interfaces/msg/detail/u_int64_multi_array__rosidl_typesupport_introspection_c.h
[20.649s] -- Installing: /workspace/jazzy_ws/install/include/example_interfaces/example_interfaces/msg/detail/float32__rosidl_typesupport_introspection_c.h
[20.649s] -- Installing: /workspace/jazzy_ws/install/include/example_interfaces/example_interfaces/msg/detail/float64__rosidl_typesupport_introspection_c.h
[20.649s] -- Installing: /workspace/jazzy_ws/install/include/example_interfaces/example_interfaces/msg/detail/w_string__rosidl_typesupport_introspection_c.h
[20.649s] -- Installing: /workspace/jazzy_ws/install/include/example_interfaces/example_interfaces/msg/detail/byte__rosidl_typesupport_introspection_c.h
[20.649s] -- Installing: /workspace/jazzy_ws/install/include/example_interfaces/example_interfaces/msg/detail/int16_multi_array__type_support.c
[20.649s] -- Installing: /workspace/jazzy_ws/install/include/example_interfaces/example_interfaces/msg/detail/u_int8__rosidl_typesupport_introspection_c.h
[20.649s] -- Installing: /workspace/jazzy_ws/install/include/example_interfaces/example_interfaces/msg/detail/int8__rosidl_typesupport_introspection_c.h
[20.649s] -- Installing: /workspace/jazzy_ws/install/include/example_interfaces/example_interfaces/msg/detail/float64__type_support.c
[20.649s] -- Installing: /workspace/jazzy_ws/install/include/example_interfaces/example_interfaces/msg/detail/float32_multi_array__type_support.c
[20.650s] -- Installing: /workspace/jazzy_ws/install/include/example_interfaces/example_interfaces/msg/detail/string__rosidl_typesupport_introspection_c.h
[20.650s] -- Installing: /workspace/jazzy_ws/install/include/example_interfaces/example_interfaces/msg/detail/multi_array_layout__type_support.c
[20.650s] -- Installing: /workspace/jazzy_ws/install/include/example_interfaces/example_interfaces/msg/detail/u_int8_multi_array__rosidl_typesupport_introspection_c.h
[20.650s] -- Installing: /workspace/jazzy_ws/install/include/example_interfaces/example_interfaces/msg/rosidl_typesupport_introspection_c__visibility_control.h
[20.650s] -- Up-to-date: /workspace/jazzy_ws/install/include/example_interfaces/example_interfaces/srv
[20.650s] -- Up-to-date: /workspace/jazzy_ws/install/include/example_interfaces/example_interfaces/srv/detail
[20.650s] -- Installing: /workspace/jazzy_ws/install/include/example_interfaces/example_interfaces/srv/detail/set_bool__rosidl_typesupport_introspection_c.h
[20.650s] -- Installing: /workspace/jazzy_ws/install/include/example_interfaces/example_interfaces/srv/detail/set_bool__type_support.c
[20.650s] -- Installing: /workspace/jazzy_ws/install/include/example_interfaces/example_interfaces/srv/detail/trigger__type_support.c
[20.650s] -- Installing: /workspace/jazzy_ws/install/include/example_interfaces/example_interfaces/srv/detail/trigger__rosidl_typesupport_introspection_c.h
[20.650s] -- Installing: /workspace/jazzy_ws/install/include/example_interfaces/example_interfaces/srv/detail/add_two_ints__type_support.c
[20.651s] -- Installing: /workspace/jazzy_ws/install/include/example_interfaces/example_interfaces/srv/detail/add_two_ints__rosidl_typesupport_introspection_c.h
[20.651s] -- Up-to-date: /workspace/jazzy_ws/install/include/example_interfaces/example_interfaces/action
[20.651s] -- Up-to-date: /workspace/jazzy_ws/install/include/example_interfaces/example_interfaces/action/detail
[20.651s] -- Installing: /workspace/jazzy_ws/install/include/example_interfaces/example_interfaces/action/detail/fibonacci__rosidl_typesupport_introspection_c.h
[20.651s] -- Installing: /workspace/jazzy_ws/install/include/example_interfaces/example_interfaces/action/detail/fibonacci__type_support.c
[20.651s] -- Installing: /workspace/jazzy_ws/install/lib/libexample_interfaces__rosidl_typesupport_introspection_c.so
[20.651s] -- Set non-toolchain portion of runtime path of "/workspace/jazzy_ws/install/lib/libexample_interfaces__rosidl_typesupport_introspection_c.so" to ""
[20.651s] -- Installing: /workspace/jazzy_ws/install/lib/libexample_interfaces__rosidl_typesupport_c.so
[20.652s] -- Set non-toolchain portion of runtime path of "/workspace/jazzy_ws/install/lib/libexample_interfaces__rosidl_typesupport_c.so" to ""
[20.652s] -- Up-to-date: /workspace/jazzy_ws/install/include/example_interfaces/example_interfaces
[20.652s] -- Up-to-date: /workspace/jazzy_ws/install/include/example_interfaces/example_interfaces/msg
[20.652s] -- Up-to-date: /workspace/jazzy_ws/install/include/example_interfaces/example_interfaces/msg/detail
[20.652s] -- Installing: /workspace/jazzy_ws/install/include/example_interfaces/example_interfaces/msg/detail/int64_multi_array__struct.hpp
[20.652s] -- Installing: /workspace/jazzy_ws/install/include/example_interfaces/example_interfaces/msg/detail/int8__builder.hpp
[20.652s] -- Installing: /workspace/jazzy_ws/install/include/example_interfaces/example_interfaces/msg/detail/multi_array_layout__struct.hpp
[20.652s] -- Installing: /workspace/jazzy_ws/install/include/example_interfaces/example_interfaces/msg/detail/int8_multi_array__struct.hpp
[20.652s] -- Installing: /workspace/jazzy_ws/install/include/example_interfaces/example_interfaces/msg/detail/u_int32_multi_array__builder.hpp
[20.652s] -- Installing: /workspace/jazzy_ws/install/include/example_interfaces/example_interfaces/msg/detail/empty__struct.hpp
[20.653s] -- Installing: /workspace/jazzy_ws/install/include/example_interfaces/example_interfaces/msg/detail/int64__type_support.hpp
[20.653s] -- Installing: /workspace/jazzy_ws/install/include/example_interfaces/example_interfaces/msg/detail/int64__builder.hpp
[20.653s] -- Installing: /workspace/jazzy_ws/install/include/example_interfaces/example_interfaces/msg/detail/u_int16__builder.hpp
[20.653s] -- Installing: /workspace/jazzy_ws/install/include/example_interfaces/example_interfaces/msg/detail/float64__builder.hpp
[20.653s] -- Installing: /workspace/jazzy_ws/install/include/example_interfaces/example_interfaces/msg/detail/int16_multi_array__builder.hpp
[20.654s] -- Installing: /workspace/jazzy_ws/install/include/example_interfaces/example_interfaces/msg/detail/multi_array_dimension__builder.hpp
[20.654s] -- Installing: /workspace/jazzy_ws/install/include/example_interfaces/example_interfaces/msg/detail/float32_multi_array__builder.hpp
[20.654s] -- Installing: /workspace/jazzy_ws/install/include/example_interfaces/example_interfaces/msg/detail/u_int8__builder.hpp
[20.654s] -- Installing: /workspace/jazzy_ws/install/include/example_interfaces/example_interfaces/msg/detail/int16__traits.hpp
[20.654s] -- Installing: /workspace/jazzy_ws/install/include/example_interfaces/example_interfaces/msg/detail/bool__traits.hpp
[20.654s] -- Installing: /workspace/jazzy_ws/install/include/example_interfaces/example_interfaces/msg/detail/u_int8_multi_array__builder.hpp
[20.654s] -- Installing: /workspace/jazzy_ws/install/include/example_interfaces/example_interfaces/msg/detail/empty__builder.hpp
[20.654s] -- Installing: /workspace/jazzy_ws/install/include/example_interfaces/example_interfaces/msg/detail/string__type_support.hpp
[20.654s] -- Installing: /workspace/jazzy_ws/install/include/example_interfaces/example_interfaces/msg/detail/bool__type_support.hpp
[20.654s] -- Installing: /workspace/jazzy_ws/install/include/example_interfaces/example_interfaces/msg/detail/u_int8__traits.hpp
[20.654s] -- Installing: /workspace/jazzy_ws/install/include/example_interfaces/example_interfaces/msg/detail/u_int16_multi_array__type_support.hpp
[20.655s] -- Installing: /workspace/jazzy_ws/install/include/example_interfaces/example_interfaces/msg/detail/empty__traits.hpp
[20.655s] -- Installing: /workspace/jazzy_ws/install/include/example_interfaces/example_interfaces/msg/detail/float64_multi_array__struct.hpp
[20.655s] -- Installing: /workspace/jazzy_ws/install/include/example_interfaces/example_interfaces/msg/detail/u_int16_multi_array__traits.hpp
[20.655s] -- Installing: /workspace/jazzy_ws/install/include/example_interfaces/example_interfaces/msg/detail/multi_array_dimension__traits.hpp
[20.655s] -- Installing: /workspace/jazzy_ws/install/include/example_interfaces/example_interfaces/msg/detail/u_int32__builder.hpp
[20.655s] -- Installing: /workspace/jazzy_ws/install/include/example_interfaces/example_interfaces/msg/detail/w_string__builder.hpp
[20.655s] -- Installing: /workspace/jazzy_ws/install/include/example_interfaces/example_interfaces/msg/detail/char__struct.hpp
[20.655s] -- Installing: /workspace/jazzy_ws/install/include/example_interfaces/example_interfaces/msg/detail/int64__traits.hpp
[20.655s] -- Installing: /workspace/jazzy_ws/install/include/example_interfaces/example_interfaces/msg/detail/w_string__struct.hpp
[20.655s] -- Installing: /workspace/jazzy_ws/install/include/example_interfaces/example_interfaces/msg/detail/u_int16__traits.hpp
[20.655s] -- Installing: /workspace/jazzy_ws/install/include/example_interfaces/example_interfaces/msg/detail/u_int32__type_support.hpp
[20.656s] -- Installing: /workspace/jazzy_ws/install/include/example_interfaces/example_interfaces/msg/detail/int64_multi_array__traits.hpp
[20.656s] -- Installing: /workspace/jazzy_ws/install/include/example_interfaces/example_interfaces/msg/detail/int16_multi_array__traits.hpp
[20.656s] -- Installing: /workspace/jazzy_ws/install/include/example_interfaces/example_interfaces/msg/detail/u_int8_multi_array__struct.hpp
[20.656s] -- Installing: /workspace/jazzy_ws/install/include/example_interfaces/example_interfaces/msg/detail/byte_multi_array__struct.hpp
[20.656s] -- Installing: /workspace/jazzy_ws/install/include/example_interfaces/example_interfaces/msg/detail/int8__traits.hpp
[20.656s] -- Installing: /workspace/jazzy_ws/install/include/example_interfaces/example_interfaces/msg/detail/int64_multi_array__builder.hpp
[20.656s] -- Installing: /workspace/jazzy_ws/install/include/example_interfaces/example_interfaces/msg/detail/u_int64__traits.hpp
[20.656s] -- Installing: /workspace/jazzy_ws/install/include/example_interfaces/example_interfaces/msg/detail/string__struct.hpp
[20.656s] -- Installing: /workspace/jazzy_ws/install/include/example_interfaces/example_interfaces/msg/detail/int32_multi_array__traits.hpp
[20.656s] -- Installing: /workspace/jazzy_ws/install/include/example_interfaces/example_interfaces/msg/detail/int32_multi_array__type_support.hpp
[20.657s] -- Installing: /workspace/jazzy_ws/install/include/example_interfaces/example_interfaces/msg/detail/byte__type_support.hpp
[20.657s] -- Installing: /workspace/jazzy_ws/install/include/example_interfaces/example_interfaces/msg/detail/multi_array_layout__builder.hpp
[20.657s] -- Installing: /workspace/jazzy_ws/install/include/example_interfaces/example_interfaces/msg/detail/u_int64__type_support.hpp
[20.657s] -- Installing: /workspace/jazzy_ws/install/include/example_interfaces/example_interfaces/msg/detail/w_string__type_support.hpp
[20.657s] -- Installing: /workspace/jazzy_ws/install/include/example_interfaces/example_interfaces/msg/detail/float64__struct.hpp
[20.657s] -- Installing: /workspace/jazzy_ws/install/include/example_interfaces/example_interfaces/msg/detail/bool__builder.hpp
[20.657s] -- Installing: /workspace/jazzy_ws/install/include/example_interfaces/example_interfaces/msg/detail/float64_multi_array__traits.hpp
[20.657s] -- Installing: /workspace/jazzy_ws/install/include/example_interfaces/example_interfaces/msg/detail/char__traits.hpp
[20.657s] -- Installing: /workspace/jazzy_ws/install/include/example_interfaces/example_interfaces/msg/detail/w_string__traits.hpp
[20.658s] -- Installing: /workspace/jazzy_ws/install/include/example_interfaces/example_interfaces/msg/detail/u_int32__traits.hpp
[20.658s] -- Installing: /workspace/jazzy_ws/install/include/example_interfaces/example_interfaces/msg/detail/u_int64__struct.hpp
[20.658s] -- Installing: /workspace/jazzy_ws/install/include/example_interfaces/example_interfaces/msg/detail/float64_multi_array__type_support.hpp
[20.658s] -- Installing: /workspace/jazzy_ws/install/include/example_interfaces/example_interfaces/msg/detail/float64__traits.hpp
[20.658s] -- Installing: /workspace/jazzy_ws/install/include/example_interfaces/example_interfaces/msg/detail/float32__struct.hpp
[20.658s] -- Installing: /workspace/jazzy_ws/install/include/example_interfaces/example_interfaces/msg/detail/u_int8__struct.hpp
[20.658s] -- Installing: /workspace/jazzy_ws/install/include/example_interfaces/example_interfaces/msg/detail/int16__struct.hpp
[20.658s] -- Installing: /workspace/jazzy_ws/install/include/example_interfaces/example_interfaces/msg/detail/u_int32__struct.hpp
[20.658s] -- Installing: /workspace/jazzy_ws/install/include/example_interfaces/example_interfaces/msg/detail/byte__builder.hpp
[20.658s] -- Installing: /workspace/jazzy_ws/install/include/example_interfaces/example_interfaces/msg/detail/u_int64_multi_array__traits.hpp
[20.658s] -- Installing: /workspace/jazzy_ws/install/include/example_interfaces/example_interfaces/msg/detail/char__builder.hpp
[20.659s] -- Installing: /workspace/jazzy_ws/install/include/example_interfaces/example_interfaces/msg/detail/float32_multi_array__struct.hpp
[20.659s] -- Installing: /workspace/jazzy_ws/install/include/example_interfaces/example_interfaces/msg/detail/int8__struct.hpp
[20.659s] -- Installing: /workspace/jazzy_ws/install/include/example_interfaces/example_interfaces/msg/detail/char__type_support.hpp
[20.659s] -- Installing: /workspace/jazzy_ws/install/include/example_interfaces/example_interfaces/msg/detail/int16__builder.hpp
[20.659s] -- Installing: /workspace/jazzy_ws/install/include/example_interfaces/example_interfaces/msg/detail/int32__traits.hpp
[20.659s] -- Installing: /workspace/jazzy_ws/install/include/example_interfaces/example_interfaces/msg/detail/int16__type_support.hpp
[20.659s] -- Installing: /workspace/jazzy_ws/install/include/example_interfaces/example_interfaces/msg/detail/u_int8__type_support.hpp
[20.659s] -- Installing: /workspace/jazzy_ws/install/include/example_interfaces/example_interfaces/msg/detail/u_int16_multi_array__builder.hpp
[20.659s] -- Installing: /workspace/jazzy_ws/install/include/example_interfaces/example_interfaces/msg/detail/float64__type_support.hpp
[20.659s] -- Installing: /workspace/jazzy_ws/install/include/example_interfaces/example_interfaces/msg/detail/int8__type_support.hpp
[20.659s] -- Installing: /workspace/jazzy_ws/install/include/example_interfaces/example_interfaces/msg/detail/multi_array_layout__traits.hpp
[20.660s] -- Installing: /workspace/jazzy_ws/install/include/example_interfaces/example_interfaces/msg/detail/float32__builder.hpp
[20.660s] -- Installing: /workspace/jazzy_ws/install/include/example_interfaces/example_interfaces/msg/detail/int32__type_support.hpp
[20.660s] -- Installing: /workspace/jazzy_ws/install/include/example_interfaces/example_interfaces/msg/detail/u_int8_multi_array__traits.hpp
[20.660s] -- Installing: /workspace/jazzy_ws/install/include/example_interfaces/example_interfaces/msg/detail/byte__traits.hpp
[20.660s] -- Installing: /workspace/jazzy_ws/install/include/example_interfaces/example_interfaces/msg/detail/string__traits.hpp
[20.660s] -- Installing: /workspace/jazzy_ws/install/include/example_interfaces/example_interfaces/msg/detail/u_int32_multi_array__traits.hpp
[20.660s] -- Installing: /workspace/jazzy_ws/install/include/example_interfaces/example_interfaces/msg/detail/int32_multi_array__struct.hpp
[20.660s] -- Installing: /workspace/jazzy_ws/install/include/example_interfaces/example_interfaces/msg/detail/byte__struct.hpp
[20.661s] -- Installing: /workspace/jazzy_ws/install/include/example_interfaces/example_interfaces/msg/detail/u_int32_multi_array__type_support.hpp
[20.661s] -- Installing: /workspace/jazzy_ws/install/include/example_interfaces/example_interfaces/msg/detail/float32_multi_array__traits.hpp
[20.661s] -- Installing: /workspace/jazzy_ws/install/include/example_interfaces/example_interfaces/msg/detail/u_int64_multi_array__type_support.hpp
[20.661s] -- Installing: /workspace/jazzy_ws/install/include/example_interfaces/example_interfaces/msg/detail/byte_multi_array__type_support.hpp
[20.661s] -- Installing: /workspace/jazzy_ws/install/include/example_interfaces/example_interfaces/msg/detail/multi_array_dimension__type_support.hpp
[20.661s] -- Installing: /workspace/jazzy_ws/install/include/example_interfaces/example_interfaces/msg/detail/multi_array_dimension__struct.hpp
[20.661s] -- Installing: /workspace/jazzy_ws/install/include/example_interfaces/example_interfaces/msg/detail/int8_multi_array__builder.hpp
[20.661s] -- Installing: /workspace/jazzy_ws/install/include/example_interfaces/example_interfaces/msg/detail/u_int16__type_support.hpp
[20.661s] -- Installing: /workspace/jazzy_ws/install/include/example_interfaces/example_interfaces/msg/detail/u_int8_multi_array__type_support.hpp
[20.661s] -- Installing: /workspace/jazzy_ws/install/include/example_interfaces/example_interfaces/msg/detail/string__builder.hpp
[20.661s] -- Installing: /workspace/jazzy_ws/install/include/example_interfaces/example_interfaces/msg/detail/int8_multi_array__type_support.hpp
[20.661s] -- Installing: /workspace/jazzy_ws/install/include/example_interfaces/example_interfaces/msg/detail/float32__type_support.hpp
[20.661s] -- Installing: /workspace/jazzy_ws/install/include/example_interfaces/example_interfaces/msg/detail/empty__type_support.hpp
[20.662s] -- Installing: /workspace/jazzy_ws/install/include/example_interfaces/example_interfaces/msg/detail/u_int32_multi_array__struct.hpp
[20.662s] -- Installing: /workspace/jazzy_ws/install/include/example_interfaces/example_interfaces/msg/detail/int64__struct.hpp
[20.662s] -- Installing: /workspace/jazzy_ws/install/include/example_interfaces/example_interfaces/msg/detail/int32__struct.hpp
[20.662s] -- Installing: /workspace/jazzy_ws/install/include/example_interfaces/example_interfaces/msg/detail/int64_multi_array__type_support.hpp
[20.662s] -- Installing: /workspace/jazzy_ws/install/include/example_interfaces/example_interfaces/msg/detail/int32_multi_array__builder.hpp
[20.662s] -- Installing: /workspace/jazzy_ws/install/include/example_interfaces/example_interfaces/msg/detail/int16_multi_array__type_support.hpp
[20.662s] -- Installing: /workspace/jazzy_ws/install/include/example_interfaces/example_interfaces/msg/detail/float64_multi_array__builder.hpp
[20.662s] -- Installing: /workspace/jazzy_ws/install/include/example_interfaces/example_interfaces/msg/detail/u_int64_multi_array__builder.hpp
[20.662s] -- Installing: /workspace/jazzy_ws/install/include/example_interfaces/example_interfaces/msg/detail/u_int64__builder.hpp
[20.662s] -- Installing: /workspace/jazzy_ws/install/include/example_interfaces/example_interfaces/msg/detail/int8_multi_array__traits.hpp
[20.662s] -- Installing: /workspace/jazzy_ws/install/include/example_interfaces/example_interfaces/msg/detail/int16_multi_array__struct.hpp
[20.662s] -- Installing: /workspace/jazzy_ws/install/include/example_interfaces/example_interfaces/msg/detail/byte_multi_array__traits.hpp
[20.663s] -- Installing: /workspace/jazzy_ws/install/include/example_interfaces/example_interfaces/msg/detail/u_int16_multi_array__struct.hpp
[20.663s] -- Installing: /workspace/jazzy_ws/install/include/example_interfaces/example_interfaces/msg/detail/u_int64_multi_array__struct.hpp
[20.663s] -- Installing: /workspace/jazzy_ws/install/include/example_interfaces/example_interfaces/msg/detail/float32__traits.hpp
[20.663s] -- Installing: /workspace/jazzy_ws/install/include/example_interfaces/example_interfaces/msg/detail/byte_multi_array__builder.hpp
[20.663s] -- Installing: /workspace/jazzy_ws/install/include/example_interfaces/example_interfaces/msg/detail/float32_multi_array__type_support.hpp
[20.663s] -- Installing: /workspace/jazzy_ws/install/include/example_interfaces/example_interfaces/msg/detail/int32__builder.hpp
[20.663s] -- Installing: /workspace/jazzy_ws/install/include/example_interfaces/example_interfaces/msg/detail/u_int16__struct.hpp
[20.663s] -- Installing: /workspace/jazzy_ws/install/include/example_interfaces/example_interfaces/msg/detail/multi_array_layout__type_support.hpp
[20.663s] -- Installing: /workspace/jazzy_ws/install/include/example_interfaces/example_interfaces/msg/detail/bool__struct.hpp
[20.663s] -- Installing: /workspace/jazzy_ws/install/include/example_interfaces/example_interfaces/msg/float32_multi_array.hpp
[20.663s] -- Installing: /workspace/jazzy_ws/install/include/example_interfaces/example_interfaces/msg/u_int64_multi_array.hpp
[20.664s] -- Installing: /workspace/jazzy_ws/install/include/example_interfaces/example_interfaces/msg/int64_multi_array.hpp
[20.664s] -- Installing: /workspace/jazzy_ws/install/include/example_interfaces/example_interfaces/msg/u_int32.hpp
[20.664s] -- Installing: /workspace/jazzy_ws/install/include/example_interfaces/example_interfaces/msg/int16.hpp
[20.664s] -- Installing: /workspace/jazzy_ws/install/include/example_interfaces/example_interfaces/msg/u_int32_multi_array.hpp
[20.664s] -- Installing: /workspace/jazzy_ws/install/include/example_interfaces/example_interfaces/msg/multi_array_dimension.hpp
[20.664s] -- Installing: /workspace/jazzy_ws/install/include/example_interfaces/example_interfaces/msg/byte.hpp
[20.664s] -- Installing: /workspace/jazzy_ws/install/include/example_interfaces/example_interfaces/msg/rosidl_generator_cpp__visibility_control.hpp
[20.664s] -- Installing: /workspace/jazzy_ws/install/include/example_interfaces/example_interfaces/msg/u_int8_multi_array.hpp
[20.664s] -- Installing: /workspace/jazzy_ws/install/include/example_interfaces/example_interfaces/msg/byte_multi_array.hpp
[20.664s] -- Installing: /workspace/jazzy_ws/install/include/example_interfaces/example_interfaces/msg/int16_multi_array.hpp
[20.664s] -- Installing: /workspace/jazzy_ws/install/include/example_interfaces/example_interfaces/msg/u_int16_multi_array.hpp
[20.664s] -- Installing: /workspace/jazzy_ws/install/include/example_interfaces/example_interfaces/msg/u_int16.hpp
[20.665s] -- Installing: /workspace/jazzy_ws/install/include/example_interfaces/example_interfaces/msg/multi_array_layout.hpp
[20.665s] -- Installing: /workspace/jazzy_ws/install/include/example_interfaces/example_interfaces/msg/bool.hpp
[20.665s] -- Installing: /workspace/jazzy_ws/install/include/example_interfaces/example_interfaces/msg/int64.hpp
[20.665s] -- Installing: /workspace/jazzy_ws/install/include/example_interfaces/example_interfaces/msg/w_string.hpp
[20.665s] -- Installing: /workspace/jazzy_ws/install/include/example_interfaces/example_interfaces/msg/int32.hpp
[20.665s] -- Installing: /workspace/jazzy_ws/install/include/example_interfaces/example_interfaces/msg/u_int8.hpp
[20.665s] -- Installing: /workspace/jazzy_ws/install/include/example_interfaces/example_interfaces/msg/float64.hpp
[20.665s] -- Installing: /workspace/jazzy_ws/install/include/example_interfaces/example_interfaces/msg/float32.hpp
[20.665s] -- Installing: /workspace/jazzy_ws/install/include/example_interfaces/example_interfaces/msg/string.hpp
[20.665s] -- Installing: /workspace/jazzy_ws/install/include/example_interfaces/example_interfaces/msg/u_int64.hpp
[20.666s] -- Installing: /workspace/jazzy_ws/install/include/example_interfaces/example_interfaces/msg/empty.hpp
[20.666s] -- Installing: /workspace/jazzy_ws/install/include/example_interfaces/example_interfaces/msg/int32_multi_array.hpp
[20.666s] -- Installing: /workspace/jazzy_ws/install/include/example_interfaces/example_interfaces/msg/char.hpp
[20.666s] -- Installing: /workspace/jazzy_ws/install/include/example_interfaces/example_interfaces/msg/float64_multi_array.hpp
[20.666s] -- Installing: /workspace/jazzy_ws/install/include/example_interfaces/example_interfaces/msg/int8.hpp
[20.666s] -- Installing: /workspace/jazzy_ws/install/include/example_interfaces/example_interfaces/msg/int8_multi_array.hpp
[20.666s] -- Up-to-date: /workspace/jazzy_ws/install/include/example_interfaces/example_interfaces/srv
[20.666s] -- Up-to-date: /workspace/jazzy_ws/install/include/example_interfaces/example_interfaces/srv/detail
[20.666s] -- Installing: /workspace/jazzy_ws/install/include/example_interfaces/example_interfaces/srv/detail/trigger__builder.hpp
[20.666s] -- Installing: /workspace/jazzy_ws/install/include/example_interfaces/example_interfaces/srv/detail/trigger__struct.hpp
[20.666s] -- Installing: /workspace/jazzy_ws/install/include/example_interfaces/example_interfaces/srv/detail/add_two_ints__type_support.hpp
[20.667s] -- Installing: /workspace/jazzy_ws/install/include/example_interfaces/example_interfaces/srv/detail/set_bool__builder.hpp
[20.667s] -- Installing: /workspace/jazzy_ws/install/include/example_interfaces/example_interfaces/srv/detail/set_bool__struct.hpp
[20.667s] -- Installing: /workspace/jazzy_ws/install/include/example_interfaces/example_interfaces/srv/detail/set_bool__traits.hpp
[20.667s] -- Installing: /workspace/jazzy_ws/install/include/example_interfaces/example_interfaces/srv/detail/trigger__type_support.hpp
[20.667s] -- Installing: /workspace/jazzy_ws/install/include/example_interfaces/example_interfaces/srv/detail/set_bool__type_support.hpp
[20.667s] -- Installing: /workspace/jazzy_ws/install/include/example_interfaces/example_interfaces/srv/detail/add_two_ints__traits.hpp
[20.667s] -- Installing: /workspace/jazzy_ws/install/include/example_interfaces/example_interfaces/srv/detail/add_two_ints__builder.hpp
[20.667s] -- Installing: /workspace/jazzy_ws/install/include/example_interfaces/example_interfaces/srv/detail/trigger__traits.hpp
[20.667s] -- Installing: /workspace/jazzy_ws/install/include/example_interfaces/example_interfaces/srv/detail/add_two_ints__struct.hpp
[20.667s] -- Installing: /workspace/jazzy_ws/install/include/example_interfaces/example_interfaces/srv/add_two_ints.hpp
[20.667s] -- Installing: /workspace/jazzy_ws/install/include/example_interfaces/example_interfaces/srv/set_bool.hpp
[20.667s] -- Installing: /workspace/jazzy_ws/install/include/example_interfaces/example_interfaces/srv/trigger.hpp
[20.667s] -- Up-to-date: /workspace/jazzy_ws/install/include/example_interfaces/example_interfaces/action
[20.667s] -- Up-to-date: /workspace/jazzy_ws/install/include/example_interfaces/example_interfaces/action/detail
[20.667s] -- Installing: /workspace/jazzy_ws/install/include/example_interfaces/example_interfaces/action/detail/fibonacci__traits.hpp
[20.668s] -- Installing: /workspace/jazzy_ws/install/include/example_interfaces/example_interfaces/action/detail/fibonacci__struct.hpp
[20.668s] -- Installing: /workspace/jazzy_ws/install/include/example_interfaces/example_interfaces/action/detail/fibonacci__builder.hpp
[20.668s] -- Installing: /workspace/jazzy_ws/install/include/example_interfaces/example_interfaces/action/detail/fibonacci__type_support.hpp
[20.668s] -- Installing: /workspace/jazzy_ws/install/include/example_interfaces/example_interfaces/action/fibonacci.hpp
[20.668s] -- Up-to-date: /workspace/jazzy_ws/install/include/example_interfaces/example_interfaces
[20.668s] -- Up-to-date: /workspace/jazzy_ws/install/include/example_interfaces/example_interfaces/msg
[20.668s] -- Up-to-date: /workspace/jazzy_ws/install/include/example_interfaces/example_interfaces/msg/detail
[20.668s] -- Installing: /workspace/jazzy_ws/install/include/example_interfaces/example_interfaces/msg/detail/u_int32__rosidl_typesupport_fastrtps_cpp.hpp
[20.668s] -- Installing: /workspace/jazzy_ws/install/include/example_interfaces/example_interfaces/msg/detail/int8_multi_array__rosidl_typesupport_fastrtps_cpp.hpp
[20.668s] -- Installing: /workspace/jazzy_ws/install/include/example_interfaces/example_interfaces/msg/detail/int16_multi_array__rosidl_typesupport_fastrtps_cpp.hpp
[20.668s] -- Installing: /workspace/jazzy_ws/install/include/example_interfaces/example_interfaces/msg/detail/w_string__rosidl_typesupport_fastrtps_cpp.hpp
[20.668s] -- Installing: /workspace/jazzy_ws/install/include/example_interfaces/example_interfaces/msg/detail/float64__rosidl_typesupport_fastrtps_cpp.hpp
[20.669s] -- Installing: /workspace/jazzy_ws/install/include/example_interfaces/example_interfaces/msg/detail/bool__rosidl_typesupport_fastrtps_cpp.hpp
[20.669s] -- Installing: /workspace/jazzy_ws/install/include/example_interfaces/example_interfaces/msg/detail/u_int32_multi_array__rosidl_typesupport_fastrtps_cpp.hpp
[20.669s] -- Installing: /workspace/jazzy_ws/install/include/example_interfaces/example_interfaces/msg/detail/int8__rosidl_typesupport_fastrtps_cpp.hpp
[20.669s] -- Installing: /workspace/jazzy_ws/install/include/example_interfaces/example_interfaces/msg/detail/u_int64__rosidl_typesupport_fastrtps_cpp.hpp
[20.669s] -- Installing: /workspace/jazzy_ws/install/include/example_interfaces/example_interfaces/msg/detail/u_int8_multi_array__rosidl_typesupport_fastrtps_cpp.hpp
[20.669s] -- Installing: /workspace/jazzy_ws/install/include/example_interfaces/example_interfaces/msg/detail/int32_multi_array__rosidl_typesupport_fastrtps_cpp.hpp
[20.669s] -- Installing: /workspace/jazzy_ws/install/include/example_interfaces/example_interfaces/msg/detail/multi_array_layout__rosidl_typesupport_fastrtps_cpp.hpp
[20.669s] -- Installing: /workspace/jazzy_ws/install/include/example_interfaces/example_interfaces/msg/detail/empty__rosidl_typesupport_fastrtps_cpp.hpp
[20.669s] -- Installing: /workspace/jazzy_ws/install/include/example_interfaces/example_interfaces/msg/detail/int64__rosidl_typesupport_fastrtps_cpp.hpp
[20.670s] -- Installing: /workspace/jazzy_ws/install/include/example_interfaces/example_interfaces/msg/detail/float32__rosidl_typesupport_fastrtps_cpp.hpp
[20.670s] -- Installing: /workspace/jazzy_ws/install/include/example_interfaces/example_interfaces/msg/detail/int16__rosidl_typesupport_fastrtps_cpp.hpp
[20.670s] -- Installing: /workspace/jazzy_ws/install/include/example_interfaces/example_interfaces/msg/detail/byte_multi_array__rosidl_typesupport_fastrtps_cpp.hpp
[20.670s] -- Installing: /workspace/jazzy_ws/install/include/example_interfaces/example_interfaces/msg/detail/int32__rosidl_typesupport_fastrtps_cpp.hpp
[20.670s] -- Installing: /workspace/jazzy_ws/install/include/example_interfaces/example_interfaces/msg/detail/int64_multi_array__rosidl_typesupport_fastrtps_cpp.hpp
[20.670s] -- Installing: /workspace/jazzy_ws/install/include/example_interfaces/example_interfaces/msg/detail/dds_fastrtps
[20.670s] -- Installing: /workspace/jazzy_ws/install/include/example_interfaces/example_interfaces/msg/detail/char__rosidl_typesupport_fastrtps_cpp.hpp
[20.670s] -- Installing: /workspace/jazzy_ws/install/include/example_interfaces/example_interfaces/msg/detail/multi_array_dimension__rosidl_typesupport_fastrtps_cpp.hpp
[20.670s] -- Installing: /workspace/jazzy_ws/install/include/example_interfaces/example_interfaces/msg/detail/u_int8__rosidl_typesupport_fastrtps_cpp.hpp
[20.671s] -- Installing: /workspace/jazzy_ws/install/include/example_interfaces/example_interfaces/msg/detail/string__rosidl_typesupport_fastrtps_cpp.hpp
[20.671s] -- Installing: /workspace/jazzy_ws/install/include/example_interfaces/example_interfaces/msg/detail/float64_multi_array__rosidl_typesupport_fastrtps_cpp.hpp
[20.671s] -- Installing: /workspace/jazzy_ws/install/include/example_interfaces/example_interfaces/msg/detail/u_int16_multi_array__rosidl_typesupport_fastrtps_cpp.hpp
[20.671s] -- Installing: /workspace/jazzy_ws/install/include/example_interfaces/example_interfaces/msg/detail/float32_multi_array__rosidl_typesupport_fastrtps_cpp.hpp
[20.671s] -- Installing: /workspace/jazzy_ws/install/include/example_interfaces/example_interfaces/msg/detail/byte__rosidl_typesupport_fastrtps_cpp.hpp
[20.671s] -- Installing: /workspace/jazzy_ws/install/include/example_interfaces/example_interfaces/msg/detail/u_int64_multi_array__rosidl_typesupport_fastrtps_cpp.hpp
[20.671s] -- Installing: /workspace/jazzy_ws/install/include/example_interfaces/example_interfaces/msg/detail/u_int16__rosidl_typesupport_fastrtps_cpp.hpp
[20.671s] -- Installing: /workspace/jazzy_ws/install/include/example_interfaces/example_interfaces/msg/rosidl_typesupport_fastrtps_cpp__visibility_control.h
[20.671s] -- Up-to-date: /workspace/jazzy_ws/install/include/example_interfaces/example_interfaces/srv
[20.671s] -- Up-to-date: /workspace/jazzy_ws/install/include/example_interfaces/example_interfaces/srv/detail
[20.671s] -- Installing: /workspace/jazzy_ws/install/include/example_interfaces/example_interfaces/srv/detail/dds_fastrtps
[20.671s] -- Installing: /workspace/jazzy_ws/install/include/example_interfaces/example_interfaces/srv/detail/set_bool__rosidl_typesupport_fastrtps_cpp.hpp
[20.671s] -- Installing: /workspace/jazzy_ws/install/include/example_interfaces/example_interfaces/srv/detail/add_two_ints__rosidl_typesupport_fastrtps_cpp.hpp
[20.672s] -- Installing: /workspace/jazzy_ws/install/include/example_interfaces/example_interfaces/srv/detail/trigger__rosidl_typesupport_fastrtps_cpp.hpp
[20.672s] -- Up-to-date: /workspace/jazzy_ws/install/include/example_interfaces/example_interfaces/action
[20.672s] -- Up-to-date: /workspace/jazzy_ws/install/include/example_interfaces/example_interfaces/action/detail
[20.672s] -- Installing: /workspace/jazzy_ws/install/include/example_interfaces/example_interfaces/action/detail/fibonacci__rosidl_typesupport_fastrtps_cpp.hpp
[20.672s] -- Installing: /workspace/jazzy_ws/install/include/example_interfaces/example_interfaces/action/detail/dds_fastrtps
[20.672s] -- Installing: /workspace/jazzy_ws/install/lib/libexample_interfaces__rosidl_typesupport_fastrtps_cpp.so
[20.672s] -- Set non-toolchain portion of runtime path of "/workspace/jazzy_ws/install/lib/libexample_interfaces__rosidl_typesupport_fastrtps_cpp.so" to ""
[20.673s] -- Up-to-date: /workspace/jazzy_ws/install/include/example_interfaces/example_interfaces
[20.673s] -- Up-to-date: /workspace/jazzy_ws/install/include/example_interfaces/example_interfaces/msg
[20.673s] -- Up-to-date: /workspace/jazzy_ws/install/include/example_interfaces/example_interfaces/msg/detail
[20.673s] -- Installing: /workspace/jazzy_ws/install/include/example_interfaces/example_interfaces/msg/detail/float32__type_support.cpp
[20.673s] -- Installing: /workspace/jazzy_ws/install/include/example_interfaces/example_interfaces/msg/detail/string__type_support.cpp
[20.673s] -- Installing: /workspace/jazzy_ws/install/include/example_interfaces/example_interfaces/msg/detail/int8__type_support.cpp
[20.673s] -- Installing: /workspace/jazzy_ws/install/include/example_interfaces/example_interfaces/msg/detail/multi_array_dimension__type_support.cpp
[20.673s] -- Installing: /workspace/jazzy_ws/install/include/example_interfaces/example_interfaces/msg/detail/u_int16__rosidl_typesupport_introspection_cpp.hpp
[20.673s] -- Installing: /workspace/jazzy_ws/install/include/example_interfaces/example_interfaces/msg/detail/u_int64_multi_array__rosidl_typesupport_introspection_cpp.hpp
[20.673s] -- Installing: /workspace/jazzy_ws/install/include/example_interfaces/example_interfaces/msg/detail/u_int8_multi_array__type_support.cpp
[20.674s] -- Installing: /workspace/jazzy_ws/install/include/example_interfaces/example_interfaces/msg/detail/u_int16__type_support.cpp
[20.674s] -- Installing: /workspace/jazzy_ws/install/include/example_interfaces/example_interfaces/msg/detail/int64_multi_array__type_support.cpp
[20.674s] -- Installing: /workspace/jazzy_ws/install/include/example_interfaces/example_interfaces/msg/detail/u_int32__rosidl_typesupport_introspection_cpp.hpp
[20.674s] -- Installing: /workspace/jazzy_ws/install/include/example_interfaces/example_interfaces/msg/detail/float64_multi_array__rosidl_typesupport_introspection_cpp.hpp
[20.674s] -- Installing: /workspace/jazzy_ws/install/include/example_interfaces/example_interfaces/msg/detail/int8_multi_array__rosidl_typesupport_introspection_cpp.hpp
[20.674s] -- Installing: /workspace/jazzy_ws/install/include/example_interfaces/example_interfaces/msg/detail/int32__type_support.cpp
[20.674s] -- Installing: /workspace/jazzy_ws/install/include/example_interfaces/example_interfaces/msg/detail/int64__rosidl_typesupport_introspection_cpp.hpp
[20.674s] -- Installing: /workspace/jazzy_ws/install/include/example_interfaces/example_interfaces/msg/detail/int16_multi_array__rosidl_typesupport_introspection_cpp.hpp
[20.674s] -- Installing: /workspace/jazzy_ws/install/include/example_interfaces/example_interfaces/msg/detail/u_int64__type_support.cpp
[20.674s] -- Installing: /workspace/jazzy_ws/install/include/example_interfaces/example_interfaces/msg/detail/u_int32__type_support.cpp
[20.674s] -- Installing: /workspace/jazzy_ws/install/include/example_interfaces/example_interfaces/msg/detail/byte__type_support.cpp
[20.674s] -- Installing: /workspace/jazzy_ws/install/include/example_interfaces/example_interfaces/msg/detail/float64__rosidl_typesupport_introspection_cpp.hpp
[20.675s] -- Installing: /workspace/jazzy_ws/install/include/example_interfaces/example_interfaces/msg/detail/u_int16_multi_array__rosidl_typesupport_introspection_cpp.hpp
[20.675s] -- Installing: /workspace/jazzy_ws/install/include/example_interfaces/example_interfaces/msg/detail/float32_multi_array__rosidl_typesupport_introspection_cpp.hpp
[20.675s] -- Installing: /workspace/jazzy_ws/install/include/example_interfaces/example_interfaces/msg/detail/u_int64__rosidl_typesupport_introspection_cpp.hpp
[20.675s] -- Installing: /workspace/jazzy_ws/install/include/example_interfaces/example_interfaces/msg/detail/u_int8__rosidl_typesupport_introspection_cpp.hpp
[20.675s] -- Installing: /workspace/jazzy_ws/install/include/example_interfaces/example_interfaces/msg/detail/int32_multi_array__type_support.cpp
[20.675s] -- Installing: /workspace/jazzy_ws/install/include/example_interfaces/example_interfaces/msg/detail/byte_multi_array__type_support.cpp
[20.675s] -- Installing: /workspace/jazzy_ws/install/include/example_interfaces/example_interfaces/msg/detail/empty__rosidl_typesupport_introspection_cpp.hpp
[20.675s] -- Installing: /workspace/jazzy_ws/install/include/example_interfaces/example_interfaces/msg/detail/int16__rosidl_typesupport_introspection_cpp.hpp
[20.675s] -- Installing: /workspace/jazzy_ws/install/include/example_interfaces/example_interfaces/msg/detail/byte__rosidl_typesupport_introspection_cpp.hpp
[20.675s] -- Installing: /workspace/jazzy_ws/install/include/example_interfaces/example_interfaces/msg/detail/int32_multi_array__rosidl_typesupport_introspection_cpp.hpp
[20.675s] -- Installing: /workspace/jazzy_ws/install/include/example_interfaces/example_interfaces/msg/detail/byte_multi_array__rosidl_typesupport_introspection_cpp.hpp
[20.676s] -- Installing: /workspace/jazzy_ws/install/include/example_interfaces/example_interfaces/msg/detail/bool__type_support.cpp
[20.676s] -- Installing: /workspace/jazzy_ws/install/include/example_interfaces/example_interfaces/msg/detail/empty__type_support.cpp
[20.676s] -- Installing: /workspace/jazzy_ws/install/include/example_interfaces/example_interfaces/msg/detail/w_string__rosidl_typesupport_introspection_cpp.hpp
[20.676s] -- Installing: /workspace/jazzy_ws/install/include/example_interfaces/example_interfaces/msg/detail/int64_multi_array__rosidl_typesupport_introspection_cpp.hpp
[20.676s] -- Installing: /workspace/jazzy_ws/install/include/example_interfaces/example_interfaces/msg/detail/float64__type_support.cpp
[20.676s] -- Installing: /workspace/jazzy_ws/install/include/example_interfaces/example_interfaces/msg/detail/int64__type_support.cpp
[20.676s] -- Installing: /workspace/jazzy_ws/install/include/example_interfaces/example_interfaces/msg/detail/string__rosidl_typesupport_introspection_cpp.hpp
[20.676s] -- Installing: /workspace/jazzy_ws/install/include/example_interfaces/example_interfaces/msg/detail/multi_array_dimension__rosidl_typesupport_introspection_cpp.hpp
[20.676s] -- Installing: /workspace/jazzy_ws/install/include/example_interfaces/example_interfaces/msg/detail/u_int32_multi_array__rosidl_typesupport_introspection_cpp.hpp
[20.677s] -- Installing: /workspace/jazzy_ws/install/include/example_interfaces/example_interfaces/msg/detail/u_int16_multi_array__type_support.cpp
[20.677s] -- Installing: /workspace/jazzy_ws/install/include/example_interfaces/example_interfaces/msg/detail/bool__rosidl_typesupport_introspection_cpp.hpp
[20.677s] -- Installing: /workspace/jazzy_ws/install/include/example_interfaces/example_interfaces/msg/detail/u_int8_multi_array__rosidl_typesupport_introspection_cpp.hpp
[20.677s] -- Installing: /workspace/jazzy_ws/install/include/example_interfaces/example_interfaces/msg/detail/int16_multi_array__type_support.cpp
[20.677s] -- Installing: /workspace/jazzy_ws/install/include/example_interfaces/example_interfaces/msg/detail/char__rosidl_typesupport_introspection_cpp.hpp
[20.677s] -- Installing: /workspace/jazzy_ws/install/include/example_interfaces/example_interfaces/msg/detail/w_string__type_support.cpp
[20.677s] -- Installing: /workspace/jazzy_ws/install/include/example_interfaces/example_interfaces/msg/detail/int32__rosidl_typesupport_introspection_cpp.hpp
[20.677s] -- Installing: /workspace/jazzy_ws/install/include/example_interfaces/example_interfaces/msg/detail/int16__type_support.cpp
[20.677s] -- Installing: /workspace/jazzy_ws/install/include/example_interfaces/example_interfaces/msg/detail/char__type_support.cpp
[20.677s] -- Installing: /workspace/jazzy_ws/install/include/example_interfaces/example_interfaces/msg/detail/float64_multi_array__type_support.cpp
[20.677s] -- Installing: /workspace/jazzy_ws/install/include/example_interfaces/example_interfaces/msg/detail/int8__rosidl_typesupport_introspection_cpp.hpp
[20.677s] -- Installing: /workspace/jazzy_ws/install/include/example_interfaces/example_interfaces/msg/detail/u_int8__type_support.cpp
[20.678s] -- Installing: /workspace/jazzy_ws/install/include/example_interfaces/example_interfaces/msg/detail/multi_array_layout__type_support.cpp
[20.678s] -- Installing: /workspace/jazzy_ws/install/include/example_interfaces/example_interfaces/msg/detail/u_int64_multi_array__type_support.cpp
[20.678s] -- Installing: /workspace/jazzy_ws/install/include/example_interfaces/example_interfaces/msg/detail/u_int32_multi_array__type_support.cpp
[20.678s] -- Installing: /workspace/jazzy_ws/install/include/example_interfaces/example_interfaces/msg/detail/float32__rosidl_typesupport_introspection_cpp.hpp
[20.678s] -- Installing: /workspace/jazzy_ws/install/include/example_interfaces/example_interfaces/msg/detail/float32_multi_array__type_support.cpp
[20.678s] -- Installing: /workspace/jazzy_ws/install/include/example_interfaces/example_interfaces/msg/detail/multi_array_layout__rosidl_typesupport_introspection_cpp.hpp
[20.678s] -- Installing: /workspace/jazzy_ws/install/include/example_interfaces/example_interfaces/msg/detail/int8_multi_array__type_support.cpp
[20.678s] -- Up-to-date: /workspace/jazzy_ws/install/include/example_interfaces/example_interfaces/srv
[20.678s] -- Up-to-date: /workspace/jazzy_ws/install/include/example_interfaces/example_interfaces/srv/detail
[20.678s] -- Installing: /workspace/jazzy_ws/install/include/example_interfaces/example_interfaces/srv/detail/add_two_ints__rosidl_typesupport_introspection_cpp.hpp
[20.678s] -- Installing: /workspace/jazzy_ws/install/include/example_interfaces/example_interfaces/srv/detail/add_two_ints__type_support.cpp
[20.678s] -- Installing: /workspace/jazzy_ws/install/include/example_interfaces/example_interfaces/srv/detail/set_bool__rosidl_typesupport_introspection_cpp.hpp
[20.678s] -- Installing: /workspace/jazzy_ws/install/include/example_interfaces/example_interfaces/srv/detail/trigger__type_support.cpp
[20.679s] -- Installing: /workspace/jazzy_ws/install/include/example_interfaces/example_interfaces/srv/detail/set_bool__type_support.cpp
[20.679s] -- Installing: /workspace/jazzy_ws/install/include/example_interfaces/example_interfaces/srv/detail/trigger__rosidl_typesupport_introspection_cpp.hpp
[20.679s] -- Up-to-date: /workspace/jazzy_ws/install/include/example_interfaces/example_interfaces/action
[20.679s] -- Up-to-date: /workspace/jazzy_ws/install/include/example_interfaces/example_interfaces/action/detail
[20.679s] -- Installing: /workspace/jazzy_ws/install/include/example_interfaces/example_interfaces/action/detail/fibonacci__type_support.cpp
[20.679s] -- Installing: /workspace/jazzy_ws/install/include/example_interfaces/example_interfaces/action/detail/fibonacci__rosidl_typesupport_introspection_cpp.hpp
[20.679s] -- Installing: /workspace/jazzy_ws/install/lib/libexample_interfaces__rosidl_typesupport_introspection_cpp.so
[20.680s] -- Set non-toolchain portion of runtime path of "/workspace/jazzy_ws/install/lib/libexample_interfaces__rosidl_typesupport_introspection_cpp.so" to ""
[20.680s] -- Installing: /workspace/jazzy_ws/install/lib/libexample_interfaces__rosidl_typesupport_cpp.so
[20.681s] -- Set non-toolchain portion of runtime path of "/workspace/jazzy_ws/install/lib/libexample_interfaces__rosidl_typesupport_cpp.so" to ""
[20.681s] -- Installing: /workspace/jazzy_ws/install/share/example_interfaces/environment/pythonpath.sh
[20.681s] -- Installing: /workspace/jazzy_ws/install/share/example_interfaces/environment/pythonpath.dsv
[20.681s] -- Installing: /workspace/jazzy_ws/install/lib/python3.12/site-packages/example_interfaces-0.12.0-py3.12.egg-info
[20.681s] -- Installing: /workspace/jazzy_ws/install/lib/python3.12/site-packages/example_interfaces-0.12.0-py3.12.egg-info/PKG-INFO
[20.681s] -- Installing: /workspace/jazzy_ws/install/lib/python3.12/site-packages/example_interfaces-0.12.0-py3.12.egg-info/SOURCES.txt
[20.681s] -- Installing: /workspace/jazzy_ws/install/lib/python3.12/site-packages/example_interfaces-0.12.0-py3.12.egg-info/top_level.txt
[20.681s] -- Installing: /workspace/jazzy_ws/install/lib/python3.12/site-packages/example_interfaces-0.12.0-py3.12.egg-info/dependency_links.txt
[20.681s] -- Installing: /workspace/jazzy_ws/install/lib/python3.12/site-packages/example_interfaces
[20.681s] -- Installing: /workspace/jazzy_ws/install/lib/python3.12/site-packages/example_interfaces/example_interfaces_s__rosidl_typesupport_c.so
[20.681s] -- Installing: /workspace/jazzy_ws/install/lib/python3.12/site-packages/example_interfaces/_example_interfaces_s.ep.rosidl_typesupport_introspection_c.c
[20.682s] -- Installing: /workspace/jazzy_ws/install/lib/python3.12/site-packages/example_interfaces/msg
[20.682s] -- Installing: /workspace/jazzy_ws/install/lib/python3.12/site-packages/example_interfaces/msg/_float64_multi_array_s.c
[20.682s] -- Installing: /workspace/jazzy_ws/install/lib/python3.12/site-packages/example_interfaces/msg/_float32_s.c
[20.682s] -- Installing: /workspace/jazzy_ws/install/lib/python3.12/site-packages/example_interfaces/msg/_string.py
[20.682s] -- Installing: /workspace/jazzy_ws/install/lib/python3.12/site-packages/example_interfaces/msg/_byte_multi_array.py
[20.682s] -- Installing: /workspace/jazzy_ws/install/lib/python3.12/site-packages/example_interfaces/msg/_u_int64_s.c
[20.682s] -- Installing: /workspace/jazzy_ws/install/lib/python3.12/site-packages/example_interfaces/msg/_int8_s.c
[20.682s] -- Installing: /workspace/jazzy_ws/install/lib/python3.12/site-packages/example_interfaces/msg/_int16_multi_array.py
[20.682s] -- Installing: /workspace/jazzy_ws/install/lib/python3.12/site-packages/example_interfaces/msg/_int8_multi_array_s.c
[20.683s] -- Installing: /workspace/jazzy_ws/install/lib/python3.12/site-packages/example_interfaces/msg/_int64_multi_array.py
[20.683s] -- Installing: /workspace/jazzy_ws/install/lib/python3.12/site-packages/example_interfaces/msg/_int16.py
[20.683s] -- Installing: /workspace/jazzy_ws/install/lib/python3.12/site-packages/example_interfaces/msg/_float64.py
[20.683s] -- Installing: /workspace/jazzy_ws/install/lib/python3.12/site-packages/example_interfaces/msg/_int32_multi_array_s.c
[20.683s] -- Installing: /workspace/jazzy_ws/install/lib/python3.12/site-packages/example_interfaces/msg/_w_string_s.c
[20.683s] -- Installing: /workspace/jazzy_ws/install/lib/python3.12/site-packages/example_interfaces/msg/_multi_array_layout_s.c
[20.683s] -- Installing: /workspace/jazzy_ws/install/lib/python3.12/site-packages/example_interfaces/msg/_bool.py
[20.683s] -- Installing: /workspace/jazzy_ws/install/lib/python3.12/site-packages/example_interfaces/msg/_int64.py
[20.683s] -- Installing: /workspace/jazzy_ws/install/lib/python3.12/site-packages/example_interfaces/msg/_int8_multi_array.py
[20.683s] -- Installing: /workspace/jazzy_ws/install/lib/python3.12/site-packages/example_interfaces/msg/_int32.py
[20.683s] -- Installing: /workspace/jazzy_ws/install/lib/python3.12/site-packages/example_interfaces/msg/_u_int8_multi_array_s.c
[20.683s] -- Installing: /workspace/jazzy_ws/install/lib/python3.12/site-packages/example_interfaces/msg/_u_int8_s.c
[20.684s] -- Installing: /workspace/jazzy_ws/install/lib/python3.12/site-packages/example_interfaces/msg/_char.py
[20.684s] -- Installing: /workspace/jazzy_ws/install/lib/python3.12/site-packages/example_interfaces/msg/_u_int64_multi_array_s.c
[20.684s] -- Installing: /workspace/jazzy_ws/install/lib/python3.12/site-packages/example_interfaces/msg/_u_int32_multi_array.py
[20.684s] -- Installing: /workspace/jazzy_ws/install/lib/python3.12/site-packages/example_interfaces/msg/_int32_s.c
[20.684s] -- Installing: /workspace/jazzy_ws/install/lib/python3.12/site-packages/example_interfaces/msg/_byte.py
[20.684s] -- Installing: /workspace/jazzy_ws/install/lib/python3.12/site-packages/example_interfaces/msg/__init__.py
[20.684s] -- Installing: /workspace/jazzy_ws/install/lib/python3.12/site-packages/example_interfaces/msg/_float32_multi_array_s.c
[20.684s] -- Installing: /workspace/jazzy_ws/install/lib/python3.12/site-packages/example_interfaces/msg/_empty.py
[20.684s] -- Installing: /workspace/jazzy_ws/install/lib/python3.12/site-packages/example_interfaces/msg/_string_s.c
[20.684s] -- Installing: /workspace/jazzy_ws/install/lib/python3.12/site-packages/example_interfaces/msg/_float32_multi_array.py
[20.684s] -- Installing: /workspace/jazzy_ws/install/lib/python3.12/site-packages/example_interfaces/msg/_int16_s.c
[20.685s] -- Installing: /workspace/jazzy_ws/install/lib/python3.12/site-packages/example_interfaces/msg/_u_int16_multi_array.py
[20.685s] -- Installing: /workspace/jazzy_ws/install/lib/python3.12/site-packages/example_interfaces/msg/_empty_s.c
[20.685s] -- Installing: /workspace/jazzy_ws/install/lib/python3.12/site-packages/example_interfaces/msg/_float64_s.c
[20.685s] -- Installing: /workspace/jazzy_ws/install/lib/python3.12/site-packages/example_interfaces/msg/_int64_s.c
[20.685s] -- Installing: /workspace/jazzy_ws/install/lib/python3.12/site-packages/example_interfaces/msg/_float64_multi_array.py
[20.685s] -- Installing: /workspace/jazzy_ws/install/lib/python3.12/site-packages/example_interfaces/msg/_multi_array_dimension.py
[20.685s] -- Installing: /workspace/jazzy_ws/install/lib/python3.12/site-packages/example_interfaces/msg/_u_int64_multi_array.py
[20.685s] -- Installing: /workspace/jazzy_ws/install/lib/python3.12/site-packages/example_interfaces/msg/_multi_array_dimension_s.c
[20.685s] -- Installing: /workspace/jazzy_ws/install/lib/python3.12/site-packages/example_interfaces/msg/_int16_multi_array_s.c
[20.685s] -- Installing: /workspace/jazzy_ws/install/lib/python3.12/site-packages/example_interfaces/msg/_int64_multi_array_s.c
[20.685s] -- Installing: /workspace/jazzy_ws/install/lib/python3.12/site-packages/example_interfaces/msg/_u_int8_multi_array.py
[20.685s] -- Installing: /workspace/jazzy_ws/install/lib/python3.12/site-packages/example_interfaces/msg/_int32_multi_array.py
[20.686s] -- Installing: /workspace/jazzy_ws/install/lib/python3.12/site-packages/example_interfaces/msg/_int8.py
[20.686s] -- Installing: /workspace/jazzy_ws/install/lib/python3.12/site-packages/example_interfaces/msg/_u_int32_s.c
[20.686s] -- Installing: /workspace/jazzy_ws/install/lib/python3.12/site-packages/example_interfaces/msg/_u_int64.py
[20.686s] -- Installing: /workspace/jazzy_ws/install/lib/python3.12/site-packages/example_interfaces/msg/_u_int8.py
[20.686s] -- Installing: /workspace/jazzy_ws/install/lib/python3.12/site-packages/example_interfaces/msg/_u_int32_multi_array_s.c
[20.686s] -- Installing: /workspace/jazzy_ws/install/lib/python3.12/site-packages/example_interfaces/msg/_bool_s.c
[20.686s] -- Installing: /workspace/jazzy_ws/install/lib/python3.12/site-packages/example_interfaces/msg/_char_s.c
[20.686s] -- Installing: /workspace/jazzy_ws/install/lib/python3.12/site-packages/example_interfaces/msg/_multi_array_layout.py
[20.686s] -- Installing: /workspace/jazzy_ws/install/lib/python3.12/site-packages/example_interfaces/msg/_w_string.py
[20.686s] -- Installing: /workspace/jazzy_ws/install/lib/python3.12/site-packages/example_interfaces/msg/_u_int16_s.c
[20.686s] -- Installing: /workspace/jazzy_ws/install/lib/python3.12/site-packages/example_interfaces/msg/_float32.py
[20.686s] -- Installing: /workspace/jazzy_ws/install/lib/python3.12/site-packages/example_interfaces/msg/_byte_s.c
[20.687s] -- Installing: /workspace/jazzy_ws/install/lib/python3.12/site-packages/example_interfaces/msg/_byte_multi_array_s.c
[20.687s] -- Installing: /workspace/jazzy_ws/install/lib/python3.12/site-packages/example_interfaces/msg/_u_int16_multi_array_s.c
[20.687s] -- Installing: /workspace/jazzy_ws/install/lib/python3.12/site-packages/example_interfaces/msg/_u_int32.py
[20.687s] -- Installing: /workspace/jazzy_ws/install/lib/python3.12/site-packages/example_interfaces/msg/_u_int16.py
[20.687s] -- Installing: /workspace/jazzy_ws/install/lib/python3.12/site-packages/example_interfaces/__init__.py
[20.687s] -- Installing: /workspace/jazzy_ws/install/lib/python3.12/site-packages/example_interfaces/_example_interfaces_s.ep.rosidl_typesupport_c.c
[20.687s] -- Installing: /workspace/jazzy_ws/install/lib/python3.12/site-packages/example_interfaces/_example_interfaces_s.ep.rosidl_typesupport_fastrtps_c.c
[20.687s] -- Installing: /workspace/jazzy_ws/install/lib/python3.12/site-packages/example_interfaces/srv
[20.687s] -- Installing: /workspace/jazzy_ws/install/lib/python3.12/site-packages/example_interfaces/srv/_add_two_ints_s.c
[20.688s] -- Installing: /workspace/jazzy_ws/install/lib/python3.12/site-packages/example_interfaces/srv/_set_bool_s.c
[20.688s] -- Installing: /workspace/jazzy_ws/install/lib/python3.12/site-packages/example_interfaces/srv/__init__.py
[20.688s] -- Installing: /workspace/jazzy_ws/install/lib/python3.12/site-packages/example_interfaces/srv/_trigger_s.c
[20.688s] -- Installing: /workspace/jazzy_ws/install/lib/python3.12/site-packages/example_interfaces/srv/_add_two_ints.py
[20.688s] -- Installing: /workspace/jazzy_ws/install/lib/python3.12/site-packages/example_interfaces/srv/_trigger.py
[20.688s] -- Installing: /workspace/jazzy_ws/install/lib/python3.12/site-packages/example_interfaces/srv/_set_bool.py
[20.688s] -- Installing: /workspace/jazzy_ws/install/lib/python3.12/site-packages/example_interfaces/action
[20.688s] -- Installing: /workspace/jazzy_ws/install/lib/python3.12/site-packages/example_interfaces/action/_fibonacci_s.c
[20.688s] -- Installing: /workspace/jazzy_ws/install/lib/python3.12/site-packages/example_interfaces/action/__init__.py
[20.689s] -- Installing: /workspace/jazzy_ws/install/lib/python3.12/site-packages/example_interfaces/action/_fibonacci.py
[20.689s] -- Installing: /workspace/jazzy_ws/install/lib/python3.12/site-packages/example_interfaces/example_interfaces_s__rosidl_typesupport_fastrtps_c.so
[20.689s] -- Installing: /workspace/jazzy_ws/install/lib/python3.12/site-packages/example_interfaces/example_interfaces_s__rosidl_typesupport_introspection_c.so
[20.753s] Listing '/workspace/jazzy_ws/install/lib/python3.12/site-packages/example_interfaces'...
[20.753s] Compiling '/workspace/jazzy_ws/install/lib/python3.12/site-packages/example_interfaces/__init__.py'...
[20.753s] Listing '/workspace/jazzy_ws/install/lib/python3.12/site-packages/example_interfaces/action'...
[20.753s] Compiling '/workspace/jazzy_ws/install/lib/python3.12/site-packages/example_interfaces/action/__init__.py'...
[20.753s] Compiling '/workspace/jazzy_ws/install/lib/python3.12/site-packages/example_interfaces/action/_fibonacci.py'...
[20.754s] Listing '/workspace/jazzy_ws/install/lib/python3.12/site-packages/example_interfaces/msg'...
[20.754s] Compiling '/workspace/jazzy_ws/install/lib/python3.12/site-packages/example_interfaces/msg/__init__.py'...
[20.754s] Compiling '/workspace/jazzy_ws/install/lib/python3.12/site-packages/example_interfaces/msg/_bool.py'...
[20.754s] Compiling '/workspace/jazzy_ws/install/lib/python3.12/site-packages/example_interfaces/msg/_byte.py'...
[20.754s] Compiling '/workspace/jazzy_ws/install/lib/python3.12/site-packages/example_interfaces/msg/_byte_multi_array.py'...
[20.754s] Compiling '/workspace/jazzy_ws/install/lib/python3.12/site-packages/example_interfaces/msg/_char.py'...
[20.754s] Compiling '/workspace/jazzy_ws/install/lib/python3.12/site-packages/example_interfaces/msg/_empty.py'...
[20.754s] Compiling '/workspace/jazzy_ws/install/lib/python3.12/site-packages/example_interfaces/msg/_float32.py'...
[20.754s] Compiling '/workspace/jazzy_ws/install/lib/python3.12/site-packages/example_interfaces/msg/_float32_multi_array.py'...
[20.754s] Compiling '/workspace/jazzy_ws/install/lib/python3.12/site-packages/example_interfaces/msg/_float64.py'...
[20.754s] Compiling '/workspace/jazzy_ws/install/lib/python3.12/site-packages/example_interfaces/msg/_float64_multi_array.py'...
[20.754s] Compiling '/workspace/jazzy_ws/install/lib/python3.12/site-packages/example_interfaces/msg/_int16.py'...
[20.754s] Compiling '/workspace/jazzy_ws/install/lib/python3.12/site-packages/example_interfaces/msg/_int16_multi_array.py'...
[20.754s] Compiling '/workspace/jazzy_ws/install/lib/python3.12/site-packages/example_interfaces/msg/_int32.py'...
[20.754s] Compiling '/workspace/jazzy_ws/install/lib/python3.12/site-packages/example_interfaces/msg/_int32_multi_array.py'...
[20.754s] Compiling '/workspace/jazzy_ws/install/lib/python3.12/site-packages/example_interfaces/msg/_int64.py'...
[20.754s] Compiling '/workspace/jazzy_ws/install/lib/python3.12/site-packages/example_interfaces/msg/_int64_multi_array.py'...
[20.754s] Compiling '/workspace/jazzy_ws/install/lib/python3.12/site-packages/example_interfaces/msg/_int8.py'...
[20.754s] Compiling '/workspace/jazzy_ws/install/lib/python3.12/site-packages/example_interfaces/msg/_int8_multi_array.py'...
[20.754s] Compiling '/workspace/jazzy_ws/install/lib/python3.12/site-packages/example_interfaces/msg/_multi_array_dimension.py'...
[20.754s] Compiling '/workspace/jazzy_ws/install/lib/python3.12/site-packages/example_interfaces/msg/_multi_array_layout.py'...
[20.754s] Compiling '/workspace/jazzy_ws/install/lib/python3.12/site-packages/example_interfaces/msg/_string.py'...
[20.754s] Compiling '/workspace/jazzy_ws/install/lib/python3.12/site-packages/example_interfaces/msg/_u_int16.py'...
[20.754s] Compiling '/workspace/jazzy_ws/install/lib/python3.12/site-packages/example_interfaces/msg/_u_int16_multi_array.py'...
[20.754s] Compiling '/workspace/jazzy_ws/install/lib/python3.12/site-packages/example_interfaces/msg/_u_int32.py'...
[20.754s] Compiling '/workspace/jazzy_ws/install/lib/python3.12/site-packages/example_interfaces/msg/_u_int32_multi_array.py'...
[20.754s] Compiling '/workspace/jazzy_ws/install/lib/python3.12/site-packages/example_interfaces/msg/_u_int64.py'...
[20.755s] Compiling '/workspace/jazzy_ws/install/lib/python3.12/site-packages/example_interfaces/msg/_u_int64_multi_array.py'...
[20.755s] Compiling '/workspace/jazzy_ws/install/lib/python3.12/site-packages/example_interfaces/msg/_u_int8.py'...
[20.755s] Compiling '/workspace/jazzy_ws/install/lib/python3.12/site-packages/example_interfaces/msg/_u_int8_multi_array.py'...
[20.755s] Compiling '/workspace/jazzy_ws/install/lib/python3.12/site-packages/example_interfaces/msg/_w_string.py'...
[20.755s] Listing '/workspace/jazzy_ws/install/lib/python3.12/site-packages/example_interfaces/srv'...
[20.755s] Compiling '/workspace/jazzy_ws/install/lib/python3.12/site-packages/example_interfaces/srv/__init__.py'...
[20.755s] Compiling '/workspace/jazzy_ws/install/lib/python3.12/site-packages/example_interfaces/srv/_add_two_ints.py'...
[20.755s] Compiling '/workspace/jazzy_ws/install/lib/python3.12/site-packages/example_interfaces/srv/_set_bool.py'...
[20.755s] Compiling '/workspace/jazzy_ws/install/lib/python3.12/site-packages/example_interfaces/srv/_trigger.py'...
[20.758s] -- Installing: /workspace/jazzy_ws/install/lib/python3.12/site-packages/example_interfaces/example_interfaces_s__rosidl_typesupport_fastrtps_c.so
[20.758s] -- Set non-toolchain portion of runtime path of "/workspace/jazzy_ws/install/lib/python3.12/site-packages/example_interfaces/example_interfaces_s__rosidl_typesupport_fastrtps_c.so" to ""
[20.758s] -- Installing: /workspace/jazzy_ws/install/lib/python3.12/site-packages/example_interfaces/example_interfaces_s__rosidl_typesupport_introspection_c.so
[20.759s] -- Set non-toolchain portion of runtime path of "/workspace/jazzy_ws/install/lib/python3.12/site-packages/example_interfaces/example_interfaces_s__rosidl_typesupport_introspection_c.so" to ""
[20.759s] -- Installing: /workspace/jazzy_ws/install/lib/python3.12/site-packages/example_interfaces/example_interfaces_s__rosidl_typesupport_c.so
[20.759s] -- Set non-toolchain portion of runtime path of "/workspace/jazzy_ws/install/lib/python3.12/site-packages/example_interfaces/example_interfaces_s__rosidl_typesupport_c.so" to ""
[20.759s] -- Installing: /workspace/jazzy_ws/install/lib/libexample_interfaces__rosidl_generator_py.so
[20.760s] -- Set non-toolchain portion of runtime path of "/workspace/jazzy_ws/install/lib/libexample_interfaces__rosidl_generator_py.so" to ""
[20.760s] -- Installing: /workspace/jazzy_ws/install/share/example_interfaces/action/Fibonacci.idl
[20.760s] -- Installing: /workspace/jazzy_ws/install/share/example_interfaces/msg/Bool.idl
[20.760s] -- Installing: /workspace/jazzy_ws/install/share/example_interfaces/msg/Byte.idl
[20.760s] -- Installing: /workspace/jazzy_ws/install/share/example_interfaces/msg/ByteMultiArray.idl
[20.760s] -- Installing: /workspace/jazzy_ws/install/share/example_interfaces/msg/Char.idl
[20.760s] -- Installing: /workspace/jazzy_ws/install/share/example_interfaces/msg/Empty.idl
[20.760s] -- Installing: /workspace/jazzy_ws/install/share/example_interfaces/msg/Float32.idl
[20.761s] -- Installing: /workspace/jazzy_ws/install/share/example_interfaces/msg/Float32MultiArray.idl
[20.761s] -- Installing: /workspace/jazzy_ws/install/share/example_interfaces/msg/Float64.idl
[20.761s] -- Installing: /workspace/jazzy_ws/install/share/example_interfaces/msg/Float64MultiArray.idl
[20.761s] -- Installing: /workspace/jazzy_ws/install/share/example_interfaces/msg/Int16.idl
[20.761s] -- Installing: /workspace/jazzy_ws/install/share/example_interfaces/msg/Int16MultiArray.idl
[20.761s] -- Installing: /workspace/jazzy_ws/install/share/example_interfaces/msg/Int32.idl
[20.761s] -- Installing: /workspace/jazzy_ws/install/share/example_interfaces/msg/Int32MultiArray.idl
[20.761s] -- Installing: /workspace/jazzy_ws/install/share/example_interfaces/msg/Int64.idl
[20.762s] -- Installing: /workspace/jazzy_ws/install/share/example_interfaces/msg/Int64MultiArray.idl
[20.762s] -- Installing: /workspace/jazzy_ws/install/share/example_interfaces/msg/Int8.idl
[20.762s] -- Installing: /workspace/jazzy_ws/install/share/example_interfaces/msg/Int8MultiArray.idl
[20.762s] -- Installing: /workspace/jazzy_ws/install/share/example_interfaces/msg/MultiArrayDimension.idl
[20.762s] -- Installing: /workspace/jazzy_ws/install/share/example_interfaces/msg/MultiArrayLayout.idl
[20.762s] -- Installing: /workspace/jazzy_ws/install/share/example_interfaces/msg/String.idl
[20.762s] -- Installing: /workspace/jazzy_ws/install/share/example_interfaces/msg/UInt16.idl
[20.762s] -- Installing: /workspace/jazzy_ws/install/share/example_interfaces/msg/UInt16MultiArray.idl
[20.763s] -- Installing: /workspace/jazzy_ws/install/share/example_interfaces/msg/UInt32.idl
[20.763s] -- Installing: /workspace/jazzy_ws/install/share/example_interfaces/msg/UInt32MultiArray.idl
[20.763s] -- Installing: /workspace/jazzy_ws/install/share/example_interfaces/msg/UInt64.idl
[20.763s] -- Installing: /workspace/jazzy_ws/install/share/example_interfaces/msg/UInt64MultiArray.idl
[20.763s] -- Installing: /workspace/jazzy_ws/install/share/example_interfaces/msg/UInt8.idl
[20.763s] -- Installing: /workspace/jazzy_ws/install/share/example_interfaces/msg/UInt8MultiArray.idl
[20.763s] -- Installing: /workspace/jazzy_ws/install/share/example_interfaces/msg/WString.idl
[20.764s] -- Installing: /workspace/jazzy_ws/install/share/example_interfaces/srv/AddTwoInts.idl
[20.764s] -- Installing: /workspace/jazzy_ws/install/share/example_interfaces/srv/SetBool.idl
[20.764s] -- Installing: /workspace/jazzy_ws/install/share/example_interfaces/srv/Trigger.idl
[20.764s] -- Installing: /workspace/jazzy_ws/install/share/example_interfaces/action/Fibonacci.action
[20.764s] -- Installing: /workspace/jazzy_ws/install/share/example_interfaces/msg/Bool.msg
[20.764s] -- Installing: /workspace/jazzy_ws/install/share/example_interfaces/msg/Byte.msg
[20.764s] -- Installing: /workspace/jazzy_ws/install/share/example_interfaces/msg/ByteMultiArray.msg
[20.764s] -- Installing: /workspace/jazzy_ws/install/share/example_interfaces/msg/Char.msg
[20.765s] -- Installing: /workspace/jazzy_ws/install/share/example_interfaces/msg/Empty.msg
[20.765s] -- Installing: /workspace/jazzy_ws/install/share/example_interfaces/msg/Float32.msg
[20.765s] -- Installing: /workspace/jazzy_ws/install/share/example_interfaces/msg/Float32MultiArray.msg
[20.765s] -- Installing: /workspace/jazzy_ws/install/share/example_interfaces/msg/Float64.msg
[20.765s] -- Installing: /workspace/jazzy_ws/install/share/example_interfaces/msg/Float64MultiArray.msg
[20.765s] -- Installing: /workspace/jazzy_ws/install/share/example_interfaces/msg/Int16.msg
[20.765s] -- Installing: /workspace/jazzy_ws/install/share/example_interfaces/msg/Int16MultiArray.msg
[20.765s] -- Installing: /workspace/jazzy_ws/install/share/example_interfaces/msg/Int32.msg
[20.766s] -- Installing: /workspace/jazzy_ws/install/share/example_interfaces/msg/Int32MultiArray.msg
[20.766s] -- Installing: /workspace/jazzy_ws/install/share/example_interfaces/msg/Int64.msg
[20.766s] -- Installing: /workspace/jazzy_ws/install/share/example_interfaces/msg/Int64MultiArray.msg
[20.766s] -- Installing: /workspace/jazzy_ws/install/share/example_interfaces/msg/Int8.msg
[20.766s] -- Installing: /workspace/jazzy_ws/install/share/example_interfaces/msg/Int8MultiArray.msg
[20.766s] -- Installing: /workspace/jazzy_ws/install/share/example_interfaces/msg/MultiArrayDimension.msg
[20.766s] -- Installing: /workspace/jazzy_ws/install/share/example_interfaces/msg/MultiArrayLayout.msg
[20.767s] -- Installing: /workspace/jazzy_ws/install/share/example_interfaces/msg/String.msg
[20.767s] -- Installing: /workspace/jazzy_ws/install/share/example_interfaces/msg/UInt16.msg
[20.767s] -- Installing: /workspace/jazzy_ws/install/share/example_interfaces/msg/UInt16MultiArray.msg
[20.767s] -- Installing: /workspace/jazzy_ws/install/share/example_interfaces/msg/UInt32.msg
[20.767s] -- Installing: /workspace/jazzy_ws/install/share/example_interfaces/msg/UInt32MultiArray.msg
[20.767s] -- Installing: /workspace/jazzy_ws/install/share/example_interfaces/msg/UInt64.msg
[20.767s] -- Installing: /workspace/jazzy_ws/install/share/example_interfaces/msg/UInt64MultiArray.msg
[20.767s] -- Installing: /workspace/jazzy_ws/install/share/example_interfaces/msg/UInt8.msg
[20.768s] -- Installing: /workspace/jazzy_ws/install/share/example_interfaces/msg/UInt8MultiArray.msg
[20.768s] -- Installing: /workspace/jazzy_ws/install/share/example_interfaces/msg/WString.msg
[20.768s] -- Installing: /workspace/jazzy_ws/install/share/example_interfaces/srv/AddTwoInts.srv
[20.768s] -- Installing: /workspace/jazzy_ws/install/share/example_interfaces/srv/SetBool.srv
[20.768s] -- Installing: /workspace/jazzy_ws/install/share/example_interfaces/srv/Trigger.srv
[20.768s] -- Installing: /workspace/jazzy_ws/install/share/example_interfaces/mapping_rules.yaml
[20.768s] -- Installing: /workspace/jazzy_ws/install/share/ament_index/resource_index/package_run_dependencies/example_interfaces
[20.769s] -- Installing: /workspace/jazzy_ws/install/share/ament_index/resource_index/parent_prefix_path/example_interfaces
[20.769s] -- Installing: /workspace/jazzy_ws/install/share/example_interfaces/environment/ament_prefix_path.sh
[20.769s] -- Installing: /workspace/jazzy_ws/install/share/example_interfaces/environment/ament_prefix_path.dsv
[20.769s] -- Installing: /workspace/jazzy_ws/install/share/example_interfaces/environment/path.sh
[20.769s] -- Installing: /workspace/jazzy_ws/install/share/example_interfaces/environment/path.dsv
[20.769s] -- Installing: /workspace/jazzy_ws/install/share/example_interfaces/local_setup.bash
[20.769s] -- Installing: /workspace/jazzy_ws/install/share/example_interfaces/local_setup.sh
[20.769s] -- Installing: /workspace/jazzy_ws/install/share/example_interfaces/local_setup.zsh
[20.770s] -- Installing: /workspace/jazzy_ws/install/share/example_interfaces/local_setup.dsv
[20.770s] -- Installing: /workspace/jazzy_ws/install/share/example_interfaces/package.dsv
[20.770s] -- Installing: /workspace/jazzy_ws/install/share/ament_index/resource_index/packages/example_interfaces
[20.770s] -- Installing: /workspace/jazzy_ws/install/share/example_interfaces/cmake/export_example_interfaces__rosidl_generator_cExport.cmake
[20.770s] -- Installing: /workspace/jazzy_ws/install/share/example_interfaces/cmake/export_example_interfaces__rosidl_generator_cExport-noconfig.cmake
[20.770s] -- Installing: /workspace/jazzy_ws/install/share/example_interfaces/cmake/export_example_interfaces__rosidl_typesupport_fastrtps_cExport.cmake
[20.770s] -- Installing: /workspace/jazzy_ws/install/share/example_interfaces/cmake/export_example_interfaces__rosidl_typesupport_fastrtps_cExport-noconfig.cmake
[20.771s] -- Installing: /workspace/jazzy_ws/install/share/example_interfaces/cmake/example_interfaces__rosidl_typesupport_introspection_cExport.cmake
[20.771s] -- Installing: /workspace/jazzy_ws/install/share/example_interfaces/cmake/example_interfaces__rosidl_typesupport_introspection_cExport-noconfig.cmake
[20.771s] -- Installing: /workspace/jazzy_ws/install/share/example_interfaces/cmake/example_interfaces__rosidl_typesupport_cExport.cmake
[20.771s] -- Installing: /workspace/jazzy_ws/install/share/example_interfaces/cmake/example_interfaces__rosidl_typesupport_cExport-noconfig.cmake
[20.771s] -- Installing: /workspace/jazzy_ws/install/share/example_interfaces/cmake/export_example_interfaces__rosidl_generator_cppExport.cmake
[20.771s] -- Installing: /workspace/jazzy_ws/install/share/example_interfaces/cmake/export_example_interfaces__rosidl_typesupport_fastrtps_cppExport.cmake
[20.771s] -- Installing: /workspace/jazzy_ws/install/share/example_interfaces/cmake/export_example_interfaces__rosidl_typesupport_fastrtps_cppExport-noconfig.cmake
[20.772s] -- Installing: /workspace/jazzy_ws/install/share/example_interfaces/cmake/example_interfaces__rosidl_typesupport_introspection_cppExport.cmake
[20.772s] -- Installing: /workspace/jazzy_ws/install/share/example_interfaces/cmake/example_interfaces__rosidl_typesupport_introspection_cppExport-noconfig.cmake
[20.772s] -- Installing: /workspace/jazzy_ws/install/share/example_interfaces/cmake/example_interfaces__rosidl_typesupport_cppExport.cmake
[20.772s] -- Installing: /workspace/jazzy_ws/install/share/example_interfaces/cmake/example_interfaces__rosidl_typesupport_cppExport-noconfig.cmake
[20.772s] -- Installing: /workspace/jazzy_ws/install/share/example_interfaces/cmake/export_example_interfaces__rosidl_generator_pyExport.cmake
[20.772s] -- Installing: /workspace/jazzy_ws/install/share/example_interfaces/cmake/export_example_interfaces__rosidl_generator_pyExport-noconfig.cmake
[20.772s] -- Installing: /workspace/jazzy_ws/install/share/example_interfaces/cmake/rosidl_cmake-extras.cmake
[20.773s] -- Installing: /workspace/jazzy_ws/install/share/example_interfaces/cmake/ament_cmake_export_dependencies-extras.cmake
[20.773s] -- Installing: /workspace/jazzy_ws/install/share/example_interfaces/cmake/ament_cmake_export_include_directories-extras.cmake
[20.773s] -- Installing: /workspace/jazzy_ws/install/share/example_interfaces/cmake/ament_cmake_export_libraries-extras.cmake
[20.773s] -- Installing: /workspace/jazzy_ws/install/share/example_interfaces/cmake/ament_cmake_export_targets-extras.cmake
[20.773s] -- Installing: /workspace/jazzy_ws/install/share/example_interfaces/cmake/rosidl_cmake_export_typesupport_targets-extras.cmake
[20.773s] -- Installing: /workspace/jazzy_ws/install/share/example_interfaces/cmake/rosidl_cmake_export_typesupport_libraries-extras.cmake
[20.773s] -- Installing: /workspace/jazzy_ws/install/share/example_interfaces/cmake/example_interfacesConfig.cmake
[20.773s] -- Installing: /workspace/jazzy_ws/install/share/example_interfaces/cmake/example_interfacesConfig-version.cmake
[20.774s] -- Installing: /workspace/jazzy_ws/install/share/example_interfaces/package.xml
[20.775s] Invoked command in '/workspace/jazzy_ws/build/example_interfaces' returned '0': AMENT_PREFIX_PATH=/workspace/jazzy_ws/install CMAKE_PREFIX_PATH=/workspace/jazzy_ws/install LD_LIBRARY_PATH=/workspace/jazzy_ws/install/lib:/workspace/jazzy_ws/install/opt/mimick_vendor/lib PATH=/workspace/jazzy_ws/install/bin:/workspace/jazzy_ws/install/opt/uncrustify_vendor/bin:${PATH} PKG_CONFIG_PATH=/workspace/jazzy_ws/install/lib/x86_64-linux-gnu/pkgconfig:/workspace/jazzy_ws/install/lib/pkgconfig PYTHONPATH=/workspace/jazzy_ws/install/lib/python3.12/site-packages /usr/bin/cmake --install /workspace/jazzy_ws/build/example_interfaces
