-- The C compiler identification is GNU 13.3.0
-- The CXX compiler identification is GNU 13.3.0
-- Detecting C compiler ABI info
-- Detecting C compiler ABI info - done
-- Check for working C compiler: /usr/bin/cc - skipped
-- Detecting C compile features
-- Detecting C compile features - done
-- Detecting CXX compiler ABI info
-- Detecting CXX compiler ABI info - done
-- Check for working CXX compiler: /usr/bin/c++ - skipped
-- Detecting CXX compile features
-- Detecting CXX compile features - done
-- Found ament_cmake: 2.5.5 (/workspace/jazzy_ws/install/share/ament_cmake/cmake)
-- Found Python3: /usr/bin/python3 (found version "3.12.3") found components: Interpreter 
-- Found rosidl_default_generators: 1.6.0 (/workspace/jazzy_ws/install/share/rosidl_default_generators/cmake)
-- Using all available rosidl_typesupport_c: rosidl_typesupport_fastrtps_c;rosidl_typesupport_introspection_c
-- Using all available rosidl_typesupport_cpp: rosidl_typesupport_fastrtps_cpp;rosidl_typesupport_introspection_cpp
-- Found rosidl_adapter: 4.6.7 (/workspace/jazzy_ws/install/share/rosidl_adapter/cmake)
-- Found builtin_interfaces: 2.0.3 (/workspace/jazzy_ws/install/share/builtin_interfaces/cmake)
-- Found ament_cmake_ros: 0.12.0 (/workspace/jazzy_ws/install/share/ament_cmake_ros/cmake)
-- Using all available rosidl_typesupport_c: rosidl_typesupport_fastrtps_c;rosidl_typesupport_introspection_c
-- Using all available rosidl_typesupport_cpp: rosidl_typesupport_fastrtps_cpp;rosidl_typesupport_introspection_cpp
-- Found python_cmake_module: 0.11.1 (/workspace/jazzy_ws/install/share/python_cmake_module/cmake)
-- Found PythonExtra: /usr/bin/python3  
-- Found Python3: /usr/bin/python3 (found version "3.12.3") found components: Interpreter Development NumPy Development.Module Development.Embed 
-- Found ament_lint_auto: 0.17.4 (/workspace/jazzy_ws/install/share/ament_lint_auto/cmake)
-- Added test 'copyright' to check source files copyright and LICENSE
-- Added test 'lint_cmake' to check CMake code style
-- Added test 'xmllint' to check XML markup files
-- Configuring done (1.8s)
-- Generating done (0.0s)
-- Build files have been written to: /workspace/jazzy_ws/build/rcl_interfaces
[  0%] Generating type hashes for ROS interfaces
[  0%] Built target ament_cmake_python_copy_rcl_interfaces
running egg_info
creating rcl_interfaces.egg-info
writing rcl_interfaces.egg-info/PKG-INFO
writing dependency_links to rcl_interfaces.egg-info/dependency_links.txt
writing top-level names to rcl_interfaces.egg-info/top_level.txt
writing manifest file 'rcl_interfaces.egg-info/SOURCES.txt'
reading manifest file 'rcl_interfaces.egg-info/SOURCES.txt'
writing manifest file 'rcl_interfaces.egg-info/SOURCES.txt'
[  0%] Built target ament_cmake_python_build_rcl_interfaces_egg
[  0%] Built target rcl_interfaces__rosidl_generator_type_description
[  1%] Generating C code for ROS interfaces
[  1%] Generating C++ code for ROS interfaces
[  1%] Built target rcl_interfaces__cpp
[  1%] Building C object CMakeFiles/rcl_interfaces__rosidl_generator_c.dir/rosidl_generator_c/rcl_interfaces/msg/detail/floating_point_range__description.c.o
[  2%] Building C object CMakeFiles/rcl_interfaces__rosidl_generator_c.dir/rosidl_generator_c/rcl_interfaces/msg/detail/floating_point_range__functions.c.o
[  3%] Building C object CMakeFiles/rcl_interfaces__rosidl_generator_c.dir/rosidl_generator_c/rcl_interfaces/msg/detail/integer_range__functions.c.o
[  3%] Building C object CMakeFiles/rcl_interfaces__rosidl_generator_c.dir/rosidl_generator_c/rcl_interfaces/msg/detail/list_parameters_result__functions.c.o
[  3%] Building C object CMakeFiles/rcl_interfaces__rosidl_generator_c.dir/rosidl_generator_c/rcl_interfaces/msg/detail/log__description.c.o
[  3%] Building C object CMakeFiles/rcl_interfaces__rosidl_generator_c.dir/rosidl_generator_c/rcl_interfaces/msg/detail/integer_range__description.c.o
[  4%] Building C object CMakeFiles/rcl_interfaces__rosidl_generator_c.dir/rosidl_generator_c/rcl_interfaces/msg/detail/log__functions.c.o
[  4%] Building C object CMakeFiles/rcl_interfaces__rosidl_generator_c.dir/rosidl_generator_c/rcl_interfaces/msg/detail/integer_range__type_support.c.o
[  5%] Building C object CMakeFiles/rcl_interfaces__rosidl_generator_c.dir/rosidl_generator_c/rcl_interfaces/msg/detail/list_parameters_result__type_support.c.o
[  4%] Building C object CMakeFiles/rcl_interfaces__rosidl_generator_c.dir/rosidl_generator_c/rcl_interfaces/msg/detail/list_parameters_result__description.c.o
[  5%] Building C object CMakeFiles/rcl_interfaces__rosidl_generator_c.dir/rosidl_generator_c/rcl_interfaces/msg/detail/floating_point_range__type_support.c.o
[  5%] Building C object CMakeFiles/rcl_interfaces__rosidl_generator_c.dir/rosidl_generator_c/rcl_interfaces/msg/detail/parameter_descriptor__description.c.o
[  6%] Building C object CMakeFiles/rcl_interfaces__rosidl_generator_c.dir/rosidl_generator_c/rcl_interfaces/msg/detail/log__type_support.c.o
[  7%] Building C object CMakeFiles/rcl_interfaces__rosidl_generator_c.dir/rosidl_generator_c/rcl_interfaces/msg/detail/parameter_descriptor__functions.c.o
[  7%] Building C object CMakeFiles/rcl_interfaces__rosidl_generator_c.dir/rosidl_generator_c/rcl_interfaces/msg/detail/parameter_event_descriptors__functions.c.o
[  7%] Building C object CMakeFiles/rcl_interfaces__rosidl_generator_c.dir/rosidl_generator_c/rcl_interfaces/msg/detail/parameter_descriptor__type_support.c.o
[  8%] Building C object CMakeFiles/rcl_interfaces__rosidl_generator_c.dir/rosidl_generator_c/rcl_interfaces/msg/detail/parameter_event_descriptors__description.c.o
[  9%] Building C object CMakeFiles/rcl_interfaces__rosidl_generator_c.dir/rosidl_generator_c/rcl_interfaces/msg/detail/parameter_event__description.c.o
[  9%] Building C object CMakeFiles/rcl_interfaces__rosidl_generator_c.dir/rosidl_generator_c/rcl_interfaces/msg/detail/parameter_event_descriptors__type_support.c.o
[  9%] Building C object CMakeFiles/rcl_interfaces__rosidl_generator_c.dir/rosidl_generator_c/rcl_interfaces/msg/detail/parameter__type_support.c.o
[  9%] Building C object CMakeFiles/rcl_interfaces__rosidl_generator_c.dir/rosidl_generator_c/rcl_interfaces/msg/detail/parameter_event__functions.c.o
[ 10%] Building C object CMakeFiles/rcl_interfaces__rosidl_generator_c.dir/rosidl_generator_c/rcl_interfaces/msg/detail/parameter__functions.c.o
[ 11%] Building C object CMakeFiles/rcl_interfaces__rosidl_generator_c.dir/rosidl_generator_c/rcl_interfaces/msg/detail/parameter_event__type_support.c.o
[ 11%] Building C object CMakeFiles/rcl_interfaces__rosidl_generator_c.dir/rosidl_generator_c/rcl_interfaces/msg/detail/parameter__description.c.o
[ 12%] Building C object CMakeFiles/rcl_interfaces__rosidl_generator_c.dir/rosidl_generator_c/rcl_interfaces/msg/detail/parameter_type__functions.c.o
[ 13%] Building C object CMakeFiles/rcl_interfaces__rosidl_generator_c.dir/rosidl_generator_c/rcl_interfaces/msg/detail/parameter_value__description.c.o
[ 13%] Building C object CMakeFiles/rcl_interfaces__rosidl_generator_c.dir/rosidl_generator_c/rcl_interfaces/msg/detail/parameter_value__functions.c.o
[ 13%] Building C object CMakeFiles/rcl_interfaces__rosidl_generator_c.dir/rosidl_generator_c/rcl_interfaces/msg/detail/parameter_type__type_support.c.o
[ 13%] Building C object CMakeFiles/rcl_interfaces__rosidl_generator_c.dir/rosidl_generator_c/rcl_interfaces/msg/detail/parameter_type__description.c.o
[ 13%] Building C object CMakeFiles/rcl_interfaces__rosidl_generator_c.dir/rosidl_generator_c/rcl_interfaces/msg/detail/set_parameters_result__description.c.o
[ 14%] Building C object CMakeFiles/rcl_interfaces__rosidl_generator_c.dir/rosidl_generator_c/rcl_interfaces/msg/detail/parameter_value__type_support.c.o
[ 14%] Building C object CMakeFiles/rcl_interfaces__rosidl_generator_c.dir/rosidl_generator_c/rcl_interfaces/msg/detail/set_parameters_result__functions.c.o
[ 15%] Building C object CMakeFiles/rcl_interfaces__rosidl_generator_c.dir/rosidl_generator_c/rcl_interfaces/msg/detail/logger_level__description.c.o
[ 15%] Building C object CMakeFiles/rcl_interfaces__rosidl_generator_c.dir/rosidl_generator_c/rcl_interfaces/msg/detail/set_parameters_result__type_support.c.o
[ 15%] Building C object CMakeFiles/rcl_interfaces__rosidl_generator_c.dir/rosidl_generator_c/rcl_interfaces/msg/detail/set_logger_levels_result__functions.c.o
[ 15%] Building C object CMakeFiles/rcl_interfaces__rosidl_generator_c.dir/rosidl_generator_c/rcl_interfaces/msg/detail/logger_level__type_support.c.o
[ 16%] Building C object CMakeFiles/rcl_interfaces__rosidl_generator_c.dir/rosidl_generator_c/rcl_interfaces/msg/detail/logger_level__functions.c.o
[ 17%] Building C object CMakeFiles/rcl_interfaces__rosidl_generator_c.dir/rosidl_generator_c/rcl_interfaces/msg/detail/set_logger_levels_result__description.c.o
[ 17%] Building C object CMakeFiles/rcl_interfaces__rosidl_generator_c.dir/rosidl_generator_c/rcl_interfaces/msg/detail/set_logger_levels_result__type_support.c.o
[ 18%] Building C object CMakeFiles/rcl_interfaces__rosidl_generator_c.dir/rosidl_generator_c/rcl_interfaces/srv/detail/describe_parameters__description.c.o
[ 18%] Building C object CMakeFiles/rcl_interfaces__rosidl_generator_c.dir/rosidl_generator_c/rcl_interfaces/srv/detail/describe_parameters__functions.c.o
[ 20%] Building C object CMakeFiles/rcl_interfaces__rosidl_generator_c.dir/rosidl_generator_c/rcl_interfaces/srv/detail/get_parameters__functions.c.o
[ 19%] Building C object CMakeFiles/rcl_interfaces__rosidl_generator_c.dir/rosidl_generator_c/rcl_interfaces/srv/detail/describe_parameters__type_support.c.o
[ 20%] Building C object CMakeFiles/rcl_interfaces__rosidl_generator_c.dir/rosidl_generator_c/rcl_interfaces/srv/detail/get_parameter_types__type_support.c.o
[ 20%] Building C object CMakeFiles/rcl_interfaces__rosidl_generator_c.dir/rosidl_generator_c/rcl_interfaces/srv/detail/get_parameters__description.c.o
[ 21%] Building C object CMakeFiles/rcl_interfaces__rosidl_generator_c.dir/rosidl_generator_c/rcl_interfaces/srv/detail/list_parameters__description.c.o
[ 21%] Building C object CMakeFiles/rcl_interfaces__rosidl_generator_c.dir/rosidl_generator_c/rcl_interfaces/srv/detail/list_parameters__functions.c.o
[ 22%] Building C object CMakeFiles/rcl_interfaces__rosidl_generator_c.dir/rosidl_generator_c/rcl_interfaces/srv/detail/list_parameters__type_support.c.o
[ 22%] Building C object CMakeFiles/rcl_interfaces__rosidl_generator_c.dir/rosidl_generator_c/rcl_interfaces/srv/detail/set_parameters_atomically__description.c.o
[ 23%] Building C object CMakeFiles/rcl_interfaces__rosidl_generator_c.dir/rosidl_generator_c/rcl_interfaces/srv/detail/set_parameters_atomically__type_support.c.o
[ 23%] Building C object CMakeFiles/rcl_interfaces__rosidl_generator_c.dir/rosidl_generator_c/rcl_interfaces/srv/detail/set_parameters_atomically__functions.c.o
[ 23%] Building C object CMakeFiles/rcl_interfaces__rosidl_generator_c.dir/rosidl_generator_c/rcl_interfaces/srv/detail/set_parameters__type_support.c.o
[ 23%] Building C object CMakeFiles/rcl_interfaces__rosidl_generator_c.dir/rosidl_generator_c/rcl_interfaces/srv/detail/set_parameters__description.c.o
[ 23%] Building C object CMakeFiles/rcl_interfaces__rosidl_generator_c.dir/rosidl_generator_c/rcl_interfaces/srv/detail/get_logger_levels__functions.c.o
[ 24%] Building C object CMakeFiles/rcl_interfaces__rosidl_generator_c.dir/rosidl_generator_c/rcl_interfaces/srv/detail/get_logger_levels__description.c.o
[ 25%] Building C object CMakeFiles/rcl_interfaces__rosidl_generator_c.dir/rosidl_generator_c/rcl_interfaces/srv/detail/set_parameters__functions.c.o
[ 26%] Building C object CMakeFiles/rcl_interfaces__rosidl_generator_c.dir/rosidl_generator_c/rcl_interfaces/srv/detail/set_logger_levels__description.c.o
[ 26%] Building C object CMakeFiles/rcl_interfaces__rosidl_generator_c.dir/rosidl_generator_c/rcl_interfaces/srv/detail/set_logger_levels__functions.c.o
[ 27%] Building C object CMakeFiles/rcl_interfaces__rosidl_generator_c.dir/rosidl_generator_c/rcl_interfaces/srv/detail/get_logger_levels__type_support.c.o
[ 27%] Building C object CMakeFiles/rcl_interfaces__rosidl_generator_c.dir/rosidl_generator_c/rcl_interfaces/srv/detail/set_logger_levels__type_support.c.o
[ 27%] Building C object CMakeFiles/rcl_interfaces__rosidl_generator_c.dir/rosidl_generator_c/rcl_interfaces/srv/detail/get_parameter_types__description.c.o
[ 27%] Building C object CMakeFiles/rcl_interfaces__rosidl_generator_c.dir/rosidl_generator_c/rcl_interfaces/srv/detail/get_parameters__type_support.c.o
[ 28%] Building C object CMakeFiles/rcl_interfaces__rosidl_generator_c.dir/rosidl_generator_c/rcl_interfaces/srv/detail/get_parameter_types__functions.c.o
[ 28%] Linking C shared library librcl_interfaces__rosidl_generator_c.so
[ 28%] Built target rcl_interfaces__rosidl_generator_c
[ 28%] Generating C type support dispatch for ROS interfaces
[ 29%] Generating C++ type support dispatch for ROS interfaces
[ 29%] Generating C introspection for ROS interfaces
[ 30%] Generating C++ type support for eProsima Fast-RTPS
[ 30%] Generating C type support for eProsima Fast-RTPS
[ 31%] Generating C++ introspection for ROS interfaces
[ 32%] Building CXX object CMakeFiles/rcl_interfaces__rosidl_typesupport_cpp.dir/rosidl_typesupport_cpp/rcl_interfaces/msg/floating_point_range__type_support.cpp.o
[ 32%] Building CXX object CMakeFiles/rcl_interfaces__rosidl_typesupport_cpp.dir/rosidl_typesupport_cpp/rcl_interfaces/msg/parameter_descriptor__type_support.cpp.o
[ 32%] Building CXX object CMakeFiles/rcl_interfaces__rosidl_typesupport_cpp.dir/rosidl_typesupport_cpp/rcl_interfaces/msg/integer_range__type_support.cpp.o
[ 32%] Building CXX object CMakeFiles/rcl_interfaces__rosidl_typesupport_cpp.dir/rosidl_typesupport_cpp/rcl_interfaces/msg/parameter_type__type_support.cpp.o
[ 32%] Building CXX object CMakeFiles/rcl_interfaces__rosidl_typesupport_cpp.dir/rosidl_typesupport_cpp/rcl_interfaces/msg/parameter_value__type_support.cpp.o
[ 33%] Building CXX object CMakeFiles/rcl_interfaces__rosidl_typesupport_cpp.dir/rosidl_typesupport_cpp/rcl_interfaces/msg/parameter__type_support.cpp.o
[ 34%] Building CXX object CMakeFiles/rcl_interfaces__rosidl_typesupport_cpp.dir/rosidl_typesupport_cpp/rcl_interfaces/msg/list_parameters_result__type_support.cpp.o
[ 34%] Building CXX object CMakeFiles/rcl_interfaces__rosidl_typesupport_cpp.dir/rosidl_typesupport_cpp/rcl_interfaces/msg/log__type_support.cpp.o
[ 35%] Building CXX object CMakeFiles/rcl_interfaces__rosidl_typesupport_cpp.dir/rosidl_typesupport_cpp/rcl_interfaces/msg/parameter_event_descriptors__type_support.cpp.o
[ 36%] Building CXX object CMakeFiles/rcl_interfaces__rosidl_typesupport_cpp.dir/rosidl_typesupport_cpp/rcl_interfaces/msg/set_parameters_result__type_support.cpp.o
[ 36%] Building CXX object CMakeFiles/rcl_interfaces__rosidl_typesupport_cpp.dir/rosidl_typesupport_cpp/rcl_interfaces/msg/parameter_event__type_support.cpp.o
[ 36%] Building CXX object CMakeFiles/rcl_interfaces__rosidl_typesupport_cpp.dir/rosidl_typesupport_cpp/rcl_interfaces/srv/get_parameter_types__type_support.cpp.o
[ 36%] Building CXX object CMakeFiles/rcl_interfaces__rosidl_typesupport_cpp.dir/rosidl_typesupport_cpp/rcl_interfaces/srv/describe_parameters__type_support.cpp.o
[ 37%] Building CXX object CMakeFiles/rcl_interfaces__rosidl_typesupport_cpp.dir/rosidl_typesupport_cpp/rcl_interfaces/srv/get_parameters__type_support.cpp.o
[ 37%] Building CXX object CMakeFiles/rcl_interfaces__rosidl_typesupport_cpp.dir/rosidl_typesupport_cpp/rcl_interfaces/msg/logger_level__type_support.cpp.o
[ 37%] Building CXX object CMakeFiles/rcl_interfaces__rosidl_typesupport_cpp.dir/rosidl_typesupport_cpp/rcl_interfaces/srv/list_parameters__type_support.cpp.o
[ 37%] Building CXX object CMakeFiles/rcl_interfaces__rosidl_typesupport_cpp.dir/rosidl_typesupport_cpp/rcl_interfaces/srv/set_parameters__type_support.cpp.o
[ 38%] Building CXX object CMakeFiles/rcl_interfaces__rosidl_typesupport_cpp.dir/rosidl_typesupport_cpp/rcl_interfaces/srv/set_parameters_atomically__type_support.cpp.o
[ 39%] Building CXX object CMakeFiles/rcl_interfaces__rosidl_typesupport_cpp.dir/rosidl_typesupport_cpp/rcl_interfaces/msg/set_logger_levels_result__type_support.cpp.o
[ 40%] Building CXX object CMakeFiles/rcl_interfaces__rosidl_typesupport_cpp.dir/rosidl_typesupport_cpp/rcl_interfaces/srv/get_logger_levels__type_support.cpp.o
[ 40%] Building CXX object CMakeFiles/rcl_interfaces__rosidl_typesupport_cpp.dir/rosidl_typesupport_cpp/rcl_interfaces/srv/set_logger_levels__type_support.cpp.o
[ 40%] Building C object CMakeFiles/rcl_interfaces__rosidl_typesupport_introspection_c.dir/rosidl_typesupport_introspection_c/rcl_interfaces/msg/detail/floating_point_range__type_support.c.o
[ 41%] Building C object CMakeFiles/rcl_interfaces__rosidl_typesupport_introspection_c.dir/rosidl_typesupport_introspection_c/rcl_interfaces/msg/detail/integer_range__type_support.c.o
[ 41%] Building C object CMakeFiles/rcl_interfaces__rosidl_typesupport_introspection_c.dir/rosidl_typesupport_introspection_c/rcl_interfaces/msg/detail/log__type_support.c.o
[ 41%] Building C object CMakeFiles/rcl_interfaces__rosidl_typesupport_introspection_c.dir/rosidl_typesupport_introspection_c/rcl_interfaces/msg/detail/list_parameters_result__type_support.c.o
[ 42%] Building C object CMakeFiles/rcl_interfaces__rosidl_typesupport_introspection_c.dir/rosidl_typesupport_introspection_c/rcl_interfaces/msg/detail/parameter_descriptor__type_support.c.o
[ 42%] Building C object CMakeFiles/rcl_interfaces__rosidl_typesupport_introspection_c.dir/rosidl_typesupport_introspection_c/rcl_interfaces/msg/detail/parameter_event_descriptors__type_support.c.o
[ 43%] Building C object CMakeFiles/rcl_interfaces__rosidl_typesupport_introspection_c.dir/rosidl_typesupport_introspection_c/rcl_interfaces/msg/detail/parameter_event__type_support.c.o
[ 43%] Building C object CMakeFiles/rcl_interfaces__rosidl_typesupport_introspection_c.dir/rosidl_typesupport_introspection_c/rcl_interfaces/msg/detail/parameter__type_support.c.o
[ 44%] Building C object CMakeFiles/rcl_interfaces__rosidl_typesupport_introspection_c.dir/rosidl_typesupport_introspection_c/rcl_interfaces/msg/detail/parameter_type__type_support.c.o
[ 44%] Building C object CMakeFiles/rcl_interfaces__rosidl_typesupport_introspection_c.dir/rosidl_typesupport_introspection_c/rcl_interfaces/msg/detail/parameter_value__type_support.c.o
[ 44%] Building C object CMakeFiles/rcl_interfaces__rosidl_typesupport_introspection_c.dir/rosidl_typesupport_introspection_c/rcl_interfaces/msg/detail/set_parameters_result__type_support.c.o
[ 44%] Building C object CMakeFiles/rcl_interfaces__rosidl_typesupport_introspection_c.dir/rosidl_typesupport_introspection_c/rcl_interfaces/msg/detail/set_logger_levels_result__type_support.c.o
[ 45%] Building C object CMakeFiles/rcl_interfaces__rosidl_typesupport_introspection_c.dir/rosidl_typesupport_introspection_c/rcl_interfaces/msg/detail/logger_level__type_support.c.o
[ 46%] Building C object CMakeFiles/rcl_interfaces__rosidl_typesupport_introspection_c.dir/rosidl_typesupport_introspection_c/rcl_interfaces/srv/detail/describe_parameters__type_support.c.o
[ 46%] Building C object CMakeFiles/rcl_interfaces__rosidl_typesupport_introspection_c.dir/rosidl_typesupport_introspection_c/rcl_interfaces/srv/detail/get_parameters__type_support.c.o
[ 46%] Building CXX object CMakeFiles/rcl_interfaces__rosidl_typesupport_fastrtps_cpp.dir/rosidl_typesupport_fastrtps_cpp/rcl_interfaces/msg/detail/dds_fastrtps/floating_point_range__type_support.cpp.o
[ 47%] Building C object CMakeFiles/rcl_interfaces__rosidl_typesupport_introspection_c.dir/rosidl_typesupport_introspection_c/rcl_interfaces/srv/detail/get_parameter_types__type_support.c.o
[ 48%] Building CXX object CMakeFiles/rcl_interfaces__rosidl_typesupport_fastrtps_cpp.dir/rosidl_typesupport_fastrtps_cpp/rcl_interfaces/msg/detail/dds_fastrtps/integer_range__type_support.cpp.o
[ 48%] Building C object CMakeFiles/rcl_interfaces__rosidl_typesupport_introspection_c.dir/rosidl_typesupport_introspection_c/rcl_interfaces/srv/detail/list_parameters__type_support.c.o
[ 49%] Building C object CMakeFiles/rcl_interfaces__rosidl_typesupport_introspection_c.dir/rosidl_typesupport_introspection_c/rcl_interfaces/srv/detail/set_parameters__type_support.c.o
[ 49%] Building C object CMakeFiles/rcl_interfaces__rosidl_typesupport_introspection_c.dir/rosidl_typesupport_introspection_c/rcl_interfaces/srv/detail/set_parameters_atomically__type_support.c.o
[ 49%] Building CXX object CMakeFiles/rcl_interfaces__rosidl_typesupport_fastrtps_cpp.dir/rosidl_typesupport_fastrtps_cpp/rcl_interfaces/msg/detail/dds_fastrtps/list_parameters_result__type_support.cpp.o
[ 50%] Building CXX object CMakeFiles/rcl_interfaces__rosidl_typesupport_fastrtps_cpp.dir/rosidl_typesupport_fastrtps_cpp/rcl_interfaces/msg/detail/dds_fastrtps/log__type_support.cpp.o
[ 50%] Building C object CMakeFiles/rcl_interfaces__rosidl_typesupport_introspection_c.dir/rosidl_typesupport_introspection_c/rcl_interfaces/srv/detail/get_logger_levels__type_support.c.o
[ 50%] Building CXX object CMakeFiles/rcl_interfaces__rosidl_typesupport_fastrtps_cpp.dir/rosidl_typesupport_fastrtps_cpp/rcl_interfaces/msg/detail/dds_fastrtps/parameter_descriptor__type_support.cpp.o
[ 51%] Building C object CMakeFiles/rcl_interfaces__rosidl_typesupport_introspection_c.dir/rosidl_typesupport_introspection_c/rcl_interfaces/srv/detail/set_logger_levels__type_support.c.o
[ 51%] Building CXX object CMakeFiles/rcl_interfaces__rosidl_typesupport_fastrtps_cpp.dir/rosidl_typesupport_fastrtps_cpp/rcl_interfaces/msg/detail/dds_fastrtps/parameter_event_descriptors__type_support.cpp.o
[ 52%] Building CXX object CMakeFiles/rcl_interfaces__rosidl_typesupport_fastrtps_cpp.dir/rosidl_typesupport_fastrtps_cpp/rcl_interfaces/msg/detail/dds_fastrtps/parameter_event__type_support.cpp.o
[ 52%] Building CXX object CMakeFiles/rcl_interfaces__rosidl_typesupport_fastrtps_cpp.dir/rosidl_typesupport_fastrtps_cpp/rcl_interfaces/msg/detail/dds_fastrtps/parameter__type_support.cpp.o
[ 53%] Building CXX object CMakeFiles/rcl_interfaces__rosidl_typesupport_c.dir/rosidl_typesupport_c/rcl_interfaces/msg/floating_point_range__type_support.cpp.o
[ 54%] Building CXX object CMakeFiles/rcl_interfaces__rosidl_typesupport_fastrtps_cpp.dir/rosidl_typesupport_fastrtps_cpp/rcl_interfaces/msg/detail/dds_fastrtps/parameter_type__type_support.cpp.o
[ 54%] Building CXX object CMakeFiles/rcl_interfaces__rosidl_typesupport_fastrtps_cpp.dir/rosidl_typesupport_fastrtps_cpp/rcl_interfaces/msg/detail/dds_fastrtps/parameter_value__type_support.cpp.o
[ 55%] Building CXX object CMakeFiles/rcl_interfaces__rosidl_typesupport_fastrtps_cpp.dir/rosidl_typesupport_fastrtps_cpp/rcl_interfaces/msg/detail/dds_fastrtps/set_parameters_result__type_support.cpp.o
[ 56%] Building CXX object CMakeFiles/rcl_interfaces__rosidl_typesupport_c.dir/rosidl_typesupport_c/rcl_interfaces/msg/list_parameters_result__type_support.cpp.o
[ 56%] Building CXX object CMakeFiles/rcl_interfaces__rosidl_typesupport_c.dir/rosidl_typesupport_c/rcl_interfaces/msg/integer_range__type_support.cpp.o
[ 56%] Building CXX object CMakeFiles/rcl_interfaces__rosidl_typesupport_fastrtps_cpp.dir/rosidl_typesupport_fastrtps_cpp/rcl_interfaces/msg/detail/dds_fastrtps/logger_level__type_support.cpp.o
[ 56%] Linking C shared library librcl_interfaces__rosidl_typesupport_introspection_c.so
[ 56%] Building CXX object CMakeFiles/rcl_interfaces__rosidl_typesupport_c.dir/rosidl_typesupport_c/rcl_interfaces/msg/log__type_support.cpp.o
[ 57%] Building CXX object CMakeFiles/rcl_interfaces__rosidl_typesupport_c.dir/rosidl_typesupport_c/rcl_interfaces/msg/parameter_descriptor__type_support.cpp.o
[ 57%] Building CXX object CMakeFiles/rcl_interfaces__rosidl_typesupport_c.dir/rosidl_typesupport_c/rcl_interfaces/msg/parameter_event__type_support.cpp.o
[ 57%] Building CXX object CMakeFiles/rcl_interfaces__rosidl_typesupport_c.dir/rosidl_typesupport_c/rcl_interfaces/msg/parameter_event_descriptors__type_support.cpp.o
[ 58%] Building CXX object CMakeFiles/rcl_interfaces__rosidl_typesupport_c.dir/rosidl_typesupport_c/rcl_interfaces/msg/parameter__type_support.cpp.o
[ 58%] Building CXX object CMakeFiles/rcl_interfaces__rosidl_typesupport_c.dir/rosidl_typesupport_c/rcl_interfaces/msg/parameter_type__type_support.cpp.o
[ 58%] Built target rcl_interfaces__rosidl_typesupport_introspection_c
[ 58%] Building CXX object CMakeFiles/rcl_interfaces__rosidl_typesupport_fastrtps_cpp.dir/rosidl_typesupport_fastrtps_cpp/rcl_interfaces/msg/detail/dds_fastrtps/set_logger_levels_result__type_support.cpp.o
[ 59%] Building CXX object CMakeFiles/rcl_interfaces__rosidl_typesupport_c.dir/rosidl_typesupport_c/rcl_interfaces/msg/parameter_value__type_support.cpp.o
[ 59%] Building CXX object CMakeFiles/rcl_interfaces__rosidl_typesupport_c.dir/rosidl_typesupport_c/rcl_interfaces/msg/set_parameters_result__type_support.cpp.o
[ 60%] Building CXX object CMakeFiles/rcl_interfaces__rosidl_typesupport_c.dir/rosidl_typesupport_c/rcl_interfaces/msg/logger_level__type_support.cpp.o
[ 61%] Building CXX object CMakeFiles/rcl_interfaces__rosidl_typesupport_fastrtps_cpp.dir/rosidl_typesupport_fastrtps_cpp/rcl_interfaces/srv/detail/dds_fastrtps/describe_parameters__type_support.cpp.o
[ 61%] Building CXX object CMakeFiles/rcl_interfaces__rosidl_typesupport_c.dir/rosidl_typesupport_c/rcl_interfaces/msg/set_logger_levels_result__type_support.cpp.o
[ 61%] Building CXX object CMakeFiles/rcl_interfaces__rosidl_typesupport_c.dir/rosidl_typesupport_c/rcl_interfaces/srv/describe_parameters__type_support.cpp.o
[ 62%] Building CXX object CMakeFiles/rcl_interfaces__rosidl_typesupport_c.dir/rosidl_typesupport_c/rcl_interfaces/srv/get_parameters__type_support.cpp.o
[ 62%] Building CXX object CMakeFiles/rcl_interfaces__rosidl_typesupport_c.dir/rosidl_typesupport_c/rcl_interfaces/srv/get_parameter_types__type_support.cpp.o
[ 62%] Building CXX object CMakeFiles/rcl_interfaces__rosidl_typesupport_fastrtps_cpp.dir/rosidl_typesupport_fastrtps_cpp/rcl_interfaces/srv/detail/dds_fastrtps/get_parameters__type_support.cpp.o
[ 63%] Building CXX object CMakeFiles/rcl_interfaces__rosidl_typesupport_c.dir/rosidl_typesupport_c/rcl_interfaces/srv/list_parameters__type_support.cpp.o
[ 63%] Building CXX object CMakeFiles/rcl_interfaces__rosidl_typesupport_c.dir/rosidl_typesupport_c/rcl_interfaces/srv/set_parameters_atomically__type_support.cpp.o
[ 64%] Building CXX object CMakeFiles/rcl_interfaces__rosidl_typesupport_c.dir/rosidl_typesupport_c/rcl_interfaces/srv/set_parameters__type_support.cpp.o
[ 65%] Building CXX object CMakeFiles/rcl_interfaces__rosidl_typesupport_fastrtps_cpp.dir/rosidl_typesupport_fastrtps_cpp/rcl_interfaces/srv/detail/dds_fastrtps/get_parameter_types__type_support.cpp.o
[ 65%] Building CXX object CMakeFiles/rcl_interfaces__rosidl_typesupport_c.dir/rosidl_typesupport_c/rcl_interfaces/srv/get_logger_levels__type_support.cpp.o
[ 65%] Building CXX object CMakeFiles/rcl_interfaces__rosidl_typesupport_c.dir/rosidl_typesupport_c/rcl_interfaces/srv/set_logger_levels__type_support.cpp.o
[ 65%] Building CXX object CMakeFiles/rcl_interfaces__rosidl_typesupport_fastrtps_cpp.dir/rosidl_typesupport_fastrtps_cpp/rcl_interfaces/srv/detail/dds_fastrtps/list_parameters__type_support.cpp.o
[ 66%] Building CXX object CMakeFiles/rcl_interfaces__rosidl_typesupport_fastrtps_cpp.dir/rosidl_typesupport_fastrtps_cpp/rcl_interfaces/srv/detail/dds_fastrtps/set_parameters_atomically__type_support.cpp.o
[ 66%] Building CXX object CMakeFiles/rcl_interfaces__rosidl_typesupport_fastrtps_cpp.dir/rosidl_typesupport_fastrtps_cpp/rcl_interfaces/srv/detail/dds_fastrtps/set_parameters__type_support.cpp.o
[ 66%] Building CXX object CMakeFiles/rcl_interfaces__rosidl_typesupport_fastrtps_cpp.dir/rosidl_typesupport_fastrtps_cpp/rcl_interfaces/srv/detail/dds_fastrtps/get_logger_levels__type_support.cpp.o
[ 67%] Linking CXX shared library librcl_interfaces__rosidl_typesupport_c.so
[ 67%] Building CXX object CMakeFiles/rcl_interfaces__rosidl_typesupport_introspection_cpp.dir/rosidl_typesupport_introspection_cpp/rcl_interfaces/msg/detail/floating_point_range__type_support.cpp.o
[ 67%] Built target rcl_interfaces__rosidl_typesupport_c
[ 67%] Building CXX object CMakeFiles/rcl_interfaces__rosidl_typesupport_introspection_cpp.dir/rosidl_typesupport_introspection_cpp/rcl_interfaces/msg/detail/integer_range__type_support.cpp.o
[ 68%] Building CXX object CMakeFiles/rcl_interfaces__rosidl_typesupport_fastrtps_cpp.dir/rosidl_typesupport_fastrtps_cpp/rcl_interfaces/srv/detail/dds_fastrtps/set_logger_levels__type_support.cpp.o
[ 69%] Building CXX object CMakeFiles/rcl_interfaces__rosidl_typesupport_introspection_cpp.dir/rosidl_typesupport_introspection_cpp/rcl_interfaces/msg/detail/list_parameters_result__type_support.cpp.o
[ 69%] Building CXX object CMakeFiles/rcl_interfaces__rosidl_typesupport_introspection_cpp.dir/rosidl_typesupport_introspection_cpp/rcl_interfaces/msg/detail/log__type_support.cpp.o
[ 70%] Building CXX object CMakeFiles/rcl_interfaces__rosidl_typesupport_introspection_cpp.dir/rosidl_typesupport_introspection_cpp/rcl_interfaces/msg/detail/parameter_descriptor__type_support.cpp.o
[ 70%] Building CXX object CMakeFiles/rcl_interfaces__rosidl_typesupport_introspection_cpp.dir/rosidl_typesupport_introspection_cpp/rcl_interfaces/msg/detail/parameter_event_descriptors__type_support.cpp.o
[ 71%] Building CXX object CMakeFiles/rcl_interfaces__rosidl_typesupport_introspection_cpp.dir/rosidl_typesupport_introspection_cpp/rcl_interfaces/msg/detail/parameter_event__type_support.cpp.o
[ 71%] Building CXX object CMakeFiles/rcl_interfaces__rosidl_typesupport_fastrtps_c.dir/rosidl_typesupport_fastrtps_c/rcl_interfaces/msg/detail/floating_point_range__type_support_c.cpp.o
[ 72%] Linking CXX shared library librcl_interfaces__rosidl_typesupport_cpp.so
[ 73%] Building CXX object CMakeFiles/rcl_interfaces__rosidl_typesupport_fastrtps_c.dir/rosidl_typesupport_fastrtps_c/rcl_interfaces/msg/detail/integer_range__type_support_c.cpp.o
[ 73%] Building CXX object CMakeFiles/rcl_interfaces__rosidl_typesupport_introspection_cpp.dir/rosidl_typesupport_introspection_cpp/rcl_interfaces/msg/detail/parameter__type_support.cpp.o
[ 73%] Building CXX object CMakeFiles/rcl_interfaces__rosidl_typesupport_introspection_cpp.dir/rosidl_typesupport_introspection_cpp/rcl_interfaces/msg/detail/parameter_type__type_support.cpp.o
[ 73%] Built target rcl_interfaces__rosidl_typesupport_cpp
[ 74%] Building CXX object CMakeFiles/rcl_interfaces__rosidl_typesupport_introspection_cpp.dir/rosidl_typesupport_introspection_cpp/rcl_interfaces/msg/detail/parameter_value__type_support.cpp.o
[ 74%] Building CXX object CMakeFiles/rcl_interfaces__rosidl_typesupport_introspection_cpp.dir/rosidl_typesupport_introspection_cpp/rcl_interfaces/msg/detail/set_parameters_result__type_support.cpp.o
[ 74%] Building CXX object CMakeFiles/rcl_interfaces__rosidl_typesupport_fastrtps_c.dir/rosidl_typesupport_fastrtps_c/rcl_interfaces/msg/detail/list_parameters_result__type_support_c.cpp.o
[ 75%] Building CXX object CMakeFiles/rcl_interfaces__rosidl_typesupport_introspection_cpp.dir/rosidl_typesupport_introspection_cpp/rcl_interfaces/msg/detail/logger_level__type_support.cpp.o
[ 76%] Building CXX object CMakeFiles/rcl_interfaces__rosidl_typesupport_fastrtps_c.dir/rosidl_typesupport_fastrtps_c/rcl_interfaces/msg/detail/log__type_support_c.cpp.o
[ 76%] Building CXX object CMakeFiles/rcl_interfaces__rosidl_typesupport_fastrtps_c.dir/rosidl_typesupport_fastrtps_c/rcl_interfaces/msg/detail/parameter_descriptor__type_support_c.cpp.o
[ 76%] Building CXX object CMakeFiles/rcl_interfaces__rosidl_typesupport_introspection_cpp.dir/rosidl_typesupport_introspection_cpp/rcl_interfaces/msg/detail/set_logger_levels_result__type_support.cpp.o
[ 77%] Building CXX object CMakeFiles/rcl_interfaces__rosidl_typesupport_introspection_cpp.dir/rosidl_typesupport_introspection_cpp/rcl_interfaces/srv/detail/describe_parameters__type_support.cpp.o
[ 78%] Building CXX object CMakeFiles/rcl_interfaces__rosidl_typesupport_fastrtps_c.dir/rosidl_typesupport_fastrtps_c/rcl_interfaces/msg/detail/parameter_event_descriptors__type_support_c.cpp.o
[ 78%] Building CXX object CMakeFiles/rcl_interfaces__rosidl_typesupport_introspection_cpp.dir/rosidl_typesupport_introspection_cpp/rcl_interfaces/srv/detail/get_parameters__type_support.cpp.o
[ 78%] Building CXX object CMakeFiles/rcl_interfaces__rosidl_typesupport_fastrtps_c.dir/rosidl_typesupport_fastrtps_c/rcl_interfaces/msg/detail/parameter_event__type_support_c.cpp.o
[ 78%] Building CXX object CMakeFiles/rcl_interfaces__rosidl_typesupport_fastrtps_c.dir/rosidl_typesupport_fastrtps_c/rcl_interfaces/msg/detail/parameter__type_support_c.cpp.o
[ 79%] Building CXX object CMakeFiles/rcl_interfaces__rosidl_typesupport_fastrtps_c.dir/rosidl_typesupport_fastrtps_c/rcl_interfaces/msg/detail/parameter_type__type_support_c.cpp.o
[ 79%] Building CXX object CMakeFiles/rcl_interfaces__rosidl_typesupport_introspection_cpp.dir/rosidl_typesupport_introspection_cpp/rcl_interfaces/srv/detail/get_parameter_types__type_support.cpp.o
[ 80%] Building CXX object CMakeFiles/rcl_interfaces__rosidl_typesupport_introspection_cpp.dir/rosidl_typesupport_introspection_cpp/rcl_interfaces/srv/detail/list_parameters__type_support.cpp.o
[ 80%] Building CXX object CMakeFiles/rcl_interfaces__rosidl_typesupport_introspection_cpp.dir/rosidl_typesupport_introspection_cpp/rcl_interfaces/srv/detail/set_parameters_atomically__type_support.cpp.o
[ 81%] Building CXX object CMakeFiles/rcl_interfaces__rosidl_typesupport_introspection_cpp.dir/rosidl_typesupport_introspection_cpp/rcl_interfaces/srv/detail/set_parameters__type_support.cpp.o
[ 81%] Building CXX object CMakeFiles/rcl_interfaces__rosidl_typesupport_introspection_cpp.dir/rosidl_typesupport_introspection_cpp/rcl_interfaces/srv/detail/get_logger_levels__type_support.cpp.o
[ 81%] Building CXX object CMakeFiles/rcl_interfaces__rosidl_typesupport_fastrtps_c.dir/rosidl_typesupport_fastrtps_c/rcl_interfaces/msg/detail/parameter_value__type_support_c.cpp.o
[ 82%] Building CXX object CMakeFiles/rcl_interfaces__rosidl_typesupport_fastrtps_c.dir/rosidl_typesupport_fastrtps_c/rcl_interfaces/msg/detail/set_parameters_result__type_support_c.cpp.o
[ 82%] Building CXX object CMakeFiles/rcl_interfaces__rosidl_typesupport_fastrtps_c.dir/rosidl_typesupport_fastrtps_c/rcl_interfaces/msg/detail/logger_level__type_support_c.cpp.o
[ 83%] Building CXX object CMakeFiles/rcl_interfaces__rosidl_typesupport_introspection_cpp.dir/rosidl_typesupport_introspection_cpp/rcl_interfaces/srv/detail/set_logger_levels__type_support.cpp.o
[ 84%] Building CXX object CMakeFiles/rcl_interfaces__rosidl_typesupport_fastrtps_c.dir/rosidl_typesupport_fastrtps_c/rcl_interfaces/msg/detail/set_logger_levels_result__type_support_c.cpp.o
[ 84%] Building CXX object CMakeFiles/rcl_interfaces__rosidl_typesupport_fastrtps_c.dir/rosidl_typesupport_fastrtps_c/rcl_interfaces/srv/detail/describe_parameters__type_support_c.cpp.o
[ 84%] Building CXX object CMakeFiles/rcl_interfaces__rosidl_typesupport_fastrtps_c.dir/rosidl_typesupport_fastrtps_c/rcl_interfaces/srv/detail/get_parameters__type_support_c.cpp.o
[ 85%] Building CXX object CMakeFiles/rcl_interfaces__rosidl_typesupport_fastrtps_c.dir/rosidl_typesupport_fastrtps_c/rcl_interfaces/srv/detail/get_parameter_types__type_support_c.cpp.o
[ 85%] Building CXX object CMakeFiles/rcl_interfaces__rosidl_typesupport_fastrtps_c.dir/rosidl_typesupport_fastrtps_c/rcl_interfaces/srv/detail/list_parameters__type_support_c.cpp.o
[ 86%] Building CXX object CMakeFiles/rcl_interfaces__rosidl_typesupport_fastrtps_c.dir/rosidl_typesupport_fastrtps_c/rcl_interfaces/srv/detail/set_parameters_atomically__type_support_c.cpp.o
[ 86%] Building CXX object CMakeFiles/rcl_interfaces__rosidl_typesupport_fastrtps_c.dir/rosidl_typesupport_fastrtps_c/rcl_interfaces/srv/detail/set_parameters__type_support_c.cpp.o
[ 87%] Building CXX object CMakeFiles/rcl_interfaces__rosidl_typesupport_fastrtps_c.dir/rosidl_typesupport_fastrtps_c/rcl_interfaces/srv/detail/get_logger_levels__type_support_c.cpp.o
[ 87%] Building CXX object CMakeFiles/rcl_interfaces__rosidl_typesupport_fastrtps_c.dir/rosidl_typesupport_fastrtps_c/rcl_interfaces/srv/detail/set_logger_levels__type_support_c.cpp.o
[ 87%] Linking CXX shared library librcl_interfaces__rosidl_typesupport_fastrtps_cpp.so
[ 87%] Built target rcl_interfaces__rosidl_typesupport_fastrtps_cpp
[ 87%] Linking CXX shared library librcl_interfaces__rosidl_typesupport_fastrtps_c.so
[ 87%] Built target rcl_interfaces__rosidl_typesupport_fastrtps_c
[ 87%] Linking CXX shared library librcl_interfaces__rosidl_typesupport_introspection_cpp.so
[ 87%] Built target rcl_interfaces__rosidl_typesupport_introspection_cpp
[ 87%] Built target rcl_interfaces
[ 87%] Generating Python code for ROS interfaces
[ 87%] Built target rcl_interfaces__py
[ 88%] Building C object CMakeFiles/rcl_interfaces__rosidl_generator_py.dir/rosidl_generator_py/rcl_interfaces/msg/_list_parameters_result_s.c.o
[ 89%] Building C object CMakeFiles/rcl_interfaces__rosidl_generator_py.dir/rosidl_generator_py/rcl_interfaces/msg/_parameter_type_s.c.o
[ 88%] Building C object CMakeFiles/rcl_interfaces__rosidl_generator_py.dir/rosidl_generator_py/rcl_interfaces/msg/_parameter_descriptor_s.c.o
[ 88%] Building C object CMakeFiles/rcl_interfaces__rosidl_generator_py.dir/rosidl_generator_py/rcl_interfaces/msg/_integer_range_s.c.o
[ 89%] Building C object CMakeFiles/rcl_interfaces__rosidl_generator_py.dir/rosidl_generator_py/rcl_interfaces/msg/_log_s.c.o
[ 88%] Building C object CMakeFiles/rcl_interfaces__rosidl_generator_py.dir/rosidl_generator_py/rcl_interfaces/msg/_floating_point_range_s.c.o
[ 89%] Building C object CMakeFiles/rcl_interfaces__rosidl_generator_py.dir/rosidl_generator_py/rcl_interfaces/msg/_parameter_event_s.c.o
[ 90%] Building C object CMakeFiles/rcl_interfaces__rosidl_generator_py.dir/rosidl_generator_py/rcl_interfaces/msg/_parameter_s.c.o
[ 91%] Building C object CMakeFiles/rcl_interfaces__rosidl_generator_py.dir/rosidl_generator_py/rcl_interfaces/msg/_parameter_event_descriptors_s.c.o
[ 92%] Building C object CMakeFiles/rcl_interfaces__rosidl_generator_py.dir/rosidl_generator_py/rcl_interfaces/msg/_set_logger_levels_result_s.c.o
[ 92%] Building C object CMakeFiles/rcl_interfaces__rosidl_generator_py.dir/rosidl_generator_py/rcl_interfaces/msg/_parameter_value_s.c.o
[ 93%] Building C object CMakeFiles/rcl_interfaces__rosidl_generator_py.dir/rosidl_generator_py/rcl_interfaces/msg/_set_parameters_result_s.c.o
[ 93%] Building C object CMakeFiles/rcl_interfaces__rosidl_generator_py.dir/rosidl_generator_py/rcl_interfaces/srv/_describe_parameters_s.c.o
[ 93%] Building C object CMakeFiles/rcl_interfaces__rosidl_generator_py.dir/rosidl_generator_py/rcl_interfaces/msg/_logger_level_s.c.o
[ 93%] Building C object CMakeFiles/rcl_interfaces__rosidl_generator_py.dir/rosidl_generator_py/rcl_interfaces/srv/_set_logger_levels_s.c.o
[ 94%] Building C object CMakeFiles/rcl_interfaces__rosidl_generator_py.dir/rosidl_generator_py/rcl_interfaces/srv/_get_logger_levels_s.c.o
[ 94%] Building C object CMakeFiles/rcl_interfaces__rosidl_generator_py.dir/rosidl_generator_py/rcl_interfaces/srv/_set_parameters_s.c.o
[ 95%] Building C object CMakeFiles/rcl_interfaces__rosidl_generator_py.dir/rosidl_generator_py/rcl_interfaces/srv/_list_parameters_s.c.o
[ 95%] Building C object CMakeFiles/rcl_interfaces__rosidl_generator_py.dir/rosidl_generator_py/rcl_interfaces/srv/_get_parameter_types_s.c.o
[ 95%] Building C object CMakeFiles/rcl_interfaces__rosidl_generator_py.dir/rosidl_generator_py/rcl_interfaces/srv/_set_parameters_atomically_s.c.o
[ 96%] Building C object CMakeFiles/rcl_interfaces__rosidl_generator_py.dir/rosidl_generator_py/rcl_interfaces/srv/_get_parameters_s.c.o
[ 97%] Linking C shared library librcl_interfaces__rosidl_generator_py.so
[ 97%] Built target rcl_interfaces__rosidl_generator_py
[ 97%] Building C object CMakeFiles/rcl_interfaces_s__rosidl_typesupport_c.dir/rosidl_generator_py/rcl_interfaces/_rcl_interfaces_s.ep.rosidl_typesupport_c.c.o
[ 97%] Building C object CMakeFiles/rcl_interfaces_s__rosidl_typesupport_introspection_c.dir/rosidl_generator_py/rcl_interfaces/_rcl_interfaces_s.ep.rosidl_typesupport_introspection_c.c.o
[ 97%] Building C object CMakeFiles/rcl_interfaces_s__rosidl_typesupport_fastrtps_c.dir/rosidl_generator_py/rcl_interfaces/_rcl_interfaces_s.ep.rosidl_typesupport_fastrtps_c.c.o
[ 98%] Linking C shared module rosidl_generator_py/rcl_interfaces/rcl_interfaces_s__rosidl_typesupport_c.so
[ 99%] Linking C shared module rosidl_generator_py/rcl_interfaces/rcl_interfaces_s__rosidl_typesupport_fastrtps_c.so
[100%] Linking C shared module rosidl_generator_py/rcl_interfaces/rcl_interfaces_s__rosidl_typesupport_introspection_c.so
[100%] Built target rcl_interfaces_s__rosidl_typesupport_c
[100%] Built target rcl_interfaces_s__rosidl_typesupport_fastrtps_c
[100%] Built target rcl_interfaces_s__rosidl_typesupport_introspection_c
-- Install configuration: ""
-- Installing: /workspace/jazzy_ws/install/share/ament_index/resource_index/rosidl_interfaces/rcl_interfaces
-- Installing: /workspace/jazzy_ws/install/share/rcl_interfaces/msg/FloatingPointRange.json
-- Installing: /workspace/jazzy_ws/install/share/rcl_interfaces/msg/IntegerRange.json
-- Installing: /workspace/jazzy_ws/install/share/rcl_interfaces/msg/ListParametersResult.json
-- Installing: /workspace/jazzy_ws/install/share/rcl_interfaces/msg/Log.json
-- Installing: /workspace/jazzy_ws/install/share/rcl_interfaces/msg/ParameterDescriptor.json
-- Installing: /workspace/jazzy_ws/install/share/rcl_interfaces/msg/ParameterEventDescriptors.json
-- Installing: /workspace/jazzy_ws/install/share/rcl_interfaces/msg/ParameterEvent.json
-- Installing: /workspace/jazzy_ws/install/share/rcl_interfaces/msg/Parameter.json
-- Installing: /workspace/jazzy_ws/install/share/rcl_interfaces/msg/ParameterType.json
-- Installing: /workspace/jazzy_ws/install/share/rcl_interfaces/msg/ParameterValue.json
-- Installing: /workspace/jazzy_ws/install/share/rcl_interfaces/msg/SetParametersResult.json
-- Installing: /workspace/jazzy_ws/install/share/rcl_interfaces/msg/LoggerLevel.json
-- Installing: /workspace/jazzy_ws/install/share/rcl_interfaces/msg/SetLoggerLevelsResult.json
-- Installing: /workspace/jazzy_ws/install/share/rcl_interfaces/srv/DescribeParameters.json
-- Installing: /workspace/jazzy_ws/install/share/rcl_interfaces/srv/GetParameters.json
-- Installing: /workspace/jazzy_ws/install/share/rcl_interfaces/srv/GetParameterTypes.json
-- Installing: /workspace/jazzy_ws/install/share/rcl_interfaces/srv/ListParameters.json
-- Installing: /workspace/jazzy_ws/install/share/rcl_interfaces/srv/SetParametersAtomically.json
-- Installing: /workspace/jazzy_ws/install/share/rcl_interfaces/srv/SetParameters.json
-- Installing: /workspace/jazzy_ws/install/share/rcl_interfaces/srv/GetLoggerLevels.json
-- Installing: /workspace/jazzy_ws/install/share/rcl_interfaces/srv/SetLoggerLevels.json
-- Installing: /workspace/jazzy_ws/install/include/rcl_interfaces/rcl_interfaces
-- Installing: /workspace/jazzy_ws/install/include/rcl_interfaces/rcl_interfaces/msg
-- Installing: /workspace/jazzy_ws/install/include/rcl_interfaces/rcl_interfaces/msg/detail
-- Installing: /workspace/jazzy_ws/install/include/rcl_interfaces/rcl_interfaces/msg/detail/parameter_descriptor__type_support.c
-- Installing: /workspace/jazzy_ws/install/include/rcl_interfaces/rcl_interfaces/msg/detail/set_parameters_result__description.c
-- Installing: /workspace/jazzy_ws/install/include/rcl_interfaces/rcl_interfaces/msg/detail/list_parameters_result__type_support.h
-- Installing: /workspace/jazzy_ws/install/include/rcl_interfaces/rcl_interfaces/msg/detail/parameter_event__description.c
-- Installing: /workspace/jazzy_ws/install/include/rcl_interfaces/rcl_interfaces/msg/detail/log__type_support.h
-- Installing: /workspace/jazzy_ws/install/include/rcl_interfaces/rcl_interfaces/msg/detail/floating_point_range__functions.c
-- Installing: /workspace/jazzy_ws/install/include/rcl_interfaces/rcl_interfaces/msg/detail/parameter_descriptor__functions.h
-- Installing: /workspace/jazzy_ws/install/include/rcl_interfaces/rcl_interfaces/msg/detail/set_parameters_result__type_support.h
-- Installing: /workspace/jazzy_ws/install/include/rcl_interfaces/rcl_interfaces/msg/detail/set_logger_levels_result__struct.h
-- Installing: /workspace/jazzy_ws/install/include/rcl_interfaces/rcl_interfaces/msg/detail/list_parameters_result__functions.c
-- Installing: /workspace/jazzy_ws/install/include/rcl_interfaces/rcl_interfaces/msg/detail/parameter__type_support.c
-- Installing: /workspace/jazzy_ws/install/include/rcl_interfaces/rcl_interfaces/msg/detail/parameter_value__functions.c
-- Installing: /workspace/jazzy_ws/install/include/rcl_interfaces/rcl_interfaces/msg/detail/parameter_type__functions.h
-- Installing: /workspace/jazzy_ws/install/include/rcl_interfaces/rcl_interfaces/msg/detail/parameter_event_descriptors__description.c
-- Installing: /workspace/jazzy_ws/install/include/rcl_interfaces/rcl_interfaces/msg/detail/parameter_type__type_support.c
-- Installing: /workspace/jazzy_ws/install/include/rcl_interfaces/rcl_interfaces/msg/detail/parameter_event__type_support.c
-- Installing: /workspace/jazzy_ws/install/include/rcl_interfaces/rcl_interfaces/msg/detail/list_parameters_result__type_support.c
-- Installing: /workspace/jazzy_ws/install/include/rcl_interfaces/rcl_interfaces/msg/detail/floating_point_range__type_support.c
-- Installing: /workspace/jazzy_ws/install/include/rcl_interfaces/rcl_interfaces/msg/detail/integer_range__type_support.c
-- Installing: /workspace/jazzy_ws/install/include/rcl_interfaces/rcl_interfaces/msg/detail/parameter_event_descriptors__type_support.h
-- Installing: /workspace/jazzy_ws/install/include/rcl_interfaces/rcl_interfaces/msg/detail/set_logger_levels_result__functions.h
-- Installing: /workspace/jazzy_ws/install/include/rcl_interfaces/rcl_interfaces/msg/detail/set_parameters_result__type_support.c
-- Installing: /workspace/jazzy_ws/install/include/rcl_interfaces/rcl_interfaces/msg/detail/floating_point_range__struct.h
-- Installing: /workspace/jazzy_ws/install/include/rcl_interfaces/rcl_interfaces/msg/detail/integer_range__type_support.h
-- Installing: /workspace/jazzy_ws/install/include/rcl_interfaces/rcl_interfaces/msg/detail/parameter_value__struct.h
-- Installing: /workspace/jazzy_ws/install/include/rcl_interfaces/rcl_interfaces/msg/detail/parameter_descriptor__description.c
-- Installing: /workspace/jazzy_ws/install/include/rcl_interfaces/rcl_interfaces/msg/detail/parameter_descriptor__functions.c
-- Installing: /workspace/jazzy_ws/install/include/rcl_interfaces/rcl_interfaces/msg/detail/log__description.c
-- Installing: /workspace/jazzy_ws/install/include/rcl_interfaces/rcl_interfaces/msg/detail/parameter_event_descriptors__functions.h
-- Installing: /workspace/jazzy_ws/install/include/rcl_interfaces/rcl_interfaces/msg/detail/parameter__description.c
-- Installing: /workspace/jazzy_ws/install/include/rcl_interfaces/rcl_interfaces/msg/detail/parameter_event_descriptors__struct.h
-- Installing: /workspace/jazzy_ws/install/include/rcl_interfaces/rcl_interfaces/msg/detail/integer_range__functions.c
-- Installing: /workspace/jazzy_ws/install/include/rcl_interfaces/rcl_interfaces/msg/detail/parameter_event__struct.h
-- Installing: /workspace/jazzy_ws/install/include/rcl_interfaces/rcl_interfaces/msg/detail/logger_level__description.c
-- Installing: /workspace/jazzy_ws/install/include/rcl_interfaces/rcl_interfaces/msg/detail/parameter__type_support.h
-- Installing: /workspace/jazzy_ws/install/include/rcl_interfaces/rcl_interfaces/msg/detail/parameter_type__functions.c
-- Installing: /workspace/jazzy_ws/install/include/rcl_interfaces/rcl_interfaces/msg/detail/set_parameters_result__functions.c
-- Installing: /workspace/jazzy_ws/install/include/rcl_interfaces/rcl_interfaces/msg/detail/set_parameters_result__struct.h
-- Installing: /workspace/jazzy_ws/install/include/rcl_interfaces/rcl_interfaces/msg/detail/integer_range__struct.h
-- Installing: /workspace/jazzy_ws/install/include/rcl_interfaces/rcl_interfaces/msg/detail/set_logger_levels_result__functions.c
-- Installing: /workspace/jazzy_ws/install/include/rcl_interfaces/rcl_interfaces/msg/detail/parameter_type__type_support.h
-- Installing: /workspace/jazzy_ws/install/include/rcl_interfaces/rcl_interfaces/msg/detail/integer_range__functions.h
-- Installing: /workspace/jazzy_ws/install/include/rcl_interfaces/rcl_interfaces/msg/detail/set_parameters_result__functions.h
-- Installing: /workspace/jazzy_ws/install/include/rcl_interfaces/rcl_interfaces/msg/detail/parameter__struct.h
-- Installing: /workspace/jazzy_ws/install/include/rcl_interfaces/rcl_interfaces/msg/detail/list_parameters_result__functions.h
-- Installing: /workspace/jazzy_ws/install/include/rcl_interfaces/rcl_interfaces/msg/detail/parameter_descriptor__struct.h
-- Installing: /workspace/jazzy_ws/install/include/rcl_interfaces/rcl_interfaces/msg/detail/parameter_event_descriptors__functions.c
-- Installing: /workspace/jazzy_ws/install/include/rcl_interfaces/rcl_interfaces/msg/detail/log__functions.h
-- Installing: /workspace/jazzy_ws/install/include/rcl_interfaces/rcl_interfaces/msg/detail/parameter__functions.c
-- Installing: /workspace/jazzy_ws/install/include/rcl_interfaces/rcl_interfaces/msg/detail/parameter_value__functions.h
-- Installing: /workspace/jazzy_ws/install/include/rcl_interfaces/rcl_interfaces/msg/detail/logger_level__type_support.h
-- Installing: /workspace/jazzy_ws/install/include/rcl_interfaces/rcl_interfaces/msg/detail/set_logger_levels_result__type_support.h
-- Installing: /workspace/jazzy_ws/install/include/rcl_interfaces/rcl_interfaces/msg/detail/parameter_event__functions.h
-- Installing: /workspace/jazzy_ws/install/include/rcl_interfaces/rcl_interfaces/msg/detail/log__functions.c
-- Installing: /workspace/jazzy_ws/install/include/rcl_interfaces/rcl_interfaces/msg/detail/log__type_support.c
-- Installing: /workspace/jazzy_ws/install/include/rcl_interfaces/rcl_interfaces/msg/detail/parameter__functions.h
-- Installing: /workspace/jazzy_ws/install/include/rcl_interfaces/rcl_interfaces/msg/detail/floating_point_range__type_support.h
-- Installing: /workspace/jazzy_ws/install/include/rcl_interfaces/rcl_interfaces/msg/detail/logger_level__struct.h
-- Installing: /workspace/jazzy_ws/install/include/rcl_interfaces/rcl_interfaces/msg/detail/parameter_event_descriptors__type_support.c
-- Installing: /workspace/jazzy_ws/install/include/rcl_interfaces/rcl_interfaces/msg/detail/parameter_value__type_support.h
-- Installing: /workspace/jazzy_ws/install/include/rcl_interfaces/rcl_interfaces/msg/detail/set_logger_levels_result__description.c
-- Installing: /workspace/jazzy_ws/install/include/rcl_interfaces/rcl_interfaces/msg/detail/floating_point_range__description.c
-- Installing: /workspace/jazzy_ws/install/include/rcl_interfaces/rcl_interfaces/msg/detail/parameter_value__description.c
-- Installing: /workspace/jazzy_ws/install/include/rcl_interfaces/rcl_interfaces/msg/detail/integer_range__description.c
-- Installing: /workspace/jazzy_ws/install/include/rcl_interfaces/rcl_interfaces/msg/detail/parameter_value__type_support.c
-- Installing: /workspace/jazzy_ws/install/include/rcl_interfaces/rcl_interfaces/msg/detail/parameter_event__functions.c
-- Installing: /workspace/jazzy_ws/install/include/rcl_interfaces/rcl_interfaces/msg/detail/parameter_type__struct.h
-- Installing: /workspace/jazzy_ws/install/include/rcl_interfaces/rcl_interfaces/msg/detail/log__struct.h
-- Installing: /workspace/jazzy_ws/install/include/rcl_interfaces/rcl_interfaces/msg/detail/set_logger_levels_result__type_support.c
-- Installing: /workspace/jazzy_ws/install/include/rcl_interfaces/rcl_interfaces/msg/detail/parameter_type__description.c
-- Installing: /workspace/jazzy_ws/install/include/rcl_interfaces/rcl_interfaces/msg/detail/floating_point_range__functions.h
-- Installing: /workspace/jazzy_ws/install/include/rcl_interfaces/rcl_interfaces/msg/detail/logger_level__functions.c
-- Installing: /workspace/jazzy_ws/install/include/rcl_interfaces/rcl_interfaces/msg/detail/parameter_descriptor__type_support.h
-- Installing: /workspace/jazzy_ws/install/include/rcl_interfaces/rcl_interfaces/msg/detail/parameter_event__type_support.h
-- Installing: /workspace/jazzy_ws/install/include/rcl_interfaces/rcl_interfaces/msg/detail/list_parameters_result__description.c
-- Installing: /workspace/jazzy_ws/install/include/rcl_interfaces/rcl_interfaces/msg/detail/logger_level__type_support.c
-- Installing: /workspace/jazzy_ws/install/include/rcl_interfaces/rcl_interfaces/msg/detail/logger_level__functions.h
-- Installing: /workspace/jazzy_ws/install/include/rcl_interfaces/rcl_interfaces/msg/detail/list_parameters_result__struct.h
-- Installing: /workspace/jazzy_ws/install/include/rcl_interfaces/rcl_interfaces/msg/parameter_event.h
-- Installing: /workspace/jazzy_ws/install/include/rcl_interfaces/rcl_interfaces/msg/parameter_value.h
-- Installing: /workspace/jazzy_ws/install/include/rcl_interfaces/rcl_interfaces/msg/parameter_descriptor.h
-- Installing: /workspace/jazzy_ws/install/include/rcl_interfaces/rcl_interfaces/msg/list_parameters_result.h
-- Installing: /workspace/jazzy_ws/install/include/rcl_interfaces/rcl_interfaces/msg/floating_point_range.h
-- Installing: /workspace/jazzy_ws/install/include/rcl_interfaces/rcl_interfaces/msg/log.h
-- Installing: /workspace/jazzy_ws/install/include/rcl_interfaces/rcl_interfaces/msg/integer_range.h
-- Installing: /workspace/jazzy_ws/install/include/rcl_interfaces/rcl_interfaces/msg/logger_level.h
-- Installing: /workspace/jazzy_ws/install/include/rcl_interfaces/rcl_interfaces/msg/set_parameters_result.h
-- Installing: /workspace/jazzy_ws/install/include/rcl_interfaces/rcl_interfaces/msg/set_logger_levels_result.h
-- Installing: /workspace/jazzy_ws/install/include/rcl_interfaces/rcl_interfaces/msg/parameter_type.h
-- Installing: /workspace/jazzy_ws/install/include/rcl_interfaces/rcl_interfaces/msg/parameter.h
-- Installing: /workspace/jazzy_ws/install/include/rcl_interfaces/rcl_interfaces/msg/parameter_event_descriptors.h
-- Installing: /workspace/jazzy_ws/install/include/rcl_interfaces/rcl_interfaces/msg/rosidl_generator_c__visibility_control.h
-- Installing: /workspace/jazzy_ws/install/include/rcl_interfaces/rcl_interfaces/srv
-- Installing: /workspace/jazzy_ws/install/include/rcl_interfaces/rcl_interfaces/srv/detail
-- Installing: /workspace/jazzy_ws/install/include/rcl_interfaces/rcl_interfaces/srv/detail/list_parameters__description.c
-- Installing: /workspace/jazzy_ws/install/include/rcl_interfaces/rcl_interfaces/srv/detail/set_parameters_atomically__functions.c
-- Installing: /workspace/jazzy_ws/install/include/rcl_interfaces/rcl_interfaces/srv/detail/list_parameters__type_support.c
-- Installing: /workspace/jazzy_ws/install/include/rcl_interfaces/rcl_interfaces/srv/detail/describe_parameters__functions.h
-- Installing: /workspace/jazzy_ws/install/include/rcl_interfaces/rcl_interfaces/srv/detail/list_parameters__functions.h
-- Installing: /workspace/jazzy_ws/install/include/rcl_interfaces/rcl_interfaces/srv/detail/get_parameters__functions.c
-- Installing: /workspace/jazzy_ws/install/include/rcl_interfaces/rcl_interfaces/srv/detail/get_parameters__functions.h
-- Installing: /workspace/jazzy_ws/install/include/rcl_interfaces/rcl_interfaces/srv/detail/set_logger_levels__functions.h
-- Installing: /workspace/jazzy_ws/install/include/rcl_interfaces/rcl_interfaces/srv/detail/get_parameter_types__description.c
-- Installing: /workspace/jazzy_ws/install/include/rcl_interfaces/rcl_interfaces/srv/detail/get_parameter_types__struct.h
-- Installing: /workspace/jazzy_ws/install/include/rcl_interfaces/rcl_interfaces/srv/detail/list_parameters__struct.h
-- Installing: /workspace/jazzy_ws/install/include/rcl_interfaces/rcl_interfaces/srv/detail/set_logger_levels__type_support.h
-- Installing: /workspace/jazzy_ws/install/include/rcl_interfaces/rcl_interfaces/srv/detail/describe_parameters__struct.h
-- Installing: /workspace/jazzy_ws/install/include/rcl_interfaces/rcl_interfaces/srv/detail/set_logger_levels__description.c
-- Installing: /workspace/jazzy_ws/install/include/rcl_interfaces/rcl_interfaces/srv/detail/get_parameters__type_support.h
-- Installing: /workspace/jazzy_ws/install/include/rcl_interfaces/rcl_interfaces/srv/detail/get_logger_levels__type_support.c
-- Installing: /workspace/jazzy_ws/install/include/rcl_interfaces/rcl_interfaces/srv/detail/get_logger_levels__description.c
-- Installing: /workspace/jazzy_ws/install/include/rcl_interfaces/rcl_interfaces/srv/detail/set_parameters__description.c
-- Installing: /workspace/jazzy_ws/install/include/rcl_interfaces/rcl_interfaces/srv/detail/list_parameters__functions.c
-- Installing: /workspace/jazzy_ws/install/include/rcl_interfaces/rcl_interfaces/srv/detail/get_parameter_types__type_support.c
-- Installing: /workspace/jazzy_ws/install/include/rcl_interfaces/rcl_interfaces/srv/detail/get_parameters__type_support.c
-- Installing: /workspace/jazzy_ws/install/include/rcl_interfaces/rcl_interfaces/srv/detail/set_parameters_atomically__type_support.c
-- Installing: /workspace/jazzy_ws/install/include/rcl_interfaces/rcl_interfaces/srv/detail/get_logger_levels__functions.c
-- Installing: /workspace/jazzy_ws/install/include/rcl_interfaces/rcl_interfaces/srv/detail/set_parameters__functions.c
-- Installing: /workspace/jazzy_ws/install/include/rcl_interfaces/rcl_interfaces/srv/detail/set_parameters_atomically__type_support.h
-- Installing: /workspace/jazzy_ws/install/include/rcl_interfaces/rcl_interfaces/srv/detail/set_parameters_atomically__struct.h
-- Installing: /workspace/jazzy_ws/install/include/rcl_interfaces/rcl_interfaces/srv/detail/get_parameter_types__type_support.h
-- Installing: /workspace/jazzy_ws/install/include/rcl_interfaces/rcl_interfaces/srv/detail/set_logger_levels__type_support.c
-- Installing: /workspace/jazzy_ws/install/include/rcl_interfaces/rcl_interfaces/srv/detail/set_parameters_atomically__description.c
-- Installing: /workspace/jazzy_ws/install/include/rcl_interfaces/rcl_interfaces/srv/detail/get_parameter_types__functions.h
-- Installing: /workspace/jazzy_ws/install/include/rcl_interfaces/rcl_interfaces/srv/detail/get_logger_levels__type_support.h
-- Installing: /workspace/jazzy_ws/install/include/rcl_interfaces/rcl_interfaces/srv/detail/describe_parameters__type_support.c
-- Installing: /workspace/jazzy_ws/install/include/rcl_interfaces/rcl_interfaces/srv/detail/describe_parameters__type_support.h
-- Installing: /workspace/jazzy_ws/install/include/rcl_interfaces/rcl_interfaces/srv/detail/describe_parameters__description.c
-- Installing: /workspace/jazzy_ws/install/include/rcl_interfaces/rcl_interfaces/srv/detail/set_logger_levels__functions.c
-- Installing: /workspace/jazzy_ws/install/include/rcl_interfaces/rcl_interfaces/srv/detail/get_logger_levels__struct.h
-- Installing: /workspace/jazzy_ws/install/include/rcl_interfaces/rcl_interfaces/srv/detail/get_logger_levels__functions.h
-- Installing: /workspace/jazzy_ws/install/include/rcl_interfaces/rcl_interfaces/srv/detail/set_parameters__type_support.h
-- Installing: /workspace/jazzy_ws/install/include/rcl_interfaces/rcl_interfaces/srv/detail/get_parameters__struct.h
-- Installing: /workspace/jazzy_ws/install/include/rcl_interfaces/rcl_interfaces/srv/detail/get_parameter_types__functions.c
-- Installing: /workspace/jazzy_ws/install/include/rcl_interfaces/rcl_interfaces/srv/detail/describe_parameters__functions.c
-- Installing: /workspace/jazzy_ws/install/include/rcl_interfaces/rcl_interfaces/srv/detail/set_parameters__type_support.c
-- Installing: /workspace/jazzy_ws/install/include/rcl_interfaces/rcl_interfaces/srv/detail/get_parameters__description.c
-- Installing: /workspace/jazzy_ws/install/include/rcl_interfaces/rcl_interfaces/srv/detail/set_parameters_atomically__functions.h
-- Installing: /workspace/jazzy_ws/install/include/rcl_interfaces/rcl_interfaces/srv/detail/set_parameters__functions.h
-- Installing: /workspace/jazzy_ws/install/include/rcl_interfaces/rcl_interfaces/srv/detail/set_logger_levels__struct.h
-- Installing: /workspace/jazzy_ws/install/include/rcl_interfaces/rcl_interfaces/srv/detail/set_parameters__struct.h
-- Installing: /workspace/jazzy_ws/install/include/rcl_interfaces/rcl_interfaces/srv/detail/list_parameters__type_support.h
-- Installing: /workspace/jazzy_ws/install/include/rcl_interfaces/rcl_interfaces/srv/get_logger_levels.h
-- Installing: /workspace/jazzy_ws/install/include/rcl_interfaces/rcl_interfaces/srv/set_parameters_atomically.h
-- Installing: /workspace/jazzy_ws/install/include/rcl_interfaces/rcl_interfaces/srv/set_parameters.h
-- Installing: /workspace/jazzy_ws/install/include/rcl_interfaces/rcl_interfaces/srv/describe_parameters.h
-- Installing: /workspace/jazzy_ws/install/include/rcl_interfaces/rcl_interfaces/srv/list_parameters.h
-- Installing: /workspace/jazzy_ws/install/include/rcl_interfaces/rcl_interfaces/srv/set_logger_levels.h
-- Installing: /workspace/jazzy_ws/install/include/rcl_interfaces/rcl_interfaces/srv/get_parameters.h
-- Installing: /workspace/jazzy_ws/install/include/rcl_interfaces/rcl_interfaces/srv/get_parameter_types.h
-- Installing: /workspace/jazzy_ws/install/share/rcl_interfaces/environment/library_path.sh
-- Installing: /workspace/jazzy_ws/install/share/rcl_interfaces/environment/library_path.dsv
-- Installing: /workspace/jazzy_ws/install/lib/librcl_interfaces__rosidl_generator_c.so
-- Set non-toolchain portion of runtime path of "/workspace/jazzy_ws/install/lib/librcl_interfaces__rosidl_generator_c.so" to ""
-- Up-to-date: /workspace/jazzy_ws/install/include/rcl_interfaces/rcl_interfaces
-- Up-to-date: /workspace/jazzy_ws/install/include/rcl_interfaces/rcl_interfaces/msg
-- Up-to-date: /workspace/jazzy_ws/install/include/rcl_interfaces/rcl_interfaces/msg/detail
-- Installing: /workspace/jazzy_ws/install/include/rcl_interfaces/rcl_interfaces/msg/detail/log__rosidl_typesupport_fastrtps_c.h
-- Installing: /workspace/jazzy_ws/install/include/rcl_interfaces/rcl_interfaces/msg/detail/set_parameters_result__rosidl_typesupport_fastrtps_c.h
-- Installing: /workspace/jazzy_ws/install/include/rcl_interfaces/rcl_interfaces/msg/detail/logger_level__rosidl_typesupport_fastrtps_c.h
-- Installing: /workspace/jazzy_ws/install/include/rcl_interfaces/rcl_interfaces/msg/detail/parameter__rosidl_typesupport_fastrtps_c.h
-- Installing: /workspace/jazzy_ws/install/include/rcl_interfaces/rcl_interfaces/msg/detail/parameter_descriptor__rosidl_typesupport_fastrtps_c.h
-- Installing: /workspace/jazzy_ws/install/include/rcl_interfaces/rcl_interfaces/msg/detail/parameter_value__rosidl_typesupport_fastrtps_c.h
-- Installing: /workspace/jazzy_ws/install/include/rcl_interfaces/rcl_interfaces/msg/detail/parameter_event__rosidl_typesupport_fastrtps_c.h
-- Installing: /workspace/jazzy_ws/install/include/rcl_interfaces/rcl_interfaces/msg/detail/list_parameters_result__rosidl_typesupport_fastrtps_c.h
-- Installing: /workspace/jazzy_ws/install/include/rcl_interfaces/rcl_interfaces/msg/detail/set_logger_levels_result__rosidl_typesupport_fastrtps_c.h
-- Installing: /workspace/jazzy_ws/install/include/rcl_interfaces/rcl_interfaces/msg/detail/floating_point_range__rosidl_typesupport_fastrtps_c.h
-- Installing: /workspace/jazzy_ws/install/include/rcl_interfaces/rcl_interfaces/msg/detail/parameter_type__rosidl_typesupport_fastrtps_c.h
-- Installing: /workspace/jazzy_ws/install/include/rcl_interfaces/rcl_interfaces/msg/detail/parameter_event_descriptors__rosidl_typesupport_fastrtps_c.h
-- Installing: /workspace/jazzy_ws/install/include/rcl_interfaces/rcl_interfaces/msg/detail/integer_range__rosidl_typesupport_fastrtps_c.h
-- Installing: /workspace/jazzy_ws/install/include/rcl_interfaces/rcl_interfaces/msg/rosidl_typesupport_fastrtps_c__visibility_control.h
-- Up-to-date: /workspace/jazzy_ws/install/include/rcl_interfaces/rcl_interfaces/srv
-- Up-to-date: /workspace/jazzy_ws/install/include/rcl_interfaces/rcl_interfaces/srv/detail
-- Installing: /workspace/jazzy_ws/install/include/rcl_interfaces/rcl_interfaces/srv/detail/describe_parameters__rosidl_typesupport_fastrtps_c.h
-- Installing: /workspace/jazzy_ws/install/include/rcl_interfaces/rcl_interfaces/srv/detail/set_parameters__rosidl_typesupport_fastrtps_c.h
-- Installing: /workspace/jazzy_ws/install/include/rcl_interfaces/rcl_interfaces/srv/detail/get_logger_levels__rosidl_typesupport_fastrtps_c.h
-- Installing: /workspace/jazzy_ws/install/include/rcl_interfaces/rcl_interfaces/srv/detail/set_parameters_atomically__rosidl_typesupport_fastrtps_c.h
-- Installing: /workspace/jazzy_ws/install/include/rcl_interfaces/rcl_interfaces/srv/detail/get_parameters__rosidl_typesupport_fastrtps_c.h
-- Installing: /workspace/jazzy_ws/install/include/rcl_interfaces/rcl_interfaces/srv/detail/set_logger_levels__rosidl_typesupport_fastrtps_c.h
-- Installing: /workspace/jazzy_ws/install/include/rcl_interfaces/rcl_interfaces/srv/detail/get_parameter_types__rosidl_typesupport_fastrtps_c.h
-- Installing: /workspace/jazzy_ws/install/include/rcl_interfaces/rcl_interfaces/srv/detail/list_parameters__rosidl_typesupport_fastrtps_c.h
-- Installing: /workspace/jazzy_ws/install/lib/librcl_interfaces__rosidl_typesupport_fastrtps_c.so
-- Set non-toolchain portion of runtime path of "/workspace/jazzy_ws/install/lib/librcl_interfaces__rosidl_typesupport_fastrtps_c.so" to ""
-- Up-to-date: /workspace/jazzy_ws/install/include/rcl_interfaces/rcl_interfaces
-- Up-to-date: /workspace/jazzy_ws/install/include/rcl_interfaces/rcl_interfaces/msg
-- Up-to-date: /workspace/jazzy_ws/install/include/rcl_interfaces/rcl_interfaces/msg/detail
-- Installing: /workspace/jazzy_ws/install/include/rcl_interfaces/rcl_interfaces/msg/detail/parameter_descriptor__type_support.c
-- Installing: /workspace/jazzy_ws/install/include/rcl_interfaces/rcl_interfaces/msg/detail/set_logger_levels_result__rosidl_typesupport_introspection_c.h
-- Installing: /workspace/jazzy_ws/install/include/rcl_interfaces/rcl_interfaces/msg/detail/log__rosidl_typesupport_introspection_c.h
-- Installing: /workspace/jazzy_ws/install/include/rcl_interfaces/rcl_interfaces/msg/detail/parameter__type_support.c
-- Installing: /workspace/jazzy_ws/install/include/rcl_interfaces/rcl_interfaces/msg/detail/parameter__rosidl_typesupport_introspection_c.h
-- Installing: /workspace/jazzy_ws/install/include/rcl_interfaces/rcl_interfaces/msg/detail/parameter_type__type_support.c
-- Installing: /workspace/jazzy_ws/install/include/rcl_interfaces/rcl_interfaces/msg/detail/floating_point_range__rosidl_typesupport_introspection_c.h
-- Installing: /workspace/jazzy_ws/install/include/rcl_interfaces/rcl_interfaces/msg/detail/parameter_event__type_support.c
-- Installing: /workspace/jazzy_ws/install/include/rcl_interfaces/rcl_interfaces/msg/detail/list_parameters_result__type_support.c
-- Installing: /workspace/jazzy_ws/install/include/rcl_interfaces/rcl_interfaces/msg/detail/floating_point_range__type_support.c
-- Installing: /workspace/jazzy_ws/install/include/rcl_interfaces/rcl_interfaces/msg/detail/integer_range__type_support.c
-- Installing: /workspace/jazzy_ws/install/include/rcl_interfaces/rcl_interfaces/msg/detail/set_parameters_result__rosidl_typesupport_introspection_c.h
-- Installing: /workspace/jazzy_ws/install/include/rcl_interfaces/rcl_interfaces/msg/detail/parameter_event_descriptors__rosidl_typesupport_introspection_c.h
-- Installing: /workspace/jazzy_ws/install/include/rcl_interfaces/rcl_interfaces/msg/detail/set_parameters_result__type_support.c
-- Installing: /workspace/jazzy_ws/install/include/rcl_interfaces/rcl_interfaces/msg/detail/parameter_value__rosidl_typesupport_introspection_c.h
-- Installing: /workspace/jazzy_ws/install/include/rcl_interfaces/rcl_interfaces/msg/detail/list_parameters_result__rosidl_typesupport_introspection_c.h
-- Installing: /workspace/jazzy_ws/install/include/rcl_interfaces/rcl_interfaces/msg/detail/parameter_event__rosidl_typesupport_introspection_c.h
-- Installing: /workspace/jazzy_ws/install/include/rcl_interfaces/rcl_interfaces/msg/detail/parameter_type__rosidl_typesupport_introspection_c.h
-- Installing: /workspace/jazzy_ws/install/include/rcl_interfaces/rcl_interfaces/msg/detail/log__type_support.c
-- Installing: /workspace/jazzy_ws/install/include/rcl_interfaces/rcl_interfaces/msg/detail/parameter_event_descriptors__type_support.c
-- Installing: /workspace/jazzy_ws/install/include/rcl_interfaces/rcl_interfaces/msg/detail/parameter_value__type_support.c
-- Installing: /workspace/jazzy_ws/install/include/rcl_interfaces/rcl_interfaces/msg/detail/set_logger_levels_result__type_support.c
-- Installing: /workspace/jazzy_ws/install/include/rcl_interfaces/rcl_interfaces/msg/detail/logger_level__rosidl_typesupport_introspection_c.h
-- Installing: /workspace/jazzy_ws/install/include/rcl_interfaces/rcl_interfaces/msg/detail/logger_level__type_support.c
-- Installing: /workspace/jazzy_ws/install/include/rcl_interfaces/rcl_interfaces/msg/detail/parameter_descriptor__rosidl_typesupport_introspection_c.h
-- Installing: /workspace/jazzy_ws/install/include/rcl_interfaces/rcl_interfaces/msg/detail/integer_range__rosidl_typesupport_introspection_c.h
-- Installing: /workspace/jazzy_ws/install/include/rcl_interfaces/rcl_interfaces/msg/rosidl_typesupport_introspection_c__visibility_control.h
-- Up-to-date: /workspace/jazzy_ws/install/include/rcl_interfaces/rcl_interfaces/srv
-- Up-to-date: /workspace/jazzy_ws/install/include/rcl_interfaces/rcl_interfaces/srv/detail
-- Installing: /workspace/jazzy_ws/install/include/rcl_interfaces/rcl_interfaces/srv/detail/list_parameters__type_support.c
-- Installing: /workspace/jazzy_ws/install/include/rcl_interfaces/rcl_interfaces/srv/detail/list_parameters__rosidl_typesupport_introspection_c.h
-- Installing: /workspace/jazzy_ws/install/include/rcl_interfaces/rcl_interfaces/srv/detail/get_parameters__rosidl_typesupport_introspection_c.h
-- Installing: /workspace/jazzy_ws/install/include/rcl_interfaces/rcl_interfaces/srv/detail/set_logger_levels__rosidl_typesupport_introspection_c.h
-- Installing: /workspace/jazzy_ws/install/include/rcl_interfaces/rcl_interfaces/srv/detail/get_parameter_types__rosidl_typesupport_introspection_c.h
-- Installing: /workspace/jazzy_ws/install/include/rcl_interfaces/rcl_interfaces/srv/detail/get_logger_levels__type_support.c
-- Installing: /workspace/jazzy_ws/install/include/rcl_interfaces/rcl_interfaces/srv/detail/get_parameter_types__type_support.c
-- Installing: /workspace/jazzy_ws/install/include/rcl_interfaces/rcl_interfaces/srv/detail/get_parameters__type_support.c
-- Installing: /workspace/jazzy_ws/install/include/rcl_interfaces/rcl_interfaces/srv/detail/set_parameters__rosidl_typesupport_introspection_c.h
-- Installing: /workspace/jazzy_ws/install/include/rcl_interfaces/rcl_interfaces/srv/detail/set_parameters_atomically__type_support.c
-- Installing: /workspace/jazzy_ws/install/include/rcl_interfaces/rcl_interfaces/srv/detail/get_logger_levels__rosidl_typesupport_introspection_c.h
-- Installing: /workspace/jazzy_ws/install/include/rcl_interfaces/rcl_interfaces/srv/detail/describe_parameters__rosidl_typesupport_introspection_c.h
-- Installing: /workspace/jazzy_ws/install/include/rcl_interfaces/rcl_interfaces/srv/detail/set_logger_levels__type_support.c
-- Installing: /workspace/jazzy_ws/install/include/rcl_interfaces/rcl_interfaces/srv/detail/describe_parameters__type_support.c
-- Installing: /workspace/jazzy_ws/install/include/rcl_interfaces/rcl_interfaces/srv/detail/set_parameters_atomically__rosidl_typesupport_introspection_c.h
-- Installing: /workspace/jazzy_ws/install/include/rcl_interfaces/rcl_interfaces/srv/detail/set_parameters__type_support.c
-- Installing: /workspace/jazzy_ws/install/lib/librcl_interfaces__rosidl_typesupport_introspection_c.so
-- Set non-toolchain portion of runtime path of "/workspace/jazzy_ws/install/lib/librcl_interfaces__rosidl_typesupport_introspection_c.so" to ""
-- Installing: /workspace/jazzy_ws/install/lib/librcl_interfaces__rosidl_typesupport_c.so
-- Set non-toolchain portion of runtime path of "/workspace/jazzy_ws/install/lib/librcl_interfaces__rosidl_typesupport_c.so" to ""
-- Up-to-date: /workspace/jazzy_ws/install/include/rcl_interfaces/rcl_interfaces
-- Up-to-date: /workspace/jazzy_ws/install/include/rcl_interfaces/rcl_interfaces/msg
-- Up-to-date: /workspace/jazzy_ws/install/include/rcl_interfaces/rcl_interfaces/msg/detail
-- Installing: /workspace/jazzy_ws/install/include/rcl_interfaces/rcl_interfaces/msg/detail/parameter_value__type_support.hpp
-- Installing: /workspace/jazzy_ws/install/include/rcl_interfaces/rcl_interfaces/msg/detail/parameter_type__struct.hpp
-- Installing: /workspace/jazzy_ws/install/include/rcl_interfaces/rcl_interfaces/msg/detail/parameter_descriptor__struct.hpp
-- Installing: /workspace/jazzy_ws/install/include/rcl_interfaces/rcl_interfaces/msg/detail/log__type_support.hpp
-- Installing: /workspace/jazzy_ws/install/include/rcl_interfaces/rcl_interfaces/msg/detail/set_logger_levels_result__type_support.hpp
-- Installing: /workspace/jazzy_ws/install/include/rcl_interfaces/rcl_interfaces/msg/detail/parameter_event_descriptors__builder.hpp
-- Installing: /workspace/jazzy_ws/install/include/rcl_interfaces/rcl_interfaces/msg/detail/parameter_type__type_support.hpp
-- Installing: /workspace/jazzy_ws/install/include/rcl_interfaces/rcl_interfaces/msg/detail/parameter__struct.hpp
-- Installing: /workspace/jazzy_ws/install/include/rcl_interfaces/rcl_interfaces/msg/detail/set_parameters_result__traits.hpp
-- Installing: /workspace/jazzy_ws/install/include/rcl_interfaces/rcl_interfaces/msg/detail/integer_range__type_support.hpp
-- Installing: /workspace/jazzy_ws/install/include/rcl_interfaces/rcl_interfaces/msg/detail/logger_level__type_support.hpp
-- Installing: /workspace/jazzy_ws/install/include/rcl_interfaces/rcl_interfaces/msg/detail/list_parameters_result__builder.hpp
-- Installing: /workspace/jazzy_ws/install/include/rcl_interfaces/rcl_interfaces/msg/detail/parameter_type__traits.hpp
-- Installing: /workspace/jazzy_ws/install/include/rcl_interfaces/rcl_interfaces/msg/detail/logger_level__traits.hpp
-- Installing: /workspace/jazzy_ws/install/include/rcl_interfaces/rcl_interfaces/msg/detail/integer_range__traits.hpp
-- Installing: /workspace/jazzy_ws/install/include/rcl_interfaces/rcl_interfaces/msg/detail/log__traits.hpp
-- Installing: /workspace/jazzy_ws/install/include/rcl_interfaces/rcl_interfaces/msg/detail/parameter__traits.hpp
-- Installing: /workspace/jazzy_ws/install/include/rcl_interfaces/rcl_interfaces/msg/detail/parameter_value__builder.hpp
-- Installing: /workspace/jazzy_ws/install/include/rcl_interfaces/rcl_interfaces/msg/detail/parameter_descriptor__builder.hpp
-- Installing: /workspace/jazzy_ws/install/include/rcl_interfaces/rcl_interfaces/msg/detail/parameter_value__struct.hpp
-- Installing: /workspace/jazzy_ws/install/include/rcl_interfaces/rcl_interfaces/msg/detail/parameter_event__type_support.hpp
-- Installing: /workspace/jazzy_ws/install/include/rcl_interfaces/rcl_interfaces/msg/detail/logger_level__builder.hpp
-- Installing: /workspace/jazzy_ws/install/include/rcl_interfaces/rcl_interfaces/msg/detail/set_parameters_result__type_support.hpp
-- Installing: /workspace/jazzy_ws/install/include/rcl_interfaces/rcl_interfaces/msg/detail/parameter_event_descriptors__type_support.hpp
-- Installing: /workspace/jazzy_ws/install/include/rcl_interfaces/rcl_interfaces/msg/detail/floating_point_range__traits.hpp
-- Installing: /workspace/jazzy_ws/install/include/rcl_interfaces/rcl_interfaces/msg/detail/list_parameters_result__struct.hpp
-- Installing: /workspace/jazzy_ws/install/include/rcl_interfaces/rcl_interfaces/msg/detail/integer_range__builder.hpp
-- Installing: /workspace/jazzy_ws/install/include/rcl_interfaces/rcl_interfaces/msg/detail/parameter_event__builder.hpp
-- Installing: /workspace/jazzy_ws/install/include/rcl_interfaces/rcl_interfaces/msg/detail/parameter_event__struct.hpp
-- Installing: /workspace/jazzy_ws/install/include/rcl_interfaces/rcl_interfaces/msg/detail/parameter_descriptor__traits.hpp
-- Installing: /workspace/jazzy_ws/install/include/rcl_interfaces/rcl_interfaces/msg/detail/logger_level__struct.hpp
-- Installing: /workspace/jazzy_ws/install/include/rcl_interfaces/rcl_interfaces/msg/detail/set_parameters_result__builder.hpp
-- Installing: /workspace/jazzy_ws/install/include/rcl_interfaces/rcl_interfaces/msg/detail/parameter_descriptor__type_support.hpp
-- Installing: /workspace/jazzy_ws/install/include/rcl_interfaces/rcl_interfaces/msg/detail/floating_point_range__type_support.hpp
-- Installing: /workspace/jazzy_ws/install/include/rcl_interfaces/rcl_interfaces/msg/detail/parameter__type_support.hpp
-- Installing: /workspace/jazzy_ws/install/include/rcl_interfaces/rcl_interfaces/msg/detail/set_logger_levels_result__traits.hpp
-- Installing: /workspace/jazzy_ws/install/include/rcl_interfaces/rcl_interfaces/msg/detail/parameter_event_descriptors__traits.hpp
-- Installing: /workspace/jazzy_ws/install/include/rcl_interfaces/rcl_interfaces/msg/detail/set_logger_levels_result__struct.hpp
-- Installing: /workspace/jazzy_ws/install/include/rcl_interfaces/rcl_interfaces/msg/detail/log__struct.hpp
-- Installing: /workspace/jazzy_ws/install/include/rcl_interfaces/rcl_interfaces/msg/detail/parameter_value__traits.hpp
-- Installing: /workspace/jazzy_ws/install/include/rcl_interfaces/rcl_interfaces/msg/detail/set_parameters_result__struct.hpp
-- Installing: /workspace/jazzy_ws/install/include/rcl_interfaces/rcl_interfaces/msg/detail/log__builder.hpp
-- Installing: /workspace/jazzy_ws/install/include/rcl_interfaces/rcl_interfaces/msg/detail/list_parameters_result__type_support.hpp
-- Installing: /workspace/jazzy_ws/install/include/rcl_interfaces/rcl_interfaces/msg/detail/floating_point_range__struct.hpp
-- Installing: /workspace/jazzy_ws/install/include/rcl_interfaces/rcl_interfaces/msg/detail/parameter_type__builder.hpp
-- Installing: /workspace/jazzy_ws/install/include/rcl_interfaces/rcl_interfaces/msg/detail/parameter_event__traits.hpp
-- Installing: /workspace/jazzy_ws/install/include/rcl_interfaces/rcl_interfaces/msg/detail/list_parameters_result__traits.hpp
-- Installing: /workspace/jazzy_ws/install/include/rcl_interfaces/rcl_interfaces/msg/detail/parameter__builder.hpp
-- Installing: /workspace/jazzy_ws/install/include/rcl_interfaces/rcl_interfaces/msg/detail/floating_point_range__builder.hpp
-- Installing: /workspace/jazzy_ws/install/include/rcl_interfaces/rcl_interfaces/msg/detail/parameter_event_descriptors__struct.hpp
-- Installing: /workspace/jazzy_ws/install/include/rcl_interfaces/rcl_interfaces/msg/detail/integer_range__struct.hpp
-- Installing: /workspace/jazzy_ws/install/include/rcl_interfaces/rcl_interfaces/msg/detail/set_logger_levels_result__builder.hpp
-- Installing: /workspace/jazzy_ws/install/include/rcl_interfaces/rcl_interfaces/msg/parameter_descriptor.hpp
-- Installing: /workspace/jazzy_ws/install/include/rcl_interfaces/rcl_interfaces/msg/rosidl_generator_cpp__visibility_control.hpp
-- Installing: /workspace/jazzy_ws/install/include/rcl_interfaces/rcl_interfaces/msg/list_parameters_result.hpp
-- Installing: /workspace/jazzy_ws/install/include/rcl_interfaces/rcl_interfaces/msg/parameter_event_descriptors.hpp
-- Installing: /workspace/jazzy_ws/install/include/rcl_interfaces/rcl_interfaces/msg/parameter_type.hpp
-- Installing: /workspace/jazzy_ws/install/include/rcl_interfaces/rcl_interfaces/msg/set_parameters_result.hpp
-- Installing: /workspace/jazzy_ws/install/include/rcl_interfaces/rcl_interfaces/msg/parameter_value.hpp
-- Installing: /workspace/jazzy_ws/install/include/rcl_interfaces/rcl_interfaces/msg/logger_level.hpp
-- Installing: /workspace/jazzy_ws/install/include/rcl_interfaces/rcl_interfaces/msg/floating_point_range.hpp
-- Installing: /workspace/jazzy_ws/install/include/rcl_interfaces/rcl_interfaces/msg/set_logger_levels_result.hpp
-- Installing: /workspace/jazzy_ws/install/include/rcl_interfaces/rcl_interfaces/msg/parameter.hpp
-- Installing: /workspace/jazzy_ws/install/include/rcl_interfaces/rcl_interfaces/msg/parameter_event.hpp
-- Installing: /workspace/jazzy_ws/install/include/rcl_interfaces/rcl_interfaces/msg/log.hpp
-- Installing: /workspace/jazzy_ws/install/include/rcl_interfaces/rcl_interfaces/msg/integer_range.hpp
-- Up-to-date: /workspace/jazzy_ws/install/include/rcl_interfaces/rcl_interfaces/srv
-- Up-to-date: /workspace/jazzy_ws/install/include/rcl_interfaces/rcl_interfaces/srv/detail
-- Installing: /workspace/jazzy_ws/install/include/rcl_interfaces/rcl_interfaces/srv/detail/set_logger_levels__struct.hpp
-- Installing: /workspace/jazzy_ws/install/include/rcl_interfaces/rcl_interfaces/srv/detail/get_parameter_types__type_support.hpp
-- Installing: /workspace/jazzy_ws/install/include/rcl_interfaces/rcl_interfaces/srv/detail/set_parameters_atomically__struct.hpp
-- Installing: /workspace/jazzy_ws/install/include/rcl_interfaces/rcl_interfaces/srv/detail/get_parameter_types__builder.hpp
-- Installing: /workspace/jazzy_ws/install/include/rcl_interfaces/rcl_interfaces/srv/detail/list_parameters__traits.hpp
-- Installing: /workspace/jazzy_ws/install/include/rcl_interfaces/rcl_interfaces/srv/detail/describe_parameters__type_support.hpp
-- Installing: /workspace/jazzy_ws/install/include/rcl_interfaces/rcl_interfaces/srv/detail/list_parameters__struct.hpp
-- Installing: /workspace/jazzy_ws/install/include/rcl_interfaces/rcl_interfaces/srv/detail/get_parameters__traits.hpp
-- Installing: /workspace/jazzy_ws/install/include/rcl_interfaces/rcl_interfaces/srv/detail/list_parameters__type_support.hpp
-- Installing: /workspace/jazzy_ws/install/include/rcl_interfaces/rcl_interfaces/srv/detail/set_parameters_atomically__builder.hpp
-- Installing: /workspace/jazzy_ws/install/include/rcl_interfaces/rcl_interfaces/srv/detail/set_logger_levels__type_support.hpp
-- Installing: /workspace/jazzy_ws/install/include/rcl_interfaces/rcl_interfaces/srv/detail/set_logger_levels__builder.hpp
-- Installing: /workspace/jazzy_ws/install/include/rcl_interfaces/rcl_interfaces/srv/detail/set_parameters__type_support.hpp
-- Installing: /workspace/jazzy_ws/install/include/rcl_interfaces/rcl_interfaces/srv/detail/set_parameters__builder.hpp
-- Installing: /workspace/jazzy_ws/install/include/rcl_interfaces/rcl_interfaces/srv/detail/get_parameters__struct.hpp
-- Installing: /workspace/jazzy_ws/install/include/rcl_interfaces/rcl_interfaces/srv/detail/get_parameters__type_support.hpp
-- Installing: /workspace/jazzy_ws/install/include/rcl_interfaces/rcl_interfaces/srv/detail/describe_parameters__builder.hpp
-- Installing: /workspace/jazzy_ws/install/include/rcl_interfaces/rcl_interfaces/srv/detail/get_parameter_types__struct.hpp
-- Installing: /workspace/jazzy_ws/install/include/rcl_interfaces/rcl_interfaces/srv/detail/describe_parameters__struct.hpp
-- Installing: /workspace/jazzy_ws/install/include/rcl_interfaces/rcl_interfaces/srv/detail/get_logger_levels__type_support.hpp
-- Installing: /workspace/jazzy_ws/install/include/rcl_interfaces/rcl_interfaces/srv/detail/get_logger_levels__traits.hpp
-- Installing: /workspace/jazzy_ws/install/include/rcl_interfaces/rcl_interfaces/srv/detail/list_parameters__builder.hpp
-- Installing: /workspace/jazzy_ws/install/include/rcl_interfaces/rcl_interfaces/srv/detail/get_parameters__builder.hpp
-- Installing: /workspace/jazzy_ws/install/include/rcl_interfaces/rcl_interfaces/srv/detail/set_parameters__traits.hpp
-- Installing: /workspace/jazzy_ws/install/include/rcl_interfaces/rcl_interfaces/srv/detail/get_parameter_types__traits.hpp
-- Installing: /workspace/jazzy_ws/install/include/rcl_interfaces/rcl_interfaces/srv/detail/set_parameters_atomically__type_support.hpp
-- Installing: /workspace/jazzy_ws/install/include/rcl_interfaces/rcl_interfaces/srv/detail/set_parameters_atomically__traits.hpp
-- Installing: /workspace/jazzy_ws/install/include/rcl_interfaces/rcl_interfaces/srv/detail/set_logger_levels__traits.hpp
-- Installing: /workspace/jazzy_ws/install/include/rcl_interfaces/rcl_interfaces/srv/detail/get_logger_levels__struct.hpp
-- Installing: /workspace/jazzy_ws/install/include/rcl_interfaces/rcl_interfaces/srv/detail/describe_parameters__traits.hpp
-- Installing: /workspace/jazzy_ws/install/include/rcl_interfaces/rcl_interfaces/srv/detail/get_logger_levels__builder.hpp
-- Installing: /workspace/jazzy_ws/install/include/rcl_interfaces/rcl_interfaces/srv/detail/set_parameters__struct.hpp
-- Installing: /workspace/jazzy_ws/install/include/rcl_interfaces/rcl_interfaces/srv/set_parameters.hpp
-- Installing: /workspace/jazzy_ws/install/include/rcl_interfaces/rcl_interfaces/srv/list_parameters.hpp
-- Installing: /workspace/jazzy_ws/install/include/rcl_interfaces/rcl_interfaces/srv/get_logger_levels.hpp
-- Installing: /workspace/jazzy_ws/install/include/rcl_interfaces/rcl_interfaces/srv/get_parameter_types.hpp
-- Installing: /workspace/jazzy_ws/install/include/rcl_interfaces/rcl_interfaces/srv/get_parameters.hpp
-- Installing: /workspace/jazzy_ws/install/include/rcl_interfaces/rcl_interfaces/srv/set_logger_levels.hpp
-- Installing: /workspace/jazzy_ws/install/include/rcl_interfaces/rcl_interfaces/srv/describe_parameters.hpp
-- Installing: /workspace/jazzy_ws/install/include/rcl_interfaces/rcl_interfaces/srv/set_parameters_atomically.hpp
-- Up-to-date: /workspace/jazzy_ws/install/include/rcl_interfaces/rcl_interfaces
-- Up-to-date: /workspace/jazzy_ws/install/include/rcl_interfaces/rcl_interfaces/msg
-- Up-to-date: /workspace/jazzy_ws/install/include/rcl_interfaces/rcl_interfaces/msg/detail
-- Installing: /workspace/jazzy_ws/install/include/rcl_interfaces/rcl_interfaces/msg/detail/floating_point_range__rosidl_typesupport_fastrtps_cpp.hpp
-- Installing: /workspace/jazzy_ws/install/include/rcl_interfaces/rcl_interfaces/msg/detail/log__rosidl_typesupport_fastrtps_cpp.hpp
-- Installing: /workspace/jazzy_ws/install/include/rcl_interfaces/rcl_interfaces/msg/detail/set_logger_levels_result__rosidl_typesupport_fastrtps_cpp.hpp
-- Installing: /workspace/jazzy_ws/install/include/rcl_interfaces/rcl_interfaces/msg/detail/logger_level__rosidl_typesupport_fastrtps_cpp.hpp
-- Installing: /workspace/jazzy_ws/install/include/rcl_interfaces/rcl_interfaces/msg/detail/integer_range__rosidl_typesupport_fastrtps_cpp.hpp
-- Installing: /workspace/jazzy_ws/install/include/rcl_interfaces/rcl_interfaces/msg/detail/dds_fastrtps
-- Installing: /workspace/jazzy_ws/install/include/rcl_interfaces/rcl_interfaces/msg/detail/parameter_descriptor__rosidl_typesupport_fastrtps_cpp.hpp
-- Installing: /workspace/jazzy_ws/install/include/rcl_interfaces/rcl_interfaces/msg/detail/parameter_event_descriptors__rosidl_typesupport_fastrtps_cpp.hpp
-- Installing: /workspace/jazzy_ws/install/include/rcl_interfaces/rcl_interfaces/msg/detail/parameter_value__rosidl_typesupport_fastrtps_cpp.hpp
-- Installing: /workspace/jazzy_ws/install/include/rcl_interfaces/rcl_interfaces/msg/detail/parameter_type__rosidl_typesupport_fastrtps_cpp.hpp
-- Installing: /workspace/jazzy_ws/install/include/rcl_interfaces/rcl_interfaces/msg/detail/parameter_event__rosidl_typesupport_fastrtps_cpp.hpp
-- Installing: /workspace/jazzy_ws/install/include/rcl_interfaces/rcl_interfaces/msg/detail/parameter__rosidl_typesupport_fastrtps_cpp.hpp
-- Installing: /workspace/jazzy_ws/install/include/rcl_interfaces/rcl_interfaces/msg/detail/set_parameters_result__rosidl_typesupport_fastrtps_cpp.hpp
-- Installing: /workspace/jazzy_ws/install/include/rcl_interfaces/rcl_interfaces/msg/detail/list_parameters_result__rosidl_typesupport_fastrtps_cpp.hpp
-- Installing: /workspace/jazzy_ws/install/include/rcl_interfaces/rcl_interfaces/msg/rosidl_typesupport_fastrtps_cpp__visibility_control.h
-- Up-to-date: /workspace/jazzy_ws/install/include/rcl_interfaces/rcl_interfaces/srv
-- Up-to-date: /workspace/jazzy_ws/install/include/rcl_interfaces/rcl_interfaces/srv/detail
-- Installing: /workspace/jazzy_ws/install/include/rcl_interfaces/rcl_interfaces/srv/detail/list_parameters__rosidl_typesupport_fastrtps_cpp.hpp
-- Installing: /workspace/jazzy_ws/install/include/rcl_interfaces/rcl_interfaces/srv/detail/dds_fastrtps
-- Installing: /workspace/jazzy_ws/install/include/rcl_interfaces/rcl_interfaces/srv/detail/get_parameter_types__rosidl_typesupport_fastrtps_cpp.hpp
-- Installing: /workspace/jazzy_ws/install/include/rcl_interfaces/rcl_interfaces/srv/detail/set_parameters__rosidl_typesupport_fastrtps_cpp.hpp
-- Installing: /workspace/jazzy_ws/install/include/rcl_interfaces/rcl_interfaces/srv/detail/get_parameters__rosidl_typesupport_fastrtps_cpp.hpp
-- Installing: /workspace/jazzy_ws/install/include/rcl_interfaces/rcl_interfaces/srv/detail/set_parameters_atomically__rosidl_typesupport_fastrtps_cpp.hpp
-- Installing: /workspace/jazzy_ws/install/include/rcl_interfaces/rcl_interfaces/srv/detail/get_logger_levels__rosidl_typesupport_fastrtps_cpp.hpp
-- Installing: /workspace/jazzy_ws/install/include/rcl_interfaces/rcl_interfaces/srv/detail/set_logger_levels__rosidl_typesupport_fastrtps_cpp.hpp
-- Installing: /workspace/jazzy_ws/install/include/rcl_interfaces/rcl_interfaces/srv/detail/describe_parameters__rosidl_typesupport_fastrtps_cpp.hpp
-- Installing: /workspace/jazzy_ws/install/lib/librcl_interfaces__rosidl_typesupport_fastrtps_cpp.so
-- Set non-toolchain portion of runtime path of "/workspace/jazzy_ws/install/lib/librcl_interfaces__rosidl_typesupport_fastrtps_cpp.so" to ""
-- Up-to-date: /workspace/jazzy_ws/install/include/rcl_interfaces/rcl_interfaces
-- Up-to-date: /workspace/jazzy_ws/install/include/rcl_interfaces/rcl_interfaces/msg
-- Up-to-date: /workspace/jazzy_ws/install/include/rcl_interfaces/rcl_interfaces/msg/detail
-- Installing: /workspace/jazzy_ws/install/include/rcl_interfaces/rcl_interfaces/msg/detail/parameter_event_descriptors__type_support.cpp
-- Installing: /workspace/jazzy_ws/install/include/rcl_interfaces/rcl_interfaces/msg/detail/parameter_event_descriptors__rosidl_typesupport_introspection_cpp.hpp
-- Installing: /workspace/jazzy_ws/install/include/rcl_interfaces/rcl_interfaces/msg/detail/parameter_event__rosidl_typesupport_introspection_cpp.hpp
-- Installing: /workspace/jazzy_ws/install/include/rcl_interfaces/rcl_interfaces/msg/detail/list_parameters_result__type_support.cpp
-- Installing: /workspace/jazzy_ws/install/include/rcl_interfaces/rcl_interfaces/msg/detail/floating_point_range__rosidl_typesupport_introspection_cpp.hpp
-- Installing: /workspace/jazzy_ws/install/include/rcl_interfaces/rcl_interfaces/msg/detail/parameter__rosidl_typesupport_introspection_cpp.hpp
-- Installing: /workspace/jazzy_ws/install/include/rcl_interfaces/rcl_interfaces/msg/detail/set_logger_levels_result__type_support.cpp
-- Installing: /workspace/jazzy_ws/install/include/rcl_interfaces/rcl_interfaces/msg/detail/integer_range__type_support.cpp
-- Installing: /workspace/jazzy_ws/install/include/rcl_interfaces/rcl_interfaces/msg/detail/parameter_value__rosidl_typesupport_introspection_cpp.hpp
-- Installing: /workspace/jazzy_ws/install/include/rcl_interfaces/rcl_interfaces/msg/detail/set_parameters_result__type_support.cpp
-- Installing: /workspace/jazzy_ws/install/include/rcl_interfaces/rcl_interfaces/msg/detail/parameter_descriptor__type_support.cpp
-- Installing: /workspace/jazzy_ws/install/include/rcl_interfaces/rcl_interfaces/msg/detail/parameter_value__type_support.cpp
-- Installing: /workspace/jazzy_ws/install/include/rcl_interfaces/rcl_interfaces/msg/detail/set_parameters_result__rosidl_typesupport_introspection_cpp.hpp
-- Installing: /workspace/jazzy_ws/install/include/rcl_interfaces/rcl_interfaces/msg/detail/list_parameters_result__rosidl_typesupport_introspection_cpp.hpp
-- Installing: /workspace/jazzy_ws/install/include/rcl_interfaces/rcl_interfaces/msg/detail/floating_point_range__type_support.cpp
-- Installing: /workspace/jazzy_ws/install/include/rcl_interfaces/rcl_interfaces/msg/detail/integer_range__rosidl_typesupport_introspection_cpp.hpp
-- Installing: /workspace/jazzy_ws/install/include/rcl_interfaces/rcl_interfaces/msg/detail/parameter_event__type_support.cpp
-- Installing: /workspace/jazzy_ws/install/include/rcl_interfaces/rcl_interfaces/msg/detail/parameter_type__rosidl_typesupport_introspection_cpp.hpp
-- Installing: /workspace/jazzy_ws/install/include/rcl_interfaces/rcl_interfaces/msg/detail/logger_level__type_support.cpp
-- Installing: /workspace/jazzy_ws/install/include/rcl_interfaces/rcl_interfaces/msg/detail/logger_level__rosidl_typesupport_introspection_cpp.hpp
-- Installing: /workspace/jazzy_ws/install/include/rcl_interfaces/rcl_interfaces/msg/detail/parameter__type_support.cpp
-- Installing: /workspace/jazzy_ws/install/include/rcl_interfaces/rcl_interfaces/msg/detail/log__rosidl_typesupport_introspection_cpp.hpp
-- Installing: /workspace/jazzy_ws/install/include/rcl_interfaces/rcl_interfaces/msg/detail/parameter_type__type_support.cpp
-- Installing: /workspace/jazzy_ws/install/include/rcl_interfaces/rcl_interfaces/msg/detail/log__type_support.cpp
-- Installing: /workspace/jazzy_ws/install/include/rcl_interfaces/rcl_interfaces/msg/detail/parameter_descriptor__rosidl_typesupport_introspection_cpp.hpp
-- Installing: /workspace/jazzy_ws/install/include/rcl_interfaces/rcl_interfaces/msg/detail/set_logger_levels_result__rosidl_typesupport_introspection_cpp.hpp
-- Up-to-date: /workspace/jazzy_ws/install/include/rcl_interfaces/rcl_interfaces/srv
-- Up-to-date: /workspace/jazzy_ws/install/include/rcl_interfaces/rcl_interfaces/srv/detail
-- Installing: /workspace/jazzy_ws/install/include/rcl_interfaces/rcl_interfaces/srv/detail/get_logger_levels__type_support.cpp
-- Installing: /workspace/jazzy_ws/install/include/rcl_interfaces/rcl_interfaces/srv/detail/list_parameters__rosidl_typesupport_introspection_cpp.hpp
-- Installing: /workspace/jazzy_ws/install/include/rcl_interfaces/rcl_interfaces/srv/detail/get_parameter_types__type_support.cpp
-- Installing: /workspace/jazzy_ws/install/include/rcl_interfaces/rcl_interfaces/srv/detail/get_parameters__rosidl_typesupport_introspection_cpp.hpp
-- Installing: /workspace/jazzy_ws/install/include/rcl_interfaces/rcl_interfaces/srv/detail/set_logger_levels__rosidl_typesupport_introspection_cpp.hpp
-- Installing: /workspace/jazzy_ws/install/include/rcl_interfaces/rcl_interfaces/srv/detail/get_parameter_types__rosidl_typesupport_introspection_cpp.hpp
-- Installing: /workspace/jazzy_ws/install/include/rcl_interfaces/rcl_interfaces/srv/detail/set_parameters__type_support.cpp
-- Installing: /workspace/jazzy_ws/install/include/rcl_interfaces/rcl_interfaces/srv/detail/set_parameters_atomically__type_support.cpp
-- Installing: /workspace/jazzy_ws/install/include/rcl_interfaces/rcl_interfaces/srv/detail/describe_parameters__type_support.cpp
-- Installing: /workspace/jazzy_ws/install/include/rcl_interfaces/rcl_interfaces/srv/detail/get_logger_levels__rosidl_typesupport_introspection_cpp.hpp
-- Installing: /workspace/jazzy_ws/install/include/rcl_interfaces/rcl_interfaces/srv/detail/describe_parameters__rosidl_typesupport_introspection_cpp.hpp
-- Installing: /workspace/jazzy_ws/install/include/rcl_interfaces/rcl_interfaces/srv/detail/set_parameters_atomically__rosidl_typesupport_introspection_cpp.hpp
-- Installing: /workspace/jazzy_ws/install/include/rcl_interfaces/rcl_interfaces/srv/detail/set_parameters__rosidl_typesupport_introspection_cpp.hpp
-- Installing: /workspace/jazzy_ws/install/include/rcl_interfaces/rcl_interfaces/srv/detail/get_parameters__type_support.cpp
-- Installing: /workspace/jazzy_ws/install/include/rcl_interfaces/rcl_interfaces/srv/detail/set_logger_levels__type_support.cpp
-- Installing: /workspace/jazzy_ws/install/include/rcl_interfaces/rcl_interfaces/srv/detail/list_parameters__type_support.cpp
-- Installing: /workspace/jazzy_ws/install/lib/librcl_interfaces__rosidl_typesupport_introspection_cpp.so
-- Set non-toolchain portion of runtime path of "/workspace/jazzy_ws/install/lib/librcl_interfaces__rosidl_typesupport_introspection_cpp.so" to ""
-- Installing: /workspace/jazzy_ws/install/lib/librcl_interfaces__rosidl_typesupport_cpp.so
-- Set non-toolchain portion of runtime path of "/workspace/jazzy_ws/install/lib/librcl_interfaces__rosidl_typesupport_cpp.so" to ""
-- Installing: /workspace/jazzy_ws/install/share/rcl_interfaces/environment/pythonpath.sh
-- Installing: /workspace/jazzy_ws/install/share/rcl_interfaces/environment/pythonpath.dsv
-- Installing: /workspace/jazzy_ws/install/lib/python3.12/site-packages/rcl_interfaces-2.0.3-py3.12.egg-info
-- Installing: /workspace/jazzy_ws/install/lib/python3.12/site-packages/rcl_interfaces-2.0.3-py3.12.egg-info/PKG-INFO
-- Installing: /workspace/jazzy_ws/install/lib/python3.12/site-packages/rcl_interfaces-2.0.3-py3.12.egg-info/SOURCES.txt
-- Installing: /workspace/jazzy_ws/install/lib/python3.12/site-packages/rcl_interfaces-2.0.3-py3.12.egg-info/top_level.txt
-- Installing: /workspace/jazzy_ws/install/lib/python3.12/site-packages/rcl_interfaces-2.0.3-py3.12.egg-info/dependency_links.txt
-- Installing: /workspace/jazzy_ws/install/lib/python3.12/site-packages/rcl_interfaces
-- Installing: /workspace/jazzy_ws/install/lib/python3.12/site-packages/rcl_interfaces/_rcl_interfaces_s.ep.rosidl_typesupport_fastrtps_c.c
-- Installing: /workspace/jazzy_ws/install/lib/python3.12/site-packages/rcl_interfaces/rcl_interfaces_s__rosidl_typesupport_c.so
-- Installing: /workspace/jazzy_ws/install/lib/python3.12/site-packages/rcl_interfaces/rcl_interfaces_s__rosidl_typesupport_introspection_c.so
-- Installing: /workspace/jazzy_ws/install/lib/python3.12/site-packages/rcl_interfaces/_rcl_interfaces_s.ep.rosidl_typesupport_introspection_c.c
-- Installing: /workspace/jazzy_ws/install/lib/python3.12/site-packages/rcl_interfaces/msg
-- Installing: /workspace/jazzy_ws/install/lib/python3.12/site-packages/rcl_interfaces/msg/_log_s.c
-- Installing: /workspace/jazzy_ws/install/lib/python3.12/site-packages/rcl_interfaces/msg/_parameter_type_s.c
-- Installing: /workspace/jazzy_ws/install/lib/python3.12/site-packages/rcl_interfaces/msg/_parameter_event_s.c
-- Installing: /workspace/jazzy_ws/install/lib/python3.12/site-packages/rcl_interfaces/msg/_set_logger_levels_result_s.c
-- Installing: /workspace/jazzy_ws/install/lib/python3.12/site-packages/rcl_interfaces/msg/_parameter_event.py
-- Installing: /workspace/jazzy_ws/install/lib/python3.12/site-packages/rcl_interfaces/msg/_logger_level_s.c
-- Installing: /workspace/jazzy_ws/install/lib/python3.12/site-packages/rcl_interfaces/msg/_logger_level.py
-- Installing: /workspace/jazzy_ws/install/lib/python3.12/site-packages/rcl_interfaces/msg/_integer_range_s.c
-- Installing: /workspace/jazzy_ws/install/lib/python3.12/site-packages/rcl_interfaces/msg/_parameter_event_descriptors_s.c
-- Installing: /workspace/jazzy_ws/install/lib/python3.12/site-packages/rcl_interfaces/msg/__init__.py
-- Installing: /workspace/jazzy_ws/install/lib/python3.12/site-packages/rcl_interfaces/msg/_set_parameters_result.py
-- Installing: /workspace/jazzy_ws/install/lib/python3.12/site-packages/rcl_interfaces/msg/_integer_range.py
-- Installing: /workspace/jazzy_ws/install/lib/python3.12/site-packages/rcl_interfaces/msg/_parameter_s.c
-- Installing: /workspace/jazzy_ws/install/lib/python3.12/site-packages/rcl_interfaces/msg/_list_parameters_result_s.c
-- Installing: /workspace/jazzy_ws/install/lib/python3.12/site-packages/rcl_interfaces/msg/_parameter_event_descriptors.py
-- Installing: /workspace/jazzy_ws/install/lib/python3.12/site-packages/rcl_interfaces/msg/_floating_point_range_s.c
-- Installing: /workspace/jazzy_ws/install/lib/python3.12/site-packages/rcl_interfaces/msg/_parameter_descriptor.py
-- Installing: /workspace/jazzy_ws/install/lib/python3.12/site-packages/rcl_interfaces/msg/_parameter_type.py
-- Installing: /workspace/jazzy_ws/install/lib/python3.12/site-packages/rcl_interfaces/msg/_set_parameters_result_s.c
-- Installing: /workspace/jazzy_ws/install/lib/python3.12/site-packages/rcl_interfaces/msg/_log.py
-- Installing: /workspace/jazzy_ws/install/lib/python3.12/site-packages/rcl_interfaces/msg/_parameter.py
-- Installing: /workspace/jazzy_ws/install/lib/python3.12/site-packages/rcl_interfaces/msg/_parameter_descriptor_s.c
-- Installing: /workspace/jazzy_ws/install/lib/python3.12/site-packages/rcl_interfaces/msg/_set_logger_levels_result.py
-- Installing: /workspace/jazzy_ws/install/lib/python3.12/site-packages/rcl_interfaces/msg/_list_parameters_result.py
-- Installing: /workspace/jazzy_ws/install/lib/python3.12/site-packages/rcl_interfaces/msg/_floating_point_range.py
-- Installing: /workspace/jazzy_ws/install/lib/python3.12/site-packages/rcl_interfaces/msg/_parameter_value_s.c
-- Installing: /workspace/jazzy_ws/install/lib/python3.12/site-packages/rcl_interfaces/msg/_parameter_value.py
-- Installing: /workspace/jazzy_ws/install/lib/python3.12/site-packages/rcl_interfaces/__init__.py
-- Installing: /workspace/jazzy_ws/install/lib/python3.12/site-packages/rcl_interfaces/_rcl_interfaces_s.ep.rosidl_typesupport_c.c
-- Installing: /workspace/jazzy_ws/install/lib/python3.12/site-packages/rcl_interfaces/srv
-- Installing: /workspace/jazzy_ws/install/lib/python3.12/site-packages/rcl_interfaces/srv/_get_logger_levels.py
-- Installing: /workspace/jazzy_ws/install/lib/python3.12/site-packages/rcl_interfaces/srv/_get_parameters_s.c
-- Installing: /workspace/jazzy_ws/install/lib/python3.12/site-packages/rcl_interfaces/srv/_list_parameters.py
-- Installing: /workspace/jazzy_ws/install/lib/python3.12/site-packages/rcl_interfaces/srv/_describe_parameters.py
-- Installing: /workspace/jazzy_ws/install/lib/python3.12/site-packages/rcl_interfaces/srv/_get_logger_levels_s.c
-- Installing: /workspace/jazzy_ws/install/lib/python3.12/site-packages/rcl_interfaces/srv/__init__.py
-- Installing: /workspace/jazzy_ws/install/lib/python3.12/site-packages/rcl_interfaces/srv/_get_parameter_types.py
-- Installing: /workspace/jazzy_ws/install/lib/python3.12/site-packages/rcl_interfaces/srv/_set_parameters_atomically_s.c
-- Installing: /workspace/jazzy_ws/install/lib/python3.12/site-packages/rcl_interfaces/srv/_get_parameters.py
-- Installing: /workspace/jazzy_ws/install/lib/python3.12/site-packages/rcl_interfaces/srv/_set_parameters_s.c
-- Installing: /workspace/jazzy_ws/install/lib/python3.12/site-packages/rcl_interfaces/srv/_list_parameters_s.c
-- Installing: /workspace/jazzy_ws/install/lib/python3.12/site-packages/rcl_interfaces/srv/_set_parameters_atomically.py
-- Installing: /workspace/jazzy_ws/install/lib/python3.12/site-packages/rcl_interfaces/srv/_set_parameters.py
-- Installing: /workspace/jazzy_ws/install/lib/python3.12/site-packages/rcl_interfaces/srv/_describe_parameters_s.c
-- Installing: /workspace/jazzy_ws/install/lib/python3.12/site-packages/rcl_interfaces/srv/_get_parameter_types_s.c
-- Installing: /workspace/jazzy_ws/install/lib/python3.12/site-packages/rcl_interfaces/srv/_set_logger_levels.py
-- Installing: /workspace/jazzy_ws/install/lib/python3.12/site-packages/rcl_interfaces/srv/_set_logger_levels_s.c
-- Installing: /workspace/jazzy_ws/install/lib/python3.12/site-packages/rcl_interfaces/rcl_interfaces_s__rosidl_typesupport_fastrtps_c.so
Listing '/workspace/jazzy_ws/install/lib/python3.12/site-packages/rcl_interfaces'...
Compiling '/workspace/jazzy_ws/install/lib/python3.12/site-packages/rcl_interfaces/__init__.py'...
Listing '/workspace/jazzy_ws/install/lib/python3.12/site-packages/rcl_interfaces/msg'...
Compiling '/workspace/jazzy_ws/install/lib/python3.12/site-packages/rcl_interfaces/msg/__init__.py'...
Compiling '/workspace/jazzy_ws/install/lib/python3.12/site-packages/rcl_interfaces/msg/_floating_point_range.py'...
Compiling '/workspace/jazzy_ws/install/lib/python3.12/site-packages/rcl_interfaces/msg/_integer_range.py'...
Compiling '/workspace/jazzy_ws/install/lib/python3.12/site-packages/rcl_interfaces/msg/_list_parameters_result.py'...
Compiling '/workspace/jazzy_ws/install/lib/python3.12/site-packages/rcl_interfaces/msg/_log.py'...
Compiling '/workspace/jazzy_ws/install/lib/python3.12/site-packages/rcl_interfaces/msg/_logger_level.py'...
Compiling '/workspace/jazzy_ws/install/lib/python3.12/site-packages/rcl_interfaces/msg/_parameter.py'...
Compiling '/workspace/jazzy_ws/install/lib/python3.12/site-packages/rcl_interfaces/msg/_parameter_descriptor.py'...
Compiling '/workspace/jazzy_ws/install/lib/python3.12/site-packages/rcl_interfaces/msg/_parameter_event.py'...
Compiling '/workspace/jazzy_ws/install/lib/python3.12/site-packages/rcl_interfaces/msg/_parameter_event_descriptors.py'...
Compiling '/workspace/jazzy_ws/install/lib/python3.12/site-packages/rcl_interfaces/msg/_parameter_type.py'...
Compiling '/workspace/jazzy_ws/install/lib/python3.12/site-packages/rcl_interfaces/msg/_parameter_value.py'...
Compiling '/workspace/jazzy_ws/install/lib/python3.12/site-packages/rcl_interfaces/msg/_set_logger_levels_result.py'...
Compiling '/workspace/jazzy_ws/install/lib/python3.12/site-packages/rcl_interfaces/msg/_set_parameters_result.py'...
Listing '/workspace/jazzy_ws/install/lib/python3.12/site-packages/rcl_interfaces/srv'...
Compiling '/workspace/jazzy_ws/install/lib/python3.12/site-packages/rcl_interfaces/srv/__init__.py'...
Compiling '/workspace/jazzy_ws/install/lib/python3.12/site-packages/rcl_interfaces/srv/_describe_parameters.py'...
Compiling '/workspace/jazzy_ws/install/lib/python3.12/site-packages/rcl_interfaces/srv/_get_logger_levels.py'...
Compiling '/workspace/jazzy_ws/install/lib/python3.12/site-packages/rcl_interfaces/srv/_get_parameter_types.py'...
Compiling '/workspace/jazzy_ws/install/lib/python3.12/site-packages/rcl_interfaces/srv/_get_parameters.py'...
Compiling '/workspace/jazzy_ws/install/lib/python3.12/site-packages/rcl_interfaces/srv/_list_parameters.py'...
Compiling '/workspace/jazzy_ws/install/lib/python3.12/site-packages/rcl_interfaces/srv/_set_logger_levels.py'...
Compiling '/workspace/jazzy_ws/install/lib/python3.12/site-packages/rcl_interfaces/srv/_set_parameters.py'...
Compiling '/workspace/jazzy_ws/install/lib/python3.12/site-packages/rcl_interfaces/srv/_set_parameters_atomically.py'...
-- Installing: /workspace/jazzy_ws/install/lib/python3.12/site-packages/rcl_interfaces/rcl_interfaces_s__rosidl_typesupport_fastrtps_c.so
-- Set non-toolchain portion of runtime path of "/workspace/jazzy_ws/install/lib/python3.12/site-packages/rcl_interfaces/rcl_interfaces_s__rosidl_typesupport_fastrtps_c.so" to ""
-- Installing: /workspace/jazzy_ws/install/lib/python3.12/site-packages/rcl_interfaces/rcl_interfaces_s__rosidl_typesupport_introspection_c.so
-- Set non-toolchain portion of runtime path of "/workspace/jazzy_ws/install/lib/python3.12/site-packages/rcl_interfaces/rcl_interfaces_s__rosidl_typesupport_introspection_c.so" to ""
-- Installing: /workspace/jazzy_ws/install/lib/python3.12/site-packages/rcl_interfaces/rcl_interfaces_s__rosidl_typesupport_c.so
-- Set non-toolchain portion of runtime path of "/workspace/jazzy_ws/install/lib/python3.12/site-packages/rcl_interfaces/rcl_interfaces_s__rosidl_typesupport_c.so" to ""
-- Installing: /workspace/jazzy_ws/install/lib/librcl_interfaces__rosidl_generator_py.so
-- Set non-toolchain portion of runtime path of "/workspace/jazzy_ws/install/lib/librcl_interfaces__rosidl_generator_py.so" to ""
-- Installing: /workspace/jazzy_ws/install/share/rcl_interfaces/msg/FloatingPointRange.idl
-- Installing: /workspace/jazzy_ws/install/share/rcl_interfaces/msg/IntegerRange.idl
-- Installing: /workspace/jazzy_ws/install/share/rcl_interfaces/msg/ListParametersResult.idl
-- Installing: /workspace/jazzy_ws/install/share/rcl_interfaces/msg/Log.idl
-- Installing: /workspace/jazzy_ws/install/share/rcl_interfaces/msg/ParameterDescriptor.idl
-- Installing: /workspace/jazzy_ws/install/share/rcl_interfaces/msg/ParameterEventDescriptors.idl
-- Installing: /workspace/jazzy_ws/install/share/rcl_interfaces/msg/ParameterEvent.idl
-- Installing: /workspace/jazzy_ws/install/share/rcl_interfaces/msg/Parameter.idl
-- Installing: /workspace/jazzy_ws/install/share/rcl_interfaces/msg/ParameterType.idl
-- Installing: /workspace/jazzy_ws/install/share/rcl_interfaces/msg/ParameterValue.idl
-- Installing: /workspace/jazzy_ws/install/share/rcl_interfaces/msg/SetParametersResult.idl
-- Installing: /workspace/jazzy_ws/install/share/rcl_interfaces/msg/LoggerLevel.idl
-- Installing: /workspace/jazzy_ws/install/share/rcl_interfaces/msg/SetLoggerLevelsResult.idl
-- Installing: /workspace/jazzy_ws/install/share/rcl_interfaces/srv/DescribeParameters.idl
-- Installing: /workspace/jazzy_ws/install/share/rcl_interfaces/srv/GetParameters.idl
-- Installing: /workspace/jazzy_ws/install/share/rcl_interfaces/srv/GetParameterTypes.idl
-- Installing: /workspace/jazzy_ws/install/share/rcl_interfaces/srv/ListParameters.idl
-- Installing: /workspace/jazzy_ws/install/share/rcl_interfaces/srv/SetParametersAtomically.idl
-- Installing: /workspace/jazzy_ws/install/share/rcl_interfaces/srv/SetParameters.idl
-- Installing: /workspace/jazzy_ws/install/share/rcl_interfaces/srv/GetLoggerLevels.idl
-- Installing: /workspace/jazzy_ws/install/share/rcl_interfaces/srv/SetLoggerLevels.idl
-- Installing: /workspace/jazzy_ws/install/share/rcl_interfaces/msg/FloatingPointRange.msg
-- Installing: /workspace/jazzy_ws/install/share/rcl_interfaces/msg/IntegerRange.msg
-- Installing: /workspace/jazzy_ws/install/share/rcl_interfaces/msg/ListParametersResult.msg
-- Installing: /workspace/jazzy_ws/install/share/rcl_interfaces/msg/Log.msg
-- Installing: /workspace/jazzy_ws/install/share/rcl_interfaces/msg/ParameterDescriptor.msg
-- Installing: /workspace/jazzy_ws/install/share/rcl_interfaces/msg/ParameterEventDescriptors.msg
-- Installing: /workspace/jazzy_ws/install/share/rcl_interfaces/msg/ParameterEvent.msg
-- Installing: /workspace/jazzy_ws/install/share/rcl_interfaces/msg/Parameter.msg
-- Installing: /workspace/jazzy_ws/install/share/rcl_interfaces/msg/ParameterType.msg
-- Installing: /workspace/jazzy_ws/install/share/rcl_interfaces/msg/ParameterValue.msg
-- Installing: /workspace/jazzy_ws/install/share/rcl_interfaces/msg/SetParametersResult.msg
-- Installing: /workspace/jazzy_ws/install/share/rcl_interfaces/msg/LoggerLevel.msg
-- Installing: /workspace/jazzy_ws/install/share/rcl_interfaces/msg/SetLoggerLevelsResult.msg
-- Installing: /workspace/jazzy_ws/install/share/rcl_interfaces/srv/DescribeParameters.srv
-- Installing: /workspace/jazzy_ws/install/share/rcl_interfaces/srv/GetParameters.srv
-- Installing: /workspace/jazzy_ws/install/share/rcl_interfaces/srv/GetParameterTypes.srv
-- Installing: /workspace/jazzy_ws/install/share/rcl_interfaces/srv/ListParameters.srv
-- Installing: /workspace/jazzy_ws/install/share/rcl_interfaces/srv/SetParametersAtomically.srv
-- Installing: /workspace/jazzy_ws/install/share/rcl_interfaces/srv/SetParameters.srv
-- Installing: /workspace/jazzy_ws/install/share/rcl_interfaces/srv/GetLoggerLevels.srv
-- Installing: /workspace/jazzy_ws/install/share/rcl_interfaces/srv/SetLoggerLevels.srv
-- Installing: /workspace/jazzy_ws/install/share/rcl_interfaces/mapping_rules.yaml
-- Installing: /workspace/jazzy_ws/install/share/ament_index/resource_index/package_run_dependencies/rcl_interfaces
-- Installing: /workspace/jazzy_ws/install/share/ament_index/resource_index/parent_prefix_path/rcl_interfaces
-- Installing: /workspace/jazzy_ws/install/share/rcl_interfaces/environment/ament_prefix_path.sh
-- Installing: /workspace/jazzy_ws/install/share/rcl_interfaces/environment/ament_prefix_path.dsv
-- Installing: /workspace/jazzy_ws/install/share/rcl_interfaces/environment/path.sh
-- Installing: /workspace/jazzy_ws/install/share/rcl_interfaces/environment/path.dsv
-- Installing: /workspace/jazzy_ws/install/share/rcl_interfaces/local_setup.bash
-- Installing: /workspace/jazzy_ws/install/share/rcl_interfaces/local_setup.sh
-- Installing: /workspace/jazzy_ws/install/share/rcl_interfaces/local_setup.zsh
-- Installing: /workspace/jazzy_ws/install/share/rcl_interfaces/local_setup.dsv
-- Installing: /workspace/jazzy_ws/install/share/rcl_interfaces/package.dsv
-- Installing: /workspace/jazzy_ws/install/share/ament_index/resource_index/packages/rcl_interfaces
-- Installing: /workspace/jazzy_ws/install/share/rcl_interfaces/cmake/export_rcl_interfaces__rosidl_generator_cExport.cmake
-- Installing: /workspace/jazzy_ws/install/share/rcl_interfaces/cmake/export_rcl_interfaces__rosidl_generator_cExport-noconfig.cmake
-- Installing: /workspace/jazzy_ws/install/share/rcl_interfaces/cmake/export_rcl_interfaces__rosidl_typesupport_fastrtps_cExport.cmake
-- Installing: /workspace/jazzy_ws/install/share/rcl_interfaces/cmake/export_rcl_interfaces__rosidl_typesupport_fastrtps_cExport-noconfig.cmake
-- Installing: /workspace/jazzy_ws/install/share/rcl_interfaces/cmake/rcl_interfaces__rosidl_typesupport_introspection_cExport.cmake
-- Installing: /workspace/jazzy_ws/install/share/rcl_interfaces/cmake/rcl_interfaces__rosidl_typesupport_introspection_cExport-noconfig.cmake
-- Installing: /workspace/jazzy_ws/install/share/rcl_interfaces/cmake/rcl_interfaces__rosidl_typesupport_cExport.cmake
-- Installing: /workspace/jazzy_ws/install/share/rcl_interfaces/cmake/rcl_interfaces__rosidl_typesupport_cExport-noconfig.cmake
-- Installing: /workspace/jazzy_ws/install/share/rcl_interfaces/cmake/export_rcl_interfaces__rosidl_generator_cppExport.cmake
-- Installing: /workspace/jazzy_ws/install/share/rcl_interfaces/cmake/export_rcl_interfaces__rosidl_typesupport_fastrtps_cppExport.cmake
-- Installing: /workspace/jazzy_ws/install/share/rcl_interfaces/cmake/export_rcl_interfaces__rosidl_typesupport_fastrtps_cppExport-noconfig.cmake
-- Installing: /workspace/jazzy_ws/install/share/rcl_interfaces/cmake/rcl_interfaces__rosidl_typesupport_introspection_cppExport.cmake
-- Installing: /workspace/jazzy_ws/install/share/rcl_interfaces/cmake/rcl_interfaces__rosidl_typesupport_introspection_cppExport-noconfig.cmake
-- Installing: /workspace/jazzy_ws/install/share/rcl_interfaces/cmake/rcl_interfaces__rosidl_typesupport_cppExport.cmake
-- Installing: /workspace/jazzy_ws/install/share/rcl_interfaces/cmake/rcl_interfaces__rosidl_typesupport_cppExport-noconfig.cmake
-- Installing: /workspace/jazzy_ws/install/share/rcl_interfaces/cmake/export_rcl_interfaces__rosidl_generator_pyExport.cmake
-- Installing: /workspace/jazzy_ws/install/share/rcl_interfaces/cmake/export_rcl_interfaces__rosidl_generator_pyExport-noconfig.cmake
-- Installing: /workspace/jazzy_ws/install/share/rcl_interfaces/cmake/rosidl_cmake-extras.cmake
-- Installing: /workspace/jazzy_ws/install/share/rcl_interfaces/cmake/ament_cmake_export_dependencies-extras.cmake
-- Installing: /workspace/jazzy_ws/install/share/rcl_interfaces/cmake/ament_cmake_export_include_directories-extras.cmake
-- Installing: /workspace/jazzy_ws/install/share/rcl_interfaces/cmake/ament_cmake_export_libraries-extras.cmake
-- Installing: /workspace/jazzy_ws/install/share/rcl_interfaces/cmake/ament_cmake_export_targets-extras.cmake
-- Installing: /workspace/jazzy_ws/install/share/rcl_interfaces/cmake/rosidl_cmake_export_typesupport_targets-extras.cmake
-- Installing: /workspace/jazzy_ws/install/share/rcl_interfaces/cmake/rosidl_cmake_export_typesupport_libraries-extras.cmake
-- Installing: /workspace/jazzy_ws/install/share/rcl_interfaces/cmake/rcl_interfacesConfig.cmake
-- Installing: /workspace/jazzy_ws/install/share/rcl_interfaces/cmake/rcl_interfacesConfig-version.cmake
-- Installing: /workspace/jazzy_ws/install/share/rcl_interfaces/package.xml
