[0.088s] Invoking command in '/workspace/jazzy_ws/build/rcl_interfaces': AMENT_PREFIX_PATH=/workspace/jazzy_ws/install CMAKE_PREFIX_PATH=/workspace/jazzy_ws/install LD_LIBRARY_PATH=/workspace/jazzy_ws/install/lib:/workspace/jazzy_ws/install/opt/mimick_vendor/lib PATH=/workspace/jazzy_ws/install/bin:/workspace/jazzy_ws/install/opt/uncrustify_vendor/bin:${PATH} PKG_CONFIG_PATH=/workspace/jazzy_ws/install/lib/x86_64-linux-gnu/pkgconfig:/workspace/jazzy_ws/install/lib/pkgconfig PYTHONPATH=/workspace/jazzy_ws/install/lib/python3.12/site-packages /usr/bin/cmake /workspace/jazzy_ws/src/rcl_interfaces/rcl_interfaces -DCMAKE_INSTALL_PREFIX=/workspace/jazzy_ws/install
[0.116s] -- The C compiler identification is GNU 13.3.0
[0.146s] -- The CXX compiler identification is GNU 13.3.0
[0.155s] -- Detecting C compiler ABI info
[0.201s] -- Detecting C compiler ABI info - done
[0.205s] -- Check for working C compiler: /usr/bin/cc - skipped
[0.205s] -- Detecting C compile features
[0.205s] -- Detecting C compile features - done
[0.210s] -- Detecting CXX compiler ABI info
[0.263s] -- Detecting CXX compiler ABI info - done
[0.268s] -- Check for working CXX compiler: /usr/bin/c++ - skipped
[0.269s] -- Detecting CXX compile features
[0.269s] -- Detecting CXX compile features - done
[0.270s] -- Found ament_cmake: 2.5.5 (/workspace/jazzy_ws/install/share/ament_cmake/cmake)
[0.338s] -- Found Python3: /usr/bin/python3 (found version "3.12.3") found components: Interpreter 
[0.390s] -- Found rosidl_default_generators: 1.6.0 (/workspace/jazzy_ws/install/share/rosidl_default_generators/cmake)
[0.392s] -- Using all available rosidl_typesupport_c: rosidl_typesupport_fastrtps_c;rosidl_typesupport_introspection_c
[0.414s] -- Using all available rosidl_typesupport_cpp: rosidl_typesupport_fastrtps_cpp;rosidl_typesupport_introspection_cpp
[0.432s] -- Found rosidl_adapter: 4.6.7 (/workspace/jazzy_ws/install/share/rosidl_adapter/cmake)
[0.434s] -- Found builtin_interfaces: 2.0.3 (/workspace/jazzy_ws/install/share/builtin_interfaces/cmake)
[0.780s] -- Found ament_cmake_ros: 0.12.0 (/workspace/jazzy_ws/install/share/ament_cmake_ros/cmake)
[0.990s] -- Using all available rosidl_typesupport_c: rosidl_typesupport_fastrtps_c;rosidl_typesupport_introspection_c
[1.277s] -- Using all available rosidl_typesupport_cpp: rosidl_typesupport_fastrtps_cpp;rosidl_typesupport_introspection_cpp
[1.278s] -- Found python_cmake_module: 0.11.1 (/workspace/jazzy_ws/install/share/python_cmake_module/cmake)
[1.345s] -- Found PythonExtra: /usr/bin/python3  
[1.819s] -- Found Python3: /usr/bin/python3 (found version "3.12.3") found components: Interpreter Development NumPy Development.Module Development.Embed 
[1.843s] -- Found ament_lint_auto: 0.17.4 (/workspace/jazzy_ws/install/share/ament_lint_auto/cmake)
[1.891s] -- Added test 'copyright' to check source files copyright and LICENSE
[1.907s] -- Added test 'lint_cmake' to check CMake code style
[1.913s] -- Added test 'xmllint' to check XML markup files
[1.919s] -- Configuring done (1.8s)
[1.984s] -- Generating done (0.0s)
[1.995s] -- Build files have been written to: /workspace/jazzy_ws/build/rcl_interfaces
[2.004s] Invoked command in '/workspace/jazzy_ws/build/rcl_interfaces' returned '0': AMENT_PREFIX_PATH=/workspace/jazzy_ws/install CMAKE_PREFIX_PATH=/workspace/jazzy_ws/install LD_LIBRARY_PATH=/workspace/jazzy_ws/install/lib:/workspace/jazzy_ws/install/opt/mimick_vendor/lib PATH=/workspace/jazzy_ws/install/bin:/workspace/jazzy_ws/install/opt/uncrustify_vendor/bin:${PATH} PKG_CONFIG_PATH=/workspace/jazzy_ws/install/lib/x86_64-linux-gnu/pkgconfig:/workspace/jazzy_ws/install/lib/pkgconfig PYTHONPATH=/workspace/jazzy_ws/install/lib/python3.12/site-packages /usr/bin/cmake /workspace/jazzy_ws/src/rcl_interfaces/rcl_interfaces -DCMAKE_INSTALL_PREFIX=/workspace/jazzy_ws/install
[2.004s] Invoking command in '/workspace/jazzy_ws/build/rcl_interfaces': AMENT_PREFIX_PATH=/workspace/jazzy_ws/install CMAKE_PREFIX_PATH=/workspace/jazzy_ws/install LD_LIBRARY_PATH=/workspace/jazzy_ws/install/lib:/workspace/jazzy_ws/install/opt/mimick_vendor/lib PATH=/workspace/jazzy_ws/install/bin:/workspace/jazzy_ws/install/opt/uncrustify_vendor/bin:${PATH} PKG_CONFIG_PATH=/workspace/jazzy_ws/install/lib/x86_64-linux-gnu/pkgconfig:/workspace/jazzy_ws/install/lib/pkgconfig PYTHONPATH=/workspace/jazzy_ws/install/lib/python3.12/site-packages /usr/bin/cmake --build /workspace/jazzy_ws/build/rcl_interfaces -- -j24 -l24
[2.042s] [  0%] Generating type hashes for ROS interfaces
[2.048s] [  0%] Built target ament_cmake_python_copy_rcl_interfaces
[2.163s] running egg_info
[2.169s] creating rcl_interfaces.egg-info
[2.169s] writing rcl_interfaces.egg-info/PKG-INFO
[2.169s] writing dependency_links to rcl_interfaces.egg-info/dependency_links.txt
[2.169s] writing top-level names to rcl_interfaces.egg-info/top_level.txt
[2.169s] writing manifest file 'rcl_interfaces.egg-info/SOURCES.txt'
[2.188s] reading manifest file 'rcl_interfaces.egg-info/SOURCES.txt'
[2.188s] writing manifest file 'rcl_interfaces.egg-info/SOURCES.txt'
[2.211s] [  0%] Built target ament_cmake_python_build_rcl_interfaces_egg
[2.805s] [  0%] Built target rcl_interfaces__rosidl_generator_type_description
[2.825s] [  1%] Generating C code for ROS interfaces
[2.837s] [  1%] Generating C++ code for ROS interfaces
[4.554s] [  1%] Built target rcl_interfaces__cpp
[4.730s] [  1%] Building C object CMakeFiles/rcl_interfaces__rosidl_generator_c.dir/rosidl_generator_c/rcl_interfaces/msg/detail/floating_point_range__description.c.o
[4.730s] [  2%] Building C object CMakeFiles/rcl_interfaces__rosidl_generator_c.dir/rosidl_generator_c/rcl_interfaces/msg/detail/floating_point_range__functions.c.o
[4.730s] [  3%] Building C object CMakeFiles/rcl_interfaces__rosidl_generator_c.dir/rosidl_generator_c/rcl_interfaces/msg/detail/integer_range__functions.c.o
[4.730s] [  3%] Building C object CMakeFiles/rcl_interfaces__rosidl_generator_c.dir/rosidl_generator_c/rcl_interfaces/msg/detail/list_parameters_result__functions.c.o
[4.730s] [  3%] Building C object CMakeFiles/rcl_interfaces__rosidl_generator_c.dir/rosidl_generator_c/rcl_interfaces/msg/detail/log__description.c.o
[4.730s] [  3%] Building C object CMakeFiles/rcl_interfaces__rosidl_generator_c.dir/rosidl_generator_c/rcl_interfaces/msg/detail/integer_range__description.c.o
[4.730s] [  4%] Building C object CMakeFiles/rcl_interfaces__rosidl_generator_c.dir/rosidl_generator_c/rcl_interfaces/msg/detail/log__functions.c.o
[4.730s] [  4%] Building C object CMakeFiles/rcl_interfaces__rosidl_generator_c.dir/rosidl_generator_c/rcl_interfaces/msg/detail/integer_range__type_support.c.o
[4.730s] [  5%] Building C object CMakeFiles/rcl_interfaces__rosidl_generator_c.dir/rosidl_generator_c/rcl_interfaces/msg/detail/list_parameters_result__type_support.c.o
[4.730s] [  4%] Building C object CMakeFiles/rcl_interfaces__rosidl_generator_c.dir/rosidl_generator_c/rcl_interfaces/msg/detail/list_parameters_result__description.c.o
[4.730s] [  5%] Building C object CMakeFiles/rcl_interfaces__rosidl_generator_c.dir/rosidl_generator_c/rcl_interfaces/msg/detail/floating_point_range__type_support.c.o
[4.749s] [  5%] Building C object CMakeFiles/rcl_interfaces__rosidl_generator_c.dir/rosidl_generator_c/rcl_interfaces/msg/detail/parameter_descriptor__description.c.o
[4.749s] [  6%] Building C object CMakeFiles/rcl_interfaces__rosidl_generator_c.dir/rosidl_generator_c/rcl_interfaces/msg/detail/log__type_support.c.o
[4.756s] [  7%] Building C object CMakeFiles/rcl_interfaces__rosidl_generator_c.dir/rosidl_generator_c/rcl_interfaces/msg/detail/parameter_descriptor__functions.c.o
[4.756s] [  7%] Building C object CMakeFiles/rcl_interfaces__rosidl_generator_c.dir/rosidl_generator_c/rcl_interfaces/msg/detail/parameter_event_descriptors__functions.c.o
[4.759s] [  7%] Building C object CMakeFiles/rcl_interfaces__rosidl_generator_c.dir/rosidl_generator_c/rcl_interfaces/msg/detail/parameter_descriptor__type_support.c.o
[4.762s] [  8%] Building C object CMakeFiles/rcl_interfaces__rosidl_generator_c.dir/rosidl_generator_c/rcl_interfaces/msg/detail/parameter_event_descriptors__description.c.o
[4.764s] [  9%] Building C object CMakeFiles/rcl_interfaces__rosidl_generator_c.dir/rosidl_generator_c/rcl_interfaces/msg/detail/parameter_event__description.c.o
[4.772s] [  9%] Building C object CMakeFiles/rcl_interfaces__rosidl_generator_c.dir/rosidl_generator_c/rcl_interfaces/msg/detail/parameter_event_descriptors__type_support.c.o
[4.776s] [  9%] Building C object CMakeFiles/rcl_interfaces__rosidl_generator_c.dir/rosidl_generator_c/rcl_interfaces/msg/detail/parameter__type_support.c.o
[4.776s] [  9%] Building C object CMakeFiles/rcl_interfaces__rosidl_generator_c.dir/rosidl_generator_c/rcl_interfaces/msg/detail/parameter_event__functions.c.o
[4.777s] [ 10%] Building C object CMakeFiles/rcl_interfaces__rosidl_generator_c.dir/rosidl_generator_c/rcl_interfaces/msg/detail/parameter__functions.c.o
[4.787s] [ 11%] Building C object CMakeFiles/rcl_interfaces__rosidl_generator_c.dir/rosidl_generator_c/rcl_interfaces/msg/detail/parameter_event__type_support.c.o
[4.787s] [ 11%] Building C object CMakeFiles/rcl_interfaces__rosidl_generator_c.dir/rosidl_generator_c/rcl_interfaces/msg/detail/parameter__description.c.o
[4.820s] [ 12%] Building C object CMakeFiles/rcl_interfaces__rosidl_generator_c.dir/rosidl_generator_c/rcl_interfaces/msg/detail/parameter_type__functions.c.o
[4.828s] [ 13%] Building C object CMakeFiles/rcl_interfaces__rosidl_generator_c.dir/rosidl_generator_c/rcl_interfaces/msg/detail/parameter_value__description.c.o
[4.828s] [ 13%] Building C object CMakeFiles/rcl_interfaces__rosidl_generator_c.dir/rosidl_generator_c/rcl_interfaces/msg/detail/parameter_value__functions.c.o
[4.828s] [ 13%] Building C object CMakeFiles/rcl_interfaces__rosidl_generator_c.dir/rosidl_generator_c/rcl_interfaces/msg/detail/parameter_type__type_support.c.o
[4.832s] [ 13%] Building C object CMakeFiles/rcl_interfaces__rosidl_generator_c.dir/rosidl_generator_c/rcl_interfaces/msg/detail/parameter_type__description.c.o
[4.832s] [ 13%] Building C object CMakeFiles/rcl_interfaces__rosidl_generator_c.dir/rosidl_generator_c/rcl_interfaces/msg/detail/set_parameters_result__description.c.o
[4.833s] [ 14%] Building C object CMakeFiles/rcl_interfaces__rosidl_generator_c.dir/rosidl_generator_c/rcl_interfaces/msg/detail/parameter_value__type_support.c.o
[4.844s] [ 14%] Building C object CMakeFiles/rcl_interfaces__rosidl_generator_c.dir/rosidl_generator_c/rcl_interfaces/msg/detail/set_parameters_result__functions.c.o
[4.861s] [ 15%] Building C object CMakeFiles/rcl_interfaces__rosidl_generator_c.dir/rosidl_generator_c/rcl_interfaces/msg/detail/logger_level__description.c.o
[4.861s] [ 15%] Building C object CMakeFiles/rcl_interfaces__rosidl_generator_c.dir/rosidl_generator_c/rcl_interfaces/msg/detail/set_parameters_result__type_support.c.o
[4.861s] [ 15%] Building C object CMakeFiles/rcl_interfaces__rosidl_generator_c.dir/rosidl_generator_c/rcl_interfaces/msg/detail/set_logger_levels_result__functions.c.o
[4.861s] [ 15%] Building C object CMakeFiles/rcl_interfaces__rosidl_generator_c.dir/rosidl_generator_c/rcl_interfaces/msg/detail/logger_level__type_support.c.o
[4.864s] [ 16%] Building C object CMakeFiles/rcl_interfaces__rosidl_generator_c.dir/rosidl_generator_c/rcl_interfaces/msg/detail/logger_level__functions.c.o
[4.867s] [ 17%] Building C object CMakeFiles/rcl_interfaces__rosidl_generator_c.dir/rosidl_generator_c/rcl_interfaces/msg/detail/set_logger_levels_result__description.c.o
[4.872s] [ 17%] Building C object CMakeFiles/rcl_interfaces__rosidl_generator_c.dir/rosidl_generator_c/rcl_interfaces/msg/detail/set_logger_levels_result__type_support.c.o
[4.874s] [ 18%] Building C object CMakeFiles/rcl_interfaces__rosidl_generator_c.dir/rosidl_generator_c/rcl_interfaces/srv/detail/describe_parameters__description.c.o
[4.879s] [ 18%] Building C object CMakeFiles/rcl_interfaces__rosidl_generator_c.dir/rosidl_generator_c/rcl_interfaces/srv/detail/describe_parameters__functions.c.o
[4.901s] [ 20%] Building C object CMakeFiles/rcl_interfaces__rosidl_generator_c.dir/rosidl_generator_c/rcl_interfaces/srv/detail/get_parameters__functions.c.o
[4.906s] [ 19%] Building C object CMakeFiles/rcl_interfaces__rosidl_generator_c.dir/rosidl_generator_c/rcl_interfaces/srv/detail/describe_parameters__type_support.c.o
[4.916s] [ 20%] Building C object CMakeFiles/rcl_interfaces__rosidl_generator_c.dir/rosidl_generator_c/rcl_interfaces/srv/detail/get_parameter_types__type_support.c.o
[4.916s] [ 20%] Building C object CMakeFiles/rcl_interfaces__rosidl_generator_c.dir/rosidl_generator_c/rcl_interfaces/srv/detail/get_parameters__description.c.o
[4.919s] [ 21%] Building C object CMakeFiles/rcl_interfaces__rosidl_generator_c.dir/rosidl_generator_c/rcl_interfaces/srv/detail/list_parameters__description.c.o
[4.924s] [ 21%] Building C object CMakeFiles/rcl_interfaces__rosidl_generator_c.dir/rosidl_generator_c/rcl_interfaces/srv/detail/list_parameters__functions.c.o
[4.935s] [ 22%] Building C object CMakeFiles/rcl_interfaces__rosidl_generator_c.dir/rosidl_generator_c/rcl_interfaces/srv/detail/list_parameters__type_support.c.o
[4.935s] [ 22%] Building C object CMakeFiles/rcl_interfaces__rosidl_generator_c.dir/rosidl_generator_c/rcl_interfaces/srv/detail/set_parameters_atomically__description.c.o
[4.944s] [ 23%] Building C object CMakeFiles/rcl_interfaces__rosidl_generator_c.dir/rosidl_generator_c/rcl_interfaces/srv/detail/set_parameters_atomically__type_support.c.o
[4.944s] [ 23%] Building C object CMakeFiles/rcl_interfaces__rosidl_generator_c.dir/rosidl_generator_c/rcl_interfaces/srv/detail/set_parameters_atomically__functions.c.o
[4.962s] [ 23%] Building C object CMakeFiles/rcl_interfaces__rosidl_generator_c.dir/rosidl_generator_c/rcl_interfaces/srv/detail/set_parameters__type_support.c.o
[4.962s] [ 23%] Building C object CMakeFiles/rcl_interfaces__rosidl_generator_c.dir/rosidl_generator_c/rcl_interfaces/srv/detail/set_parameters__description.c.o
[4.964s] [ 23%] Building C object CMakeFiles/rcl_interfaces__rosidl_generator_c.dir/rosidl_generator_c/rcl_interfaces/srv/detail/get_logger_levels__functions.c.o
[4.967s] [ 24%] Building C object CMakeFiles/rcl_interfaces__rosidl_generator_c.dir/rosidl_generator_c/rcl_interfaces/srv/detail/get_logger_levels__description.c.o
[4.967s] [ 25%] Building C object CMakeFiles/rcl_interfaces__rosidl_generator_c.dir/rosidl_generator_c/rcl_interfaces/srv/detail/set_parameters__functions.c.o
[4.968s] [ 26%] Building C object CMakeFiles/rcl_interfaces__rosidl_generator_c.dir/rosidl_generator_c/rcl_interfaces/srv/detail/set_logger_levels__description.c.o
[4.979s] [ 26%] Building C object CMakeFiles/rcl_interfaces__rosidl_generator_c.dir/rosidl_generator_c/rcl_interfaces/srv/detail/set_logger_levels__functions.c.o
[4.980s] [ 27%] Building C object CMakeFiles/rcl_interfaces__rosidl_generator_c.dir/rosidl_generator_c/rcl_interfaces/srv/detail/get_logger_levels__type_support.c.o
[4.984s] [ 27%] Building C object CMakeFiles/rcl_interfaces__rosidl_generator_c.dir/rosidl_generator_c/rcl_interfaces/srv/detail/set_logger_levels__type_support.c.o
[4.988s] [ 27%] Building C object CMakeFiles/rcl_interfaces__rosidl_generator_c.dir/rosidl_generator_c/rcl_interfaces/srv/detail/get_parameter_types__description.c.o
[4.994s] [ 27%] Building C object CMakeFiles/rcl_interfaces__rosidl_generator_c.dir/rosidl_generator_c/rcl_interfaces/srv/detail/get_parameters__type_support.c.o
[5.010s] [ 28%] Building C object CMakeFiles/rcl_interfaces__rosidl_generator_c.dir/rosidl_generator_c/rcl_interfaces/srv/detail/get_parameter_types__functions.c.o
[5.160s] [ 28%] Linking C shared library librcl_interfaces__rosidl_generator_c.so
[5.245s] [ 28%] Built target rcl_interfaces__rosidl_generator_c
[5.264s] [ 28%] Generating C type support dispatch for ROS interfaces
[5.269s] [ 29%] Generating C++ type support dispatch for ROS interfaces
[5.269s] [ 29%] Generating C introspection for ROS interfaces
[5.269s] [ 30%] Generating C++ type support for eProsima Fast-RTPS
[5.269s] [ 30%] Generating C type support for eProsima Fast-RTPS
[5.273s] [ 31%] Generating C++ introspection for ROS interfaces
[6.799s] [ 32%] Building CXX object CMakeFiles/rcl_interfaces__rosidl_typesupport_cpp.dir/rosidl_typesupport_cpp/rcl_interfaces/msg/floating_point_range__type_support.cpp.o
[6.801s] [ 32%] Building CXX object CMakeFiles/rcl_interfaces__rosidl_typesupport_cpp.dir/rosidl_typesupport_cpp/rcl_interfaces/msg/parameter_descriptor__type_support.cpp.o
[6.807s] [ 32%] Building CXX object CMakeFiles/rcl_interfaces__rosidl_typesupport_cpp.dir/rosidl_typesupport_cpp/rcl_interfaces/msg/integer_range__type_support.cpp.o
[6.807s] [ 32%] Building CXX object CMakeFiles/rcl_interfaces__rosidl_typesupport_cpp.dir/rosidl_typesupport_cpp/rcl_interfaces/msg/parameter_type__type_support.cpp.o
[6.809s] [ 32%] Building CXX object CMakeFiles/rcl_interfaces__rosidl_typesupport_cpp.dir/rosidl_typesupport_cpp/rcl_interfaces/msg/parameter_value__type_support.cpp.o
[6.809s] [ 33%] Building CXX object CMakeFiles/rcl_interfaces__rosidl_typesupport_cpp.dir/rosidl_typesupport_cpp/rcl_interfaces/msg/parameter__type_support.cpp.o
[6.813s] [ 34%] Building CXX object CMakeFiles/rcl_interfaces__rosidl_typesupport_cpp.dir/rosidl_typesupport_cpp/rcl_interfaces/msg/list_parameters_result__type_support.cpp.o
[6.816s] [ 34%] Building CXX object CMakeFiles/rcl_interfaces__rosidl_typesupport_cpp.dir/rosidl_typesupport_cpp/rcl_interfaces/msg/log__type_support.cpp.o
[6.829s] [ 35%] Building CXX object CMakeFiles/rcl_interfaces__rosidl_typesupport_cpp.dir/rosidl_typesupport_cpp/rcl_interfaces/msg/parameter_event_descriptors__type_support.cpp.o
[6.829s] [ 36%] Building CXX object CMakeFiles/rcl_interfaces__rosidl_typesupport_cpp.dir/rosidl_typesupport_cpp/rcl_interfaces/msg/set_parameters_result__type_support.cpp.o
[6.829s] [ 36%] Building CXX object CMakeFiles/rcl_interfaces__rosidl_typesupport_cpp.dir/rosidl_typesupport_cpp/rcl_interfaces/msg/parameter_event__type_support.cpp.o
[6.829s] [ 36%] Building CXX object CMakeFiles/rcl_interfaces__rosidl_typesupport_cpp.dir/rosidl_typesupport_cpp/rcl_interfaces/srv/get_parameter_types__type_support.cpp.o
[6.830s] [ 36%] Building CXX object CMakeFiles/rcl_interfaces__rosidl_typesupport_cpp.dir/rosidl_typesupport_cpp/rcl_interfaces/srv/describe_parameters__type_support.cpp.o
[6.835s] [ 37%] Building CXX object CMakeFiles/rcl_interfaces__rosidl_typesupport_cpp.dir/rosidl_typesupport_cpp/rcl_interfaces/srv/get_parameters__type_support.cpp.o
[6.835s] [ 37%] Building CXX object CMakeFiles/rcl_interfaces__rosidl_typesupport_cpp.dir/rosidl_typesupport_cpp/rcl_interfaces/msg/logger_level__type_support.cpp.o
[6.838s] [ 37%] Building CXX object CMakeFiles/rcl_interfaces__rosidl_typesupport_cpp.dir/rosidl_typesupport_cpp/rcl_interfaces/srv/list_parameters__type_support.cpp.o
[6.838s] [ 37%] Building CXX object CMakeFiles/rcl_interfaces__rosidl_typesupport_cpp.dir/rosidl_typesupport_cpp/rcl_interfaces/srv/set_parameters__type_support.cpp.o
[6.838s] [ 38%] Building CXX object CMakeFiles/rcl_interfaces__rosidl_typesupport_cpp.dir/rosidl_typesupport_cpp/rcl_interfaces/srv/set_parameters_atomically__type_support.cpp.o
[6.838s] [ 39%] Building CXX object CMakeFiles/rcl_interfaces__rosidl_typesupport_cpp.dir/rosidl_typesupport_cpp/rcl_interfaces/msg/set_logger_levels_result__type_support.cpp.o
[7.078s] [ 40%] Building CXX object CMakeFiles/rcl_interfaces__rosidl_typesupport_cpp.dir/rosidl_typesupport_cpp/rcl_interfaces/srv/get_logger_levels__type_support.cpp.o
[7.122s] [ 40%] Building CXX object CMakeFiles/rcl_interfaces__rosidl_typesupport_cpp.dir/rosidl_typesupport_cpp/rcl_interfaces/srv/set_logger_levels__type_support.cpp.o
[7.442s] [ 40%] Building C object CMakeFiles/rcl_interfaces__rosidl_typesupport_introspection_c.dir/rosidl_typesupport_introspection_c/rcl_interfaces/msg/detail/floating_point_range__type_support.c.o
[7.463s] [ 41%] Building C object CMakeFiles/rcl_interfaces__rosidl_typesupport_introspection_c.dir/rosidl_typesupport_introspection_c/rcl_interfaces/msg/detail/integer_range__type_support.c.o
[7.475s] [ 41%] Building C object CMakeFiles/rcl_interfaces__rosidl_typesupport_introspection_c.dir/rosidl_typesupport_introspection_c/rcl_interfaces/msg/detail/log__type_support.c.o
[7.475s] [ 41%] Building C object CMakeFiles/rcl_interfaces__rosidl_typesupport_introspection_c.dir/rosidl_typesupport_introspection_c/rcl_interfaces/msg/detail/list_parameters_result__type_support.c.o
[7.480s] [ 42%] Building C object CMakeFiles/rcl_interfaces__rosidl_typesupport_introspection_c.dir/rosidl_typesupport_introspection_c/rcl_interfaces/msg/detail/parameter_descriptor__type_support.c.o
[7.537s] [ 42%] Building C object CMakeFiles/rcl_interfaces__rosidl_typesupport_introspection_c.dir/rosidl_typesupport_introspection_c/rcl_interfaces/msg/detail/parameter_event_descriptors__type_support.c.o
[7.540s] [ 43%] Building C object CMakeFiles/rcl_interfaces__rosidl_typesupport_introspection_c.dir/rosidl_typesupport_introspection_c/rcl_interfaces/msg/detail/parameter_event__type_support.c.o
[7.553s] [ 43%] Building C object CMakeFiles/rcl_interfaces__rosidl_typesupport_introspection_c.dir/rosidl_typesupport_introspection_c/rcl_interfaces/msg/detail/parameter__type_support.c.o
[7.562s] [ 44%] Building C object CMakeFiles/rcl_interfaces__rosidl_typesupport_introspection_c.dir/rosidl_typesupport_introspection_c/rcl_interfaces/msg/detail/parameter_type__type_support.c.o
[7.566s] [ 44%] Building C object CMakeFiles/rcl_interfaces__rosidl_typesupport_introspection_c.dir/rosidl_typesupport_introspection_c/rcl_interfaces/msg/detail/parameter_value__type_support.c.o
[7.590s] [ 44%] Building C object CMakeFiles/rcl_interfaces__rosidl_typesupport_introspection_c.dir/rosidl_typesupport_introspection_c/rcl_interfaces/msg/detail/set_parameters_result__type_support.c.o
[7.626s] [ 44%] Building C object CMakeFiles/rcl_interfaces__rosidl_typesupport_introspection_c.dir/rosidl_typesupport_introspection_c/rcl_interfaces/msg/detail/set_logger_levels_result__type_support.c.o
[7.630s] [ 45%] Building C object CMakeFiles/rcl_interfaces__rosidl_typesupport_introspection_c.dir/rosidl_typesupport_introspection_c/rcl_interfaces/msg/detail/logger_level__type_support.c.o
[7.652s] [ 46%] Building C object CMakeFiles/rcl_interfaces__rosidl_typesupport_introspection_c.dir/rosidl_typesupport_introspection_c/rcl_interfaces/srv/detail/describe_parameters__type_support.c.o
[7.656s] [ 46%] Building C object CMakeFiles/rcl_interfaces__rosidl_typesupport_introspection_c.dir/rosidl_typesupport_introspection_c/rcl_interfaces/srv/detail/get_parameters__type_support.c.o
[7.656s] [ 46%] Building CXX object CMakeFiles/rcl_interfaces__rosidl_typesupport_fastrtps_cpp.dir/rosidl_typesupport_fastrtps_cpp/rcl_interfaces/msg/detail/dds_fastrtps/floating_point_range__type_support.cpp.o
[7.662s] [ 47%] Building C object CMakeFiles/rcl_interfaces__rosidl_typesupport_introspection_c.dir/rosidl_typesupport_introspection_c/rcl_interfaces/srv/detail/get_parameter_types__type_support.c.o
[7.694s] [ 48%] Building CXX object CMakeFiles/rcl_interfaces__rosidl_typesupport_fastrtps_cpp.dir/rosidl_typesupport_fastrtps_cpp/rcl_interfaces/msg/detail/dds_fastrtps/integer_range__type_support.cpp.o
[7.698s] [ 48%] Building C object CMakeFiles/rcl_interfaces__rosidl_typesupport_introspection_c.dir/rosidl_typesupport_introspection_c/rcl_interfaces/srv/detail/list_parameters__type_support.c.o
[7.701s] [ 49%] Building C object CMakeFiles/rcl_interfaces__rosidl_typesupport_introspection_c.dir/rosidl_typesupport_introspection_c/rcl_interfaces/srv/detail/set_parameters__type_support.c.o
[7.708s] [ 49%] Building C object CMakeFiles/rcl_interfaces__rosidl_typesupport_introspection_c.dir/rosidl_typesupport_introspection_c/rcl_interfaces/srv/detail/set_parameters_atomically__type_support.c.o
[7.712s] [ 49%] Building CXX object CMakeFiles/rcl_interfaces__rosidl_typesupport_fastrtps_cpp.dir/rosidl_typesupport_fastrtps_cpp/rcl_interfaces/msg/detail/dds_fastrtps/list_parameters_result__type_support.cpp.o
[7.721s] [ 50%] Building CXX object CMakeFiles/rcl_interfaces__rosidl_typesupport_fastrtps_cpp.dir/rosidl_typesupport_fastrtps_cpp/rcl_interfaces/msg/detail/dds_fastrtps/log__type_support.cpp.o
[7.721s] [ 50%] Building C object CMakeFiles/rcl_interfaces__rosidl_typesupport_introspection_c.dir/rosidl_typesupport_introspection_c/rcl_interfaces/srv/detail/get_logger_levels__type_support.c.o
[7.730s] [ 50%] Building CXX object CMakeFiles/rcl_interfaces__rosidl_typesupport_fastrtps_cpp.dir/rosidl_typesupport_fastrtps_cpp/rcl_interfaces/msg/detail/dds_fastrtps/parameter_descriptor__type_support.cpp.o
[7.738s] [ 51%] Building C object CMakeFiles/rcl_interfaces__rosidl_typesupport_introspection_c.dir/rosidl_typesupport_introspection_c/rcl_interfaces/srv/detail/set_logger_levels__type_support.c.o
[7.764s] [ 51%] Building CXX object CMakeFiles/rcl_interfaces__rosidl_typesupport_fastrtps_cpp.dir/rosidl_typesupport_fastrtps_cpp/rcl_interfaces/msg/detail/dds_fastrtps/parameter_event_descriptors__type_support.cpp.o
[7.766s] [ 52%] Building CXX object CMakeFiles/rcl_interfaces__rosidl_typesupport_fastrtps_cpp.dir/rosidl_typesupport_fastrtps_cpp/rcl_interfaces/msg/detail/dds_fastrtps/parameter_event__type_support.cpp.o
[7.768s] [ 52%] Building CXX object CMakeFiles/rcl_interfaces__rosidl_typesupport_fastrtps_cpp.dir/rosidl_typesupport_fastrtps_cpp/rcl_interfaces/msg/detail/dds_fastrtps/parameter__type_support.cpp.o
[7.800s] [ 53%] Building CXX object CMakeFiles/rcl_interfaces__rosidl_typesupport_c.dir/rosidl_typesupport_c/rcl_interfaces/msg/floating_point_range__type_support.cpp.o
[7.809s] [ 54%] Building CXX object CMakeFiles/rcl_interfaces__rosidl_typesupport_fastrtps_cpp.dir/rosidl_typesupport_fastrtps_cpp/rcl_interfaces/msg/detail/dds_fastrtps/parameter_type__type_support.cpp.o
[7.809s] [ 54%] Building CXX object CMakeFiles/rcl_interfaces__rosidl_typesupport_fastrtps_cpp.dir/rosidl_typesupport_fastrtps_cpp/rcl_interfaces/msg/detail/dds_fastrtps/parameter_value__type_support.cpp.o
[7.810s] [ 55%] Building CXX object CMakeFiles/rcl_interfaces__rosidl_typesupport_fastrtps_cpp.dir/rosidl_typesupport_fastrtps_cpp/rcl_interfaces/msg/detail/dds_fastrtps/set_parameters_result__type_support.cpp.o
[7.824s] [ 56%] Building CXX object CMakeFiles/rcl_interfaces__rosidl_typesupport_c.dir/rosidl_typesupport_c/rcl_interfaces/msg/list_parameters_result__type_support.cpp.o
[7.824s] [ 56%] Building CXX object CMakeFiles/rcl_interfaces__rosidl_typesupport_c.dir/rosidl_typesupport_c/rcl_interfaces/msg/integer_range__type_support.cpp.o
[7.836s] [ 56%] Building CXX object CMakeFiles/rcl_interfaces__rosidl_typesupport_fastrtps_cpp.dir/rosidl_typesupport_fastrtps_cpp/rcl_interfaces/msg/detail/dds_fastrtps/logger_level__type_support.cpp.o
[7.863s] [ 56%] Linking C shared library librcl_interfaces__rosidl_typesupport_introspection_c.so
[7.868s] [ 56%] Building CXX object CMakeFiles/rcl_interfaces__rosidl_typesupport_c.dir/rosidl_typesupport_c/rcl_interfaces/msg/log__type_support.cpp.o
[7.877s] [ 57%] Building CXX object CMakeFiles/rcl_interfaces__rosidl_typesupport_c.dir/rosidl_typesupport_c/rcl_interfaces/msg/parameter_descriptor__type_support.cpp.o
[7.887s] [ 57%] Building CXX object CMakeFiles/rcl_interfaces__rosidl_typesupport_c.dir/rosidl_typesupport_c/rcl_interfaces/msg/parameter_event__type_support.cpp.o
[7.887s] [ 57%] Building CXX object CMakeFiles/rcl_interfaces__rosidl_typesupport_c.dir/rosidl_typesupport_c/rcl_interfaces/msg/parameter_event_descriptors__type_support.cpp.o
[7.900s] [ 58%] Building CXX object CMakeFiles/rcl_interfaces__rosidl_typesupport_c.dir/rosidl_typesupport_c/rcl_interfaces/msg/parameter__type_support.cpp.o
[7.906s] [ 58%] Building CXX object CMakeFiles/rcl_interfaces__rosidl_typesupport_c.dir/rosidl_typesupport_c/rcl_interfaces/msg/parameter_type__type_support.cpp.o
[7.919s] [ 58%] Built target rcl_interfaces__rosidl_typesupport_introspection_c
[7.935s] [ 58%] Building CXX object CMakeFiles/rcl_interfaces__rosidl_typesupport_fastrtps_cpp.dir/rosidl_typesupport_fastrtps_cpp/rcl_interfaces/msg/detail/dds_fastrtps/set_logger_levels_result__type_support.cpp.o
[7.943s] [ 59%] Building CXX object CMakeFiles/rcl_interfaces__rosidl_typesupport_c.dir/rosidl_typesupport_c/rcl_interfaces/msg/parameter_value__type_support.cpp.o
[7.954s] [ 59%] Building CXX object CMakeFiles/rcl_interfaces__rosidl_typesupport_c.dir/rosidl_typesupport_c/rcl_interfaces/msg/set_parameters_result__type_support.cpp.o
[7.981s] [ 60%] Building CXX object CMakeFiles/rcl_interfaces__rosidl_typesupport_c.dir/rosidl_typesupport_c/rcl_interfaces/msg/logger_level__type_support.cpp.o
[7.981s] [ 61%] Building CXX object CMakeFiles/rcl_interfaces__rosidl_typesupport_fastrtps_cpp.dir/rosidl_typesupport_fastrtps_cpp/rcl_interfaces/srv/detail/dds_fastrtps/describe_parameters__type_support.cpp.o
[7.982s] [ 61%] Building CXX object CMakeFiles/rcl_interfaces__rosidl_typesupport_c.dir/rosidl_typesupport_c/rcl_interfaces/msg/set_logger_levels_result__type_support.cpp.o
[7.992s] [ 61%] Building CXX object CMakeFiles/rcl_interfaces__rosidl_typesupport_c.dir/rosidl_typesupport_c/rcl_interfaces/srv/describe_parameters__type_support.cpp.o
[8.018s] [ 62%] Building CXX object CMakeFiles/rcl_interfaces__rosidl_typesupport_c.dir/rosidl_typesupport_c/rcl_interfaces/srv/get_parameters__type_support.cpp.o
[8.051s] [ 62%] Building CXX object CMakeFiles/rcl_interfaces__rosidl_typesupport_c.dir/rosidl_typesupport_c/rcl_interfaces/srv/get_parameter_types__type_support.cpp.o
[8.063s] [ 62%] Building CXX object CMakeFiles/rcl_interfaces__rosidl_typesupport_fastrtps_cpp.dir/rosidl_typesupport_fastrtps_cpp/rcl_interfaces/srv/detail/dds_fastrtps/get_parameters__type_support.cpp.o
[8.070s] [ 63%] Building CXX object CMakeFiles/rcl_interfaces__rosidl_typesupport_c.dir/rosidl_typesupport_c/rcl_interfaces/srv/list_parameters__type_support.cpp.o
[8.097s] [ 63%] Building CXX object CMakeFiles/rcl_interfaces__rosidl_typesupport_c.dir/rosidl_typesupport_c/rcl_interfaces/srv/set_parameters_atomically__type_support.cpp.o
[8.101s] [ 64%] Building CXX object CMakeFiles/rcl_interfaces__rosidl_typesupport_c.dir/rosidl_typesupport_c/rcl_interfaces/srv/set_parameters__type_support.cpp.o
[8.137s] [ 65%] Building CXX object CMakeFiles/rcl_interfaces__rosidl_typesupport_fastrtps_cpp.dir/rosidl_typesupport_fastrtps_cpp/rcl_interfaces/srv/detail/dds_fastrtps/get_parameter_types__type_support.cpp.o
[8.167s] [ 65%] Building CXX object CMakeFiles/rcl_interfaces__rosidl_typesupport_c.dir/rosidl_typesupport_c/rcl_interfaces/srv/get_logger_levels__type_support.cpp.o
[8.186s] [ 65%] Building CXX object CMakeFiles/rcl_interfaces__rosidl_typesupport_c.dir/rosidl_typesupport_c/rcl_interfaces/srv/set_logger_levels__type_support.cpp.o
[8.226s] [ 65%] Building CXX object CMakeFiles/rcl_interfaces__rosidl_typesupport_fastrtps_cpp.dir/rosidl_typesupport_fastrtps_cpp/rcl_interfaces/srv/detail/dds_fastrtps/list_parameters__type_support.cpp.o
[8.252s] [ 66%] Building CXX object CMakeFiles/rcl_interfaces__rosidl_typesupport_fastrtps_cpp.dir/rosidl_typesupport_fastrtps_cpp/rcl_interfaces/srv/detail/dds_fastrtps/set_parameters_atomically__type_support.cpp.o
[8.278s] [ 66%] Building CXX object CMakeFiles/rcl_interfaces__rosidl_typesupport_fastrtps_cpp.dir/rosidl_typesupport_fastrtps_cpp/rcl_interfaces/srv/detail/dds_fastrtps/set_parameters__type_support.cpp.o
[8.297s] [ 66%] Building CXX object CMakeFiles/rcl_interfaces__rosidl_typesupport_fastrtps_cpp.dir/rosidl_typesupport_fastrtps_cpp/rcl_interfaces/srv/detail/dds_fastrtps/get_logger_levels__type_support.cpp.o
[8.311s] [ 67%] Linking CXX shared library librcl_interfaces__rosidl_typesupport_c.so
[8.345s] [ 67%] Building CXX object CMakeFiles/rcl_interfaces__rosidl_typesupport_introspection_cpp.dir/rosidl_typesupport_introspection_cpp/rcl_interfaces/msg/detail/floating_point_range__type_support.cpp.o
[8.381s] [ 67%] Built target rcl_interfaces__rosidl_typesupport_c
[8.394s] [ 67%] Building CXX object CMakeFiles/rcl_interfaces__rosidl_typesupport_introspection_cpp.dir/rosidl_typesupport_introspection_cpp/rcl_interfaces/msg/detail/integer_range__type_support.cpp.o
[8.444s] [ 68%] Building CXX object CMakeFiles/rcl_interfaces__rosidl_typesupport_fastrtps_cpp.dir/rosidl_typesupport_fastrtps_cpp/rcl_interfaces/srv/detail/dds_fastrtps/set_logger_levels__type_support.cpp.o
[8.537s] [ 69%] Building CXX object CMakeFiles/rcl_interfaces__rosidl_typesupport_introspection_cpp.dir/rosidl_typesupport_introspection_cpp/rcl_interfaces/msg/detail/list_parameters_result__type_support.cpp.o
[8.570s] [ 69%] Building CXX object CMakeFiles/rcl_interfaces__rosidl_typesupport_introspection_cpp.dir/rosidl_typesupport_introspection_cpp/rcl_interfaces/msg/detail/log__type_support.cpp.o
[8.671s] [ 70%] Building CXX object CMakeFiles/rcl_interfaces__rosidl_typesupport_introspection_cpp.dir/rosidl_typesupport_introspection_cpp/rcl_interfaces/msg/detail/parameter_descriptor__type_support.cpp.o
[8.691s] [ 70%] Building CXX object CMakeFiles/rcl_interfaces__rosidl_typesupport_introspection_cpp.dir/rosidl_typesupport_introspection_cpp/rcl_interfaces/msg/detail/parameter_event_descriptors__type_support.cpp.o
[8.763s] [ 71%] Building CXX object CMakeFiles/rcl_interfaces__rosidl_typesupport_introspection_cpp.dir/rosidl_typesupport_introspection_cpp/rcl_interfaces/msg/detail/parameter_event__type_support.cpp.o
[8.784s] [ 71%] Building CXX object CMakeFiles/rcl_interfaces__rosidl_typesupport_fastrtps_c.dir/rosidl_typesupport_fastrtps_c/rcl_interfaces/msg/detail/floating_point_range__type_support_c.cpp.o
[8.834s] [ 72%] Linking CXX shared library librcl_interfaces__rosidl_typesupport_cpp.so
[8.943s] [ 73%] Building CXX object CMakeFiles/rcl_interfaces__rosidl_typesupport_fastrtps_c.dir/rosidl_typesupport_fastrtps_c/rcl_interfaces/msg/detail/integer_range__type_support_c.cpp.o
[8.963s] [ 73%] Building CXX object CMakeFiles/rcl_interfaces__rosidl_typesupport_introspection_cpp.dir/rosidl_typesupport_introspection_cpp/rcl_interfaces/msg/detail/parameter__type_support.cpp.o
[8.971s] [ 73%] Building CXX object CMakeFiles/rcl_interfaces__rosidl_typesupport_introspection_cpp.dir/rosidl_typesupport_introspection_cpp/rcl_interfaces/msg/detail/parameter_type__type_support.cpp.o
[9.006s] [ 73%] Built target rcl_interfaces__rosidl_typesupport_cpp
[9.014s] [ 74%] Building CXX object CMakeFiles/rcl_interfaces__rosidl_typesupport_introspection_cpp.dir/rosidl_typesupport_introspection_cpp/rcl_interfaces/msg/detail/parameter_value__type_support.cpp.o
[9.031s] [ 74%] Building CXX object CMakeFiles/rcl_interfaces__rosidl_typesupport_introspection_cpp.dir/rosidl_typesupport_introspection_cpp/rcl_interfaces/msg/detail/set_parameters_result__type_support.cpp.o
[9.060s] [ 74%] Building CXX object CMakeFiles/rcl_interfaces__rosidl_typesupport_fastrtps_c.dir/rosidl_typesupport_fastrtps_c/rcl_interfaces/msg/detail/list_parameters_result__type_support_c.cpp.o
[9.219s] [ 75%] Building CXX object CMakeFiles/rcl_interfaces__rosidl_typesupport_introspection_cpp.dir/rosidl_typesupport_introspection_cpp/rcl_interfaces/msg/detail/logger_level__type_support.cpp.o
[9.219s] [ 76%] Building CXX object CMakeFiles/rcl_interfaces__rosidl_typesupport_fastrtps_c.dir/rosidl_typesupport_fastrtps_c/rcl_interfaces/msg/detail/log__type_support_c.cpp.o
[9.219s] [ 76%] Building CXX object CMakeFiles/rcl_interfaces__rosidl_typesupport_fastrtps_c.dir/rosidl_typesupport_fastrtps_c/rcl_interfaces/msg/detail/parameter_descriptor__type_support_c.cpp.o
[9.219s] [ 76%] Building CXX object CMakeFiles/rcl_interfaces__rosidl_typesupport_introspection_cpp.dir/rosidl_typesupport_introspection_cpp/rcl_interfaces/msg/detail/set_logger_levels_result__type_support.cpp.o
[9.219s] [ 77%] Building CXX object CMakeFiles/rcl_interfaces__rosidl_typesupport_introspection_cpp.dir/rosidl_typesupport_introspection_cpp/rcl_interfaces/srv/detail/describe_parameters__type_support.cpp.o
[9.224s] [ 78%] Building CXX object CMakeFiles/rcl_interfaces__rosidl_typesupport_fastrtps_c.dir/rosidl_typesupport_fastrtps_c/rcl_interfaces/msg/detail/parameter_event_descriptors__type_support_c.cpp.o
[9.225s] [ 78%] Building CXX object CMakeFiles/rcl_interfaces__rosidl_typesupport_introspection_cpp.dir/rosidl_typesupport_introspection_cpp/rcl_interfaces/srv/detail/get_parameters__type_support.cpp.o
[9.267s] [ 78%] Building CXX object CMakeFiles/rcl_interfaces__rosidl_typesupport_fastrtps_c.dir/rosidl_typesupport_fastrtps_c/rcl_interfaces/msg/detail/parameter_event__type_support_c.cpp.o
[9.329s] [ 78%] Building CXX object CMakeFiles/rcl_interfaces__rosidl_typesupport_fastrtps_c.dir/rosidl_typesupport_fastrtps_c/rcl_interfaces/msg/detail/parameter__type_support_c.cpp.o
[9.413s] [ 79%] Building CXX object CMakeFiles/rcl_interfaces__rosidl_typesupport_fastrtps_c.dir/rosidl_typesupport_fastrtps_c/rcl_interfaces/msg/detail/parameter_type__type_support_c.cpp.o
[9.552s] [ 79%] Building CXX object CMakeFiles/rcl_interfaces__rosidl_typesupport_introspection_cpp.dir/rosidl_typesupport_introspection_cpp/rcl_interfaces/srv/detail/get_parameter_types__type_support.cpp.o
[9.566s] [ 80%] Building CXX object CMakeFiles/rcl_interfaces__rosidl_typesupport_introspection_cpp.dir/rosidl_typesupport_introspection_cpp/rcl_interfaces/srv/detail/list_parameters__type_support.cpp.o
[9.658s] [ 80%] Building CXX object CMakeFiles/rcl_interfaces__rosidl_typesupport_introspection_cpp.dir/rosidl_typesupport_introspection_cpp/rcl_interfaces/srv/detail/set_parameters_atomically__type_support.cpp.o
[9.687s] [ 81%] Building CXX object CMakeFiles/rcl_interfaces__rosidl_typesupport_introspection_cpp.dir/rosidl_typesupport_introspection_cpp/rcl_interfaces/srv/detail/set_parameters__type_support.cpp.o
[9.703s] [ 81%] Building CXX object CMakeFiles/rcl_interfaces__rosidl_typesupport_introspection_cpp.dir/rosidl_typesupport_introspection_cpp/rcl_interfaces/srv/detail/get_logger_levels__type_support.cpp.o
[9.769s] [ 81%] Building CXX object CMakeFiles/rcl_interfaces__rosidl_typesupport_fastrtps_c.dir/rosidl_typesupport_fastrtps_c/rcl_interfaces/msg/detail/parameter_value__type_support_c.cpp.o
[9.825s] [ 82%] Building CXX object CMakeFiles/rcl_interfaces__rosidl_typesupport_fastrtps_c.dir/rosidl_typesupport_fastrtps_c/rcl_interfaces/msg/detail/set_parameters_result__type_support_c.cpp.o
[9.906s] [ 82%] Building CXX object CMakeFiles/rcl_interfaces__rosidl_typesupport_fastrtps_c.dir/rosidl_typesupport_fastrtps_c/rcl_interfaces/msg/detail/logger_level__type_support_c.cpp.o
[9.918s] [ 83%] Building CXX object CMakeFiles/rcl_interfaces__rosidl_typesupport_introspection_cpp.dir/rosidl_typesupport_introspection_cpp/rcl_interfaces/srv/detail/set_logger_levels__type_support.cpp.o
[9.999s] [ 84%] Building CXX object CMakeFiles/rcl_interfaces__rosidl_typesupport_fastrtps_c.dir/rosidl_typesupport_fastrtps_c/rcl_interfaces/msg/detail/set_logger_levels_result__type_support_c.cpp.o
[9.999s] [ 84%] Building CXX object CMakeFiles/rcl_interfaces__rosidl_typesupport_fastrtps_c.dir/rosidl_typesupport_fastrtps_c/rcl_interfaces/srv/detail/describe_parameters__type_support_c.cpp.o
[10.079s] [ 84%] Building CXX object CMakeFiles/rcl_interfaces__rosidl_typesupport_fastrtps_c.dir/rosidl_typesupport_fastrtps_c/rcl_interfaces/srv/detail/get_parameters__type_support_c.cpp.o
[10.122s] [ 85%] Building CXX object CMakeFiles/rcl_interfaces__rosidl_typesupport_fastrtps_c.dir/rosidl_typesupport_fastrtps_c/rcl_interfaces/srv/detail/get_parameter_types__type_support_c.cpp.o
[10.163s] [ 85%] Building CXX object CMakeFiles/rcl_interfaces__rosidl_typesupport_fastrtps_c.dir/rosidl_typesupport_fastrtps_c/rcl_interfaces/srv/detail/list_parameters__type_support_c.cpp.o
[10.172s] [ 86%] Building CXX object CMakeFiles/rcl_interfaces__rosidl_typesupport_fastrtps_c.dir/rosidl_typesupport_fastrtps_c/rcl_interfaces/srv/detail/set_parameters_atomically__type_support_c.cpp.o
[10.280s] [ 86%] Building CXX object CMakeFiles/rcl_interfaces__rosidl_typesupport_fastrtps_c.dir/rosidl_typesupport_fastrtps_c/rcl_interfaces/srv/detail/set_parameters__type_support_c.cpp.o
[10.377s] [ 87%] Building CXX object CMakeFiles/rcl_interfaces__rosidl_typesupport_fastrtps_c.dir/rosidl_typesupport_fastrtps_c/rcl_interfaces/srv/detail/get_logger_levels__type_support_c.cpp.o
[10.480s] [ 87%] Building CXX object CMakeFiles/rcl_interfaces__rosidl_typesupport_fastrtps_c.dir/rosidl_typesupport_fastrtps_c/rcl_interfaces/srv/detail/set_logger_levels__type_support_c.cpp.o
[11.084s] [ 87%] Linking CXX shared library librcl_interfaces__rosidl_typesupport_fastrtps_cpp.so
[11.391s] [ 87%] Built target rcl_interfaces__rosidl_typesupport_fastrtps_cpp
[11.584s] [ 87%] Linking CXX shared library librcl_interfaces__rosidl_typesupport_fastrtps_c.so
[11.752s] [ 87%] Built target rcl_interfaces__rosidl_typesupport_fastrtps_c
[11.834s] [ 87%] Linking CXX shared library librcl_interfaces__rosidl_typesupport_introspection_cpp.so
[11.993s] [ 87%] Built target rcl_interfaces__rosidl_typesupport_introspection_cpp
[11.997s] [ 87%] Built target rcl_interfaces
[12.028s] [ 87%] Generating Python code for ROS interfaces
[18.867s] [ 87%] Built target rcl_interfaces__py
[18.880s] [ 88%] Building C object CMakeFiles/rcl_interfaces__rosidl_generator_py.dir/rosidl_generator_py/rcl_interfaces/msg/_list_parameters_result_s.c.o
[18.880s] [ 89%] Building C object CMakeFiles/rcl_interfaces__rosidl_generator_py.dir/rosidl_generator_py/rcl_interfaces/msg/_parameter_type_s.c.o
[18.880s] [ 88%] Building C object CMakeFiles/rcl_interfaces__rosidl_generator_py.dir/rosidl_generator_py/rcl_interfaces/msg/_parameter_descriptor_s.c.o
[18.881s] [ 88%] Building C object CMakeFiles/rcl_interfaces__rosidl_generator_py.dir/rosidl_generator_py/rcl_interfaces/msg/_integer_range_s.c.o
[18.881s] [ 89%] Building C object CMakeFiles/rcl_interfaces__rosidl_generator_py.dir/rosidl_generator_py/rcl_interfaces/msg/_log_s.c.o
[18.881s] [ 88%] Building C object CMakeFiles/rcl_interfaces__rosidl_generator_py.dir/rosidl_generator_py/rcl_interfaces/msg/_floating_point_range_s.c.o
[18.881s] [ 89%] Building C object CMakeFiles/rcl_interfaces__rosidl_generator_py.dir/rosidl_generator_py/rcl_interfaces/msg/_parameter_event_s.c.o
[18.881s] [ 90%] Building C object CMakeFiles/rcl_interfaces__rosidl_generator_py.dir/rosidl_generator_py/rcl_interfaces/msg/_parameter_s.c.o
[18.881s] [ 91%] Building C object CMakeFiles/rcl_interfaces__rosidl_generator_py.dir/rosidl_generator_py/rcl_interfaces/msg/_parameter_event_descriptors_s.c.o
[18.881s] [ 92%] Building C object CMakeFiles/rcl_interfaces__rosidl_generator_py.dir/rosidl_generator_py/rcl_interfaces/msg/_set_logger_levels_result_s.c.o
[18.881s] [ 92%] Building C object CMakeFiles/rcl_interfaces__rosidl_generator_py.dir/rosidl_generator_py/rcl_interfaces/msg/_parameter_value_s.c.o
[18.881s] [ 93%] Building C object CMakeFiles/rcl_interfaces__rosidl_generator_py.dir/rosidl_generator_py/rcl_interfaces/msg/_set_parameters_result_s.c.o
[18.881s] [ 93%] Building C object CMakeFiles/rcl_interfaces__rosidl_generator_py.dir/rosidl_generator_py/rcl_interfaces/srv/_describe_parameters_s.c.o
[18.882s] [ 93%] Building C object CMakeFiles/rcl_interfaces__rosidl_generator_py.dir/rosidl_generator_py/rcl_interfaces/msg/_logger_level_s.c.o
[18.955s] [ 93%] Building C object CMakeFiles/rcl_interfaces__rosidl_generator_py.dir/rosidl_generator_py/rcl_interfaces/srv/_set_logger_levels_s.c.o
[18.964s] [ 94%] Building C object CMakeFiles/rcl_interfaces__rosidl_generator_py.dir/rosidl_generator_py/rcl_interfaces/srv/_get_logger_levels_s.c.o
[18.965s] [ 94%] Building C object CMakeFiles/rcl_interfaces__rosidl_generator_py.dir/rosidl_generator_py/rcl_interfaces/srv/_set_parameters_s.c.o
[18.967s] [ 95%] Building C object CMakeFiles/rcl_interfaces__rosidl_generator_py.dir/rosidl_generator_py/rcl_interfaces/srv/_list_parameters_s.c.o
[18.968s] [ 95%] Building C object CMakeFiles/rcl_interfaces__rosidl_generator_py.dir/rosidl_generator_py/rcl_interfaces/srv/_get_parameter_types_s.c.o
[18.968s] [ 95%] Building C object CMakeFiles/rcl_interfaces__rosidl_generator_py.dir/rosidl_generator_py/rcl_interfaces/srv/_set_parameters_atomically_s.c.o
[18.969s] [ 96%] Building C object CMakeFiles/rcl_interfaces__rosidl_generator_py.dir/rosidl_generator_py/rcl_interfaces/srv/_get_parameters_s.c.o
[19.081s] [ 97%] Linking C shared library librcl_interfaces__rosidl_generator_py.so
[19.113s] [ 97%] Built target rcl_interfaces__rosidl_generator_py
[19.126s] [ 97%] Building C object CMakeFiles/rcl_interfaces_s__rosidl_typesupport_c.dir/rosidl_generator_py/rcl_interfaces/_rcl_interfaces_s.ep.rosidl_typesupport_c.c.o
[19.126s] [ 97%] Building C object CMakeFiles/rcl_interfaces_s__rosidl_typesupport_introspection_c.dir/rosidl_generator_py/rcl_interfaces/_rcl_interfaces_s.ep.rosidl_typesupport_introspection_c.c.o
[19.126s] [ 97%] Building C object CMakeFiles/rcl_interfaces_s__rosidl_typesupport_fastrtps_c.dir/rosidl_generator_py/rcl_interfaces/_rcl_interfaces_s.ep.rosidl_typesupport_fastrtps_c.c.o
[19.247s] [ 98%] Linking C shared module rosidl_generator_py/rcl_interfaces/rcl_interfaces_s__rosidl_typesupport_c.so
[19.253s] [ 99%] Linking C shared module rosidl_generator_py/rcl_interfaces/rcl_interfaces_s__rosidl_typesupport_fastrtps_c.so
[19.253s] [100%] Linking C shared module rosidl_generator_py/rcl_interfaces/rcl_interfaces_s__rosidl_typesupport_introspection_c.so
[19.268s] [100%] Built target rcl_interfaces_s__rosidl_typesupport_c
[19.273s] [100%] Built target rcl_interfaces_s__rosidl_typesupport_fastrtps_c
[19.273s] [100%] Built target rcl_interfaces_s__rosidl_typesupport_introspection_c
[19.280s] Invoked command in '/workspace/jazzy_ws/build/rcl_interfaces' returned '0': AMENT_PREFIX_PATH=/workspace/jazzy_ws/install CMAKE_PREFIX_PATH=/workspace/jazzy_ws/install LD_LIBRARY_PATH=/workspace/jazzy_ws/install/lib:/workspace/jazzy_ws/install/opt/mimick_vendor/lib PATH=/workspace/jazzy_ws/install/bin:/workspace/jazzy_ws/install/opt/uncrustify_vendor/bin:${PATH} PKG_CONFIG_PATH=/workspace/jazzy_ws/install/lib/x86_64-linux-gnu/pkgconfig:/workspace/jazzy_ws/install/lib/pkgconfig PYTHONPATH=/workspace/jazzy_ws/install/lib/python3.12/site-packages /usr/bin/cmake --build /workspace/jazzy_ws/build/rcl_interfaces -- -j24 -l24
[19.281s] Invoking command in '/workspace/jazzy_ws/build/rcl_interfaces': AMENT_PREFIX_PATH=/workspace/jazzy_ws/install CMAKE_PREFIX_PATH=/workspace/jazzy_ws/install LD_LIBRARY_PATH=/workspace/jazzy_ws/install/lib:/workspace/jazzy_ws/install/opt/mimick_vendor/lib PATH=/workspace/jazzy_ws/install/bin:/workspace/jazzy_ws/install/opt/uncrustify_vendor/bin:${PATH} PKG_CONFIG_PATH=/workspace/jazzy_ws/install/lib/x86_64-linux-gnu/pkgconfig:/workspace/jazzy_ws/install/lib/pkgconfig PYTHONPATH=/workspace/jazzy_ws/install/lib/python3.12/site-packages /usr/bin/cmake --install /workspace/jazzy_ws/build/rcl_interfaces
[19.286s] -- Install configuration: ""
[19.286s] -- Installing: /workspace/jazzy_ws/install/share/ament_index/resource_index/rosidl_interfaces/rcl_interfaces
[19.286s] -- Installing: /workspace/jazzy_ws/install/share/rcl_interfaces/msg/FloatingPointRange.json
[19.287s] -- Installing: /workspace/jazzy_ws/install/share/rcl_interfaces/msg/IntegerRange.json
[19.287s] -- Installing: /workspace/jazzy_ws/install/share/rcl_interfaces/msg/ListParametersResult.json
[19.287s] -- Installing: /workspace/jazzy_ws/install/share/rcl_interfaces/msg/Log.json
[19.287s] -- Installing: /workspace/jazzy_ws/install/share/rcl_interfaces/msg/ParameterDescriptor.json
[19.287s] -- Installing: /workspace/jazzy_ws/install/share/rcl_interfaces/msg/ParameterEventDescriptors.json
[19.287s] -- Installing: /workspace/jazzy_ws/install/share/rcl_interfaces/msg/ParameterEvent.json
[19.287s] -- Installing: /workspace/jazzy_ws/install/share/rcl_interfaces/msg/Parameter.json
[19.287s] -- Installing: /workspace/jazzy_ws/install/share/rcl_interfaces/msg/ParameterType.json
[19.287s] -- Installing: /workspace/jazzy_ws/install/share/rcl_interfaces/msg/ParameterValue.json
[19.287s] -- Installing: /workspace/jazzy_ws/install/share/rcl_interfaces/msg/SetParametersResult.json
[19.287s] -- Installing: /workspace/jazzy_ws/install/share/rcl_interfaces/msg/LoggerLevel.json
[19.287s] -- Installing: /workspace/jazzy_ws/install/share/rcl_interfaces/msg/SetLoggerLevelsResult.json
[19.288s] -- Installing: /workspace/jazzy_ws/install/share/rcl_interfaces/srv/DescribeParameters.json
[19.288s] -- Installing: /workspace/jazzy_ws/install/share/rcl_interfaces/srv/GetParameters.json
[19.288s] -- Installing: /workspace/jazzy_ws/install/share/rcl_interfaces/srv/GetParameterTypes.json
[19.288s] -- Installing: /workspace/jazzy_ws/install/share/rcl_interfaces/srv/ListParameters.json
[19.288s] -- Installing: /workspace/jazzy_ws/install/share/rcl_interfaces/srv/SetParametersAtomically.json
[19.288s] -- Installing: /workspace/jazzy_ws/install/share/rcl_interfaces/srv/SetParameters.json
[19.288s] -- Installing: /workspace/jazzy_ws/install/share/rcl_interfaces/srv/GetLoggerLevels.json
[19.288s] -- Installing: /workspace/jazzy_ws/install/share/rcl_interfaces/srv/SetLoggerLevels.json
[19.288s] -- Installing: /workspace/jazzy_ws/install/include/rcl_interfaces/rcl_interfaces
[19.288s] -- Installing: /workspace/jazzy_ws/install/include/rcl_interfaces/rcl_interfaces/msg
[19.288s] -- Installing: /workspace/jazzy_ws/install/include/rcl_interfaces/rcl_interfaces/msg/detail
[19.288s] -- Installing: /workspace/jazzy_ws/install/include/rcl_interfaces/rcl_interfaces/msg/detail/parameter_descriptor__type_support.c
[19.289s] -- Installing: /workspace/jazzy_ws/install/include/rcl_interfaces/rcl_interfaces/msg/detail/set_parameters_result__description.c
[19.289s] -- Installing: /workspace/jazzy_ws/install/include/rcl_interfaces/rcl_interfaces/msg/detail/list_parameters_result__type_support.h
[19.289s] -- Installing: /workspace/jazzy_ws/install/include/rcl_interfaces/rcl_interfaces/msg/detail/parameter_event__description.c
[19.289s] -- Installing: /workspace/jazzy_ws/install/include/rcl_interfaces/rcl_interfaces/msg/detail/log__type_support.h
[19.289s] -- Installing: /workspace/jazzy_ws/install/include/rcl_interfaces/rcl_interfaces/msg/detail/floating_point_range__functions.c
[19.289s] -- Installing: /workspace/jazzy_ws/install/include/rcl_interfaces/rcl_interfaces/msg/detail/parameter_descriptor__functions.h
[19.289s] -- Installing: /workspace/jazzy_ws/install/include/rcl_interfaces/rcl_interfaces/msg/detail/set_parameters_result__type_support.h
[19.289s] -- Installing: /workspace/jazzy_ws/install/include/rcl_interfaces/rcl_interfaces/msg/detail/set_logger_levels_result__struct.h
[19.289s] -- Installing: /workspace/jazzy_ws/install/include/rcl_interfaces/rcl_interfaces/msg/detail/list_parameters_result__functions.c
[19.289s] -- Installing: /workspace/jazzy_ws/install/include/rcl_interfaces/rcl_interfaces/msg/detail/parameter__type_support.c
[19.289s] -- Installing: /workspace/jazzy_ws/install/include/rcl_interfaces/rcl_interfaces/msg/detail/parameter_value__functions.c
[19.289s] -- Installing: /workspace/jazzy_ws/install/include/rcl_interfaces/rcl_interfaces/msg/detail/parameter_type__functions.h
[19.289s] -- Installing: /workspace/jazzy_ws/install/include/rcl_interfaces/rcl_interfaces/msg/detail/parameter_event_descriptors__description.c
[19.290s] -- Installing: /workspace/jazzy_ws/install/include/rcl_interfaces/rcl_interfaces/msg/detail/parameter_type__type_support.c
[19.290s] -- Installing: /workspace/jazzy_ws/install/include/rcl_interfaces/rcl_interfaces/msg/detail/parameter_event__type_support.c
[19.290s] -- Installing: /workspace/jazzy_ws/install/include/rcl_interfaces/rcl_interfaces/msg/detail/list_parameters_result__type_support.c
[19.290s] -- Installing: /workspace/jazzy_ws/install/include/rcl_interfaces/rcl_interfaces/msg/detail/floating_point_range__type_support.c
[19.290s] -- Installing: /workspace/jazzy_ws/install/include/rcl_interfaces/rcl_interfaces/msg/detail/integer_range__type_support.c
[19.290s] -- Installing: /workspace/jazzy_ws/install/include/rcl_interfaces/rcl_interfaces/msg/detail/parameter_event_descriptors__type_support.h
[19.290s] -- Installing: /workspace/jazzy_ws/install/include/rcl_interfaces/rcl_interfaces/msg/detail/set_logger_levels_result__functions.h
[19.290s] -- Installing: /workspace/jazzy_ws/install/include/rcl_interfaces/rcl_interfaces/msg/detail/set_parameters_result__type_support.c
[19.290s] -- Installing: /workspace/jazzy_ws/install/include/rcl_interfaces/rcl_interfaces/msg/detail/floating_point_range__struct.h
[19.290s] -- Installing: /workspace/jazzy_ws/install/include/rcl_interfaces/rcl_interfaces/msg/detail/integer_range__type_support.h
[19.290s] -- Installing: /workspace/jazzy_ws/install/include/rcl_interfaces/rcl_interfaces/msg/detail/parameter_value__struct.h
[19.290s] -- Installing: /workspace/jazzy_ws/install/include/rcl_interfaces/rcl_interfaces/msg/detail/parameter_descriptor__description.c
[19.290s] -- Installing: /workspace/jazzy_ws/install/include/rcl_interfaces/rcl_interfaces/msg/detail/parameter_descriptor__functions.c
[19.291s] -- Installing: /workspace/jazzy_ws/install/include/rcl_interfaces/rcl_interfaces/msg/detail/log__description.c
[19.291s] -- Installing: /workspace/jazzy_ws/install/include/rcl_interfaces/rcl_interfaces/msg/detail/parameter_event_descriptors__functions.h
[19.291s] -- Installing: /workspace/jazzy_ws/install/include/rcl_interfaces/rcl_interfaces/msg/detail/parameter__description.c
[19.291s] -- Installing: /workspace/jazzy_ws/install/include/rcl_interfaces/rcl_interfaces/msg/detail/parameter_event_descriptors__struct.h
[19.291s] -- Installing: /workspace/jazzy_ws/install/include/rcl_interfaces/rcl_interfaces/msg/detail/integer_range__functions.c
[19.291s] -- Installing: /workspace/jazzy_ws/install/include/rcl_interfaces/rcl_interfaces/msg/detail/parameter_event__struct.h
[19.291s] -- Installing: /workspace/jazzy_ws/install/include/rcl_interfaces/rcl_interfaces/msg/detail/logger_level__description.c
[19.291s] -- Installing: /workspace/jazzy_ws/install/include/rcl_interfaces/rcl_interfaces/msg/detail/parameter__type_support.h
[19.291s] -- Installing: /workspace/jazzy_ws/install/include/rcl_interfaces/rcl_interfaces/msg/detail/parameter_type__functions.c
[19.291s] -- Installing: /workspace/jazzy_ws/install/include/rcl_interfaces/rcl_interfaces/msg/detail/set_parameters_result__functions.c
[19.291s] -- Installing: /workspace/jazzy_ws/install/include/rcl_interfaces/rcl_interfaces/msg/detail/set_parameters_result__struct.h
[19.291s] -- Installing: /workspace/jazzy_ws/install/include/rcl_interfaces/rcl_interfaces/msg/detail/integer_range__struct.h
[19.292s] -- Installing: /workspace/jazzy_ws/install/include/rcl_interfaces/rcl_interfaces/msg/detail/set_logger_levels_result__functions.c
[19.292s] -- Installing: /workspace/jazzy_ws/install/include/rcl_interfaces/rcl_interfaces/msg/detail/parameter_type__type_support.h
[19.292s] -- Installing: /workspace/jazzy_ws/install/include/rcl_interfaces/rcl_interfaces/msg/detail/integer_range__functions.h
[19.292s] -- Installing: /workspace/jazzy_ws/install/include/rcl_interfaces/rcl_interfaces/msg/detail/set_parameters_result__functions.h
[19.292s] -- Installing: /workspace/jazzy_ws/install/include/rcl_interfaces/rcl_interfaces/msg/detail/parameter__struct.h
[19.292s] -- Installing: /workspace/jazzy_ws/install/include/rcl_interfaces/rcl_interfaces/msg/detail/list_parameters_result__functions.h
[19.292s] -- Installing: /workspace/jazzy_ws/install/include/rcl_interfaces/rcl_interfaces/msg/detail/parameter_descriptor__struct.h
[19.292s] -- Installing: /workspace/jazzy_ws/install/include/rcl_interfaces/rcl_interfaces/msg/detail/parameter_event_descriptors__functions.c
[19.292s] -- Installing: /workspace/jazzy_ws/install/include/rcl_interfaces/rcl_interfaces/msg/detail/log__functions.h
[19.292s] -- Installing: /workspace/jazzy_ws/install/include/rcl_interfaces/rcl_interfaces/msg/detail/parameter__functions.c
[19.292s] -- Installing: /workspace/jazzy_ws/install/include/rcl_interfaces/rcl_interfaces/msg/detail/parameter_value__functions.h
[19.292s] -- Installing: /workspace/jazzy_ws/install/include/rcl_interfaces/rcl_interfaces/msg/detail/logger_level__type_support.h
[19.293s] -- Installing: /workspace/jazzy_ws/install/include/rcl_interfaces/rcl_interfaces/msg/detail/set_logger_levels_result__type_support.h
[19.293s] -- Installing: /workspace/jazzy_ws/install/include/rcl_interfaces/rcl_interfaces/msg/detail/parameter_event__functions.h
[19.293s] -- Installing: /workspace/jazzy_ws/install/include/rcl_interfaces/rcl_interfaces/msg/detail/log__functions.c
[19.293s] -- Installing: /workspace/jazzy_ws/install/include/rcl_interfaces/rcl_interfaces/msg/detail/log__type_support.c
[19.293s] -- Installing: /workspace/jazzy_ws/install/include/rcl_interfaces/rcl_interfaces/msg/detail/parameter__functions.h
[19.293s] -- Installing: /workspace/jazzy_ws/install/include/rcl_interfaces/rcl_interfaces/msg/detail/floating_point_range__type_support.h
[19.293s] -- Installing: /workspace/jazzy_ws/install/include/rcl_interfaces/rcl_interfaces/msg/detail/logger_level__struct.h
[19.293s] -- Installing: /workspace/jazzy_ws/install/include/rcl_interfaces/rcl_interfaces/msg/detail/parameter_event_descriptors__type_support.c
[19.293s] -- Installing: /workspace/jazzy_ws/install/include/rcl_interfaces/rcl_interfaces/msg/detail/parameter_value__type_support.h
[19.293s] -- Installing: /workspace/jazzy_ws/install/include/rcl_interfaces/rcl_interfaces/msg/detail/set_logger_levels_result__description.c
[19.293s] -- Installing: /workspace/jazzy_ws/install/include/rcl_interfaces/rcl_interfaces/msg/detail/floating_point_range__description.c
[19.293s] -- Installing: /workspace/jazzy_ws/install/include/rcl_interfaces/rcl_interfaces/msg/detail/parameter_value__description.c
[19.293s] -- Installing: /workspace/jazzy_ws/install/include/rcl_interfaces/rcl_interfaces/msg/detail/integer_range__description.c
[19.294s] -- Installing: /workspace/jazzy_ws/install/include/rcl_interfaces/rcl_interfaces/msg/detail/parameter_value__type_support.c
[19.294s] -- Installing: /workspace/jazzy_ws/install/include/rcl_interfaces/rcl_interfaces/msg/detail/parameter_event__functions.c
[19.294s] -- Installing: /workspace/jazzy_ws/install/include/rcl_interfaces/rcl_interfaces/msg/detail/parameter_type__struct.h
[19.294s] -- Installing: /workspace/jazzy_ws/install/include/rcl_interfaces/rcl_interfaces/msg/detail/log__struct.h
[19.294s] -- Installing: /workspace/jazzy_ws/install/include/rcl_interfaces/rcl_interfaces/msg/detail/set_logger_levels_result__type_support.c
[19.294s] -- Installing: /workspace/jazzy_ws/install/include/rcl_interfaces/rcl_interfaces/msg/detail/parameter_type__description.c
[19.294s] -- Installing: /workspace/jazzy_ws/install/include/rcl_interfaces/rcl_interfaces/msg/detail/floating_point_range__functions.h
[19.294s] -- Installing: /workspace/jazzy_ws/install/include/rcl_interfaces/rcl_interfaces/msg/detail/logger_level__functions.c
[19.294s] -- Installing: /workspace/jazzy_ws/install/include/rcl_interfaces/rcl_interfaces/msg/detail/parameter_descriptor__type_support.h
[19.294s] -- Installing: /workspace/jazzy_ws/install/include/rcl_interfaces/rcl_interfaces/msg/detail/parameter_event__type_support.h
[19.294s] -- Installing: /workspace/jazzy_ws/install/include/rcl_interfaces/rcl_interfaces/msg/detail/list_parameters_result__description.c
[19.294s] -- Installing: /workspace/jazzy_ws/install/include/rcl_interfaces/rcl_interfaces/msg/detail/logger_level__type_support.c
[19.295s] -- Installing: /workspace/jazzy_ws/install/include/rcl_interfaces/rcl_interfaces/msg/detail/logger_level__functions.h
[19.295s] -- Installing: /workspace/jazzy_ws/install/include/rcl_interfaces/rcl_interfaces/msg/detail/list_parameters_result__struct.h
[19.295s] -- Installing: /workspace/jazzy_ws/install/include/rcl_interfaces/rcl_interfaces/msg/parameter_event.h
[19.295s] -- Installing: /workspace/jazzy_ws/install/include/rcl_interfaces/rcl_interfaces/msg/parameter_value.h
[19.295s] -- Installing: /workspace/jazzy_ws/install/include/rcl_interfaces/rcl_interfaces/msg/parameter_descriptor.h
[19.295s] -- Installing: /workspace/jazzy_ws/install/include/rcl_interfaces/rcl_interfaces/msg/list_parameters_result.h
[19.295s] -- Installing: /workspace/jazzy_ws/install/include/rcl_interfaces/rcl_interfaces/msg/floating_point_range.h
[19.295s] -- Installing: /workspace/jazzy_ws/install/include/rcl_interfaces/rcl_interfaces/msg/log.h
[19.295s] -- Installing: /workspace/jazzy_ws/install/include/rcl_interfaces/rcl_interfaces/msg/integer_range.h
[19.295s] -- Installing: /workspace/jazzy_ws/install/include/rcl_interfaces/rcl_interfaces/msg/logger_level.h
[19.295s] -- Installing: /workspace/jazzy_ws/install/include/rcl_interfaces/rcl_interfaces/msg/set_parameters_result.h
[19.295s] -- Installing: /workspace/jazzy_ws/install/include/rcl_interfaces/rcl_interfaces/msg/set_logger_levels_result.h
[19.295s] -- Installing: /workspace/jazzy_ws/install/include/rcl_interfaces/rcl_interfaces/msg/parameter_type.h
[19.296s] -- Installing: /workspace/jazzy_ws/install/include/rcl_interfaces/rcl_interfaces/msg/parameter.h
[19.296s] -- Installing: /workspace/jazzy_ws/install/include/rcl_interfaces/rcl_interfaces/msg/parameter_event_descriptors.h
[19.296s] -- Installing: /workspace/jazzy_ws/install/include/rcl_interfaces/rcl_interfaces/msg/rosidl_generator_c__visibility_control.h
[19.296s] -- Installing: /workspace/jazzy_ws/install/include/rcl_interfaces/rcl_interfaces/srv
[19.296s] -- Installing: /workspace/jazzy_ws/install/include/rcl_interfaces/rcl_interfaces/srv/detail
[19.296s] -- Installing: /workspace/jazzy_ws/install/include/rcl_interfaces/rcl_interfaces/srv/detail/list_parameters__description.c
[19.296s] -- Installing: /workspace/jazzy_ws/install/include/rcl_interfaces/rcl_interfaces/srv/detail/set_parameters_atomically__functions.c
[19.296s] -- Installing: /workspace/jazzy_ws/install/include/rcl_interfaces/rcl_interfaces/srv/detail/list_parameters__type_support.c
[19.296s] -- Installing: /workspace/jazzy_ws/install/include/rcl_interfaces/rcl_interfaces/srv/detail/describe_parameters__functions.h
[19.296s] -- Installing: /workspace/jazzy_ws/install/include/rcl_interfaces/rcl_interfaces/srv/detail/list_parameters__functions.h
[19.296s] -- Installing: /workspace/jazzy_ws/install/include/rcl_interfaces/rcl_interfaces/srv/detail/get_parameters__functions.c
[19.296s] -- Installing: /workspace/jazzy_ws/install/include/rcl_interfaces/rcl_interfaces/srv/detail/get_parameters__functions.h
[19.296s] -- Installing: /workspace/jazzy_ws/install/include/rcl_interfaces/rcl_interfaces/srv/detail/set_logger_levels__functions.h
[19.297s] -- Installing: /workspace/jazzy_ws/install/include/rcl_interfaces/rcl_interfaces/srv/detail/get_parameter_types__description.c
[19.297s] -- Installing: /workspace/jazzy_ws/install/include/rcl_interfaces/rcl_interfaces/srv/detail/get_parameter_types__struct.h
[19.297s] -- Installing: /workspace/jazzy_ws/install/include/rcl_interfaces/rcl_interfaces/srv/detail/list_parameters__struct.h
[19.297s] -- Installing: /workspace/jazzy_ws/install/include/rcl_interfaces/rcl_interfaces/srv/detail/set_logger_levels__type_support.h
[19.297s] -- Installing: /workspace/jazzy_ws/install/include/rcl_interfaces/rcl_interfaces/srv/detail/describe_parameters__struct.h
[19.297s] -- Installing: /workspace/jazzy_ws/install/include/rcl_interfaces/rcl_interfaces/srv/detail/set_logger_levels__description.c
[19.297s] -- Installing: /workspace/jazzy_ws/install/include/rcl_interfaces/rcl_interfaces/srv/detail/get_parameters__type_support.h
[19.297s] -- Installing: /workspace/jazzy_ws/install/include/rcl_interfaces/rcl_interfaces/srv/detail/get_logger_levels__type_support.c
[19.297s] -- Installing: /workspace/jazzy_ws/install/include/rcl_interfaces/rcl_interfaces/srv/detail/get_logger_levels__description.c
[19.297s] -- Installing: /workspace/jazzy_ws/install/include/rcl_interfaces/rcl_interfaces/srv/detail/set_parameters__description.c
[19.297s] -- Installing: /workspace/jazzy_ws/install/include/rcl_interfaces/rcl_interfaces/srv/detail/list_parameters__functions.c
[19.297s] -- Installing: /workspace/jazzy_ws/install/include/rcl_interfaces/rcl_interfaces/srv/detail/get_parameter_types__type_support.c
[19.297s] -- Installing: /workspace/jazzy_ws/install/include/rcl_interfaces/rcl_interfaces/srv/detail/get_parameters__type_support.c
[19.298s] -- Installing: /workspace/jazzy_ws/install/include/rcl_interfaces/rcl_interfaces/srv/detail/set_parameters_atomically__type_support.c
[19.298s] -- Installing: /workspace/jazzy_ws/install/include/rcl_interfaces/rcl_interfaces/srv/detail/get_logger_levels__functions.c
[19.298s] -- Installing: /workspace/jazzy_ws/install/include/rcl_interfaces/rcl_interfaces/srv/detail/set_parameters__functions.c
[19.298s] -- Installing: /workspace/jazzy_ws/install/include/rcl_interfaces/rcl_interfaces/srv/detail/set_parameters_atomically__type_support.h
[19.298s] -- Installing: /workspace/jazzy_ws/install/include/rcl_interfaces/rcl_interfaces/srv/detail/set_parameters_atomically__struct.h
[19.298s] -- Installing: /workspace/jazzy_ws/install/include/rcl_interfaces/rcl_interfaces/srv/detail/get_parameter_types__type_support.h
[19.298s] -- Installing: /workspace/jazzy_ws/install/include/rcl_interfaces/rcl_interfaces/srv/detail/set_logger_levels__type_support.c
[19.298s] -- Installing: /workspace/jazzy_ws/install/include/rcl_interfaces/rcl_interfaces/srv/detail/set_parameters_atomically__description.c
[19.298s] -- Installing: /workspace/jazzy_ws/install/include/rcl_interfaces/rcl_interfaces/srv/detail/get_parameter_types__functions.h
[19.298s] -- Installing: /workspace/jazzy_ws/install/include/rcl_interfaces/rcl_interfaces/srv/detail/get_logger_levels__type_support.h
[19.298s] -- Installing: /workspace/jazzy_ws/install/include/rcl_interfaces/rcl_interfaces/srv/detail/describe_parameters__type_support.c
[19.298s] -- Installing: /workspace/jazzy_ws/install/include/rcl_interfaces/rcl_interfaces/srv/detail/describe_parameters__type_support.h
[19.298s] -- Installing: /workspace/jazzy_ws/install/include/rcl_interfaces/rcl_interfaces/srv/detail/describe_parameters__description.c
[19.299s] -- Installing: /workspace/jazzy_ws/install/include/rcl_interfaces/rcl_interfaces/srv/detail/set_logger_levels__functions.c
[19.299s] -- Installing: /workspace/jazzy_ws/install/include/rcl_interfaces/rcl_interfaces/srv/detail/get_logger_levels__struct.h
[19.299s] -- Installing: /workspace/jazzy_ws/install/include/rcl_interfaces/rcl_interfaces/srv/detail/get_logger_levels__functions.h
[19.299s] -- Installing: /workspace/jazzy_ws/install/include/rcl_interfaces/rcl_interfaces/srv/detail/set_parameters__type_support.h
[19.299s] -- Installing: /workspace/jazzy_ws/install/include/rcl_interfaces/rcl_interfaces/srv/detail/get_parameters__struct.h
[19.299s] -- Installing: /workspace/jazzy_ws/install/include/rcl_interfaces/rcl_interfaces/srv/detail/get_parameter_types__functions.c
[19.299s] -- Installing: /workspace/jazzy_ws/install/include/rcl_interfaces/rcl_interfaces/srv/detail/describe_parameters__functions.c
[19.299s] -- Installing: /workspace/jazzy_ws/install/include/rcl_interfaces/rcl_interfaces/srv/detail/set_parameters__type_support.c
[19.299s] -- Installing: /workspace/jazzy_ws/install/include/rcl_interfaces/rcl_interfaces/srv/detail/get_parameters__description.c
[19.299s] -- Installing: /workspace/jazzy_ws/install/include/rcl_interfaces/rcl_interfaces/srv/detail/set_parameters_atomically__functions.h
[19.300s] -- Installing: /workspace/jazzy_ws/install/include/rcl_interfaces/rcl_interfaces/srv/detail/set_parameters__functions.h
[19.300s] -- Installing: /workspace/jazzy_ws/install/include/rcl_interfaces/rcl_interfaces/srv/detail/set_logger_levels__struct.h
[19.300s] -- Installing: /workspace/jazzy_ws/install/include/rcl_interfaces/rcl_interfaces/srv/detail/set_parameters__struct.h
[19.300s] -- Installing: /workspace/jazzy_ws/install/include/rcl_interfaces/rcl_interfaces/srv/detail/list_parameters__type_support.h
[19.300s] -- Installing: /workspace/jazzy_ws/install/include/rcl_interfaces/rcl_interfaces/srv/get_logger_levels.h
[19.300s] -- Installing: /workspace/jazzy_ws/install/include/rcl_interfaces/rcl_interfaces/srv/set_parameters_atomically.h
[19.300s] -- Installing: /workspace/jazzy_ws/install/include/rcl_interfaces/rcl_interfaces/srv/set_parameters.h
[19.300s] -- Installing: /workspace/jazzy_ws/install/include/rcl_interfaces/rcl_interfaces/srv/describe_parameters.h
[19.300s] -- Installing: /workspace/jazzy_ws/install/include/rcl_interfaces/rcl_interfaces/srv/list_parameters.h
[19.300s] -- Installing: /workspace/jazzy_ws/install/include/rcl_interfaces/rcl_interfaces/srv/set_logger_levels.h
[19.300s] -- Installing: /workspace/jazzy_ws/install/include/rcl_interfaces/rcl_interfaces/srv/get_parameters.h
[19.300s] -- Installing: /workspace/jazzy_ws/install/include/rcl_interfaces/rcl_interfaces/srv/get_parameter_types.h
[19.300s] -- Installing: /workspace/jazzy_ws/install/share/rcl_interfaces/environment/library_path.sh
[19.301s] -- Installing: /workspace/jazzy_ws/install/share/rcl_interfaces/environment/library_path.dsv
[19.301s] -- Installing: /workspace/jazzy_ws/install/lib/librcl_interfaces__rosidl_generator_c.so
[19.301s] -- Set non-toolchain portion of runtime path of "/workspace/jazzy_ws/install/lib/librcl_interfaces__rosidl_generator_c.so" to ""
[19.301s] -- Up-to-date: /workspace/jazzy_ws/install/include/rcl_interfaces/rcl_interfaces
[19.301s] -- Up-to-date: /workspace/jazzy_ws/install/include/rcl_interfaces/rcl_interfaces/msg
[19.301s] -- Up-to-date: /workspace/jazzy_ws/install/include/rcl_interfaces/rcl_interfaces/msg/detail
[19.301s] -- Installing: /workspace/jazzy_ws/install/include/rcl_interfaces/rcl_interfaces/msg/detail/log__rosidl_typesupport_fastrtps_c.h
[19.301s] -- Installing: /workspace/jazzy_ws/install/include/rcl_interfaces/rcl_interfaces/msg/detail/set_parameters_result__rosidl_typesupport_fastrtps_c.h
[19.301s] -- Installing: /workspace/jazzy_ws/install/include/rcl_interfaces/rcl_interfaces/msg/detail/logger_level__rosidl_typesupport_fastrtps_c.h
[19.302s] -- Installing: /workspace/jazzy_ws/install/include/rcl_interfaces/rcl_interfaces/msg/detail/parameter__rosidl_typesupport_fastrtps_c.h
[19.302s] -- Installing: /workspace/jazzy_ws/install/include/rcl_interfaces/rcl_interfaces/msg/detail/parameter_descriptor__rosidl_typesupport_fastrtps_c.h
[19.302s] -- Installing: /workspace/jazzy_ws/install/include/rcl_interfaces/rcl_interfaces/msg/detail/parameter_value__rosidl_typesupport_fastrtps_c.h
[19.302s] -- Installing: /workspace/jazzy_ws/install/include/rcl_interfaces/rcl_interfaces/msg/detail/parameter_event__rosidl_typesupport_fastrtps_c.h
[19.302s] -- Installing: /workspace/jazzy_ws/install/include/rcl_interfaces/rcl_interfaces/msg/detail/list_parameters_result__rosidl_typesupport_fastrtps_c.h
[19.302s] -- Installing: /workspace/jazzy_ws/install/include/rcl_interfaces/rcl_interfaces/msg/detail/set_logger_levels_result__rosidl_typesupport_fastrtps_c.h
[19.302s] -- Installing: /workspace/jazzy_ws/install/include/rcl_interfaces/rcl_interfaces/msg/detail/floating_point_range__rosidl_typesupport_fastrtps_c.h
[19.302s] -- Installing: /workspace/jazzy_ws/install/include/rcl_interfaces/rcl_interfaces/msg/detail/parameter_type__rosidl_typesupport_fastrtps_c.h
[19.302s] -- Installing: /workspace/jazzy_ws/install/include/rcl_interfaces/rcl_interfaces/msg/detail/parameter_event_descriptors__rosidl_typesupport_fastrtps_c.h
[19.302s] -- Installing: /workspace/jazzy_ws/install/include/rcl_interfaces/rcl_interfaces/msg/detail/integer_range__rosidl_typesupport_fastrtps_c.h
[19.302s] -- Installing: /workspace/jazzy_ws/install/include/rcl_interfaces/rcl_interfaces/msg/rosidl_typesupport_fastrtps_c__visibility_control.h
[19.303s] -- Up-to-date: /workspace/jazzy_ws/install/include/rcl_interfaces/rcl_interfaces/srv
[19.303s] -- Up-to-date: /workspace/jazzy_ws/install/include/rcl_interfaces/rcl_interfaces/srv/detail
[19.303s] -- Installing: /workspace/jazzy_ws/install/include/rcl_interfaces/rcl_interfaces/srv/detail/describe_parameters__rosidl_typesupport_fastrtps_c.h
[19.303s] -- Installing: /workspace/jazzy_ws/install/include/rcl_interfaces/rcl_interfaces/srv/detail/set_parameters__rosidl_typesupport_fastrtps_c.h
[19.303s] -- Installing: /workspace/jazzy_ws/install/include/rcl_interfaces/rcl_interfaces/srv/detail/get_logger_levels__rosidl_typesupport_fastrtps_c.h
[19.303s] -- Installing: /workspace/jazzy_ws/install/include/rcl_interfaces/rcl_interfaces/srv/detail/set_parameters_atomically__rosidl_typesupport_fastrtps_c.h
[19.303s] -- Installing: /workspace/jazzy_ws/install/include/rcl_interfaces/rcl_interfaces/srv/detail/get_parameters__rosidl_typesupport_fastrtps_c.h
[19.303s] -- Installing: /workspace/jazzy_ws/install/include/rcl_interfaces/rcl_interfaces/srv/detail/set_logger_levels__rosidl_typesupport_fastrtps_c.h
[19.303s] -- Installing: /workspace/jazzy_ws/install/include/rcl_interfaces/rcl_interfaces/srv/detail/get_parameter_types__rosidl_typesupport_fastrtps_c.h
[19.303s] -- Installing: /workspace/jazzy_ws/install/include/rcl_interfaces/rcl_interfaces/srv/detail/list_parameters__rosidl_typesupport_fastrtps_c.h
[19.303s] -- Installing: /workspace/jazzy_ws/install/lib/librcl_interfaces__rosidl_typesupport_fastrtps_c.so
[19.304s] -- Set non-toolchain portion of runtime path of "/workspace/jazzy_ws/install/lib/librcl_interfaces__rosidl_typesupport_fastrtps_c.so" to ""
[19.304s] -- Up-to-date: /workspace/jazzy_ws/install/include/rcl_interfaces/rcl_interfaces
[19.304s] -- Up-to-date: /workspace/jazzy_ws/install/include/rcl_interfaces/rcl_interfaces/msg
[19.304s] -- Up-to-date: /workspace/jazzy_ws/install/include/rcl_interfaces/rcl_interfaces/msg/detail
[19.304s] -- Installing: /workspace/jazzy_ws/install/include/rcl_interfaces/rcl_interfaces/msg/detail/parameter_descriptor__type_support.c
[19.304s] -- Installing: /workspace/jazzy_ws/install/include/rcl_interfaces/rcl_interfaces/msg/detail/set_logger_levels_result__rosidl_typesupport_introspection_c.h
[19.304s] -- Installing: /workspace/jazzy_ws/install/include/rcl_interfaces/rcl_interfaces/msg/detail/log__rosidl_typesupport_introspection_c.h
[19.304s] -- Installing: /workspace/jazzy_ws/install/include/rcl_interfaces/rcl_interfaces/msg/detail/parameter__type_support.c
[19.304s] -- Installing: /workspace/jazzy_ws/install/include/rcl_interfaces/rcl_interfaces/msg/detail/parameter__rosidl_typesupport_introspection_c.h
[19.304s] -- Installing: /workspace/jazzy_ws/install/include/rcl_interfaces/rcl_interfaces/msg/detail/parameter_type__type_support.c
[19.304s] -- Installing: /workspace/jazzy_ws/install/include/rcl_interfaces/rcl_interfaces/msg/detail/floating_point_range__rosidl_typesupport_introspection_c.h
[19.305s] -- Installing: /workspace/jazzy_ws/install/include/rcl_interfaces/rcl_interfaces/msg/detail/parameter_event__type_support.c
[19.305s] -- Installing: /workspace/jazzy_ws/install/include/rcl_interfaces/rcl_interfaces/msg/detail/list_parameters_result__type_support.c
[19.305s] -- Installing: /workspace/jazzy_ws/install/include/rcl_interfaces/rcl_interfaces/msg/detail/floating_point_range__type_support.c
[19.305s] -- Installing: /workspace/jazzy_ws/install/include/rcl_interfaces/rcl_interfaces/msg/detail/integer_range__type_support.c
[19.305s] -- Installing: /workspace/jazzy_ws/install/include/rcl_interfaces/rcl_interfaces/msg/detail/set_parameters_result__rosidl_typesupport_introspection_c.h
[19.305s] -- Installing: /workspace/jazzy_ws/install/include/rcl_interfaces/rcl_interfaces/msg/detail/parameter_event_descriptors__rosidl_typesupport_introspection_c.h
[19.305s] -- Installing: /workspace/jazzy_ws/install/include/rcl_interfaces/rcl_interfaces/msg/detail/set_parameters_result__type_support.c
[19.305s] -- Installing: /workspace/jazzy_ws/install/include/rcl_interfaces/rcl_interfaces/msg/detail/parameter_value__rosidl_typesupport_introspection_c.h
[19.305s] -- Installing: /workspace/jazzy_ws/install/include/rcl_interfaces/rcl_interfaces/msg/detail/list_parameters_result__rosidl_typesupport_introspection_c.h
[19.305s] -- Installing: /workspace/jazzy_ws/install/include/rcl_interfaces/rcl_interfaces/msg/detail/parameter_event__rosidl_typesupport_introspection_c.h
[19.305s] -- Installing: /workspace/jazzy_ws/install/include/rcl_interfaces/rcl_interfaces/msg/detail/parameter_type__rosidl_typesupport_introspection_c.h
[19.306s] -- Installing: /workspace/jazzy_ws/install/include/rcl_interfaces/rcl_interfaces/msg/detail/log__type_support.c
[19.306s] -- Installing: /workspace/jazzy_ws/install/include/rcl_interfaces/rcl_interfaces/msg/detail/parameter_event_descriptors__type_support.c
[19.306s] -- Installing: /workspace/jazzy_ws/install/include/rcl_interfaces/rcl_interfaces/msg/detail/parameter_value__type_support.c
[19.306s] -- Installing: /workspace/jazzy_ws/install/include/rcl_interfaces/rcl_interfaces/msg/detail/set_logger_levels_result__type_support.c
[19.306s] -- Installing: /workspace/jazzy_ws/install/include/rcl_interfaces/rcl_interfaces/msg/detail/logger_level__rosidl_typesupport_introspection_c.h
[19.306s] -- Installing: /workspace/jazzy_ws/install/include/rcl_interfaces/rcl_interfaces/msg/detail/logger_level__type_support.c
[19.306s] -- Installing: /workspace/jazzy_ws/install/include/rcl_interfaces/rcl_interfaces/msg/detail/parameter_descriptor__rosidl_typesupport_introspection_c.h
[19.306s] -- Installing: /workspace/jazzy_ws/install/include/rcl_interfaces/rcl_interfaces/msg/detail/integer_range__rosidl_typesupport_introspection_c.h
[19.306s] -- Installing: /workspace/jazzy_ws/install/include/rcl_interfaces/rcl_interfaces/msg/rosidl_typesupport_introspection_c__visibility_control.h
[19.306s] -- Up-to-date: /workspace/jazzy_ws/install/include/rcl_interfaces/rcl_interfaces/srv
[19.306s] -- Up-to-date: /workspace/jazzy_ws/install/include/rcl_interfaces/rcl_interfaces/srv/detail
[19.306s] -- Installing: /workspace/jazzy_ws/install/include/rcl_interfaces/rcl_interfaces/srv/detail/list_parameters__type_support.c
[19.307s] -- Installing: /workspace/jazzy_ws/install/include/rcl_interfaces/rcl_interfaces/srv/detail/list_parameters__rosidl_typesupport_introspection_c.h
[19.307s] -- Installing: /workspace/jazzy_ws/install/include/rcl_interfaces/rcl_interfaces/srv/detail/get_parameters__rosidl_typesupport_introspection_c.h
[19.307s] -- Installing: /workspace/jazzy_ws/install/include/rcl_interfaces/rcl_interfaces/srv/detail/set_logger_levels__rosidl_typesupport_introspection_c.h
[19.307s] -- Installing: /workspace/jazzy_ws/install/include/rcl_interfaces/rcl_interfaces/srv/detail/get_parameter_types__rosidl_typesupport_introspection_c.h
[19.307s] -- Installing: /workspace/jazzy_ws/install/include/rcl_interfaces/rcl_interfaces/srv/detail/get_logger_levels__type_support.c
[19.307s] -- Installing: /workspace/jazzy_ws/install/include/rcl_interfaces/rcl_interfaces/srv/detail/get_parameter_types__type_support.c
[19.307s] -- Installing: /workspace/jazzy_ws/install/include/rcl_interfaces/rcl_interfaces/srv/detail/get_parameters__type_support.c
[19.307s] -- Installing: /workspace/jazzy_ws/install/include/rcl_interfaces/rcl_interfaces/srv/detail/set_parameters__rosidl_typesupport_introspection_c.h
[19.307s] -- Installing: /workspace/jazzy_ws/install/include/rcl_interfaces/rcl_interfaces/srv/detail/set_parameters_atomically__type_support.c
[19.307s] -- Installing: /workspace/jazzy_ws/install/include/rcl_interfaces/rcl_interfaces/srv/detail/get_logger_levels__rosidl_typesupport_introspection_c.h
[19.307s] -- Installing: /workspace/jazzy_ws/install/include/rcl_interfaces/rcl_interfaces/srv/detail/describe_parameters__rosidl_typesupport_introspection_c.h
[19.308s] -- Installing: /workspace/jazzy_ws/install/include/rcl_interfaces/rcl_interfaces/srv/detail/set_logger_levels__type_support.c
[19.308s] -- Installing: /workspace/jazzy_ws/install/include/rcl_interfaces/rcl_interfaces/srv/detail/describe_parameters__type_support.c
[19.308s] -- Installing: /workspace/jazzy_ws/install/include/rcl_interfaces/rcl_interfaces/srv/detail/set_parameters_atomically__rosidl_typesupport_introspection_c.h
[19.308s] -- Installing: /workspace/jazzy_ws/install/include/rcl_interfaces/rcl_interfaces/srv/detail/set_parameters__type_support.c
[19.308s] -- Installing: /workspace/jazzy_ws/install/lib/librcl_interfaces__rosidl_typesupport_introspection_c.so
[19.308s] -- Set non-toolchain portion of runtime path of "/workspace/jazzy_ws/install/lib/librcl_interfaces__rosidl_typesupport_introspection_c.so" to ""
[19.308s] -- Installing: /workspace/jazzy_ws/install/lib/librcl_interfaces__rosidl_typesupport_c.so
[19.309s] -- Set non-toolchain portion of runtime path of "/workspace/jazzy_ws/install/lib/librcl_interfaces__rosidl_typesupport_c.so" to ""
[19.309s] -- Up-to-date: /workspace/jazzy_ws/install/include/rcl_interfaces/rcl_interfaces
[19.309s] -- Up-to-date: /workspace/jazzy_ws/install/include/rcl_interfaces/rcl_interfaces/msg
[19.309s] -- Up-to-date: /workspace/jazzy_ws/install/include/rcl_interfaces/rcl_interfaces/msg/detail
[19.309s] -- Installing: /workspace/jazzy_ws/install/include/rcl_interfaces/rcl_interfaces/msg/detail/parameter_value__type_support.hpp
[19.309s] -- Installing: /workspace/jazzy_ws/install/include/rcl_interfaces/rcl_interfaces/msg/detail/parameter_type__struct.hpp
[19.309s] -- Installing: /workspace/jazzy_ws/install/include/rcl_interfaces/rcl_interfaces/msg/detail/parameter_descriptor__struct.hpp
[19.309s] -- Installing: /workspace/jazzy_ws/install/include/rcl_interfaces/rcl_interfaces/msg/detail/log__type_support.hpp
[19.309s] -- Installing: /workspace/jazzy_ws/install/include/rcl_interfaces/rcl_interfaces/msg/detail/set_logger_levels_result__type_support.hpp
[19.309s] -- Installing: /workspace/jazzy_ws/install/include/rcl_interfaces/rcl_interfaces/msg/detail/parameter_event_descriptors__builder.hpp
[19.309s] -- Installing: /workspace/jazzy_ws/install/include/rcl_interfaces/rcl_interfaces/msg/detail/parameter_type__type_support.hpp
[19.309s] -- Installing: /workspace/jazzy_ws/install/include/rcl_interfaces/rcl_interfaces/msg/detail/parameter__struct.hpp
[19.309s] -- Installing: /workspace/jazzy_ws/install/include/rcl_interfaces/rcl_interfaces/msg/detail/set_parameters_result__traits.hpp
[19.310s] -- Installing: /workspace/jazzy_ws/install/include/rcl_interfaces/rcl_interfaces/msg/detail/integer_range__type_support.hpp
[19.310s] -- Installing: /workspace/jazzy_ws/install/include/rcl_interfaces/rcl_interfaces/msg/detail/logger_level__type_support.hpp
[19.310s] -- Installing: /workspace/jazzy_ws/install/include/rcl_interfaces/rcl_interfaces/msg/detail/list_parameters_result__builder.hpp
[19.310s] -- Installing: /workspace/jazzy_ws/install/include/rcl_interfaces/rcl_interfaces/msg/detail/parameter_type__traits.hpp
[19.310s] -- Installing: /workspace/jazzy_ws/install/include/rcl_interfaces/rcl_interfaces/msg/detail/logger_level__traits.hpp
[19.310s] -- Installing: /workspace/jazzy_ws/install/include/rcl_interfaces/rcl_interfaces/msg/detail/integer_range__traits.hpp
[19.310s] -- Installing: /workspace/jazzy_ws/install/include/rcl_interfaces/rcl_interfaces/msg/detail/log__traits.hpp
[19.310s] -- Installing: /workspace/jazzy_ws/install/include/rcl_interfaces/rcl_interfaces/msg/detail/parameter__traits.hpp
[19.310s] -- Installing: /workspace/jazzy_ws/install/include/rcl_interfaces/rcl_interfaces/msg/detail/parameter_value__builder.hpp
[19.310s] -- Installing: /workspace/jazzy_ws/install/include/rcl_interfaces/rcl_interfaces/msg/detail/parameter_descriptor__builder.hpp
[19.310s] -- Installing: /workspace/jazzy_ws/install/include/rcl_interfaces/rcl_interfaces/msg/detail/parameter_value__struct.hpp
[19.310s] -- Installing: /workspace/jazzy_ws/install/include/rcl_interfaces/rcl_interfaces/msg/detail/parameter_event__type_support.hpp
[19.310s] -- Installing: /workspace/jazzy_ws/install/include/rcl_interfaces/rcl_interfaces/msg/detail/logger_level__builder.hpp
[19.311s] -- Installing: /workspace/jazzy_ws/install/include/rcl_interfaces/rcl_interfaces/msg/detail/set_parameters_result__type_support.hpp
[19.311s] -- Installing: /workspace/jazzy_ws/install/include/rcl_interfaces/rcl_interfaces/msg/detail/parameter_event_descriptors__type_support.hpp
[19.311s] -- Installing: /workspace/jazzy_ws/install/include/rcl_interfaces/rcl_interfaces/msg/detail/floating_point_range__traits.hpp
[19.311s] -- Installing: /workspace/jazzy_ws/install/include/rcl_interfaces/rcl_interfaces/msg/detail/list_parameters_result__struct.hpp
[19.311s] -- Installing: /workspace/jazzy_ws/install/include/rcl_interfaces/rcl_interfaces/msg/detail/integer_range__builder.hpp
[19.311s] -- Installing: /workspace/jazzy_ws/install/include/rcl_interfaces/rcl_interfaces/msg/detail/parameter_event__builder.hpp
[19.311s] -- Installing: /workspace/jazzy_ws/install/include/rcl_interfaces/rcl_interfaces/msg/detail/parameter_event__struct.hpp
[19.311s] -- Installing: /workspace/jazzy_ws/install/include/rcl_interfaces/rcl_interfaces/msg/detail/parameter_descriptor__traits.hpp
[19.311s] -- Installing: /workspace/jazzy_ws/install/include/rcl_interfaces/rcl_interfaces/msg/detail/logger_level__struct.hpp
[19.311s] -- Installing: /workspace/jazzy_ws/install/include/rcl_interfaces/rcl_interfaces/msg/detail/set_parameters_result__builder.hpp
[19.312s] -- Installing: /workspace/jazzy_ws/install/include/rcl_interfaces/rcl_interfaces/msg/detail/parameter_descriptor__type_support.hpp
[19.312s] -- Installing: /workspace/jazzy_ws/install/include/rcl_interfaces/rcl_interfaces/msg/detail/floating_point_range__type_support.hpp
[19.312s] -- Installing: /workspace/jazzy_ws/install/include/rcl_interfaces/rcl_interfaces/msg/detail/parameter__type_support.hpp
[19.312s] -- Installing: /workspace/jazzy_ws/install/include/rcl_interfaces/rcl_interfaces/msg/detail/set_logger_levels_result__traits.hpp
[19.312s] -- Installing: /workspace/jazzy_ws/install/include/rcl_interfaces/rcl_interfaces/msg/detail/parameter_event_descriptors__traits.hpp
[19.312s] -- Installing: /workspace/jazzy_ws/install/include/rcl_interfaces/rcl_interfaces/msg/detail/set_logger_levels_result__struct.hpp
[19.312s] -- Installing: /workspace/jazzy_ws/install/include/rcl_interfaces/rcl_interfaces/msg/detail/log__struct.hpp
[19.312s] -- Installing: /workspace/jazzy_ws/install/include/rcl_interfaces/rcl_interfaces/msg/detail/parameter_value__traits.hpp
[19.312s] -- Installing: /workspace/jazzy_ws/install/include/rcl_interfaces/rcl_interfaces/msg/detail/set_parameters_result__struct.hpp
[19.312s] -- Installing: /workspace/jazzy_ws/install/include/rcl_interfaces/rcl_interfaces/msg/detail/log__builder.hpp
[19.312s] -- Installing: /workspace/jazzy_ws/install/include/rcl_interfaces/rcl_interfaces/msg/detail/list_parameters_result__type_support.hpp
[19.312s] -- Installing: /workspace/jazzy_ws/install/include/rcl_interfaces/rcl_interfaces/msg/detail/floating_point_range__struct.hpp
[19.313s] -- Installing: /workspace/jazzy_ws/install/include/rcl_interfaces/rcl_interfaces/msg/detail/parameter_type__builder.hpp
[19.313s] -- Installing: /workspace/jazzy_ws/install/include/rcl_interfaces/rcl_interfaces/msg/detail/parameter_event__traits.hpp
[19.313s] -- Installing: /workspace/jazzy_ws/install/include/rcl_interfaces/rcl_interfaces/msg/detail/list_parameters_result__traits.hpp
[19.313s] -- Installing: /workspace/jazzy_ws/install/include/rcl_interfaces/rcl_interfaces/msg/detail/parameter__builder.hpp
[19.313s] -- Installing: /workspace/jazzy_ws/install/include/rcl_interfaces/rcl_interfaces/msg/detail/floating_point_range__builder.hpp
[19.313s] -- Installing: /workspace/jazzy_ws/install/include/rcl_interfaces/rcl_interfaces/msg/detail/parameter_event_descriptors__struct.hpp
[19.313s] -- Installing: /workspace/jazzy_ws/install/include/rcl_interfaces/rcl_interfaces/msg/detail/integer_range__struct.hpp
[19.313s] -- Installing: /workspace/jazzy_ws/install/include/rcl_interfaces/rcl_interfaces/msg/detail/set_logger_levels_result__builder.hpp
[19.313s] -- Installing: /workspace/jazzy_ws/install/include/rcl_interfaces/rcl_interfaces/msg/parameter_descriptor.hpp
[19.313s] -- Installing: /workspace/jazzy_ws/install/include/rcl_interfaces/rcl_interfaces/msg/rosidl_generator_cpp__visibility_control.hpp
[19.313s] -- Installing: /workspace/jazzy_ws/install/include/rcl_interfaces/rcl_interfaces/msg/list_parameters_result.hpp
[19.313s] -- Installing: /workspace/jazzy_ws/install/include/rcl_interfaces/rcl_interfaces/msg/parameter_event_descriptors.hpp
[19.313s] -- Installing: /workspace/jazzy_ws/install/include/rcl_interfaces/rcl_interfaces/msg/parameter_type.hpp
[19.314s] -- Installing: /workspace/jazzy_ws/install/include/rcl_interfaces/rcl_interfaces/msg/set_parameters_result.hpp
[19.314s] -- Installing: /workspace/jazzy_ws/install/include/rcl_interfaces/rcl_interfaces/msg/parameter_value.hpp
[19.314s] -- Installing: /workspace/jazzy_ws/install/include/rcl_interfaces/rcl_interfaces/msg/logger_level.hpp
[19.314s] -- Installing: /workspace/jazzy_ws/install/include/rcl_interfaces/rcl_interfaces/msg/floating_point_range.hpp
[19.314s] -- Installing: /workspace/jazzy_ws/install/include/rcl_interfaces/rcl_interfaces/msg/set_logger_levels_result.hpp
[19.314s] -- Installing: /workspace/jazzy_ws/install/include/rcl_interfaces/rcl_interfaces/msg/parameter.hpp
[19.314s] -- Installing: /workspace/jazzy_ws/install/include/rcl_interfaces/rcl_interfaces/msg/parameter_event.hpp
[19.314s] -- Installing: /workspace/jazzy_ws/install/include/rcl_interfaces/rcl_interfaces/msg/log.hpp
[19.314s] -- Installing: /workspace/jazzy_ws/install/include/rcl_interfaces/rcl_interfaces/msg/integer_range.hpp
[19.314s] -- Up-to-date: /workspace/jazzy_ws/install/include/rcl_interfaces/rcl_interfaces/srv
[19.314s] -- Up-to-date: /workspace/jazzy_ws/install/include/rcl_interfaces/rcl_interfaces/srv/detail
[19.314s] -- Installing: /workspace/jazzy_ws/install/include/rcl_interfaces/rcl_interfaces/srv/detail/set_logger_levels__struct.hpp
[19.314s] -- Installing: /workspace/jazzy_ws/install/include/rcl_interfaces/rcl_interfaces/srv/detail/get_parameter_types__type_support.hpp
[19.314s] -- Installing: /workspace/jazzy_ws/install/include/rcl_interfaces/rcl_interfaces/srv/detail/set_parameters_atomically__struct.hpp
[19.314s] -- Installing: /workspace/jazzy_ws/install/include/rcl_interfaces/rcl_interfaces/srv/detail/get_parameter_types__builder.hpp
[19.315s] -- Installing: /workspace/jazzy_ws/install/include/rcl_interfaces/rcl_interfaces/srv/detail/list_parameters__traits.hpp
[19.315s] -- Installing: /workspace/jazzy_ws/install/include/rcl_interfaces/rcl_interfaces/srv/detail/describe_parameters__type_support.hpp
[19.315s] -- Installing: /workspace/jazzy_ws/install/include/rcl_interfaces/rcl_interfaces/srv/detail/list_parameters__struct.hpp
[19.315s] -- Installing: /workspace/jazzy_ws/install/include/rcl_interfaces/rcl_interfaces/srv/detail/get_parameters__traits.hpp
[19.315s] -- Installing: /workspace/jazzy_ws/install/include/rcl_interfaces/rcl_interfaces/srv/detail/list_parameters__type_support.hpp
[19.315s] -- Installing: /workspace/jazzy_ws/install/include/rcl_interfaces/rcl_interfaces/srv/detail/set_parameters_atomically__builder.hpp
[19.315s] -- Installing: /workspace/jazzy_ws/install/include/rcl_interfaces/rcl_interfaces/srv/detail/set_logger_levels__type_support.hpp
[19.315s] -- Installing: /workspace/jazzy_ws/install/include/rcl_interfaces/rcl_interfaces/srv/detail/set_logger_levels__builder.hpp
[19.315s] -- Installing: /workspace/jazzy_ws/install/include/rcl_interfaces/rcl_interfaces/srv/detail/set_parameters__type_support.hpp
[19.315s] -- Installing: /workspace/jazzy_ws/install/include/rcl_interfaces/rcl_interfaces/srv/detail/set_parameters__builder.hpp
[19.315s] -- Installing: /workspace/jazzy_ws/install/include/rcl_interfaces/rcl_interfaces/srv/detail/get_parameters__struct.hpp
[19.315s] -- Installing: /workspace/jazzy_ws/install/include/rcl_interfaces/rcl_interfaces/srv/detail/get_parameters__type_support.hpp
[19.316s] -- Installing: /workspace/jazzy_ws/install/include/rcl_interfaces/rcl_interfaces/srv/detail/describe_parameters__builder.hpp
[19.316s] -- Installing: /workspace/jazzy_ws/install/include/rcl_interfaces/rcl_interfaces/srv/detail/get_parameter_types__struct.hpp
[19.316s] -- Installing: /workspace/jazzy_ws/install/include/rcl_interfaces/rcl_interfaces/srv/detail/describe_parameters__struct.hpp
[19.316s] -- Installing: /workspace/jazzy_ws/install/include/rcl_interfaces/rcl_interfaces/srv/detail/get_logger_levels__type_support.hpp
[19.316s] -- Installing: /workspace/jazzy_ws/install/include/rcl_interfaces/rcl_interfaces/srv/detail/get_logger_levels__traits.hpp
[19.316s] -- Installing: /workspace/jazzy_ws/install/include/rcl_interfaces/rcl_interfaces/srv/detail/list_parameters__builder.hpp
[19.316s] -- Installing: /workspace/jazzy_ws/install/include/rcl_interfaces/rcl_interfaces/srv/detail/get_parameters__builder.hpp
[19.316s] -- Installing: /workspace/jazzy_ws/install/include/rcl_interfaces/rcl_interfaces/srv/detail/set_parameters__traits.hpp
[19.316s] -- Installing: /workspace/jazzy_ws/install/include/rcl_interfaces/rcl_interfaces/srv/detail/get_parameter_types__traits.hpp
[19.316s] -- Installing: /workspace/jazzy_ws/install/include/rcl_interfaces/rcl_interfaces/srv/detail/set_parameters_atomically__type_support.hpp
[19.316s] -- Installing: /workspace/jazzy_ws/install/include/rcl_interfaces/rcl_interfaces/srv/detail/set_parameters_atomically__traits.hpp
[19.317s] -- Installing: /workspace/jazzy_ws/install/include/rcl_interfaces/rcl_interfaces/srv/detail/set_logger_levels__traits.hpp
[19.317s] -- Installing: /workspace/jazzy_ws/install/include/rcl_interfaces/rcl_interfaces/srv/detail/get_logger_levels__struct.hpp
[19.317s] -- Installing: /workspace/jazzy_ws/install/include/rcl_interfaces/rcl_interfaces/srv/detail/describe_parameters__traits.hpp
[19.317s] -- Installing: /workspace/jazzy_ws/install/include/rcl_interfaces/rcl_interfaces/srv/detail/get_logger_levels__builder.hpp
[19.317s] -- Installing: /workspace/jazzy_ws/install/include/rcl_interfaces/rcl_interfaces/srv/detail/set_parameters__struct.hpp
[19.317s] -- Installing: /workspace/jazzy_ws/install/include/rcl_interfaces/rcl_interfaces/srv/set_parameters.hpp
[19.317s] -- Installing: /workspace/jazzy_ws/install/include/rcl_interfaces/rcl_interfaces/srv/list_parameters.hpp
[19.317s] -- Installing: /workspace/jazzy_ws/install/include/rcl_interfaces/rcl_interfaces/srv/get_logger_levels.hpp
[19.317s] -- Installing: /workspace/jazzy_ws/install/include/rcl_interfaces/rcl_interfaces/srv/get_parameter_types.hpp
[19.317s] -- Installing: /workspace/jazzy_ws/install/include/rcl_interfaces/rcl_interfaces/srv/get_parameters.hpp
[19.317s] -- Installing: /workspace/jazzy_ws/install/include/rcl_interfaces/rcl_interfaces/srv/set_logger_levels.hpp
[19.317s] -- Installing: /workspace/jazzy_ws/install/include/rcl_interfaces/rcl_interfaces/srv/describe_parameters.hpp
[19.317s] -- Installing: /workspace/jazzy_ws/install/include/rcl_interfaces/rcl_interfaces/srv/set_parameters_atomically.hpp
[19.318s] -- Up-to-date: /workspace/jazzy_ws/install/include/rcl_interfaces/rcl_interfaces
[19.318s] -- Up-to-date: /workspace/jazzy_ws/install/include/rcl_interfaces/rcl_interfaces/msg
[19.318s] -- Up-to-date: /workspace/jazzy_ws/install/include/rcl_interfaces/rcl_interfaces/msg/detail
[19.318s] -- Installing: /workspace/jazzy_ws/install/include/rcl_interfaces/rcl_interfaces/msg/detail/floating_point_range__rosidl_typesupport_fastrtps_cpp.hpp
[19.318s] -- Installing: /workspace/jazzy_ws/install/include/rcl_interfaces/rcl_interfaces/msg/detail/log__rosidl_typesupport_fastrtps_cpp.hpp
[19.318s] -- Installing: /workspace/jazzy_ws/install/include/rcl_interfaces/rcl_interfaces/msg/detail/set_logger_levels_result__rosidl_typesupport_fastrtps_cpp.hpp
[19.318s] -- Installing: /workspace/jazzy_ws/install/include/rcl_interfaces/rcl_interfaces/msg/detail/logger_level__rosidl_typesupport_fastrtps_cpp.hpp
[19.318s] -- Installing: /workspace/jazzy_ws/install/include/rcl_interfaces/rcl_interfaces/msg/detail/integer_range__rosidl_typesupport_fastrtps_cpp.hpp
[19.318s] -- Installing: /workspace/jazzy_ws/install/include/rcl_interfaces/rcl_interfaces/msg/detail/dds_fastrtps
[19.318s] -- Installing: /workspace/jazzy_ws/install/include/rcl_interfaces/rcl_interfaces/msg/detail/parameter_descriptor__rosidl_typesupport_fastrtps_cpp.hpp
[19.318s] -- Installing: /workspace/jazzy_ws/install/include/rcl_interfaces/rcl_interfaces/msg/detail/parameter_event_descriptors__rosidl_typesupport_fastrtps_cpp.hpp
[19.318s] -- Installing: /workspace/jazzy_ws/install/include/rcl_interfaces/rcl_interfaces/msg/detail/parameter_value__rosidl_typesupport_fastrtps_cpp.hpp
[19.318s] -- Installing: /workspace/jazzy_ws/install/include/rcl_interfaces/rcl_interfaces/msg/detail/parameter_type__rosidl_typesupport_fastrtps_cpp.hpp
[19.319s] -- Installing: /workspace/jazzy_ws/install/include/rcl_interfaces/rcl_interfaces/msg/detail/parameter_event__rosidl_typesupport_fastrtps_cpp.hpp
[19.319s] -- Installing: /workspace/jazzy_ws/install/include/rcl_interfaces/rcl_interfaces/msg/detail/parameter__rosidl_typesupport_fastrtps_cpp.hpp
[19.319s] -- Installing: /workspace/jazzy_ws/install/include/rcl_interfaces/rcl_interfaces/msg/detail/set_parameters_result__rosidl_typesupport_fastrtps_cpp.hpp
[19.319s] -- Installing: /workspace/jazzy_ws/install/include/rcl_interfaces/rcl_interfaces/msg/detail/list_parameters_result__rosidl_typesupport_fastrtps_cpp.hpp
[19.319s] -- Installing: /workspace/jazzy_ws/install/include/rcl_interfaces/rcl_interfaces/msg/rosidl_typesupport_fastrtps_cpp__visibility_control.h
[19.319s] -- Up-to-date: /workspace/jazzy_ws/install/include/rcl_interfaces/rcl_interfaces/srv
[19.319s] -- Up-to-date: /workspace/jazzy_ws/install/include/rcl_interfaces/rcl_interfaces/srv/detail
[19.319s] -- Installing: /workspace/jazzy_ws/install/include/rcl_interfaces/rcl_interfaces/srv/detail/list_parameters__rosidl_typesupport_fastrtps_cpp.hpp
[19.319s] -- Installing: /workspace/jazzy_ws/install/include/rcl_interfaces/rcl_interfaces/srv/detail/dds_fastrtps
[19.319s] -- Installing: /workspace/jazzy_ws/install/include/rcl_interfaces/rcl_interfaces/srv/detail/get_parameter_types__rosidl_typesupport_fastrtps_cpp.hpp
[19.319s] -- Installing: /workspace/jazzy_ws/install/include/rcl_interfaces/rcl_interfaces/srv/detail/set_parameters__rosidl_typesupport_fastrtps_cpp.hpp
[19.319s] -- Installing: /workspace/jazzy_ws/install/include/rcl_interfaces/rcl_interfaces/srv/detail/get_parameters__rosidl_typesupport_fastrtps_cpp.hpp
[19.320s] -- Installing: /workspace/jazzy_ws/install/include/rcl_interfaces/rcl_interfaces/srv/detail/set_parameters_atomically__rosidl_typesupport_fastrtps_cpp.hpp
[19.320s] -- Installing: /workspace/jazzy_ws/install/include/rcl_interfaces/rcl_interfaces/srv/detail/get_logger_levels__rosidl_typesupport_fastrtps_cpp.hpp
[19.320s] -- Installing: /workspace/jazzy_ws/install/include/rcl_interfaces/rcl_interfaces/srv/detail/set_logger_levels__rosidl_typesupport_fastrtps_cpp.hpp
[19.320s] -- Installing: /workspace/jazzy_ws/install/include/rcl_interfaces/rcl_interfaces/srv/detail/describe_parameters__rosidl_typesupport_fastrtps_cpp.hpp
[19.320s] -- Installing: /workspace/jazzy_ws/install/lib/librcl_interfaces__rosidl_typesupport_fastrtps_cpp.so
[19.321s] -- Set non-toolchain portion of runtime path of "/workspace/jazzy_ws/install/lib/librcl_interfaces__rosidl_typesupport_fastrtps_cpp.so" to ""
[19.321s] -- Up-to-date: /workspace/jazzy_ws/install/include/rcl_interfaces/rcl_interfaces
[19.321s] -- Up-to-date: /workspace/jazzy_ws/install/include/rcl_interfaces/rcl_interfaces/msg
[19.321s] -- Up-to-date: /workspace/jazzy_ws/install/include/rcl_interfaces/rcl_interfaces/msg/detail
[19.321s] -- Installing: /workspace/jazzy_ws/install/include/rcl_interfaces/rcl_interfaces/msg/detail/parameter_event_descriptors__type_support.cpp
[19.321s] -- Installing: /workspace/jazzy_ws/install/include/rcl_interfaces/rcl_interfaces/msg/detail/parameter_event_descriptors__rosidl_typesupport_introspection_cpp.hpp
[19.321s] -- Installing: /workspace/jazzy_ws/install/include/rcl_interfaces/rcl_interfaces/msg/detail/parameter_event__rosidl_typesupport_introspection_cpp.hpp
[19.321s] -- Installing: /workspace/jazzy_ws/install/include/rcl_interfaces/rcl_interfaces/msg/detail/list_parameters_result__type_support.cpp
[19.321s] -- Installing: /workspace/jazzy_ws/install/include/rcl_interfaces/rcl_interfaces/msg/detail/floating_point_range__rosidl_typesupport_introspection_cpp.hpp
[19.321s] -- Installing: /workspace/jazzy_ws/install/include/rcl_interfaces/rcl_interfaces/msg/detail/parameter__rosidl_typesupport_introspection_cpp.hpp
[19.321s] -- Installing: /workspace/jazzy_ws/install/include/rcl_interfaces/rcl_interfaces/msg/detail/set_logger_levels_result__type_support.cpp
[19.321s] -- Installing: /workspace/jazzy_ws/install/include/rcl_interfaces/rcl_interfaces/msg/detail/integer_range__type_support.cpp
[19.321s] -- Installing: /workspace/jazzy_ws/install/include/rcl_interfaces/rcl_interfaces/msg/detail/parameter_value__rosidl_typesupport_introspection_cpp.hpp
[19.321s] -- Installing: /workspace/jazzy_ws/install/include/rcl_interfaces/rcl_interfaces/msg/detail/set_parameters_result__type_support.cpp
[19.322s] -- Installing: /workspace/jazzy_ws/install/include/rcl_interfaces/rcl_interfaces/msg/detail/parameter_descriptor__type_support.cpp
[19.322s] -- Installing: /workspace/jazzy_ws/install/include/rcl_interfaces/rcl_interfaces/msg/detail/parameter_value__type_support.cpp
[19.322s] -- Installing: /workspace/jazzy_ws/install/include/rcl_interfaces/rcl_interfaces/msg/detail/set_parameters_result__rosidl_typesupport_introspection_cpp.hpp
[19.322s] -- Installing: /workspace/jazzy_ws/install/include/rcl_interfaces/rcl_interfaces/msg/detail/list_parameters_result__rosidl_typesupport_introspection_cpp.hpp
[19.322s] -- Installing: /workspace/jazzy_ws/install/include/rcl_interfaces/rcl_interfaces/msg/detail/floating_point_range__type_support.cpp
[19.322s] -- Installing: /workspace/jazzy_ws/install/include/rcl_interfaces/rcl_interfaces/msg/detail/integer_range__rosidl_typesupport_introspection_cpp.hpp
[19.322s] -- Installing: /workspace/jazzy_ws/install/include/rcl_interfaces/rcl_interfaces/msg/detail/parameter_event__type_support.cpp
[19.322s] -- Installing: /workspace/jazzy_ws/install/include/rcl_interfaces/rcl_interfaces/msg/detail/parameter_type__rosidl_typesupport_introspection_cpp.hpp
[19.322s] -- Installing: /workspace/jazzy_ws/install/include/rcl_interfaces/rcl_interfaces/msg/detail/logger_level__type_support.cpp
[19.322s] -- Installing: /workspace/jazzy_ws/install/include/rcl_interfaces/rcl_interfaces/msg/detail/logger_level__rosidl_typesupport_introspection_cpp.hpp
[19.322s] -- Installing: /workspace/jazzy_ws/install/include/rcl_interfaces/rcl_interfaces/msg/detail/parameter__type_support.cpp
[19.322s] -- Installing: /workspace/jazzy_ws/install/include/rcl_interfaces/rcl_interfaces/msg/detail/log__rosidl_typesupport_introspection_cpp.hpp
[19.322s] -- Installing: /workspace/jazzy_ws/install/include/rcl_interfaces/rcl_interfaces/msg/detail/parameter_type__type_support.cpp
[19.322s] -- Installing: /workspace/jazzy_ws/install/include/rcl_interfaces/rcl_interfaces/msg/detail/log__type_support.cpp
[19.322s] -- Installing: /workspace/jazzy_ws/install/include/rcl_interfaces/rcl_interfaces/msg/detail/parameter_descriptor__rosidl_typesupport_introspection_cpp.hpp
[19.322s] -- Installing: /workspace/jazzy_ws/install/include/rcl_interfaces/rcl_interfaces/msg/detail/set_logger_levels_result__rosidl_typesupport_introspection_cpp.hpp
[19.322s] -- Up-to-date: /workspace/jazzy_ws/install/include/rcl_interfaces/rcl_interfaces/srv
[19.322s] -- Up-to-date: /workspace/jazzy_ws/install/include/rcl_interfaces/rcl_interfaces/srv/detail
[19.323s] -- Installing: /workspace/jazzy_ws/install/include/rcl_interfaces/rcl_interfaces/srv/detail/get_logger_levels__type_support.cpp
[19.323s] -- Installing: /workspace/jazzy_ws/install/include/rcl_interfaces/rcl_interfaces/srv/detail/list_parameters__rosidl_typesupport_introspection_cpp.hpp
[19.323s] -- Installing: /workspace/jazzy_ws/install/include/rcl_interfaces/rcl_interfaces/srv/detail/get_parameter_types__type_support.cpp
[19.323s] -- Installing: /workspace/jazzy_ws/install/include/rcl_interfaces/rcl_interfaces/srv/detail/get_parameters__rosidl_typesupport_introspection_cpp.hpp
[19.323s] -- Installing: /workspace/jazzy_ws/install/include/rcl_interfaces/rcl_interfaces/srv/detail/set_logger_levels__rosidl_typesupport_introspection_cpp.hpp
[19.323s] -- Installing: /workspace/jazzy_ws/install/include/rcl_interfaces/rcl_interfaces/srv/detail/get_parameter_types__rosidl_typesupport_introspection_cpp.hpp
[19.323s] -- Installing: /workspace/jazzy_ws/install/include/rcl_interfaces/rcl_interfaces/srv/detail/set_parameters__type_support.cpp
[19.323s] -- Installing: /workspace/jazzy_ws/install/include/rcl_interfaces/rcl_interfaces/srv/detail/set_parameters_atomically__type_support.cpp
[19.323s] -- Installing: /workspace/jazzy_ws/install/include/rcl_interfaces/rcl_interfaces/srv/detail/describe_parameters__type_support.cpp
[19.323s] -- Installing: /workspace/jazzy_ws/install/include/rcl_interfaces/rcl_interfaces/srv/detail/get_logger_levels__rosidl_typesupport_introspection_cpp.hpp
[19.323s] -- Installing: /workspace/jazzy_ws/install/include/rcl_interfaces/rcl_interfaces/srv/detail/describe_parameters__rosidl_typesupport_introspection_cpp.hpp
[19.323s] -- Installing: /workspace/jazzy_ws/install/include/rcl_interfaces/rcl_interfaces/srv/detail/set_parameters_atomically__rosidl_typesupport_introspection_cpp.hpp
[19.323s] -- Installing: /workspace/jazzy_ws/install/include/rcl_interfaces/rcl_interfaces/srv/detail/set_parameters__rosidl_typesupport_introspection_cpp.hpp
[19.323s] -- Installing: /workspace/jazzy_ws/install/include/rcl_interfaces/rcl_interfaces/srv/detail/get_parameters__type_support.cpp
[19.323s] -- Installing: /workspace/jazzy_ws/install/include/rcl_interfaces/rcl_interfaces/srv/detail/set_logger_levels__type_support.cpp
[19.323s] -- Installing: /workspace/jazzy_ws/install/include/rcl_interfaces/rcl_interfaces/srv/detail/list_parameters__type_support.cpp
[19.324s] -- Installing: /workspace/jazzy_ws/install/lib/librcl_interfaces__rosidl_typesupport_introspection_cpp.so
[19.324s] -- Set non-toolchain portion of runtime path of "/workspace/jazzy_ws/install/lib/librcl_interfaces__rosidl_typesupport_introspection_cpp.so" to ""
[19.324s] -- Installing: /workspace/jazzy_ws/install/lib/librcl_interfaces__rosidl_typesupport_cpp.so
[19.325s] -- Set non-toolchain portion of runtime path of "/workspace/jazzy_ws/install/lib/librcl_interfaces__rosidl_typesupport_cpp.so" to ""
[19.325s] -- Installing: /workspace/jazzy_ws/install/share/rcl_interfaces/environment/pythonpath.sh
[19.325s] -- Installing: /workspace/jazzy_ws/install/share/rcl_interfaces/environment/pythonpath.dsv
[19.325s] -- Installing: /workspace/jazzy_ws/install/lib/python3.12/site-packages/rcl_interfaces-2.0.3-py3.12.egg-info
[19.325s] -- Installing: /workspace/jazzy_ws/install/lib/python3.12/site-packages/rcl_interfaces-2.0.3-py3.12.egg-info/PKG-INFO
[19.325s] -- Installing: /workspace/jazzy_ws/install/lib/python3.12/site-packages/rcl_interfaces-2.0.3-py3.12.egg-info/SOURCES.txt
[19.325s] -- Installing: /workspace/jazzy_ws/install/lib/python3.12/site-packages/rcl_interfaces-2.0.3-py3.12.egg-info/top_level.txt
[19.325s] -- Installing: /workspace/jazzy_ws/install/lib/python3.12/site-packages/rcl_interfaces-2.0.3-py3.12.egg-info/dependency_links.txt
[19.325s] -- Installing: /workspace/jazzy_ws/install/lib/python3.12/site-packages/rcl_interfaces
[19.325s] -- Installing: /workspace/jazzy_ws/install/lib/python3.12/site-packages/rcl_interfaces/_rcl_interfaces_s.ep.rosidl_typesupport_fastrtps_c.c
[19.325s] -- Installing: /workspace/jazzy_ws/install/lib/python3.12/site-packages/rcl_interfaces/rcl_interfaces_s__rosidl_typesupport_c.so
[19.326s] -- Installing: /workspace/jazzy_ws/install/lib/python3.12/site-packages/rcl_interfaces/rcl_interfaces_s__rosidl_typesupport_introspection_c.so
[19.326s] -- Installing: /workspace/jazzy_ws/install/lib/python3.12/site-packages/rcl_interfaces/_rcl_interfaces_s.ep.rosidl_typesupport_introspection_c.c
[19.326s] -- Installing: /workspace/jazzy_ws/install/lib/python3.12/site-packages/rcl_interfaces/msg
[19.326s] -- Installing: /workspace/jazzy_ws/install/lib/python3.12/site-packages/rcl_interfaces/msg/_log_s.c
[19.326s] -- Installing: /workspace/jazzy_ws/install/lib/python3.12/site-packages/rcl_interfaces/msg/_parameter_type_s.c
[19.326s] -- Installing: /workspace/jazzy_ws/install/lib/python3.12/site-packages/rcl_interfaces/msg/_parameter_event_s.c
[19.326s] -- Installing: /workspace/jazzy_ws/install/lib/python3.12/site-packages/rcl_interfaces/msg/_set_logger_levels_result_s.c
[19.326s] -- Installing: /workspace/jazzy_ws/install/lib/python3.12/site-packages/rcl_interfaces/msg/_parameter_event.py
[19.326s] -- Installing: /workspace/jazzy_ws/install/lib/python3.12/site-packages/rcl_interfaces/msg/_logger_level_s.c
[19.326s] -- Installing: /workspace/jazzy_ws/install/lib/python3.12/site-packages/rcl_interfaces/msg/_logger_level.py
[19.326s] -- Installing: /workspace/jazzy_ws/install/lib/python3.12/site-packages/rcl_interfaces/msg/_integer_range_s.c
[19.326s] -- Installing: /workspace/jazzy_ws/install/lib/python3.12/site-packages/rcl_interfaces/msg/_parameter_event_descriptors_s.c
[19.326s] -- Installing: /workspace/jazzy_ws/install/lib/python3.12/site-packages/rcl_interfaces/msg/__init__.py
[19.326s] -- Installing: /workspace/jazzy_ws/install/lib/python3.12/site-packages/rcl_interfaces/msg/_set_parameters_result.py
[19.326s] -- Installing: /workspace/jazzy_ws/install/lib/python3.12/site-packages/rcl_interfaces/msg/_integer_range.py
[19.327s] -- Installing: /workspace/jazzy_ws/install/lib/python3.12/site-packages/rcl_interfaces/msg/_parameter_s.c
[19.327s] -- Installing: /workspace/jazzy_ws/install/lib/python3.12/site-packages/rcl_interfaces/msg/_list_parameters_result_s.c
[19.327s] -- Installing: /workspace/jazzy_ws/install/lib/python3.12/site-packages/rcl_interfaces/msg/_parameter_event_descriptors.py
[19.327s] -- Installing: /workspace/jazzy_ws/install/lib/python3.12/site-packages/rcl_interfaces/msg/_floating_point_range_s.c
[19.327s] -- Installing: /workspace/jazzy_ws/install/lib/python3.12/site-packages/rcl_interfaces/msg/_parameter_descriptor.py
[19.327s] -- Installing: /workspace/jazzy_ws/install/lib/python3.12/site-packages/rcl_interfaces/msg/_parameter_type.py
[19.327s] -- Installing: /workspace/jazzy_ws/install/lib/python3.12/site-packages/rcl_interfaces/msg/_set_parameters_result_s.c
[19.327s] -- Installing: /workspace/jazzy_ws/install/lib/python3.12/site-packages/rcl_interfaces/msg/_log.py
[19.327s] -- Installing: /workspace/jazzy_ws/install/lib/python3.12/site-packages/rcl_interfaces/msg/_parameter.py
[19.327s] -- Installing: /workspace/jazzy_ws/install/lib/python3.12/site-packages/rcl_interfaces/msg/_parameter_descriptor_s.c
[19.327s] -- Installing: /workspace/jazzy_ws/install/lib/python3.12/site-packages/rcl_interfaces/msg/_set_logger_levels_result.py
[19.327s] -- Installing: /workspace/jazzy_ws/install/lib/python3.12/site-packages/rcl_interfaces/msg/_list_parameters_result.py
[19.327s] -- Installing: /workspace/jazzy_ws/install/lib/python3.12/site-packages/rcl_interfaces/msg/_floating_point_range.py
[19.327s] -- Installing: /workspace/jazzy_ws/install/lib/python3.12/site-packages/rcl_interfaces/msg/_parameter_value_s.c
[19.327s] -- Installing: /workspace/jazzy_ws/install/lib/python3.12/site-packages/rcl_interfaces/msg/_parameter_value.py
[19.327s] -- Installing: /workspace/jazzy_ws/install/lib/python3.12/site-packages/rcl_interfaces/__init__.py
[19.327s] -- Installing: /workspace/jazzy_ws/install/lib/python3.12/site-packages/rcl_interfaces/_rcl_interfaces_s.ep.rosidl_typesupport_c.c
[19.327s] -- Installing: /workspace/jazzy_ws/install/lib/python3.12/site-packages/rcl_interfaces/srv
[19.327s] -- Installing: /workspace/jazzy_ws/install/lib/python3.12/site-packages/rcl_interfaces/srv/_get_logger_levels.py
[19.328s] -- Installing: /workspace/jazzy_ws/install/lib/python3.12/site-packages/rcl_interfaces/srv/_get_parameters_s.c
[19.328s] -- Installing: /workspace/jazzy_ws/install/lib/python3.12/site-packages/rcl_interfaces/srv/_list_parameters.py
[19.328s] -- Installing: /workspace/jazzy_ws/install/lib/python3.12/site-packages/rcl_interfaces/srv/_describe_parameters.py
[19.328s] -- Installing: /workspace/jazzy_ws/install/lib/python3.12/site-packages/rcl_interfaces/srv/_get_logger_levels_s.c
[19.328s] -- Installing: /workspace/jazzy_ws/install/lib/python3.12/site-packages/rcl_interfaces/srv/__init__.py
[19.328s] -- Installing: /workspace/jazzy_ws/install/lib/python3.12/site-packages/rcl_interfaces/srv/_get_parameter_types.py
[19.328s] -- Installing: /workspace/jazzy_ws/install/lib/python3.12/site-packages/rcl_interfaces/srv/_set_parameters_atomically_s.c
[19.328s] -- Installing: /workspace/jazzy_ws/install/lib/python3.12/site-packages/rcl_interfaces/srv/_get_parameters.py
[19.328s] -- Installing: /workspace/jazzy_ws/install/lib/python3.12/site-packages/rcl_interfaces/srv/_set_parameters_s.c
[19.328s] -- Installing: /workspace/jazzy_ws/install/lib/python3.12/site-packages/rcl_interfaces/srv/_list_parameters_s.c
[19.328s] -- Installing: /workspace/jazzy_ws/install/lib/python3.12/site-packages/rcl_interfaces/srv/_set_parameters_atomically.py
[19.328s] -- Installing: /workspace/jazzy_ws/install/lib/python3.12/site-packages/rcl_interfaces/srv/_set_parameters.py
[19.328s] -- Installing: /workspace/jazzy_ws/install/lib/python3.12/site-packages/rcl_interfaces/srv/_describe_parameters_s.c
[19.328s] -- Installing: /workspace/jazzy_ws/install/lib/python3.12/site-packages/rcl_interfaces/srv/_get_parameter_types_s.c
[19.328s] -- Installing: /workspace/jazzy_ws/install/lib/python3.12/site-packages/rcl_interfaces/srv/_set_logger_levels.py
[19.328s] -- Installing: /workspace/jazzy_ws/install/lib/python3.12/site-packages/rcl_interfaces/srv/_set_logger_levels_s.c
[19.328s] -- Installing: /workspace/jazzy_ws/install/lib/python3.12/site-packages/rcl_interfaces/rcl_interfaces_s__rosidl_typesupport_fastrtps_c.so
[19.384s] Listing '/workspace/jazzy_ws/install/lib/python3.12/site-packages/rcl_interfaces'...
[19.384s] Compiling '/workspace/jazzy_ws/install/lib/python3.12/site-packages/rcl_interfaces/__init__.py'...
[19.384s] Listing '/workspace/jazzy_ws/install/lib/python3.12/site-packages/rcl_interfaces/msg'...
[19.384s] Compiling '/workspace/jazzy_ws/install/lib/python3.12/site-packages/rcl_interfaces/msg/__init__.py'...
[19.384s] Compiling '/workspace/jazzy_ws/install/lib/python3.12/site-packages/rcl_interfaces/msg/_floating_point_range.py'...
[19.384s] Compiling '/workspace/jazzy_ws/install/lib/python3.12/site-packages/rcl_interfaces/msg/_integer_range.py'...
[19.384s] Compiling '/workspace/jazzy_ws/install/lib/python3.12/site-packages/rcl_interfaces/msg/_list_parameters_result.py'...
[19.384s] Compiling '/workspace/jazzy_ws/install/lib/python3.12/site-packages/rcl_interfaces/msg/_log.py'...
[19.384s] Compiling '/workspace/jazzy_ws/install/lib/python3.12/site-packages/rcl_interfaces/msg/_logger_level.py'...
[19.384s] Compiling '/workspace/jazzy_ws/install/lib/python3.12/site-packages/rcl_interfaces/msg/_parameter.py'...
[19.384s] Compiling '/workspace/jazzy_ws/install/lib/python3.12/site-packages/rcl_interfaces/msg/_parameter_descriptor.py'...
[19.384s] Compiling '/workspace/jazzy_ws/install/lib/python3.12/site-packages/rcl_interfaces/msg/_parameter_event.py'...
[19.384s] Compiling '/workspace/jazzy_ws/install/lib/python3.12/site-packages/rcl_interfaces/msg/_parameter_event_descriptors.py'...
[19.384s] Compiling '/workspace/jazzy_ws/install/lib/python3.12/site-packages/rcl_interfaces/msg/_parameter_type.py'...
[19.384s] Compiling '/workspace/jazzy_ws/install/lib/python3.12/site-packages/rcl_interfaces/msg/_parameter_value.py'...
[19.384s] Compiling '/workspace/jazzy_ws/install/lib/python3.12/site-packages/rcl_interfaces/msg/_set_logger_levels_result.py'...
[19.384s] Compiling '/workspace/jazzy_ws/install/lib/python3.12/site-packages/rcl_interfaces/msg/_set_parameters_result.py'...
[19.384s] Listing '/workspace/jazzy_ws/install/lib/python3.12/site-packages/rcl_interfaces/srv'...
[19.384s] Compiling '/workspace/jazzy_ws/install/lib/python3.12/site-packages/rcl_interfaces/srv/__init__.py'...
[19.384s] Compiling '/workspace/jazzy_ws/install/lib/python3.12/site-packages/rcl_interfaces/srv/_describe_parameters.py'...
[19.384s] Compiling '/workspace/jazzy_ws/install/lib/python3.12/site-packages/rcl_interfaces/srv/_get_logger_levels.py'...
[19.385s] Compiling '/workspace/jazzy_ws/install/lib/python3.12/site-packages/rcl_interfaces/srv/_get_parameter_types.py'...
[19.385s] Compiling '/workspace/jazzy_ws/install/lib/python3.12/site-packages/rcl_interfaces/srv/_get_parameters.py'...
[19.385s] Compiling '/workspace/jazzy_ws/install/lib/python3.12/site-packages/rcl_interfaces/srv/_list_parameters.py'...
[19.385s] Compiling '/workspace/jazzy_ws/install/lib/python3.12/site-packages/rcl_interfaces/srv/_set_logger_levels.py'...
[19.385s] Compiling '/workspace/jazzy_ws/install/lib/python3.12/site-packages/rcl_interfaces/srv/_set_parameters.py'...
[19.385s] Compiling '/workspace/jazzy_ws/install/lib/python3.12/site-packages/rcl_interfaces/srv/_set_parameters_atomically.py'...
[19.388s] -- Installing: /workspace/jazzy_ws/install/lib/python3.12/site-packages/rcl_interfaces/rcl_interfaces_s__rosidl_typesupport_fastrtps_c.so
[19.388s] -- Set non-toolchain portion of runtime path of "/workspace/jazzy_ws/install/lib/python3.12/site-packages/rcl_interfaces/rcl_interfaces_s__rosidl_typesupport_fastrtps_c.so" to ""
[19.388s] -- Installing: /workspace/jazzy_ws/install/lib/python3.12/site-packages/rcl_interfaces/rcl_interfaces_s__rosidl_typesupport_introspection_c.so
[19.388s] -- Set non-toolchain portion of runtime path of "/workspace/jazzy_ws/install/lib/python3.12/site-packages/rcl_interfaces/rcl_interfaces_s__rosidl_typesupport_introspection_c.so" to ""
[19.388s] -- Installing: /workspace/jazzy_ws/install/lib/python3.12/site-packages/rcl_interfaces/rcl_interfaces_s__rosidl_typesupport_c.so
[19.388s] -- Set non-toolchain portion of runtime path of "/workspace/jazzy_ws/install/lib/python3.12/site-packages/rcl_interfaces/rcl_interfaces_s__rosidl_typesupport_c.so" to ""
[19.389s] -- Installing: /workspace/jazzy_ws/install/lib/librcl_interfaces__rosidl_generator_py.so
[19.389s] -- Set non-toolchain portion of runtime path of "/workspace/jazzy_ws/install/lib/librcl_interfaces__rosidl_generator_py.so" to ""
[19.389s] -- Installing: /workspace/jazzy_ws/install/share/rcl_interfaces/msg/FloatingPointRange.idl
[19.389s] -- Installing: /workspace/jazzy_ws/install/share/rcl_interfaces/msg/IntegerRange.idl
[19.389s] -- Installing: /workspace/jazzy_ws/install/share/rcl_interfaces/msg/ListParametersResult.idl
[19.389s] -- Installing: /workspace/jazzy_ws/install/share/rcl_interfaces/msg/Log.idl
[19.389s] -- Installing: /workspace/jazzy_ws/install/share/rcl_interfaces/msg/ParameterDescriptor.idl
[19.389s] -- Installing: /workspace/jazzy_ws/install/share/rcl_interfaces/msg/ParameterEventDescriptors.idl
[19.389s] -- Installing: /workspace/jazzy_ws/install/share/rcl_interfaces/msg/ParameterEvent.idl
[19.389s] -- Installing: /workspace/jazzy_ws/install/share/rcl_interfaces/msg/Parameter.idl
[19.389s] -- Installing: /workspace/jazzy_ws/install/share/rcl_interfaces/msg/ParameterType.idl
[19.389s] -- Installing: /workspace/jazzy_ws/install/share/rcl_interfaces/msg/ParameterValue.idl
[19.389s] -- Installing: /workspace/jazzy_ws/install/share/rcl_interfaces/msg/SetParametersResult.idl
[19.389s] -- Installing: /workspace/jazzy_ws/install/share/rcl_interfaces/msg/LoggerLevel.idl
[19.389s] -- Installing: /workspace/jazzy_ws/install/share/rcl_interfaces/msg/SetLoggerLevelsResult.idl
[19.389s] -- Installing: /workspace/jazzy_ws/install/share/rcl_interfaces/srv/DescribeParameters.idl
[19.390s] -- Installing: /workspace/jazzy_ws/install/share/rcl_interfaces/srv/GetParameters.idl
[19.390s] -- Installing: /workspace/jazzy_ws/install/share/rcl_interfaces/srv/GetParameterTypes.idl
[19.390s] -- Installing: /workspace/jazzy_ws/install/share/rcl_interfaces/srv/ListParameters.idl
[19.390s] -- Installing: /workspace/jazzy_ws/install/share/rcl_interfaces/srv/SetParametersAtomically.idl
[19.390s] -- Installing: /workspace/jazzy_ws/install/share/rcl_interfaces/srv/SetParameters.idl
[19.390s] -- Installing: /workspace/jazzy_ws/install/share/rcl_interfaces/srv/GetLoggerLevels.idl
[19.390s] -- Installing: /workspace/jazzy_ws/install/share/rcl_interfaces/srv/SetLoggerLevels.idl
[19.390s] -- Installing: /workspace/jazzy_ws/install/share/rcl_interfaces/msg/FloatingPointRange.msg
[19.390s] -- Installing: /workspace/jazzy_ws/install/share/rcl_interfaces/msg/IntegerRange.msg
[19.390s] -- Installing: /workspace/jazzy_ws/install/share/rcl_interfaces/msg/ListParametersResult.msg
[19.390s] -- Installing: /workspace/jazzy_ws/install/share/rcl_interfaces/msg/Log.msg
[19.390s] -- Installing: /workspace/jazzy_ws/install/share/rcl_interfaces/msg/ParameterDescriptor.msg
[19.391s] -- Installing: /workspace/jazzy_ws/install/share/rcl_interfaces/msg/ParameterEventDescriptors.msg
[19.391s] -- Installing: /workspace/jazzy_ws/install/share/rcl_interfaces/msg/ParameterEvent.msg
[19.391s] -- Installing: /workspace/jazzy_ws/install/share/rcl_interfaces/msg/Parameter.msg
[19.391s] -- Installing: /workspace/jazzy_ws/install/share/rcl_interfaces/msg/ParameterType.msg
[19.391s] -- Installing: /workspace/jazzy_ws/install/share/rcl_interfaces/msg/ParameterValue.msg
[19.391s] -- Installing: /workspace/jazzy_ws/install/share/rcl_interfaces/msg/SetParametersResult.msg
[19.391s] -- Installing: /workspace/jazzy_ws/install/share/rcl_interfaces/msg/LoggerLevel.msg
[19.391s] -- Installing: /workspace/jazzy_ws/install/share/rcl_interfaces/msg/SetLoggerLevelsResult.msg
[19.391s] -- Installing: /workspace/jazzy_ws/install/share/rcl_interfaces/srv/DescribeParameters.srv
[19.391s] -- Installing: /workspace/jazzy_ws/install/share/rcl_interfaces/srv/GetParameters.srv
[19.391s] -- Installing: /workspace/jazzy_ws/install/share/rcl_interfaces/srv/GetParameterTypes.srv
[19.391s] -- Installing: /workspace/jazzy_ws/install/share/rcl_interfaces/srv/ListParameters.srv
[19.391s] -- Installing: /workspace/jazzy_ws/install/share/rcl_interfaces/srv/SetParametersAtomically.srv
[19.391s] -- Installing: /workspace/jazzy_ws/install/share/rcl_interfaces/srv/SetParameters.srv
[19.391s] -- Installing: /workspace/jazzy_ws/install/share/rcl_interfaces/srv/GetLoggerLevels.srv
[19.392s] -- Installing: /workspace/jazzy_ws/install/share/rcl_interfaces/srv/SetLoggerLevels.srv
[19.392s] -- Installing: /workspace/jazzy_ws/install/share/rcl_interfaces/mapping_rules.yaml
[19.392s] -- Installing: /workspace/jazzy_ws/install/share/ament_index/resource_index/package_run_dependencies/rcl_interfaces
[19.392s] -- Installing: /workspace/jazzy_ws/install/share/ament_index/resource_index/parent_prefix_path/rcl_interfaces
[19.392s] -- Installing: /workspace/jazzy_ws/install/share/rcl_interfaces/environment/ament_prefix_path.sh
[19.392s] -- Installing: /workspace/jazzy_ws/install/share/rcl_interfaces/environment/ament_prefix_path.dsv
[19.392s] -- Installing: /workspace/jazzy_ws/install/share/rcl_interfaces/environment/path.sh
[19.392s] -- Installing: /workspace/jazzy_ws/install/share/rcl_interfaces/environment/path.dsv
[19.392s] -- Installing: /workspace/jazzy_ws/install/share/rcl_interfaces/local_setup.bash
[19.392s] -- Installing: /workspace/jazzy_ws/install/share/rcl_interfaces/local_setup.sh
[19.392s] -- Installing: /workspace/jazzy_ws/install/share/rcl_interfaces/local_setup.zsh
[19.392s] -- Installing: /workspace/jazzy_ws/install/share/rcl_interfaces/local_setup.dsv
[19.393s] -- Installing: /workspace/jazzy_ws/install/share/rcl_interfaces/package.dsv
[19.393s] -- Installing: /workspace/jazzy_ws/install/share/ament_index/resource_index/packages/rcl_interfaces
[19.393s] -- Installing: /workspace/jazzy_ws/install/share/rcl_interfaces/cmake/export_rcl_interfaces__rosidl_generator_cExport.cmake
[19.393s] -- Installing: /workspace/jazzy_ws/install/share/rcl_interfaces/cmake/export_rcl_interfaces__rosidl_generator_cExport-noconfig.cmake
[19.393s] -- Installing: /workspace/jazzy_ws/install/share/rcl_interfaces/cmake/export_rcl_interfaces__rosidl_typesupport_fastrtps_cExport.cmake
[19.393s] -- Installing: /workspace/jazzy_ws/install/share/rcl_interfaces/cmake/export_rcl_interfaces__rosidl_typesupport_fastrtps_cExport-noconfig.cmake
[19.393s] -- Installing: /workspace/jazzy_ws/install/share/rcl_interfaces/cmake/rcl_interfaces__rosidl_typesupport_introspection_cExport.cmake
[19.393s] -- Installing: /workspace/jazzy_ws/install/share/rcl_interfaces/cmake/rcl_interfaces__rosidl_typesupport_introspection_cExport-noconfig.cmake
[19.393s] -- Installing: /workspace/jazzy_ws/install/share/rcl_interfaces/cmake/rcl_interfaces__rosidl_typesupport_cExport.cmake
[19.393s] -- Installing: /workspace/jazzy_ws/install/share/rcl_interfaces/cmake/rcl_interfaces__rosidl_typesupport_cExport-noconfig.cmake
[19.393s] -- Installing: /workspace/jazzy_ws/install/share/rcl_interfaces/cmake/export_rcl_interfaces__rosidl_generator_cppExport.cmake
[19.394s] -- Installing: /workspace/jazzy_ws/install/share/rcl_interfaces/cmake/export_rcl_interfaces__rosidl_typesupport_fastrtps_cppExport.cmake
[19.394s] -- Installing: /workspace/jazzy_ws/install/share/rcl_interfaces/cmake/export_rcl_interfaces__rosidl_typesupport_fastrtps_cppExport-noconfig.cmake
[19.394s] -- Installing: /workspace/jazzy_ws/install/share/rcl_interfaces/cmake/rcl_interfaces__rosidl_typesupport_introspection_cppExport.cmake
[19.394s] -- Installing: /workspace/jazzy_ws/install/share/rcl_interfaces/cmake/rcl_interfaces__rosidl_typesupport_introspection_cppExport-noconfig.cmake
[19.394s] -- Installing: /workspace/jazzy_ws/install/share/rcl_interfaces/cmake/rcl_interfaces__rosidl_typesupport_cppExport.cmake
[19.394s] -- Installing: /workspace/jazzy_ws/install/share/rcl_interfaces/cmake/rcl_interfaces__rosidl_typesupport_cppExport-noconfig.cmake
[19.394s] -- Installing: /workspace/jazzy_ws/install/share/rcl_interfaces/cmake/export_rcl_interfaces__rosidl_generator_pyExport.cmake
[19.394s] -- Installing: /workspace/jazzy_ws/install/share/rcl_interfaces/cmake/export_rcl_interfaces__rosidl_generator_pyExport-noconfig.cmake
[19.394s] -- Installing: /workspace/jazzy_ws/install/share/rcl_interfaces/cmake/rosidl_cmake-extras.cmake
[19.394s] -- Installing: /workspace/jazzy_ws/install/share/rcl_interfaces/cmake/ament_cmake_export_dependencies-extras.cmake
[19.394s] -- Installing: /workspace/jazzy_ws/install/share/rcl_interfaces/cmake/ament_cmake_export_include_directories-extras.cmake
[19.394s] -- Installing: /workspace/jazzy_ws/install/share/rcl_interfaces/cmake/ament_cmake_export_libraries-extras.cmake
[19.395s] -- Installing: /workspace/jazzy_ws/install/share/rcl_interfaces/cmake/ament_cmake_export_targets-extras.cmake
[19.395s] -- Installing: /workspace/jazzy_ws/install/share/rcl_interfaces/cmake/rosidl_cmake_export_typesupport_targets-extras.cmake
[19.395s] -- Installing: /workspace/jazzy_ws/install/share/rcl_interfaces/cmake/rosidl_cmake_export_typesupport_libraries-extras.cmake
[19.395s] -- Installing: /workspace/jazzy_ws/install/share/rcl_interfaces/cmake/rcl_interfacesConfig.cmake
[19.395s] -- Installing: /workspace/jazzy_ws/install/share/rcl_interfaces/cmake/rcl_interfacesConfig-version.cmake
[19.395s] -- Installing: /workspace/jazzy_ws/install/share/rcl_interfaces/package.xml
[19.397s] Invoked command in '/workspace/jazzy_ws/build/rcl_interfaces' returned '0': AMENT_PREFIX_PATH=/workspace/jazzy_ws/install CMAKE_PREFIX_PATH=/workspace/jazzy_ws/install LD_LIBRARY_PATH=/workspace/jazzy_ws/install/lib:/workspace/jazzy_ws/install/opt/mimick_vendor/lib PATH=/workspace/jazzy_ws/install/bin:/workspace/jazzy_ws/install/opt/uncrustify_vendor/bin:${PATH} PKG_CONFIG_PATH=/workspace/jazzy_ws/install/lib/x86_64-linux-gnu/pkgconfig:/workspace/jazzy_ws/install/lib/pkgconfig PYTHONPATH=/workspace/jazzy_ws/install/lib/python3.12/site-packages /usr/bin/cmake --install /workspace/jazzy_ws/build/rcl_interfaces
