-- The C compiler identification is GNU 13.3.0
-- The CXX compiler identification is GNU 13.3.0
-- Detecting C compiler ABI info
-- Detecting C compiler ABI info - done
-- Check for working C compiler: /usr/bin/cc - skipped
-- Detecting C compile features
-- Detecting C compile features - done
-- Detecting CXX compiler ABI info
-- Detecting CXX compiler ABI info - done
-- Check for working CXX compiler: /usr/bin/c++ - skipped
-- Detecting CXX compile features
-- Detecting CXX compile features - done
-- Found ament_cmake: 2.5.5 (/workspace/jazzy_ws/install/share/ament_cmake/cmake)
-- Found Python3: /usr/bin/python3 (found version "3.12.3") found components: Interpreter 
-- Found builtin_interfaces: 2.0.3 (/workspace/jazzy_ws/install/share/builtin_interfaces/cmake)
-- Found rosidl_generator_c: 4.6.7 (/workspace/jazzy_ws/install/share/rosidl_generator_c/cmake)
-- Found rosidl_generator_cpp: 4.6.7 (/workspace/jazzy_ws/install/share/rosidl_generator_cpp/cmake)
-- Using all available rosidl_typesupport_c: rosidl_typesupport_fastrtps_c;rosidl_typesupport_introspection_c
-- Using all available rosidl_typesupport_cpp: rosidl_typesupport_fastrtps_cpp;rosidl_typesupport_introspection_cpp
-- Found geometry_msgs: 5.3.6 (/workspace/jazzy_ws/install/share/geometry_msgs/cmake)
-- Found rosidl_default_generators: 1.6.0 (/workspace/jazzy_ws/install/share/rosidl_default_generators/cmake)
-- Found rosidl_adapter: 4.6.7 (/workspace/jazzy_ws/install/share/rosidl_adapter/cmake)
-- Found ament_cmake_cppcheck: 0.17.4 (/workspace/jazzy_ws/install/share/ament_cmake_cppcheck/cmake)
-- Found ament_cmake_cpplint: 0.17.4 (/workspace/jazzy_ws/install/share/ament_cmake_cpplint/cmake)
-- Found ament_cmake_uncrustify: 0.17.4 (/workspace/jazzy_ws/install/share/ament_cmake_uncrustify/cmake)
-- Found ament_cmake_ros: 0.12.0 (/workspace/jazzy_ws/install/share/ament_cmake_ros/cmake)
-- Using all available rosidl_typesupport_c: rosidl_typesupport_fastrtps_c;rosidl_typesupport_introspection_c
-- Using all available rosidl_typesupport_cpp: rosidl_typesupport_fastrtps_cpp;rosidl_typesupport_introspection_cpp
-- Found python_cmake_module: 0.11.1 (/workspace/jazzy_ws/install/share/python_cmake_module/cmake)
-- Found PythonExtra: /usr/bin/python3  
-- Found Python3: /usr/bin/python3 (found version "3.12.3") found components: Interpreter Development NumPy Development.Module Development.Embed 
-- Found ament_cmake_flake8: 0.17.4 (/workspace/jazzy_ws/install/share/ament_cmake_flake8/cmake)
-- Found ament_cmake_pep257: 0.17.4 (/workspace/jazzy_ws/install/share/ament_cmake_pep257/cmake)
-- Found ament_lint_auto: 0.17.4 (/workspace/jazzy_ws/install/share/ament_lint_auto/cmake)
-- Found gtest sources under '/workspace/jazzy_ws/install/src/gtest_vendor': C++ tests using 'Google Test' will be built
-- Performing Test CMAKE_HAVE_LIBC_PTHREAD
-- Performing Test CMAKE_HAVE_LIBC_PTHREAD - Success
-- Found Threads: TRUE  
-- Added test 'cppcheck' to perform static code analysis on C / C++ code
-- Configured cppcheck include dirs: $<BUILD_INTERFACE:/workspace/jazzy_ws/src/common_interfaces/sensor_msgs/include>
-- Configured cppcheck exclude dirs and/or files: 
-- Added test 'cpplint' to check C / C++ code against the Google style
-- Configured cpplint exclude dirs and/or files: 
-- Added test 'uncrustify' to check C / C++ code style
-- Configured uncrustify additional arguments: 
-- Added test 'copyright' to check source files copyright and LICENSE
-- Added test 'lint_cmake' to check CMake code style
-- Added test 'xmllint' to check XML markup files
-- Configuring done (2.4s)
-- Generating done (0.1s)
-- Build files have been written to: /workspace/jazzy_ws/build/sensor_msgs
[  1%] Building CXX object gtest/CMakeFiles/gtest.dir/src/gtest-all.cc.o
[  1%] Generating type hashes for ROS interfaces
[  1%] Building CXX object gtest/CMakeFiles/gtest_main.dir/src/gtest_main.cc.o
[  1%] Built target ament_cmake_python_copy_sensor_msgs
running egg_info
creating sensor_msgs.egg-info
writing sensor_msgs.egg-info/PKG-INFO
writing dependency_links to sensor_msgs.egg-info/dependency_links.txt
writing top-level names to sensor_msgs.egg-info/top_level.txt
writing manifest file 'sensor_msgs.egg-info/SOURCES.txt'
reading manifest file 'sensor_msgs.egg-info/SOURCES.txt'
writing manifest file 'sensor_msgs.egg-info/SOURCES.txt'
[  1%] Built target ament_cmake_python_build_sensor_msgs_egg
[  2%] Linking CXX static library libgtest_main.a
[  2%] Built target gtest_main
[  2%] Built target sensor_msgs__rosidl_generator_type_description
[  3%] Generating C code for ROS interfaces
[  3%] Generating C++ code for ROS interfaces
[  3%] Linking CXX static library libgtest.a
[  3%] Built target gtest
[  3%] Built target sensor_msgs__cpp
[  3%] Building C object CMakeFiles/sensor_msgs__rosidl_generator_c.dir/rosidl_generator_c/sensor_msgs/msg/detail/battery_state__description.c.o
[  3%] Building C object CMakeFiles/sensor_msgs__rosidl_generator_c.dir/rosidl_generator_c/sensor_msgs/msg/detail/battery_state__functions.c.o
[  4%] Building C object CMakeFiles/sensor_msgs__rosidl_generator_c.dir/rosidl_generator_c/sensor_msgs/msg/detail/camera_info__description.c.o
[  4%] Building C object CMakeFiles/sensor_msgs__rosidl_generator_c.dir/rosidl_generator_c/sensor_msgs/msg/detail/battery_state__type_support.c.o
[  4%] Building C object CMakeFiles/sensor_msgs__rosidl_generator_c.dir/rosidl_generator_c/sensor_msgs/msg/detail/camera_info__functions.c.o
[  5%] Building C object CMakeFiles/sensor_msgs__rosidl_generator_c.dir/rosidl_generator_c/sensor_msgs/msg/detail/channel_float32__type_support.c.o
[  6%] Building C object CMakeFiles/sensor_msgs__rosidl_generator_c.dir/rosidl_generator_c/sensor_msgs/msg/detail/camera_info__type_support.c.o
[  6%] Building C object CMakeFiles/sensor_msgs__rosidl_generator_c.dir/rosidl_generator_c/sensor_msgs/msg/detail/channel_float32__description.c.o
[  7%] Building C object CMakeFiles/sensor_msgs__rosidl_generator_c.dir/rosidl_generator_c/sensor_msgs/msg/detail/compressed_image__type_support.c.o
[  7%] Building C object CMakeFiles/sensor_msgs__rosidl_generator_c.dir/rosidl_generator_c/sensor_msgs/msg/detail/compressed_image__functions.c.o
[  7%] Building C object CMakeFiles/sensor_msgs__rosidl_generator_c.dir/rosidl_generator_c/sensor_msgs/msg/detail/fluid_pressure__description.c.o
[  7%] Building C object CMakeFiles/sensor_msgs__rosidl_generator_c.dir/rosidl_generator_c/sensor_msgs/msg/detail/channel_float32__functions.c.o
[  8%] Building C object CMakeFiles/sensor_msgs__rosidl_generator_c.dir/rosidl_generator_c/sensor_msgs/msg/detail/fluid_pressure__type_support.c.o
[  8%] Building C object CMakeFiles/sensor_msgs__rosidl_generator_c.dir/rosidl_generator_c/sensor_msgs/msg/detail/compressed_image__description.c.o
[  8%] Building C object CMakeFiles/sensor_msgs__rosidl_generator_c.dir/rosidl_generator_c/sensor_msgs/msg/detail/fluid_pressure__functions.c.o
[  8%] Building C object CMakeFiles/sensor_msgs__rosidl_generator_c.dir/rosidl_generator_c/sensor_msgs/msg/detail/image__description.c.o
[  8%] Building C object CMakeFiles/sensor_msgs__rosidl_generator_c.dir/rosidl_generator_c/sensor_msgs/msg/detail/illuminance__description.c.o
[  8%] Building C object CMakeFiles/sensor_msgs__rosidl_generator_c.dir/rosidl_generator_c/sensor_msgs/msg/detail/illuminance__functions.c.o
[  9%] Building C object CMakeFiles/sensor_msgs__rosidl_generator_c.dir/rosidl_generator_c/sensor_msgs/msg/detail/illuminance__type_support.c.o
[  9%] Building C object CMakeFiles/sensor_msgs__rosidl_generator_c.dir/rosidl_generator_c/sensor_msgs/msg/detail/image__functions.c.o
[  9%] Building C object CMakeFiles/sensor_msgs__rosidl_generator_c.dir/rosidl_generator_c/sensor_msgs/msg/detail/imu__type_support.c.o
[ 10%] Building C object CMakeFiles/sensor_msgs__rosidl_generator_c.dir/rosidl_generator_c/sensor_msgs/msg/detail/imu__functions.c.o
[ 10%] Building C object CMakeFiles/sensor_msgs__rosidl_generator_c.dir/rosidl_generator_c/sensor_msgs/msg/detail/joint_state__description.c.o
[ 10%] Building C object CMakeFiles/sensor_msgs__rosidl_generator_c.dir/rosidl_generator_c/sensor_msgs/msg/detail/joint_state__type_support.c.o
[ 11%] Building C object CMakeFiles/sensor_msgs__rosidl_generator_c.dir/rosidl_generator_c/sensor_msgs/msg/detail/imu__description.c.o
[ 12%] Building C object CMakeFiles/sensor_msgs__rosidl_generator_c.dir/rosidl_generator_c/sensor_msgs/msg/detail/joy__description.c.o
[ 12%] Building C object CMakeFiles/sensor_msgs__rosidl_generator_c.dir/rosidl_generator_c/sensor_msgs/msg/detail/joint_state__functions.c.o
[ 12%] Building C object CMakeFiles/sensor_msgs__rosidl_generator_c.dir/rosidl_generator_c/sensor_msgs/msg/detail/image__type_support.c.o
[ 12%] Building C object CMakeFiles/sensor_msgs__rosidl_generator_c.dir/rosidl_generator_c/sensor_msgs/msg/detail/joy_feedback__functions.c.o
[ 12%] Building C object CMakeFiles/sensor_msgs__rosidl_generator_c.dir/rosidl_generator_c/sensor_msgs/msg/detail/joy_feedback__type_support.c.o
[ 13%] Building C object CMakeFiles/sensor_msgs__rosidl_generator_c.dir/rosidl_generator_c/sensor_msgs/msg/detail/joy_feedback_array__description.c.o
[ 13%] Building C object CMakeFiles/sensor_msgs__rosidl_generator_c.dir/rosidl_generator_c/sensor_msgs/msg/detail/joy_feedback_array__functions.c.o
[ 13%] Building C object CMakeFiles/sensor_msgs__rosidl_generator_c.dir/rosidl_generator_c/sensor_msgs/msg/detail/joy_feedback_array__type_support.c.o
[ 14%] Building C object CMakeFiles/sensor_msgs__rosidl_generator_c.dir/rosidl_generator_c/sensor_msgs/msg/detail/laser_echo__description.c.o
[ 14%] Building C object CMakeFiles/sensor_msgs__rosidl_generator_c.dir/rosidl_generator_c/sensor_msgs/msg/detail/laser_echo__functions.c.o
[ 14%] Building C object CMakeFiles/sensor_msgs__rosidl_generator_c.dir/rosidl_generator_c/sensor_msgs/msg/detail/laser_echo__type_support.c.o
[ 15%] Building C object CMakeFiles/sensor_msgs__rosidl_generator_c.dir/rosidl_generator_c/sensor_msgs/msg/detail/laser_scan__description.c.o
[ 15%] Building C object CMakeFiles/sensor_msgs__rosidl_generator_c.dir/rosidl_generator_c/sensor_msgs/msg/detail/laser_scan__functions.c.o
[ 16%] Building C object CMakeFiles/sensor_msgs__rosidl_generator_c.dir/rosidl_generator_c/sensor_msgs/msg/detail/joy_feedback__description.c.o
[ 16%] Building C object CMakeFiles/sensor_msgs__rosidl_generator_c.dir/rosidl_generator_c/sensor_msgs/msg/detail/laser_scan__type_support.c.o
[ 16%] Building C object CMakeFiles/sensor_msgs__rosidl_generator_c.dir/rosidl_generator_c/sensor_msgs/msg/detail/magnetic_field__functions.c.o
[ 16%] Building C object CMakeFiles/sensor_msgs__rosidl_generator_c.dir/rosidl_generator_c/sensor_msgs/msg/detail/magnetic_field__type_support.c.o
[ 16%] Building C object CMakeFiles/sensor_msgs__rosidl_generator_c.dir/rosidl_generator_c/sensor_msgs/msg/detail/multi_dof_joint_state__description.c.o
[ 17%] Building C object CMakeFiles/sensor_msgs__rosidl_generator_c.dir/rosidl_generator_c/sensor_msgs/msg/detail/multi_dof_joint_state__functions.c.o
[ 17%] Building C object CMakeFiles/sensor_msgs__rosidl_generator_c.dir/rosidl_generator_c/sensor_msgs/msg/detail/multi_dof_joint_state__type_support.c.o
[ 17%] Building C object CMakeFiles/sensor_msgs__rosidl_generator_c.dir/rosidl_generator_c/sensor_msgs/msg/detail/multi_echo_laser_scan__description.c.o
[ 18%] Building C object CMakeFiles/sensor_msgs__rosidl_generator_c.dir/rosidl_generator_c/sensor_msgs/msg/detail/magnetic_field__description.c.o
[ 19%] Building C object CMakeFiles/sensor_msgs__rosidl_generator_c.dir/rosidl_generator_c/sensor_msgs/msg/detail/multi_echo_laser_scan__type_support.c.o
[ 19%] Building C object CMakeFiles/sensor_msgs__rosidl_generator_c.dir/rosidl_generator_c/sensor_msgs/msg/detail/multi_echo_laser_scan__functions.c.o
[ 20%] Building C object CMakeFiles/sensor_msgs__rosidl_generator_c.dir/rosidl_generator_c/sensor_msgs/msg/detail/nav_sat_fix__functions.c.o
[ 20%] Building C object CMakeFiles/sensor_msgs__rosidl_generator_c.dir/rosidl_generator_c/sensor_msgs/msg/detail/nav_sat_status__description.c.o
[ 20%] Building C object CMakeFiles/sensor_msgs__rosidl_generator_c.dir/rosidl_generator_c/sensor_msgs/msg/detail/nav_sat_fix__type_support.c.o
[ 21%] Building C object CMakeFiles/sensor_msgs__rosidl_generator_c.dir/rosidl_generator_c/sensor_msgs/msg/detail/nav_sat_status__type_support.c.o
[ 21%] Building C object CMakeFiles/sensor_msgs__rosidl_generator_c.dir/rosidl_generator_c/sensor_msgs/msg/detail/nav_sat_fix__description.c.o
[ 21%] Building C object CMakeFiles/sensor_msgs__rosidl_generator_c.dir/rosidl_generator_c/sensor_msgs/msg/detail/nav_sat_status__functions.c.o
[ 21%] Building C object CMakeFiles/sensor_msgs__rosidl_generator_c.dir/rosidl_generator_c/sensor_msgs/msg/detail/point_cloud__description.c.o
[ 21%] Building C object CMakeFiles/sensor_msgs__rosidl_generator_c.dir/rosidl_generator_c/sensor_msgs/msg/detail/point_cloud2__description.c.o
[ 21%] Building C object CMakeFiles/sensor_msgs__rosidl_generator_c.dir/rosidl_generator_c/sensor_msgs/msg/detail/point_cloud__type_support.c.o
[ 22%] Building C object CMakeFiles/sensor_msgs__rosidl_generator_c.dir/rosidl_generator_c/sensor_msgs/msg/detail/point_cloud2__functions.c.o
[ 22%] Building C object CMakeFiles/sensor_msgs__rosidl_generator_c.dir/rosidl_generator_c/sensor_msgs/msg/detail/point_cloud2__type_support.c.o
[ 22%] Building C object CMakeFiles/sensor_msgs__rosidl_generator_c.dir/rosidl_generator_c/sensor_msgs/msg/detail/point_field__description.c.o
[ 23%] Building C object CMakeFiles/sensor_msgs__rosidl_generator_c.dir/rosidl_generator_c/sensor_msgs/msg/detail/point_field__functions.c.o
[ 23%] Building C object CMakeFiles/sensor_msgs__rosidl_generator_c.dir/rosidl_generator_c/sensor_msgs/msg/detail/point_field__type_support.c.o
[ 23%] Building C object CMakeFiles/sensor_msgs__rosidl_generator_c.dir/rosidl_generator_c/sensor_msgs/msg/detail/range__description.c.o
[ 24%] Building C object CMakeFiles/sensor_msgs__rosidl_generator_c.dir/rosidl_generator_c/sensor_msgs/msg/detail/range__functions.c.o
[ 24%] Building C object CMakeFiles/sensor_msgs__rosidl_generator_c.dir/rosidl_generator_c/sensor_msgs/msg/detail/range__type_support.c.o
[ 24%] Building C object CMakeFiles/sensor_msgs__rosidl_generator_c.dir/rosidl_generator_c/sensor_msgs/msg/detail/joy__type_support.c.o
[ 25%] Building C object CMakeFiles/sensor_msgs__rosidl_generator_c.dir/rosidl_generator_c/sensor_msgs/msg/detail/point_cloud__functions.c.o
[ 25%] Building C object CMakeFiles/sensor_msgs__rosidl_generator_c.dir/rosidl_generator_c/sensor_msgs/msg/detail/region_of_interest__type_support.c.o
[ 26%] Building C object CMakeFiles/sensor_msgs__rosidl_generator_c.dir/rosidl_generator_c/sensor_msgs/msg/detail/region_of_interest__functions.c.o
[ 26%] Building C object CMakeFiles/sensor_msgs__rosidl_generator_c.dir/rosidl_generator_c/sensor_msgs/msg/detail/relative_humidity__description.c.o
[ 27%] Building C object CMakeFiles/sensor_msgs__rosidl_generator_c.dir/rosidl_generator_c/sensor_msgs/msg/detail/relative_humidity__type_support.c.o
[ 27%] Building C object CMakeFiles/sensor_msgs__rosidl_generator_c.dir/rosidl_generator_c/sensor_msgs/msg/detail/temperature__description.c.o
[ 27%] Building C object CMakeFiles/sensor_msgs__rosidl_generator_c.dir/rosidl_generator_c/sensor_msgs/msg/detail/temperature__functions.c.o
[ 28%] Building C object CMakeFiles/sensor_msgs__rosidl_generator_c.dir/rosidl_generator_c/sensor_msgs/msg/detail/time_reference__description.c.o
[ 28%] Building C object CMakeFiles/sensor_msgs__rosidl_generator_c.dir/rosidl_generator_c/sensor_msgs/msg/detail/temperature__type_support.c.o
[ 28%] Building C object CMakeFiles/sensor_msgs__rosidl_generator_c.dir/rosidl_generator_c/sensor_msgs/msg/detail/time_reference__functions.c.o
[ 29%] Building C object CMakeFiles/sensor_msgs__rosidl_generator_c.dir/rosidl_generator_c/sensor_msgs/msg/detail/time_reference__type_support.c.o
[ 29%] Building C object CMakeFiles/sensor_msgs__rosidl_generator_c.dir/rosidl_generator_c/sensor_msgs/msg/detail/relative_humidity__functions.c.o
[ 29%] Building C object CMakeFiles/sensor_msgs__rosidl_generator_c.dir/rosidl_generator_c/sensor_msgs/srv/detail/set_camera_info__functions.c.o
[ 30%] Building C object CMakeFiles/sensor_msgs__rosidl_generator_c.dir/rosidl_generator_c/sensor_msgs/srv/detail/set_camera_info__type_support.c.o
[ 30%] Building C object CMakeFiles/sensor_msgs__rosidl_generator_c.dir/rosidl_generator_c/sensor_msgs/srv/detail/set_camera_info__description.c.o
[ 30%] Building C object CMakeFiles/sensor_msgs__rosidl_generator_c.dir/rosidl_generator_c/sensor_msgs/msg/detail/region_of_interest__description.c.o
[ 30%] Building C object CMakeFiles/sensor_msgs__rosidl_generator_c.dir/rosidl_generator_c/sensor_msgs/msg/detail/joy__functions.c.o
[ 30%] Linking C shared library libsensor_msgs__rosidl_generator_c.so
[ 30%] Built target sensor_msgs__rosidl_generator_c
[ 32%] Generating C introspection for ROS interfaces
[ 32%] Generating C type support for eProsima Fast-RTPS
[ 32%] Generating C++ type support dispatch for ROS interfaces
[ 32%] Generating C++ type support for eProsima Fast-RTPS
[ 32%] Generating C type support dispatch for ROS interfaces
[ 32%] Generating C++ introspection for ROS interfaces
[ 33%] Building CXX object CMakeFiles/sensor_msgs__rosidl_typesupport_c.dir/rosidl_typesupport_c/sensor_msgs/msg/camera_info__type_support.cpp.o
[ 33%] Building CXX object CMakeFiles/sensor_msgs__rosidl_typesupport_c.dir/rosidl_typesupport_c/sensor_msgs/msg/image__type_support.cpp.o
[ 33%] Building CXX object CMakeFiles/sensor_msgs__rosidl_typesupport_c.dir/rosidl_typesupport_c/sensor_msgs/msg/imu__type_support.cpp.o
[ 34%] Building CXX object CMakeFiles/sensor_msgs__rosidl_typesupport_c.dir/rosidl_typesupport_c/sensor_msgs/msg/joy_feedback_array__type_support.cpp.o
[ 34%] Building CXX object CMakeFiles/sensor_msgs__rosidl_typesupport_c.dir/rosidl_typesupport_c/sensor_msgs/msg/laser_echo__type_support.cpp.o
[ 35%] Building CXX object CMakeFiles/sensor_msgs__rosidl_typesupport_c.dir/rosidl_typesupport_c/sensor_msgs/msg/illuminance__type_support.cpp.o
[ 35%] Building CXX object CMakeFiles/sensor_msgs__rosidl_typesupport_c.dir/rosidl_typesupport_c/sensor_msgs/msg/battery_state__type_support.cpp.o
[ 36%] Building CXX object CMakeFiles/sensor_msgs__rosidl_typesupport_c.dir/rosidl_typesupport_c/sensor_msgs/msg/joint_state__type_support.cpp.o
[ 33%] Building CXX object CMakeFiles/sensor_msgs__rosidl_typesupport_c.dir/rosidl_typesupport_c/sensor_msgs/msg/compressed_image__type_support.cpp.o
[ 35%] Building CXX object CMakeFiles/sensor_msgs__rosidl_typesupport_c.dir/rosidl_typesupport_c/sensor_msgs/msg/joy_feedback__type_support.cpp.o
[ 36%] Building CXX object CMakeFiles/sensor_msgs__rosidl_typesupport_c.dir/rosidl_typesupport_c/sensor_msgs/msg/multi_echo_laser_scan__type_support.cpp.o
[ 36%] Building CXX object CMakeFiles/sensor_msgs__rosidl_typesupport_c.dir/rosidl_typesupport_c/sensor_msgs/msg/multi_dof_joint_state__type_support.cpp.o
[ 36%] Building CXX object CMakeFiles/sensor_msgs__rosidl_typesupport_c.dir/rosidl_typesupport_c/sensor_msgs/msg/laser_scan__type_support.cpp.o
[ 37%] Building CXX object CMakeFiles/sensor_msgs__rosidl_typesupport_c.dir/rosidl_typesupport_c/sensor_msgs/msg/magnetic_field__type_support.cpp.o
[ 37%] Building CXX object CMakeFiles/sensor_msgs__rosidl_typesupport_c.dir/rosidl_typesupport_c/sensor_msgs/msg/fluid_pressure__type_support.cpp.o
[ 36%] Building CXX object CMakeFiles/sensor_msgs__rosidl_typesupport_c.dir/rosidl_typesupport_c/sensor_msgs/msg/joy__type_support.cpp.o
[ 35%] Building CXX object CMakeFiles/sensor_msgs__rosidl_typesupport_c.dir/rosidl_typesupport_c/sensor_msgs/msg/channel_float32__type_support.cpp.o
[ 38%] Building CXX object CMakeFiles/sensor_msgs__rosidl_typesupport_c.dir/rosidl_typesupport_c/sensor_msgs/msg/nav_sat_fix__type_support.cpp.o
[ 38%] Building CXX object CMakeFiles/sensor_msgs__rosidl_typesupport_cpp.dir/rosidl_typesupport_cpp/sensor_msgs/msg/camera_info__type_support.cpp.o
[ 38%] Building CXX object CMakeFiles/sensor_msgs__rosidl_typesupport_cpp.dir/rosidl_typesupport_cpp/sensor_msgs/msg/battery_state__type_support.cpp.o
[ 38%] Building CXX object CMakeFiles/sensor_msgs__rosidl_typesupport_c.dir/rosidl_typesupport_c/sensor_msgs/msg/nav_sat_status__type_support.cpp.o
[ 38%] Building CXX object CMakeFiles/sensor_msgs__rosidl_typesupport_c.dir/rosidl_typesupport_c/sensor_msgs/msg/point_cloud__type_support.cpp.o
[ 39%] Building CXX object CMakeFiles/sensor_msgs__rosidl_typesupport_c.dir/rosidl_typesupport_c/sensor_msgs/msg/point_cloud2__type_support.cpp.o
[ 39%] Building CXX object CMakeFiles/sensor_msgs__rosidl_typesupport_cpp.dir/rosidl_typesupport_cpp/sensor_msgs/msg/compressed_image__type_support.cpp.o
[ 39%] Building CXX object CMakeFiles/sensor_msgs__rosidl_typesupport_cpp.dir/rosidl_typesupport_cpp/sensor_msgs/msg/fluid_pressure__type_support.cpp.o
[ 39%] Building CXX object CMakeFiles/sensor_msgs__rosidl_typesupport_cpp.dir/rosidl_typesupport_cpp/sensor_msgs/msg/illuminance__type_support.cpp.o
[ 39%] Building CXX object CMakeFiles/sensor_msgs__rosidl_typesupport_c.dir/rosidl_typesupport_c/sensor_msgs/msg/point_field__type_support.cpp.o
[ 40%] Building CXX object CMakeFiles/sensor_msgs__rosidl_typesupport_cpp.dir/rosidl_typesupport_cpp/sensor_msgs/msg/channel_float32__type_support.cpp.o
[ 40%] Building CXX object CMakeFiles/sensor_msgs__rosidl_typesupport_c.dir/rosidl_typesupport_c/sensor_msgs/msg/range__type_support.cpp.o
[ 41%] Building CXX object CMakeFiles/sensor_msgs__rosidl_typesupport_c.dir/rosidl_typesupport_c/sensor_msgs/msg/region_of_interest__type_support.cpp.o
[ 42%] Building CXX object CMakeFiles/sensor_msgs__rosidl_typesupport_cpp.dir/rosidl_typesupport_cpp/sensor_msgs/msg/image__type_support.cpp.o
[ 42%] Building CXX object CMakeFiles/sensor_msgs__rosidl_typesupport_c.dir/rosidl_typesupport_c/sensor_msgs/msg/relative_humidity__type_support.cpp.o
[ 42%] Building CXX object CMakeFiles/sensor_msgs__rosidl_typesupport_cpp.dir/rosidl_typesupport_cpp/sensor_msgs/msg/imu__type_support.cpp.o
[ 43%] Building CXX object CMakeFiles/sensor_msgs__rosidl_typesupport_cpp.dir/rosidl_typesupport_cpp/sensor_msgs/msg/joy__type_support.cpp.o
[ 43%] Building CXX object CMakeFiles/sensor_msgs__rosidl_typesupport_cpp.dir/rosidl_typesupport_cpp/sensor_msgs/msg/joint_state__type_support.cpp.o
[ 44%] Building CXX object CMakeFiles/sensor_msgs__rosidl_typesupport_c.dir/rosidl_typesupport_c/sensor_msgs/msg/temperature__type_support.cpp.o
[ 44%] Building CXX object CMakeFiles/sensor_msgs__rosidl_typesupport_c.dir/rosidl_typesupport_c/sensor_msgs/msg/time_reference__type_support.cpp.o
[ 44%] Building CXX object CMakeFiles/sensor_msgs__rosidl_typesupport_c.dir/rosidl_typesupport_c/sensor_msgs/srv/set_camera_info__type_support.cpp.o
[ 44%] Building CXX object CMakeFiles/sensor_msgs__rosidl_typesupport_cpp.dir/rosidl_typesupport_cpp/sensor_msgs/msg/joy_feedback__type_support.cpp.o
[ 45%] Building CXX object CMakeFiles/sensor_msgs__rosidl_typesupport_cpp.dir/rosidl_typesupport_cpp/sensor_msgs/msg/laser_echo__type_support.cpp.o
[ 45%] Building CXX object CMakeFiles/sensor_msgs__rosidl_typesupport_cpp.dir/rosidl_typesupport_cpp/sensor_msgs/msg/joy_feedback_array__type_support.cpp.o
[ 45%] Building CXX object CMakeFiles/sensor_msgs__rosidl_typesupport_cpp.dir/rosidl_typesupport_cpp/sensor_msgs/msg/laser_scan__type_support.cpp.o
[ 45%] Building CXX object CMakeFiles/sensor_msgs__rosidl_typesupport_cpp.dir/rosidl_typesupport_cpp/sensor_msgs/msg/magnetic_field__type_support.cpp.o
[ 46%] Building CXX object CMakeFiles/sensor_msgs__rosidl_typesupport_cpp.dir/rosidl_typesupport_cpp/sensor_msgs/msg/multi_dof_joint_state__type_support.cpp.o
[ 46%] Building CXX object CMakeFiles/sensor_msgs__rosidl_typesupport_cpp.dir/rosidl_typesupport_cpp/sensor_msgs/msg/multi_echo_laser_scan__type_support.cpp.o
[ 46%] Linking CXX shared library libsensor_msgs__rosidl_typesupport_c.so
[ 46%] Building CXX object CMakeFiles/sensor_msgs__rosidl_typesupport_cpp.dir/rosidl_typesupport_cpp/sensor_msgs/msg/nav_sat_fix__type_support.cpp.o
[ 47%] Building CXX object CMakeFiles/sensor_msgs__rosidl_typesupport_cpp.dir/rosidl_typesupport_cpp/sensor_msgs/msg/nav_sat_status__type_support.cpp.o
[ 46%] Built target sensor_msgs__rosidl_typesupport_c
[ 47%] Building CXX object CMakeFiles/sensor_msgs__rosidl_typesupport_cpp.dir/rosidl_typesupport_cpp/sensor_msgs/msg/point_cloud__type_support.cpp.o
[ 47%] Building CXX object CMakeFiles/sensor_msgs__rosidl_typesupport_introspection_cpp.dir/rosidl_typesupport_introspection_cpp/sensor_msgs/msg/detail/battery_state__type_support.cpp.o
[ 48%] Building CXX object CMakeFiles/sensor_msgs__rosidl_typesupport_introspection_cpp.dir/rosidl_typesupport_introspection_cpp/sensor_msgs/msg/detail/camera_info__type_support.cpp.o
[ 48%] Building CXX object CMakeFiles/sensor_msgs__rosidl_typesupport_cpp.dir/rosidl_typesupport_cpp/sensor_msgs/msg/point_cloud2__type_support.cpp.o
[ 49%] Building CXX object CMakeFiles/sensor_msgs__rosidl_typesupport_cpp.dir/rosidl_typesupport_cpp/sensor_msgs/msg/point_field__type_support.cpp.o
[ 49%] Building CXX object CMakeFiles/sensor_msgs__rosidl_typesupport_cpp.dir/rosidl_typesupport_cpp/sensor_msgs/msg/range__type_support.cpp.o
[ 50%] Building C object CMakeFiles/sensor_msgs__rosidl_typesupport_introspection_c.dir/rosidl_typesupport_introspection_c/sensor_msgs/msg/detail/battery_state__type_support.c.o
[ 50%] Building CXX object CMakeFiles/sensor_msgs__rosidl_typesupport_cpp.dir/rosidl_typesupport_cpp/sensor_msgs/msg/region_of_interest__type_support.cpp.o
[ 51%] Building CXX object CMakeFiles/sensor_msgs__rosidl_typesupport_cpp.dir/rosidl_typesupport_cpp/sensor_msgs/msg/relative_humidity__type_support.cpp.o
[ 51%] Building CXX object CMakeFiles/sensor_msgs__rosidl_typesupport_cpp.dir/rosidl_typesupport_cpp/sensor_msgs/msg/time_reference__type_support.cpp.o
[ 51%] Building CXX object CMakeFiles/sensor_msgs__rosidl_typesupport_cpp.dir/rosidl_typesupport_cpp/sensor_msgs/msg/temperature__type_support.cpp.o
[ 51%] Building CXX object CMakeFiles/sensor_msgs__rosidl_typesupport_introspection_cpp.dir/rosidl_typesupport_introspection_cpp/sensor_msgs/msg/detail/channel_float32__type_support.cpp.o
[ 51%] Building CXX object CMakeFiles/sensor_msgs__rosidl_typesupport_introspection_cpp.dir/rosidl_typesupport_introspection_cpp/sensor_msgs/msg/detail/compressed_image__type_support.cpp.o
[ 51%] Building C object CMakeFiles/sensor_msgs__rosidl_typesupport_introspection_c.dir/rosidl_typesupport_introspection_c/sensor_msgs/msg/detail/camera_info__type_support.c.o
[ 52%] Building CXX object CMakeFiles/sensor_msgs__rosidl_typesupport_introspection_cpp.dir/rosidl_typesupport_introspection_cpp/sensor_msgs/msg/detail/fluid_pressure__type_support.cpp.o
[ 53%] Building CXX object CMakeFiles/sensor_msgs__rosidl_typesupport_cpp.dir/rosidl_typesupport_cpp/sensor_msgs/srv/set_camera_info__type_support.cpp.o
[ 53%] Building C object CMakeFiles/sensor_msgs__rosidl_typesupport_introspection_c.dir/rosidl_typesupport_introspection_c/sensor_msgs/msg/detail/channel_float32__type_support.c.o
[ 53%] Building CXX object CMakeFiles/sensor_msgs__rosidl_typesupport_introspection_cpp.dir/rosidl_typesupport_introspection_cpp/sensor_msgs/msg/detail/illuminance__type_support.cpp.o
[ 54%] Building C object CMakeFiles/sensor_msgs__rosidl_typesupport_introspection_c.dir/rosidl_typesupport_introspection_c/sensor_msgs/msg/detail/compressed_image__type_support.c.o
[ 54%] Building C object CMakeFiles/sensor_msgs__rosidl_typesupport_introspection_c.dir/rosidl_typesupport_introspection_c/sensor_msgs/msg/detail/fluid_pressure__type_support.c.o
[ 54%] Building CXX object CMakeFiles/sensor_msgs__rosidl_typesupport_introspection_cpp.dir/rosidl_typesupport_introspection_cpp/sensor_msgs/msg/detail/image__type_support.cpp.o
[ 54%] Building C object CMakeFiles/sensor_msgs__rosidl_typesupport_introspection_c.dir/rosidl_typesupport_introspection_c/sensor_msgs/msg/detail/illuminance__type_support.c.o
[ 54%] Building C object CMakeFiles/sensor_msgs__rosidl_typesupport_introspection_c.dir/rosidl_typesupport_introspection_c/sensor_msgs/msg/detail/imu__type_support.c.o
[ 55%] Building C object CMakeFiles/sensor_msgs__rosidl_typesupport_introspection_c.dir/rosidl_typesupport_introspection_c/sensor_msgs/msg/detail/image__type_support.c.o
[ 56%] Building CXX object CMakeFiles/sensor_msgs__rosidl_typesupport_introspection_cpp.dir/rosidl_typesupport_introspection_cpp/sensor_msgs/msg/detail/imu__type_support.cpp.o
[ 56%] Building CXX object CMakeFiles/sensor_msgs__rosidl_typesupport_introspection_cpp.dir/rosidl_typesupport_introspection_cpp/sensor_msgs/msg/detail/joint_state__type_support.cpp.o
[ 56%] Building CXX object CMakeFiles/sensor_msgs__rosidl_typesupport_introspection_cpp.dir/rosidl_typesupport_introspection_cpp/sensor_msgs/msg/detail/joy__type_support.cpp.o
[ 57%] Building CXX object CMakeFiles/sensor_msgs__rosidl_typesupport_introspection_cpp.dir/rosidl_typesupport_introspection_cpp/sensor_msgs/msg/detail/joy_feedback__type_support.cpp.o
[ 57%] Building C object CMakeFiles/sensor_msgs__rosidl_typesupport_introspection_c.dir/rosidl_typesupport_introspection_c/sensor_msgs/msg/detail/joint_state__type_support.c.o
[ 57%] Building CXX object CMakeFiles/sensor_msgs__rosidl_typesupport_introspection_cpp.dir/rosidl_typesupport_introspection_cpp/sensor_msgs/msg/detail/joy_feedback_array__type_support.cpp.o
[ 57%] Building CXX object CMakeFiles/sensor_msgs__rosidl_typesupport_introspection_cpp.dir/rosidl_typesupport_introspection_cpp/sensor_msgs/msg/detail/laser_echo__type_support.cpp.o
[ 58%] Building C object CMakeFiles/sensor_msgs__rosidl_typesupport_introspection_c.dir/rosidl_typesupport_introspection_c/sensor_msgs/msg/detail/joy__type_support.c.o
[ 58%] Building CXX object CMakeFiles/sensor_msgs__rosidl_typesupport_introspection_cpp.dir/rosidl_typesupport_introspection_cpp/sensor_msgs/msg/detail/laser_scan__type_support.cpp.o
[ 58%] Building C object CMakeFiles/sensor_msgs__rosidl_typesupport_introspection_c.dir/rosidl_typesupport_introspection_c/sensor_msgs/msg/detail/joy_feedback_array__type_support.c.o
[ 58%] Building C object CMakeFiles/sensor_msgs__rosidl_typesupport_introspection_c.dir/rosidl_typesupport_introspection_c/sensor_msgs/msg/detail/joy_feedback__type_support.c.o
[ 59%] Building CXX object CMakeFiles/sensor_msgs__rosidl_typesupport_introspection_cpp.dir/rosidl_typesupport_introspection_cpp/sensor_msgs/msg/detail/magnetic_field__type_support.cpp.o
[ 60%] Building C object CMakeFiles/sensor_msgs__rosidl_typesupport_introspection_c.dir/rosidl_typesupport_introspection_c/sensor_msgs/msg/detail/laser_echo__type_support.c.o
[ 60%] Building CXX object CMakeFiles/sensor_msgs__rosidl_typesupport_introspection_cpp.dir/rosidl_typesupport_introspection_cpp/sensor_msgs/msg/detail/multi_dof_joint_state__type_support.cpp.o
[ 60%] Building C object CMakeFiles/sensor_msgs__rosidl_typesupport_introspection_c.dir/rosidl_typesupport_introspection_c/sensor_msgs/msg/detail/laser_scan__type_support.c.o
[ 60%] Building CXX object CMakeFiles/sensor_msgs__rosidl_typesupport_introspection_cpp.dir/rosidl_typesupport_introspection_cpp/sensor_msgs/msg/detail/multi_echo_laser_scan__type_support.cpp.o
[ 60%] Building C object CMakeFiles/sensor_msgs__rosidl_typesupport_introspection_c.dir/rosidl_typesupport_introspection_c/sensor_msgs/msg/detail/magnetic_field__type_support.c.o
[ 61%] Building C object CMakeFiles/sensor_msgs__rosidl_typesupport_introspection_c.dir/rosidl_typesupport_introspection_c/sensor_msgs/msg/detail/multi_dof_joint_state__type_support.c.o
[ 62%] Building CXX object CMakeFiles/sensor_msgs__rosidl_typesupport_introspection_cpp.dir/rosidl_typesupport_introspection_cpp/sensor_msgs/msg/detail/nav_sat_fix__type_support.cpp.o
[ 61%] Building CXX object CMakeFiles/sensor_msgs__rosidl_typesupport_introspection_cpp.dir/rosidl_typesupport_introspection_cpp/sensor_msgs/msg/detail/nav_sat_status__type_support.cpp.o
[ 62%] Building CXX object CMakeFiles/sensor_msgs__rosidl_typesupport_introspection_cpp.dir/rosidl_typesupport_introspection_cpp/sensor_msgs/msg/detail/point_cloud__type_support.cpp.o
[ 62%] Building C object CMakeFiles/sensor_msgs__rosidl_typesupport_introspection_c.dir/rosidl_typesupport_introspection_c/sensor_msgs/msg/detail/multi_echo_laser_scan__type_support.c.o
[ 62%] Building C object CMakeFiles/sensor_msgs__rosidl_typesupport_introspection_c.dir/rosidl_typesupport_introspection_c/sensor_msgs/msg/detail/nav_sat_fix__type_support.c.o
[ 63%] Building CXX object CMakeFiles/sensor_msgs__rosidl_typesupport_introspection_cpp.dir/rosidl_typesupport_introspection_cpp/sensor_msgs/msg/detail/point_cloud2__type_support.cpp.o
[ 63%] Building C object CMakeFiles/sensor_msgs__rosidl_typesupport_introspection_c.dir/rosidl_typesupport_introspection_c/sensor_msgs/msg/detail/nav_sat_status__type_support.c.o
[ 63%] Building CXX object CMakeFiles/sensor_msgs__rosidl_typesupport_introspection_cpp.dir/rosidl_typesupport_introspection_cpp/sensor_msgs/msg/detail/point_field__type_support.cpp.o
[ 63%] Building CXX object CMakeFiles/sensor_msgs__rosidl_typesupport_introspection_cpp.dir/rosidl_typesupport_introspection_cpp/sensor_msgs/msg/detail/range__type_support.cpp.o
[ 64%] Building CXX object CMakeFiles/sensor_msgs__rosidl_typesupport_introspection_cpp.dir/rosidl_typesupport_introspection_cpp/sensor_msgs/msg/detail/region_of_interest__type_support.cpp.o
[ 64%] Building CXX object CMakeFiles/sensor_msgs__rosidl_typesupport_introspection_cpp.dir/rosidl_typesupport_introspection_cpp/sensor_msgs/msg/detail/relative_humidity__type_support.cpp.o
[ 64%] Linking CXX shared library libsensor_msgs__rosidl_typesupport_cpp.so
[ 64%] Building CXX object CMakeFiles/sensor_msgs__rosidl_typesupport_introspection_cpp.dir/rosidl_typesupport_introspection_cpp/sensor_msgs/msg/detail/temperature__type_support.cpp.o
[ 65%] Building C object CMakeFiles/sensor_msgs__rosidl_typesupport_introspection_c.dir/rosidl_typesupport_introspection_c/sensor_msgs/msg/detail/point_cloud__type_support.c.o
[ 66%] Building CXX object CMakeFiles/sensor_msgs__rosidl_typesupport_introspection_cpp.dir/rosidl_typesupport_introspection_cpp/sensor_msgs/msg/detail/time_reference__type_support.cpp.o
[ 66%] Building CXX object CMakeFiles/sensor_msgs__rosidl_typesupport_introspection_cpp.dir/rosidl_typesupport_introspection_cpp/sensor_msgs/srv/detail/set_camera_info__type_support.cpp.o
[ 66%] Building C object CMakeFiles/sensor_msgs__rosidl_typesupport_introspection_c.dir/rosidl_typesupport_introspection_c/sensor_msgs/msg/detail/point_cloud2__type_support.c.o
[ 66%] Building C object CMakeFiles/sensor_msgs__rosidl_typesupport_introspection_c.dir/rosidl_typesupport_introspection_c/sensor_msgs/msg/detail/point_field__type_support.c.o
[ 67%] Building C object CMakeFiles/sensor_msgs__rosidl_typesupport_introspection_c.dir/rosidl_typesupport_introspection_c/sensor_msgs/msg/detail/range__type_support.c.o
[ 67%] Building C object CMakeFiles/sensor_msgs__rosidl_typesupport_introspection_c.dir/rosidl_typesupport_introspection_c/sensor_msgs/msg/detail/region_of_interest__type_support.c.o
[ 67%] Built target sensor_msgs__rosidl_typesupport_cpp
[ 67%] Building C object CMakeFiles/sensor_msgs__rosidl_typesupport_introspection_c.dir/rosidl_typesupport_introspection_c/sensor_msgs/msg/detail/relative_humidity__type_support.c.o
[ 68%] Building C object CMakeFiles/sensor_msgs__rosidl_typesupport_introspection_c.dir/rosidl_typesupport_introspection_c/sensor_msgs/msg/detail/temperature__type_support.c.o
[ 68%] Building C object CMakeFiles/sensor_msgs__rosidl_typesupport_introspection_c.dir/rosidl_typesupport_introspection_c/sensor_msgs/msg/detail/time_reference__type_support.c.o
[ 69%] Building CXX object CMakeFiles/test_sensor_msgs.dir/test/test_image_encodings.cpp.o
[ 69%] Building CXX object CMakeFiles/sensor_msgs__rosidl_typesupport_fastrtps_cpp.dir/rosidl_typesupport_fastrtps_cpp/sensor_msgs/msg/detail/dds_fastrtps/battery_state__type_support.cpp.o
[ 69%] Building C object CMakeFiles/sensor_msgs__rosidl_typesupport_introspection_c.dir/rosidl_typesupport_introspection_c/sensor_msgs/srv/detail/set_camera_info__type_support.c.o
[ 69%] Building CXX object CMakeFiles/sensor_msgs__rosidl_typesupport_fastrtps_cpp.dir/rosidl_typesupport_fastrtps_cpp/sensor_msgs/msg/detail/dds_fastrtps/camera_info__type_support.cpp.o
[ 70%] Building CXX object CMakeFiles/sensor_msgs__rosidl_typesupport_fastrtps_cpp.dir/rosidl_typesupport_fastrtps_cpp/sensor_msgs/msg/detail/dds_fastrtps/channel_float32__type_support.cpp.o
[ 70%] Building CXX object CMakeFiles/test_sensor_msgs.dir/test/test_pointcloud_conversion.cpp.o
[ 70%] Building CXX object CMakeFiles/sensor_msgs__rosidl_typesupport_fastrtps_cpp.dir/rosidl_typesupport_fastrtps_cpp/sensor_msgs/msg/detail/dds_fastrtps/compressed_image__type_support.cpp.o
[ 70%] Building CXX object CMakeFiles/test_sensor_msgs.dir/test/test_pointcloud_iterator.cpp.o
[ 71%] Building CXX object CMakeFiles/sensor_msgs__rosidl_typesupport_fastrtps_cpp.dir/rosidl_typesupport_fastrtps_cpp/sensor_msgs/msg/detail/dds_fastrtps/illuminance__type_support.cpp.o
[ 70%] Building CXX object CMakeFiles/sensor_msgs__rosidl_typesupport_fastrtps_cpp.dir/rosidl_typesupport_fastrtps_cpp/sensor_msgs/msg/detail/dds_fastrtps/fluid_pressure__type_support.cpp.o
[ 71%] Building CXX object CMakeFiles/sensor_msgs__rosidl_typesupport_fastrtps_cpp.dir/rosidl_typesupport_fastrtps_cpp/sensor_msgs/msg/detail/dds_fastrtps/image__type_support.cpp.o
[ 71%] Building CXX object CMakeFiles/sensor_msgs__rosidl_typesupport_fastrtps_c.dir/rosidl_typesupport_fastrtps_c/sensor_msgs/msg/detail/battery_state__type_support_c.cpp.o
[ 72%] Building CXX object CMakeFiles/sensor_msgs__rosidl_typesupport_fastrtps_c.dir/rosidl_typesupport_fastrtps_c/sensor_msgs/msg/detail/camera_info__type_support_c.cpp.o
[ 72%] Building CXX object CMakeFiles/sensor_msgs__rosidl_typesupport_fastrtps_cpp.dir/rosidl_typesupport_fastrtps_cpp/sensor_msgs/msg/detail/dds_fastrtps/imu__type_support.cpp.o
[ 73%] Linking C shared library libsensor_msgs__rosidl_typesupport_introspection_c.so
[ 73%] Building CXX object CMakeFiles/sensor_msgs__rosidl_typesupport_fastrtps_c.dir/rosidl_typesupport_fastrtps_c/sensor_msgs/msg/detail/channel_float32__type_support_c.cpp.o
[ 73%] Built target sensor_msgs__rosidl_typesupport_introspection_c
[ 74%] Building CXX object CMakeFiles/sensor_msgs__rosidl_typesupport_fastrtps_cpp.dir/rosidl_typesupport_fastrtps_cpp/sensor_msgs/msg/detail/dds_fastrtps/joint_state__type_support.cpp.o
[ 74%] Building CXX object CMakeFiles/sensor_msgs__rosidl_typesupport_fastrtps_c.dir/rosidl_typesupport_fastrtps_c/sensor_msgs/msg/detail/compressed_image__type_support_c.cpp.o
[ 75%] Building CXX object CMakeFiles/sensor_msgs__rosidl_typesupport_fastrtps_c.dir/rosidl_typesupport_fastrtps_c/sensor_msgs/msg/detail/fluid_pressure__type_support_c.cpp.o
[ 75%] Building CXX object CMakeFiles/sensor_msgs__rosidl_typesupport_fastrtps_c.dir/rosidl_typesupport_fastrtps_c/sensor_msgs/msg/detail/illuminance__type_support_c.cpp.o
[ 75%] Building CXX object CMakeFiles/sensor_msgs__rosidl_typesupport_fastrtps_c.dir/rosidl_typesupport_fastrtps_c/sensor_msgs/msg/detail/image__type_support_c.cpp.o
[ 76%] Building CXX object CMakeFiles/sensor_msgs__rosidl_typesupport_fastrtps_c.dir/rosidl_typesupport_fastrtps_c/sensor_msgs/msg/detail/imu__type_support_c.cpp.o
[ 77%] Building CXX object CMakeFiles/sensor_msgs__rosidl_typesupport_fastrtps_cpp.dir/rosidl_typesupport_fastrtps_cpp/sensor_msgs/msg/detail/dds_fastrtps/joy_feedback_array__type_support.cpp.o
[ 77%] Building CXX object CMakeFiles/sensor_msgs__rosidl_typesupport_fastrtps_c.dir/rosidl_typesupport_fastrtps_c/sensor_msgs/msg/detail/joint_state__type_support_c.cpp.o
[ 77%] Building CXX object CMakeFiles/sensor_msgs__rosidl_typesupport_fastrtps_c.dir/rosidl_typesupport_fastrtps_c/sensor_msgs/msg/detail/joy__type_support_c.cpp.o
[ 77%] Building CXX object CMakeFiles/sensor_msgs__rosidl_typesupport_fastrtps_cpp.dir/rosidl_typesupport_fastrtps_cpp/sensor_msgs/msg/detail/dds_fastrtps/joy_feedback__type_support.cpp.o
[ 77%] Building CXX object CMakeFiles/sensor_msgs__rosidl_typesupport_fastrtps_cpp.dir/rosidl_typesupport_fastrtps_cpp/sensor_msgs/msg/detail/dds_fastrtps/joy__type_support.cpp.o
[ 77%] Building CXX object CMakeFiles/sensor_msgs__rosidl_typesupport_fastrtps_c.dir/rosidl_typesupport_fastrtps_c/sensor_msgs/msg/detail/joy_feedback_array__type_support_c.cpp.o
[ 77%] Building CXX object CMakeFiles/sensor_msgs__rosidl_typesupport_fastrtps_cpp.dir/rosidl_typesupport_fastrtps_cpp/sensor_msgs/msg/detail/dds_fastrtps/laser_echo__type_support.cpp.o
[ 77%] Linking CXX shared library libsensor_msgs__rosidl_typesupport_introspection_cpp.so
[ 77%] Building CXX object CMakeFiles/sensor_msgs__rosidl_typesupport_fastrtps_c.dir/rosidl_typesupport_fastrtps_c/sensor_msgs/msg/detail/laser_echo__type_support_c.cpp.o
[ 78%] Building CXX object CMakeFiles/sensor_msgs__rosidl_typesupport_fastrtps_c.dir/rosidl_typesupport_fastrtps_c/sensor_msgs/msg/detail/joy_feedback__type_support_c.cpp.o
[ 79%] Building CXX object CMakeFiles/sensor_msgs__rosidl_typesupport_fastrtps_cpp.dir/rosidl_typesupport_fastrtps_cpp/sensor_msgs/msg/detail/dds_fastrtps/magnetic_field__type_support.cpp.o
[ 79%] Building CXX object CMakeFiles/sensor_msgs__rosidl_typesupport_fastrtps_cpp.dir/rosidl_typesupport_fastrtps_cpp/sensor_msgs/msg/detail/dds_fastrtps/laser_scan__type_support.cpp.o
[ 79%] Building CXX object CMakeFiles/sensor_msgs__rosidl_typesupport_fastrtps_cpp.dir/rosidl_typesupport_fastrtps_cpp/sensor_msgs/msg/detail/dds_fastrtps/multi_dof_joint_state__type_support.cpp.o
[ 79%] Building CXX object CMakeFiles/sensor_msgs__rosidl_typesupport_fastrtps_cpp.dir/rosidl_typesupport_fastrtps_cpp/sensor_msgs/msg/detail/dds_fastrtps/multi_echo_laser_scan__type_support.cpp.o
[ 79%] Building CXX object CMakeFiles/sensor_msgs__rosidl_typesupport_fastrtps_c.dir/rosidl_typesupport_fastrtps_c/sensor_msgs/msg/detail/magnetic_field__type_support_c.cpp.o
[ 79%] Building CXX object CMakeFiles/sensor_msgs__rosidl_typesupport_fastrtps_c.dir/rosidl_typesupport_fastrtps_c/sensor_msgs/msg/detail/multi_dof_joint_state__type_support_c.cpp.o
[ 80%] Building CXX object CMakeFiles/sensor_msgs__rosidl_typesupport_fastrtps_c.dir/rosidl_typesupport_fastrtps_c/sensor_msgs/msg/detail/laser_scan__type_support_c.cpp.o
[ 80%] Built target sensor_msgs__rosidl_typesupport_introspection_cpp
[ 81%] Building CXX object CMakeFiles/sensor_msgs__rosidl_typesupport_fastrtps_c.dir/rosidl_typesupport_fastrtps_c/sensor_msgs/msg/detail/multi_echo_laser_scan__type_support_c.cpp.o
[ 81%] Building CXX object CMakeFiles/sensor_msgs__rosidl_typesupport_fastrtps_c.dir/rosidl_typesupport_fastrtps_c/sensor_msgs/msg/detail/nav_sat_fix__type_support_c.cpp.o
[ 82%] Building CXX object CMakeFiles/sensor_msgs__rosidl_typesupport_fastrtps_cpp.dir/rosidl_typesupport_fastrtps_cpp/sensor_msgs/msg/detail/dds_fastrtps/nav_sat_fix__type_support.cpp.o
[ 82%] Building CXX object CMakeFiles/sensor_msgs__rosidl_typesupport_fastrtps_cpp.dir/rosidl_typesupport_fastrtps_cpp/sensor_msgs/msg/detail/dds_fastrtps/nav_sat_status__type_support.cpp.o
[ 82%] Building CXX object CMakeFiles/sensor_msgs__rosidl_typesupport_fastrtps_c.dir/rosidl_typesupport_fastrtps_c/sensor_msgs/msg/detail/nav_sat_status__type_support_c.cpp.o
[ 83%] Building CXX object CMakeFiles/sensor_msgs__rosidl_typesupport_fastrtps_c.dir/rosidl_typesupport_fastrtps_c/sensor_msgs/msg/detail/point_cloud__type_support_c.cpp.o
[ 83%] Building CXX object CMakeFiles/sensor_msgs__rosidl_typesupport_fastrtps_cpp.dir/rosidl_typesupport_fastrtps_cpp/sensor_msgs/msg/detail/dds_fastrtps/point_cloud__type_support.cpp.o
[ 84%] Building CXX object CMakeFiles/sensor_msgs__rosidl_typesupport_fastrtps_cpp.dir/rosidl_typesupport_fastrtps_cpp/sensor_msgs/msg/detail/dds_fastrtps/point_cloud2__type_support.cpp.o
[ 84%] Building CXX object CMakeFiles/sensor_msgs__rosidl_typesupport_fastrtps_cpp.dir/rosidl_typesupport_fastrtps_cpp/sensor_msgs/msg/detail/dds_fastrtps/point_field__type_support.cpp.o
[ 84%] Building CXX object CMakeFiles/sensor_msgs__rosidl_typesupport_fastrtps_cpp.dir/rosidl_typesupport_fastrtps_cpp/sensor_msgs/msg/detail/dds_fastrtps/range__type_support.cpp.o
[ 84%] Building CXX object CMakeFiles/sensor_msgs__rosidl_typesupport_fastrtps_c.dir/rosidl_typesupport_fastrtps_c/sensor_msgs/msg/detail/point_cloud2__type_support_c.cpp.o
[ 84%] Building CXX object CMakeFiles/sensor_msgs__rosidl_typesupport_fastrtps_c.dir/rosidl_typesupport_fastrtps_c/sensor_msgs/msg/detail/point_field__type_support_c.cpp.o
[ 85%] Building CXX object CMakeFiles/sensor_msgs__rosidl_typesupport_fastrtps_c.dir/rosidl_typesupport_fastrtps_c/sensor_msgs/msg/detail/range__type_support_c.cpp.o
[ 85%] Building CXX object CMakeFiles/sensor_msgs__rosidl_typesupport_fastrtps_cpp.dir/rosidl_typesupport_fastrtps_cpp/sensor_msgs/msg/detail/dds_fastrtps/region_of_interest__type_support.cpp.o
[ 86%] Building CXX object CMakeFiles/sensor_msgs__rosidl_typesupport_fastrtps_cpp.dir/rosidl_typesupport_fastrtps_cpp/sensor_msgs/msg/detail/dds_fastrtps/relative_humidity__type_support.cpp.o
[ 86%] Building CXX object CMakeFiles/sensor_msgs__rosidl_typesupport_fastrtps_c.dir/rosidl_typesupport_fastrtps_c/sensor_msgs/msg/detail/region_of_interest__type_support_c.cpp.o
[ 86%] Building CXX object CMakeFiles/sensor_msgs__rosidl_typesupport_fastrtps_c.dir/rosidl_typesupport_fastrtps_c/sensor_msgs/msg/detail/relative_humidity__type_support_c.cpp.o
[ 86%] Building CXX object CMakeFiles/sensor_msgs__rosidl_typesupport_fastrtps_c.dir/rosidl_typesupport_fastrtps_c/sensor_msgs/msg/detail/temperature__type_support_c.cpp.o
[ 86%] Building CXX object CMakeFiles/sensor_msgs__rosidl_typesupport_fastrtps_cpp.dir/rosidl_typesupport_fastrtps_cpp/sensor_msgs/msg/detail/dds_fastrtps/temperature__type_support.cpp.o
[ 87%] Building CXX object CMakeFiles/sensor_msgs__rosidl_typesupport_fastrtps_c.dir/rosidl_typesupport_fastrtps_c/sensor_msgs/msg/detail/time_reference__type_support_c.cpp.o
[ 87%] Building CXX object CMakeFiles/sensor_msgs__rosidl_typesupport_fastrtps_cpp.dir/rosidl_typesupport_fastrtps_cpp/sensor_msgs/msg/detail/dds_fastrtps/time_reference__type_support.cpp.o
[ 87%] Building CXX object CMakeFiles/sensor_msgs__rosidl_typesupport_fastrtps_c.dir/rosidl_typesupport_fastrtps_c/sensor_msgs/srv/detail/set_camera_info__type_support_c.cpp.o
[ 88%] Building CXX object CMakeFiles/sensor_msgs__rosidl_typesupport_fastrtps_cpp.dir/rosidl_typesupport_fastrtps_cpp/sensor_msgs/srv/detail/dds_fastrtps/set_camera_info__type_support.cpp.o
[ 88%] Linking CXX shared library libsensor_msgs__rosidl_typesupport_fastrtps_c.so
[ 88%] Built target sensor_msgs__rosidl_typesupport_fastrtps_c
[ 88%] Linking CXX shared library libsensor_msgs__rosidl_typesupport_fastrtps_cpp.so
[ 88%] Built target sensor_msgs__rosidl_typesupport_fastrtps_cpp
[ 89%] Linking CXX executable test_sensor_msgs
[ 89%] Built target sensor_msgs
[ 89%] Generating Python code for ROS interfaces
[ 89%] Built target test_sensor_msgs
[ 89%] Built target sensor_msgs__py
[ 89%] Building C object CMakeFiles/sensor_msgs__rosidl_generator_py.dir/rosidl_generator_py/sensor_msgs/msg/_battery_state_s.c.o
[ 90%] Building C object CMakeFiles/sensor_msgs__rosidl_generator_py.dir/rosidl_generator_py/sensor_msgs/msg/_camera_info_s.c.o
[ 90%] Building C object CMakeFiles/sensor_msgs__rosidl_generator_py.dir/rosidl_generator_py/sensor_msgs/msg/_channel_float32_s.c.o
[ 90%] Building C object CMakeFiles/sensor_msgs__rosidl_generator_py.dir/rosidl_generator_py/sensor_msgs/msg/_compressed_image_s.c.o
[ 91%] Building C object CMakeFiles/sensor_msgs__rosidl_generator_py.dir/rosidl_generator_py/sensor_msgs/msg/_fluid_pressure_s.c.o
[ 91%] Building C object CMakeFiles/sensor_msgs__rosidl_generator_py.dir/rosidl_generator_py/sensor_msgs/msg/_illuminance_s.c.o
[ 91%] Building C object CMakeFiles/sensor_msgs__rosidl_generator_py.dir/rosidl_generator_py/sensor_msgs/msg/_image_s.c.o
[ 92%] Building C object CMakeFiles/sensor_msgs__rosidl_generator_py.dir/rosidl_generator_py/sensor_msgs/msg/_imu_s.c.o
[ 92%] Building C object CMakeFiles/sensor_msgs__rosidl_generator_py.dir/rosidl_generator_py/sensor_msgs/msg/_joint_state_s.c.o
[ 93%] Building C object CMakeFiles/sensor_msgs__rosidl_generator_py.dir/rosidl_generator_py/sensor_msgs/msg/_joy_feedback_s.c.o
[ 93%] Building C object CMakeFiles/sensor_msgs__rosidl_generator_py.dir/rosidl_generator_py/sensor_msgs/msg/_joy_s.c.o
[ 93%] Building C object CMakeFiles/sensor_msgs__rosidl_generator_py.dir/rosidl_generator_py/sensor_msgs/msg/_joy_feedback_array_s.c.o
[ 93%] Building C object CMakeFiles/sensor_msgs__rosidl_generator_py.dir/rosidl_generator_py/sensor_msgs/msg/_laser_echo_s.c.o
[ 93%] Building C object CMakeFiles/sensor_msgs__rosidl_generator_py.dir/rosidl_generator_py/sensor_msgs/msg/_laser_scan_s.c.o
[ 94%] Building C object CMakeFiles/sensor_msgs__rosidl_generator_py.dir/rosidl_generator_py/sensor_msgs/msg/_region_of_interest_s.c.o
[ 94%] Building C object CMakeFiles/sensor_msgs__rosidl_generator_py.dir/rosidl_generator_py/sensor_msgs/msg/_point_field_s.c.o
[ 94%] Building C object CMakeFiles/sensor_msgs__rosidl_generator_py.dir/rosidl_generator_py/sensor_msgs/msg/_relative_humidity_s.c.o
[ 94%] Building C object CMakeFiles/sensor_msgs__rosidl_generator_py.dir/rosidl_generator_py/sensor_msgs/msg/_range_s.c.o
[ 94%] Building C object CMakeFiles/sensor_msgs__rosidl_generator_py.dir/rosidl_generator_py/sensor_msgs/msg/_temperature_s.c.o
[ 94%] Building C object CMakeFiles/sensor_msgs__rosidl_generator_py.dir/rosidl_generator_py/sensor_msgs/srv/_set_camera_info_s.c.o
[ 95%] Building C object CMakeFiles/sensor_msgs__rosidl_generator_py.dir/rosidl_generator_py/sensor_msgs/msg/_time_reference_s.c.o
[ 96%] Building C object CMakeFiles/sensor_msgs__rosidl_generator_py.dir/rosidl_generator_py/sensor_msgs/msg/_point_cloud2_s.c.o
[ 96%] Building C object CMakeFiles/sensor_msgs__rosidl_generator_py.dir/rosidl_generator_py/sensor_msgs/msg/_point_cloud_s.c.o
[ 96%] Building C object CMakeFiles/sensor_msgs__rosidl_generator_py.dir/rosidl_generator_py/sensor_msgs/msg/_nav_sat_status_s.c.o
[ 97%] Building C object CMakeFiles/sensor_msgs__rosidl_generator_py.dir/rosidl_generator_py/sensor_msgs/msg/_nav_sat_fix_s.c.o
[ 97%] Building C object CMakeFiles/sensor_msgs__rosidl_generator_py.dir/rosidl_generator_py/sensor_msgs/msg/_multi_echo_laser_scan_s.c.o
[ 97%] Building C object CMakeFiles/sensor_msgs__rosidl_generator_py.dir/rosidl_generator_py/sensor_msgs/msg/_multi_dof_joint_state_s.c.o
[ 98%] Building C object CMakeFiles/sensor_msgs__rosidl_generator_py.dir/rosidl_generator_py/sensor_msgs/msg/_magnetic_field_s.c.o
[ 98%] Linking C shared library libsensor_msgs__rosidl_generator_py.so
[ 98%] Built target sensor_msgs__rosidl_generator_py
[ 99%] Building C object CMakeFiles/sensor_msgs_s__rosidl_typesupport_fastrtps_c.dir/rosidl_generator_py/sensor_msgs/_sensor_msgs_s.ep.rosidl_typesupport_fastrtps_c.c.o
[ 99%] Building C object CMakeFiles/sensor_msgs_s__rosidl_typesupport_introspection_c.dir/rosidl_generator_py/sensor_msgs/_sensor_msgs_s.ep.rosidl_typesupport_introspection_c.c.o
[ 99%] Building C object CMakeFiles/sensor_msgs_s__rosidl_typesupport_c.dir/rosidl_generator_py/sensor_msgs/_sensor_msgs_s.ep.rosidl_typesupport_c.c.o
[ 99%] Linking C shared module rosidl_generator_py/sensor_msgs/sensor_msgs_s__rosidl_typesupport_introspection_c.so
[100%] Linking C shared module rosidl_generator_py/sensor_msgs/sensor_msgs_s__rosidl_typesupport_fastrtps_c.so
[100%] Linking C shared module rosidl_generator_py/sensor_msgs/sensor_msgs_s__rosidl_typesupport_c.so
[100%] Built target sensor_msgs_s__rosidl_typesupport_introspection_c
[100%] Built target sensor_msgs_s__rosidl_typesupport_fastrtps_c
[100%] Built target sensor_msgs_s__rosidl_typesupport_c
-- Install configuration: ""
-- Installing: /workspace/jazzy_ws/install/share/ament_index/resource_index/rosidl_interfaces/sensor_msgs
-- Installing: /workspace/jazzy_ws/install/share/sensor_msgs/msg/BatteryState.json
-- Installing: /workspace/jazzy_ws/install/share/sensor_msgs/msg/CameraInfo.json
-- Installing: /workspace/jazzy_ws/install/share/sensor_msgs/msg/ChannelFloat32.json
-- Installing: /workspace/jazzy_ws/install/share/sensor_msgs/msg/CompressedImage.json
-- Installing: /workspace/jazzy_ws/install/share/sensor_msgs/msg/FluidPressure.json
-- Installing: /workspace/jazzy_ws/install/share/sensor_msgs/msg/Illuminance.json
-- Installing: /workspace/jazzy_ws/install/share/sensor_msgs/msg/Image.json
-- Installing: /workspace/jazzy_ws/install/share/sensor_msgs/msg/Imu.json
-- Installing: /workspace/jazzy_ws/install/share/sensor_msgs/msg/JointState.json
-- Installing: /workspace/jazzy_ws/install/share/sensor_msgs/msg/Joy.json
-- Installing: /workspace/jazzy_ws/install/share/sensor_msgs/msg/JoyFeedback.json
-- Installing: /workspace/jazzy_ws/install/share/sensor_msgs/msg/JoyFeedbackArray.json
-- Installing: /workspace/jazzy_ws/install/share/sensor_msgs/msg/LaserEcho.json
-- Installing: /workspace/jazzy_ws/install/share/sensor_msgs/msg/LaserScan.json
-- Installing: /workspace/jazzy_ws/install/share/sensor_msgs/msg/MagneticField.json
-- Installing: /workspace/jazzy_ws/install/share/sensor_msgs/msg/MultiDOFJointState.json
-- Installing: /workspace/jazzy_ws/install/share/sensor_msgs/msg/MultiEchoLaserScan.json
-- Installing: /workspace/jazzy_ws/install/share/sensor_msgs/msg/NavSatFix.json
-- Installing: /workspace/jazzy_ws/install/share/sensor_msgs/msg/NavSatStatus.json
-- Installing: /workspace/jazzy_ws/install/share/sensor_msgs/msg/PointCloud.json
-- Installing: /workspace/jazzy_ws/install/share/sensor_msgs/msg/PointCloud2.json
-- Installing: /workspace/jazzy_ws/install/share/sensor_msgs/msg/PointField.json
-- Installing: /workspace/jazzy_ws/install/share/sensor_msgs/msg/Range.json
-- Installing: /workspace/jazzy_ws/install/share/sensor_msgs/msg/RegionOfInterest.json
-- Installing: /workspace/jazzy_ws/install/share/sensor_msgs/msg/RelativeHumidity.json
-- Installing: /workspace/jazzy_ws/install/share/sensor_msgs/msg/Temperature.json
-- Installing: /workspace/jazzy_ws/install/share/sensor_msgs/msg/TimeReference.json
-- Installing: /workspace/jazzy_ws/install/share/sensor_msgs/srv/SetCameraInfo.json
-- Installing: /workspace/jazzy_ws/install/include/sensor_msgs/sensor_msgs
-- Installing: /workspace/jazzy_ws/install/include/sensor_msgs/sensor_msgs/msg
-- Installing: /workspace/jazzy_ws/install/include/sensor_msgs/sensor_msgs/msg/detail
-- Installing: /workspace/jazzy_ws/install/include/sensor_msgs/sensor_msgs/msg/detail/joy__functions.h
-- Installing: /workspace/jazzy_ws/install/include/sensor_msgs/sensor_msgs/msg/detail/point_field__struct.h
-- Installing: /workspace/jazzy_ws/install/include/sensor_msgs/sensor_msgs/msg/detail/relative_humidity__type_support.c
-- Installing: /workspace/jazzy_ws/install/include/sensor_msgs/sensor_msgs/msg/detail/camera_info__functions.h
-- Installing: /workspace/jazzy_ws/install/include/sensor_msgs/sensor_msgs/msg/detail/time_reference__type_support.h
-- Installing: /workspace/jazzy_ws/install/include/sensor_msgs/sensor_msgs/msg/detail/time_reference__struct.h
-- Installing: /workspace/jazzy_ws/install/include/sensor_msgs/sensor_msgs/msg/detail/point_field__functions.c
-- Installing: /workspace/jazzy_ws/install/include/sensor_msgs/sensor_msgs/msg/detail/channel_float32__struct.h
-- Installing: /workspace/jazzy_ws/install/include/sensor_msgs/sensor_msgs/msg/detail/channel_float32__functions.c
-- Installing: /workspace/jazzy_ws/install/include/sensor_msgs/sensor_msgs/msg/detail/range__type_support.c
-- Installing: /workspace/jazzy_ws/install/include/sensor_msgs/sensor_msgs/msg/detail/image__description.c
-- Installing: /workspace/jazzy_ws/install/include/sensor_msgs/sensor_msgs/msg/detail/multi_dof_joint_state__type_support.c
-- Installing: /workspace/jazzy_ws/install/include/sensor_msgs/sensor_msgs/msg/detail/nav_sat_fix__functions.c
-- Installing: /workspace/jazzy_ws/install/include/sensor_msgs/sensor_msgs/msg/detail/nav_sat_fix__type_support.c
-- Installing: /workspace/jazzy_ws/install/include/sensor_msgs/sensor_msgs/msg/detail/nav_sat_status__struct.h
-- Installing: /workspace/jazzy_ws/install/include/sensor_msgs/sensor_msgs/msg/detail/compressed_image__functions.h
-- Installing: /workspace/jazzy_ws/install/include/sensor_msgs/sensor_msgs/msg/detail/point_cloud__functions.c
-- Installing: /workspace/jazzy_ws/install/include/sensor_msgs/sensor_msgs/msg/detail/joy__description.c
-- Installing: /workspace/jazzy_ws/install/include/sensor_msgs/sensor_msgs/msg/detail/laser_echo__type_support.h
-- Installing: /workspace/jazzy_ws/install/include/sensor_msgs/sensor_msgs/msg/detail/time_reference__description.c
-- Installing: /workspace/jazzy_ws/install/include/sensor_msgs/sensor_msgs/msg/detail/fluid_pressure__functions.h
-- Installing: /workspace/jazzy_ws/install/include/sensor_msgs/sensor_msgs/msg/detail/multi_echo_laser_scan__functions.h
-- Installing: /workspace/jazzy_ws/install/include/sensor_msgs/sensor_msgs/msg/detail/temperature__type_support.c
-- Installing: /workspace/jazzy_ws/install/include/sensor_msgs/sensor_msgs/msg/detail/multi_dof_joint_state__description.c
-- Installing: /workspace/jazzy_ws/install/include/sensor_msgs/sensor_msgs/msg/detail/multi_echo_laser_scan__struct.h
-- Installing: /workspace/jazzy_ws/install/include/sensor_msgs/sensor_msgs/msg/detail/relative_humidity__description.c
-- Installing: /workspace/jazzy_ws/install/include/sensor_msgs/sensor_msgs/msg/detail/region_of_interest__functions.h
-- Installing: /workspace/jazzy_ws/install/include/sensor_msgs/sensor_msgs/msg/detail/laser_echo__functions.c
-- Installing: /workspace/jazzy_ws/install/include/sensor_msgs/sensor_msgs/msg/detail/magnetic_field__description.c
-- Installing: /workspace/jazzy_ws/install/include/sensor_msgs/sensor_msgs/msg/detail/nav_sat_fix__type_support.h
-- Installing: /workspace/jazzy_ws/install/include/sensor_msgs/sensor_msgs/msg/detail/point_cloud2__functions.c
-- Installing: /workspace/jazzy_ws/install/include/sensor_msgs/sensor_msgs/msg/detail/joy_feedback__functions.c
-- Installing: /workspace/jazzy_ws/install/include/sensor_msgs/sensor_msgs/msg/detail/joy_feedback_array__struct.h
-- Installing: /workspace/jazzy_ws/install/include/sensor_msgs/sensor_msgs/msg/detail/battery_state__type_support.c
-- Installing: /workspace/jazzy_ws/install/include/sensor_msgs/sensor_msgs/msg/detail/point_field__functions.h
-- Installing: /workspace/jazzy_ws/install/include/sensor_msgs/sensor_msgs/msg/detail/illuminance__description.c
-- Installing: /workspace/jazzy_ws/install/include/sensor_msgs/sensor_msgs/msg/detail/fluid_pressure__struct.h
-- Installing: /workspace/jazzy_ws/install/include/sensor_msgs/sensor_msgs/msg/detail/channel_float32__type_support.c
-- Installing: /workspace/jazzy_ws/install/include/sensor_msgs/sensor_msgs/msg/detail/multi_echo_laser_scan__type_support.c
-- Installing: /workspace/jazzy_ws/install/include/sensor_msgs/sensor_msgs/msg/detail/range__type_support.h
-- Installing: /workspace/jazzy_ws/install/include/sensor_msgs/sensor_msgs/msg/detail/laser_scan__functions.c
-- Installing: /workspace/jazzy_ws/install/include/sensor_msgs/sensor_msgs/msg/detail/joy_feedback__type_support.c
-- Installing: /workspace/jazzy_ws/install/include/sensor_msgs/sensor_msgs/msg/detail/battery_state__struct.h
-- Installing: /workspace/jazzy_ws/install/include/sensor_msgs/sensor_msgs/msg/detail/region_of_interest__description.c
-- Installing: /workspace/jazzy_ws/install/include/sensor_msgs/sensor_msgs/msg/detail/point_cloud2__functions.h
-- Installing: /workspace/jazzy_ws/install/include/sensor_msgs/sensor_msgs/msg/detail/multi_echo_laser_scan__functions.c
-- Installing: /workspace/jazzy_ws/install/include/sensor_msgs/sensor_msgs/msg/detail/nav_sat_fix__description.c
-- Installing: /workspace/jazzy_ws/install/include/sensor_msgs/sensor_msgs/msg/detail/imu__struct.h
-- Installing: /workspace/jazzy_ws/install/include/sensor_msgs/sensor_msgs/msg/detail/channel_float32__type_support.h
-- Installing: /workspace/jazzy_ws/install/include/sensor_msgs/sensor_msgs/msg/detail/point_field__type_support.c
-- Installing: /workspace/jazzy_ws/install/include/sensor_msgs/sensor_msgs/msg/detail/illuminance__type_support.c
-- Installing: /workspace/jazzy_ws/install/include/sensor_msgs/sensor_msgs/msg/detail/joint_state__functions.c
-- Installing: /workspace/jazzy_ws/install/include/sensor_msgs/sensor_msgs/msg/detail/joy_feedback__type_support.h
-- Installing: /workspace/jazzy_ws/install/include/sensor_msgs/sensor_msgs/msg/detail/laser_scan__type_support.h
-- Installing: /workspace/jazzy_ws/install/include/sensor_msgs/sensor_msgs/msg/detail/laser_scan__struct.h
-- Installing: /workspace/jazzy_ws/install/include/sensor_msgs/sensor_msgs/msg/detail/multi_echo_laser_scan__description.c
-- Installing: /workspace/jazzy_ws/install/include/sensor_msgs/sensor_msgs/msg/detail/point_cloud__struct.h
-- Installing: /workspace/jazzy_ws/install/include/sensor_msgs/sensor_msgs/msg/detail/illuminance__type_support.h
-- Installing: /workspace/jazzy_ws/install/include/sensor_msgs/sensor_msgs/msg/detail/time_reference__functions.c
-- Installing: /workspace/jazzy_ws/install/include/sensor_msgs/sensor_msgs/msg/detail/joy_feedback_array__functions.h
-- Installing: /workspace/jazzy_ws/install/include/sensor_msgs/sensor_msgs/msg/detail/camera_info__functions.c
-- Installing: /workspace/jazzy_ws/install/include/sensor_msgs/sensor_msgs/msg/detail/point_cloud2__struct.h
-- Installing: /workspace/jazzy_ws/install/include/sensor_msgs/sensor_msgs/msg/detail/point_field__type_support.h
-- Installing: /workspace/jazzy_ws/install/include/sensor_msgs/sensor_msgs/msg/detail/joy__type_support.h
-- Installing: /workspace/jazzy_ws/install/include/sensor_msgs/sensor_msgs/msg/detail/compressed_image__functions.c
-- Installing: /workspace/jazzy_ws/install/include/sensor_msgs/sensor_msgs/msg/detail/illuminance__functions.c
-- Installing: /workspace/jazzy_ws/install/include/sensor_msgs/sensor_msgs/msg/detail/nav_sat_status__type_support.h
-- Installing: /workspace/jazzy_ws/install/include/sensor_msgs/sensor_msgs/msg/detail/joy_feedback__description.c
-- Installing: /workspace/jazzy_ws/install/include/sensor_msgs/sensor_msgs/msg/detail/multi_echo_laser_scan__type_support.h
-- Installing: /workspace/jazzy_ws/install/include/sensor_msgs/sensor_msgs/msg/detail/joy_feedback__struct.h
-- Installing: /workspace/jazzy_ws/install/include/sensor_msgs/sensor_msgs/msg/detail/joy__struct.h
-- Installing: /workspace/jazzy_ws/install/include/sensor_msgs/sensor_msgs/msg/detail/channel_float32__functions.h
-- Installing: /workspace/jazzy_ws/install/include/sensor_msgs/sensor_msgs/msg/detail/compressed_image__type_support.h
-- Installing: /workspace/jazzy_ws/install/include/sensor_msgs/sensor_msgs/msg/detail/compressed_image__type_support.c
-- Installing: /workspace/jazzy_ws/install/include/sensor_msgs/sensor_msgs/msg/detail/magnetic_field__type_support.c
-- Installing: /workspace/jazzy_ws/install/include/sensor_msgs/sensor_msgs/msg/detail/region_of_interest__functions.c
-- Installing: /workspace/jazzy_ws/install/include/sensor_msgs/sensor_msgs/msg/detail/battery_state__functions.h
-- Installing: /workspace/jazzy_ws/install/include/sensor_msgs/sensor_msgs/msg/detail/temperature__struct.h
-- Installing: /workspace/jazzy_ws/install/include/sensor_msgs/sensor_msgs/msg/detail/laser_scan__type_support.c
-- Installing: /workspace/jazzy_ws/install/include/sensor_msgs/sensor_msgs/msg/detail/time_reference__type_support.c
-- Installing: /workspace/jazzy_ws/install/include/sensor_msgs/sensor_msgs/msg/detail/magnetic_field__type_support.h
-- Installing: /workspace/jazzy_ws/install/include/sensor_msgs/sensor_msgs/msg/detail/image__type_support.h
-- Installing: /workspace/jazzy_ws/install/include/sensor_msgs/sensor_msgs/msg/detail/fluid_pressure__description.c
-- Installing: /workspace/jazzy_ws/install/include/sensor_msgs/sensor_msgs/msg/detail/imu__description.c
-- Installing: /workspace/jazzy_ws/install/include/sensor_msgs/sensor_msgs/msg/detail/battery_state__type_support.h
-- Installing: /workspace/jazzy_ws/install/include/sensor_msgs/sensor_msgs/msg/detail/nav_sat_status__description.c
-- Installing: /workspace/jazzy_ws/install/include/sensor_msgs/sensor_msgs/msg/detail/channel_float32__description.c
-- Installing: /workspace/jazzy_ws/install/include/sensor_msgs/sensor_msgs/msg/detail/imu__functions.h
-- Installing: /workspace/jazzy_ws/install/include/sensor_msgs/sensor_msgs/msg/detail/temperature__type_support.h
-- Installing: /workspace/jazzy_ws/install/include/sensor_msgs/sensor_msgs/msg/detail/image__functions.c
-- Installing: /workspace/jazzy_ws/install/include/sensor_msgs/sensor_msgs/msg/detail/compressed_image__struct.h
-- Installing: /workspace/jazzy_ws/install/include/sensor_msgs/sensor_msgs/msg/detail/multi_dof_joint_state__struct.h
-- Installing: /workspace/jazzy_ws/install/include/sensor_msgs/sensor_msgs/msg/detail/joint_state__type_support.h
-- Installing: /workspace/jazzy_ws/install/include/sensor_msgs/sensor_msgs/msg/detail/joy_feedback_array__type_support.h
-- Installing: /workspace/jazzy_ws/install/include/sensor_msgs/sensor_msgs/msg/detail/battery_state__functions.c
-- Installing: /workspace/jazzy_ws/install/include/sensor_msgs/sensor_msgs/msg/detail/compressed_image__description.c
-- Installing: /workspace/jazzy_ws/install/include/sensor_msgs/sensor_msgs/msg/detail/joy_feedback_array__type_support.c
-- Installing: /workspace/jazzy_ws/install/include/sensor_msgs/sensor_msgs/msg/detail/temperature__description.c
-- Installing: /workspace/jazzy_ws/install/include/sensor_msgs/sensor_msgs/msg/detail/range__description.c
-- Installing: /workspace/jazzy_ws/install/include/sensor_msgs/sensor_msgs/msg/detail/joy_feedback__functions.h
-- Installing: /workspace/jazzy_ws/install/include/sensor_msgs/sensor_msgs/msg/detail/joint_state__functions.h
-- Installing: /workspace/jazzy_ws/install/include/sensor_msgs/sensor_msgs/msg/detail/fluid_pressure__functions.c
-- Installing: /workspace/jazzy_ws/install/include/sensor_msgs/sensor_msgs/msg/detail/joint_state__type_support.c
-- Installing: /workspace/jazzy_ws/install/include/sensor_msgs/sensor_msgs/msg/detail/imu__type_support.c
-- Installing: /workspace/jazzy_ws/install/include/sensor_msgs/sensor_msgs/msg/detail/multi_dof_joint_state__functions.c
-- Installing: /workspace/jazzy_ws/install/include/sensor_msgs/sensor_msgs/msg/detail/range__functions.c
-- Installing: /workspace/jazzy_ws/install/include/sensor_msgs/sensor_msgs/msg/detail/nav_sat_status__type_support.c
-- Installing: /workspace/jazzy_ws/install/include/sensor_msgs/sensor_msgs/msg/detail/camera_info__struct.h
-- Installing: /workspace/jazzy_ws/install/include/sensor_msgs/sensor_msgs/msg/detail/region_of_interest__type_support.c
-- Installing: /workspace/jazzy_ws/install/include/sensor_msgs/sensor_msgs/msg/detail/camera_info__description.c
-- Installing: /workspace/jazzy_ws/install/include/sensor_msgs/sensor_msgs/msg/detail/point_cloud__functions.h
-- Installing: /workspace/jazzy_ws/install/include/sensor_msgs/sensor_msgs/msg/detail/battery_state__description.c
-- Installing: /workspace/jazzy_ws/install/include/sensor_msgs/sensor_msgs/msg/detail/multi_dof_joint_state__functions.h
-- Installing: /workspace/jazzy_ws/install/include/sensor_msgs/sensor_msgs/msg/detail/relative_humidity__functions.c
-- Installing: /workspace/jazzy_ws/install/include/sensor_msgs/sensor_msgs/msg/detail/joy_feedback_array__functions.c
-- Installing: /workspace/jazzy_ws/install/include/sensor_msgs/sensor_msgs/msg/detail/magnetic_field__functions.c
-- Installing: /workspace/jazzy_ws/install/include/sensor_msgs/sensor_msgs/msg/detail/temperature__functions.h
-- Installing: /workspace/jazzy_ws/install/include/sensor_msgs/sensor_msgs/msg/detail/relative_humidity__type_support.h
-- Installing: /workspace/jazzy_ws/install/include/sensor_msgs/sensor_msgs/msg/detail/image__struct.h
-- Installing: /workspace/jazzy_ws/install/include/sensor_msgs/sensor_msgs/msg/detail/illuminance__functions.h
-- Installing: /workspace/jazzy_ws/install/include/sensor_msgs/sensor_msgs/msg/detail/point_cloud2__description.c
-- Installing: /workspace/jazzy_ws/install/include/sensor_msgs/sensor_msgs/msg/detail/imu__functions.c
-- Installing: /workspace/jazzy_ws/install/include/sensor_msgs/sensor_msgs/msg/detail/point_cloud__type_support.c
-- Installing: /workspace/jazzy_ws/install/include/sensor_msgs/sensor_msgs/msg/detail/point_cloud__type_support.h
-- Installing: /workspace/jazzy_ws/install/include/sensor_msgs/sensor_msgs/msg/detail/image__functions.h
-- Installing: /workspace/jazzy_ws/install/include/sensor_msgs/sensor_msgs/msg/detail/laser_echo__description.c
-- Installing: /workspace/jazzy_ws/install/include/sensor_msgs/sensor_msgs/msg/detail/nav_sat_fix__struct.h
-- Installing: /workspace/jazzy_ws/install/include/sensor_msgs/sensor_msgs/msg/detail/joint_state__description.c
-- Installing: /workspace/jazzy_ws/install/include/sensor_msgs/sensor_msgs/msg/detail/fluid_pressure__type_support.c
-- Installing: /workspace/jazzy_ws/install/include/sensor_msgs/sensor_msgs/msg/detail/point_cloud__description.c
-- Installing: /workspace/jazzy_ws/install/include/sensor_msgs/sensor_msgs/msg/detail/magnetic_field__struct.h
-- Installing: /workspace/jazzy_ws/install/include/sensor_msgs/sensor_msgs/msg/detail/point_cloud2__type_support.h
-- Installing: /workspace/jazzy_ws/install/include/sensor_msgs/sensor_msgs/msg/detail/point_cloud2__type_support.c
-- Installing: /workspace/jazzy_ws/install/include/sensor_msgs/sensor_msgs/msg/detail/joy__type_support.c
-- Installing: /workspace/jazzy_ws/install/include/sensor_msgs/sensor_msgs/msg/detail/laser_echo__functions.h
-- Installing: /workspace/jazzy_ws/install/include/sensor_msgs/sensor_msgs/msg/detail/joy__functions.c
-- Installing: /workspace/jazzy_ws/install/include/sensor_msgs/sensor_msgs/msg/detail/point_field__description.c
-- Installing: /workspace/jazzy_ws/install/include/sensor_msgs/sensor_msgs/msg/detail/nav_sat_status__functions.h
-- Installing: /workspace/jazzy_ws/install/include/sensor_msgs/sensor_msgs/msg/detail/joy_feedback_array__description.c
-- Installing: /workspace/jazzy_ws/install/include/sensor_msgs/sensor_msgs/msg/detail/time_reference__functions.h
-- Installing: /workspace/jazzy_ws/install/include/sensor_msgs/sensor_msgs/msg/detail/joint_state__struct.h
-- Installing: /workspace/jazzy_ws/install/include/sensor_msgs/sensor_msgs/msg/detail/temperature__functions.c
-- Installing: /workspace/jazzy_ws/install/include/sensor_msgs/sensor_msgs/msg/detail/nav_sat_fix__functions.h
-- Installing: /workspace/jazzy_ws/install/include/sensor_msgs/sensor_msgs/msg/detail/region_of_interest__type_support.h
-- Installing: /workspace/jazzy_ws/install/include/sensor_msgs/sensor_msgs/msg/detail/relative_humidity__functions.h
-- Installing: /workspace/jazzy_ws/install/include/sensor_msgs/sensor_msgs/msg/detail/laser_echo__struct.h
-- Installing: /workspace/jazzy_ws/install/include/sensor_msgs/sensor_msgs/msg/detail/range__functions.h
-- Installing: /workspace/jazzy_ws/install/include/sensor_msgs/sensor_msgs/msg/detail/illuminance__struct.h
-- Installing: /workspace/jazzy_ws/install/include/sensor_msgs/sensor_msgs/msg/detail/camera_info__type_support.c
-- Installing: /workspace/jazzy_ws/install/include/sensor_msgs/sensor_msgs/msg/detail/laser_scan__functions.h
-- Installing: /workspace/jazzy_ws/install/include/sensor_msgs/sensor_msgs/msg/detail/fluid_pressure__type_support.h
-- Installing: /workspace/jazzy_ws/install/include/sensor_msgs/sensor_msgs/msg/detail/laser_echo__type_support.c
-- Installing: /workspace/jazzy_ws/install/include/sensor_msgs/sensor_msgs/msg/detail/range__struct.h
-- Installing: /workspace/jazzy_ws/install/include/sensor_msgs/sensor_msgs/msg/detail/camera_info__type_support.h
-- Installing: /workspace/jazzy_ws/install/include/sensor_msgs/sensor_msgs/msg/detail/imu__type_support.h
-- Installing: /workspace/jazzy_ws/install/include/sensor_msgs/sensor_msgs/msg/detail/laser_scan__description.c
-- Installing: /workspace/jazzy_ws/install/include/sensor_msgs/sensor_msgs/msg/detail/relative_humidity__struct.h
-- Installing: /workspace/jazzy_ws/install/include/sensor_msgs/sensor_msgs/msg/detail/region_of_interest__struct.h
-- Installing: /workspace/jazzy_ws/install/include/sensor_msgs/sensor_msgs/msg/detail/nav_sat_status__functions.c
-- Installing: /workspace/jazzy_ws/install/include/sensor_msgs/sensor_msgs/msg/detail/image__type_support.c
-- Installing: /workspace/jazzy_ws/install/include/sensor_msgs/sensor_msgs/msg/detail/multi_dof_joint_state__type_support.h
-- Installing: /workspace/jazzy_ws/install/include/sensor_msgs/sensor_msgs/msg/detail/magnetic_field__functions.h
-- Installing: /workspace/jazzy_ws/install/include/sensor_msgs/sensor_msgs/msg/magnetic_field.h
-- Installing: /workspace/jazzy_ws/install/include/sensor_msgs/sensor_msgs/msg/image.h
-- Installing: /workspace/jazzy_ws/install/include/sensor_msgs/sensor_msgs/msg/nav_sat_status.h
-- Installing: /workspace/jazzy_ws/install/include/sensor_msgs/sensor_msgs/msg/joint_state.h
-- Installing: /workspace/jazzy_ws/install/include/sensor_msgs/sensor_msgs/msg/temperature.h
-- Installing: /workspace/jazzy_ws/install/include/sensor_msgs/sensor_msgs/msg/point_field.h
-- Installing: /workspace/jazzy_ws/install/include/sensor_msgs/sensor_msgs/msg/battery_state.h
-- Installing: /workspace/jazzy_ws/install/include/sensor_msgs/sensor_msgs/msg/nav_sat_fix.h
-- Installing: /workspace/jazzy_ws/install/include/sensor_msgs/sensor_msgs/msg/point_cloud.h
-- Installing: /workspace/jazzy_ws/install/include/sensor_msgs/sensor_msgs/msg/illuminance.h
-- Installing: /workspace/jazzy_ws/install/include/sensor_msgs/sensor_msgs/msg/laser_scan.h
-- Installing: /workspace/jazzy_ws/install/include/sensor_msgs/sensor_msgs/msg/relative_humidity.h
-- Installing: /workspace/jazzy_ws/install/include/sensor_msgs/sensor_msgs/msg/imu.h
-- Installing: /workspace/jazzy_ws/install/include/sensor_msgs/sensor_msgs/msg/channel_float32.h
-- Installing: /workspace/jazzy_ws/install/include/sensor_msgs/sensor_msgs/msg/point_cloud2.h
-- Installing: /workspace/jazzy_ws/install/include/sensor_msgs/sensor_msgs/msg/multi_dof_joint_state.h
-- Installing: /workspace/jazzy_ws/install/include/sensor_msgs/sensor_msgs/msg/joy.h
-- Installing: /workspace/jazzy_ws/install/include/sensor_msgs/sensor_msgs/msg/range.h
-- Installing: /workspace/jazzy_ws/install/include/sensor_msgs/sensor_msgs/msg/fluid_pressure.h
-- Installing: /workspace/jazzy_ws/install/include/sensor_msgs/sensor_msgs/msg/region_of_interest.h
-- Installing: /workspace/jazzy_ws/install/include/sensor_msgs/sensor_msgs/msg/multi_echo_laser_scan.h
-- Installing: /workspace/jazzy_ws/install/include/sensor_msgs/sensor_msgs/msg/time_reference.h
-- Installing: /workspace/jazzy_ws/install/include/sensor_msgs/sensor_msgs/msg/joy_feedback_array.h
-- Installing: /workspace/jazzy_ws/install/include/sensor_msgs/sensor_msgs/msg/compressed_image.h
-- Installing: /workspace/jazzy_ws/install/include/sensor_msgs/sensor_msgs/msg/camera_info.h
-- Installing: /workspace/jazzy_ws/install/include/sensor_msgs/sensor_msgs/msg/rosidl_generator_c__visibility_control.h
-- Installing: /workspace/jazzy_ws/install/include/sensor_msgs/sensor_msgs/msg/laser_echo.h
-- Installing: /workspace/jazzy_ws/install/include/sensor_msgs/sensor_msgs/msg/joy_feedback.h
-- Installing: /workspace/jazzy_ws/install/include/sensor_msgs/sensor_msgs/srv
-- Installing: /workspace/jazzy_ws/install/include/sensor_msgs/sensor_msgs/srv/detail
-- Installing: /workspace/jazzy_ws/install/include/sensor_msgs/sensor_msgs/srv/detail/set_camera_info__type_support.c
-- Installing: /workspace/jazzy_ws/install/include/sensor_msgs/sensor_msgs/srv/detail/set_camera_info__type_support.h
-- Installing: /workspace/jazzy_ws/install/include/sensor_msgs/sensor_msgs/srv/detail/set_camera_info__struct.h
-- Installing: /workspace/jazzy_ws/install/include/sensor_msgs/sensor_msgs/srv/detail/set_camera_info__functions.c
-- Installing: /workspace/jazzy_ws/install/include/sensor_msgs/sensor_msgs/srv/detail/set_camera_info__description.c
-- Installing: /workspace/jazzy_ws/install/include/sensor_msgs/sensor_msgs/srv/detail/set_camera_info__functions.h
-- Installing: /workspace/jazzy_ws/install/include/sensor_msgs/sensor_msgs/srv/set_camera_info.h
-- Installing: /workspace/jazzy_ws/install/share/sensor_msgs/environment/library_path.sh
-- Installing: /workspace/jazzy_ws/install/share/sensor_msgs/environment/library_path.dsv
-- Installing: /workspace/jazzy_ws/install/lib/libsensor_msgs__rosidl_generator_c.so
-- Set non-toolchain portion of runtime path of "/workspace/jazzy_ws/install/lib/libsensor_msgs__rosidl_generator_c.so" to ""
-- Up-to-date: /workspace/jazzy_ws/install/include/sensor_msgs/sensor_msgs
-- Up-to-date: /workspace/jazzy_ws/install/include/sensor_msgs/sensor_msgs/msg
-- Up-to-date: /workspace/jazzy_ws/install/include/sensor_msgs/sensor_msgs/msg/detail
-- Installing: /workspace/jazzy_ws/install/include/sensor_msgs/sensor_msgs/msg/detail/nav_sat_fix__rosidl_typesupport_fastrtps_c.h
-- Installing: /workspace/jazzy_ws/install/include/sensor_msgs/sensor_msgs/msg/detail/imu__rosidl_typesupport_fastrtps_c.h
-- Installing: /workspace/jazzy_ws/install/include/sensor_msgs/sensor_msgs/msg/detail/point_cloud__rosidl_typesupport_fastrtps_c.h
-- Installing: /workspace/jazzy_ws/install/include/sensor_msgs/sensor_msgs/msg/detail/camera_info__rosidl_typesupport_fastrtps_c.h
-- Installing: /workspace/jazzy_ws/install/include/sensor_msgs/sensor_msgs/msg/detail/joy_feedback__rosidl_typesupport_fastrtps_c.h
-- Installing: /workspace/jazzy_ws/install/include/sensor_msgs/sensor_msgs/msg/detail/relative_humidity__rosidl_typesupport_fastrtps_c.h
-- Installing: /workspace/jazzy_ws/install/include/sensor_msgs/sensor_msgs/msg/detail/region_of_interest__rosidl_typesupport_fastrtps_c.h
-- Installing: /workspace/jazzy_ws/install/include/sensor_msgs/sensor_msgs/msg/detail/multi_dof_joint_state__rosidl_typesupport_fastrtps_c.h
-- Installing: /workspace/jazzy_ws/install/include/sensor_msgs/sensor_msgs/msg/detail/illuminance__rosidl_typesupport_fastrtps_c.h
-- Installing: /workspace/jazzy_ws/install/include/sensor_msgs/sensor_msgs/msg/detail/temperature__rosidl_typesupport_fastrtps_c.h
-- Installing: /workspace/jazzy_ws/install/include/sensor_msgs/sensor_msgs/msg/detail/magnetic_field__rosidl_typesupport_fastrtps_c.h
-- Installing: /workspace/jazzy_ws/install/include/sensor_msgs/sensor_msgs/msg/detail/image__rosidl_typesupport_fastrtps_c.h
-- Installing: /workspace/jazzy_ws/install/include/sensor_msgs/sensor_msgs/msg/detail/laser_echo__rosidl_typesupport_fastrtps_c.h
-- Installing: /workspace/jazzy_ws/install/include/sensor_msgs/sensor_msgs/msg/detail/channel_float32__rosidl_typesupport_fastrtps_c.h
-- Installing: /workspace/jazzy_ws/install/include/sensor_msgs/sensor_msgs/msg/detail/joy_feedback_array__rosidl_typesupport_fastrtps_c.h
-- Installing: /workspace/jazzy_ws/install/include/sensor_msgs/sensor_msgs/msg/detail/nav_sat_status__rosidl_typesupport_fastrtps_c.h
-- Installing: /workspace/jazzy_ws/install/include/sensor_msgs/sensor_msgs/msg/detail/battery_state__rosidl_typesupport_fastrtps_c.h
-- Installing: /workspace/jazzy_ws/install/include/sensor_msgs/sensor_msgs/msg/detail/joy__rosidl_typesupport_fastrtps_c.h
-- Installing: /workspace/jazzy_ws/install/include/sensor_msgs/sensor_msgs/msg/detail/multi_echo_laser_scan__rosidl_typesupport_fastrtps_c.h
-- Installing: /workspace/jazzy_ws/install/include/sensor_msgs/sensor_msgs/msg/detail/compressed_image__rosidl_typesupport_fastrtps_c.h
-- Installing: /workspace/jazzy_ws/install/include/sensor_msgs/sensor_msgs/msg/detail/laser_scan__rosidl_typesupport_fastrtps_c.h
-- Installing: /workspace/jazzy_ws/install/include/sensor_msgs/sensor_msgs/msg/detail/point_cloud2__rosidl_typesupport_fastrtps_c.h
-- Installing: /workspace/jazzy_ws/install/include/sensor_msgs/sensor_msgs/msg/detail/range__rosidl_typesupport_fastrtps_c.h
-- Installing: /workspace/jazzy_ws/install/include/sensor_msgs/sensor_msgs/msg/detail/point_field__rosidl_typesupport_fastrtps_c.h
-- Installing: /workspace/jazzy_ws/install/include/sensor_msgs/sensor_msgs/msg/detail/fluid_pressure__rosidl_typesupport_fastrtps_c.h
-- Installing: /workspace/jazzy_ws/install/include/sensor_msgs/sensor_msgs/msg/detail/joint_state__rosidl_typesupport_fastrtps_c.h
-- Installing: /workspace/jazzy_ws/install/include/sensor_msgs/sensor_msgs/msg/detail/time_reference__rosidl_typesupport_fastrtps_c.h
-- Installing: /workspace/jazzy_ws/install/include/sensor_msgs/sensor_msgs/msg/rosidl_typesupport_fastrtps_c__visibility_control.h
-- Up-to-date: /workspace/jazzy_ws/install/include/sensor_msgs/sensor_msgs/srv
-- Up-to-date: /workspace/jazzy_ws/install/include/sensor_msgs/sensor_msgs/srv/detail
-- Installing: /workspace/jazzy_ws/install/include/sensor_msgs/sensor_msgs/srv/detail/set_camera_info__rosidl_typesupport_fastrtps_c.h
-- Installing: /workspace/jazzy_ws/install/lib/libsensor_msgs__rosidl_typesupport_fastrtps_c.so
-- Set non-toolchain portion of runtime path of "/workspace/jazzy_ws/install/lib/libsensor_msgs__rosidl_typesupport_fastrtps_c.so" to ""
-- Up-to-date: /workspace/jazzy_ws/install/include/sensor_msgs/sensor_msgs
-- Up-to-date: /workspace/jazzy_ws/install/include/sensor_msgs/sensor_msgs/msg
-- Up-to-date: /workspace/jazzy_ws/install/include/sensor_msgs/sensor_msgs/msg/detail
-- Installing: /workspace/jazzy_ws/install/include/sensor_msgs/sensor_msgs/msg/detail/compressed_image__traits.hpp
-- Installing: /workspace/jazzy_ws/install/include/sensor_msgs/sensor_msgs/msg/detail/range__traits.hpp
-- Installing: /workspace/jazzy_ws/install/include/sensor_msgs/sensor_msgs/msg/detail/point_cloud__builder.hpp
-- Installing: /workspace/jazzy_ws/install/include/sensor_msgs/sensor_msgs/msg/detail/temperature__builder.hpp
-- Installing: /workspace/jazzy_ws/install/include/sensor_msgs/sensor_msgs/msg/detail/compressed_image__type_support.hpp
-- Installing: /workspace/jazzy_ws/install/include/sensor_msgs/sensor_msgs/msg/detail/region_of_interest__traits.hpp
-- Installing: /workspace/jazzy_ws/install/include/sensor_msgs/sensor_msgs/msg/detail/point_cloud__struct.hpp
-- Installing: /workspace/jazzy_ws/install/include/sensor_msgs/sensor_msgs/msg/detail/joint_state__builder.hpp
-- Installing: /workspace/jazzy_ws/install/include/sensor_msgs/sensor_msgs/msg/detail/imu__struct.hpp
-- Installing: /workspace/jazzy_ws/install/include/sensor_msgs/sensor_msgs/msg/detail/region_of_interest__builder.hpp
-- Installing: /workspace/jazzy_ws/install/include/sensor_msgs/sensor_msgs/msg/detail/fluid_pressure__traits.hpp
-- Installing: /workspace/jazzy_ws/install/include/sensor_msgs/sensor_msgs/msg/detail/joy__traits.hpp
-- Installing: /workspace/jazzy_ws/install/include/sensor_msgs/sensor_msgs/msg/detail/multi_dof_joint_state__type_support.hpp
-- Installing: /workspace/jazzy_ws/install/include/sensor_msgs/sensor_msgs/msg/detail/range__builder.hpp
-- Installing: /workspace/jazzy_ws/install/include/sensor_msgs/sensor_msgs/msg/detail/joy_feedback__builder.hpp
-- Installing: /workspace/jazzy_ws/install/include/sensor_msgs/sensor_msgs/msg/detail/relative_humidity__traits.hpp
-- Installing: /workspace/jazzy_ws/install/include/sensor_msgs/sensor_msgs/msg/detail/channel_float32__type_support.hpp
-- Installing: /workspace/jazzy_ws/install/include/sensor_msgs/sensor_msgs/msg/detail/joy_feedback__struct.hpp
-- Installing: /workspace/jazzy_ws/install/include/sensor_msgs/sensor_msgs/msg/detail/compressed_image__struct.hpp
-- Installing: /workspace/jazzy_ws/install/include/sensor_msgs/sensor_msgs/msg/detail/time_reference__type_support.hpp
-- Installing: /workspace/jazzy_ws/install/include/sensor_msgs/sensor_msgs/msg/detail/nav_sat_fix__builder.hpp
-- Installing: /workspace/jazzy_ws/install/include/sensor_msgs/sensor_msgs/msg/detail/fluid_pressure__builder.hpp
-- Installing: /workspace/jazzy_ws/install/include/sensor_msgs/sensor_msgs/msg/detail/battery_state__traits.hpp
-- Installing: /workspace/jazzy_ws/install/include/sensor_msgs/sensor_msgs/msg/detail/multi_dof_joint_state__struct.hpp
-- Installing: /workspace/jazzy_ws/install/include/sensor_msgs/sensor_msgs/msg/detail/magnetic_field__builder.hpp
-- Installing: /workspace/jazzy_ws/install/include/sensor_msgs/sensor_msgs/msg/detail/joy_feedback_array__traits.hpp
-- Installing: /workspace/jazzy_ws/install/include/sensor_msgs/sensor_msgs/msg/detail/image__builder.hpp
-- Installing: /workspace/jazzy_ws/install/include/sensor_msgs/sensor_msgs/msg/detail/imu__traits.hpp
-- Installing: /workspace/jazzy_ws/install/include/sensor_msgs/sensor_msgs/msg/detail/joy__struct.hpp
-- Installing: /workspace/jazzy_ws/install/include/sensor_msgs/sensor_msgs/msg/detail/nav_sat_status__struct.hpp
-- Installing: /workspace/jazzy_ws/install/include/sensor_msgs/sensor_msgs/msg/detail/image__struct.hpp
-- Installing: /workspace/jazzy_ws/install/include/sensor_msgs/sensor_msgs/msg/detail/joy_feedback__traits.hpp
-- Installing: /workspace/jazzy_ws/install/include/sensor_msgs/sensor_msgs/msg/detail/battery_state__struct.hpp
-- Installing: /workspace/jazzy_ws/install/include/sensor_msgs/sensor_msgs/msg/detail/point_cloud2__traits.hpp
-- Installing: /workspace/jazzy_ws/install/include/sensor_msgs/sensor_msgs/msg/detail/laser_scan__traits.hpp
-- Installing: /workspace/jazzy_ws/install/include/sensor_msgs/sensor_msgs/msg/detail/camera_info__struct.hpp
-- Installing: /workspace/jazzy_ws/install/include/sensor_msgs/sensor_msgs/msg/detail/channel_float32__traits.hpp
-- Installing: /workspace/jazzy_ws/install/include/sensor_msgs/sensor_msgs/msg/detail/joy_feedback_array__builder.hpp
-- Installing: /workspace/jazzy_ws/install/include/sensor_msgs/sensor_msgs/msg/detail/temperature__struct.hpp
-- Installing: /workspace/jazzy_ws/install/include/sensor_msgs/sensor_msgs/msg/detail/relative_humidity__struct.hpp
-- Installing: /workspace/jazzy_ws/install/include/sensor_msgs/sensor_msgs/msg/detail/time_reference__struct.hpp
-- Installing: /workspace/jazzy_ws/install/include/sensor_msgs/sensor_msgs/msg/detail/temperature__type_support.hpp
-- Installing: /workspace/jazzy_ws/install/include/sensor_msgs/sensor_msgs/msg/detail/illuminance__builder.hpp
-- Installing: /workspace/jazzy_ws/install/include/sensor_msgs/sensor_msgs/msg/detail/joy__builder.hpp
-- Installing: /workspace/jazzy_ws/install/include/sensor_msgs/sensor_msgs/msg/detail/multi_dof_joint_state__builder.hpp
-- Installing: /workspace/jazzy_ws/install/include/sensor_msgs/sensor_msgs/msg/detail/imu__builder.hpp
-- Installing: /workspace/jazzy_ws/install/include/sensor_msgs/sensor_msgs/msg/detail/nav_sat_status__type_support.hpp
-- Installing: /workspace/jazzy_ws/install/include/sensor_msgs/sensor_msgs/msg/detail/illuminance__struct.hpp
-- Installing: /workspace/jazzy_ws/install/include/sensor_msgs/sensor_msgs/msg/detail/fluid_pressure__struct.hpp
-- Installing: /workspace/jazzy_ws/install/include/sensor_msgs/sensor_msgs/msg/detail/nav_sat_fix__traits.hpp
-- Installing: /workspace/jazzy_ws/install/include/sensor_msgs/sensor_msgs/msg/detail/region_of_interest__type_support.hpp
-- Installing: /workspace/jazzy_ws/install/include/sensor_msgs/sensor_msgs/msg/detail/temperature__traits.hpp
-- Installing: /workspace/jazzy_ws/install/include/sensor_msgs/sensor_msgs/msg/detail/magnetic_field__struct.hpp
-- Installing: /workspace/jazzy_ws/install/include/sensor_msgs/sensor_msgs/msg/detail/joy_feedback_array__struct.hpp
-- Installing: /workspace/jazzy_ws/install/include/sensor_msgs/sensor_msgs/msg/detail/illuminance__traits.hpp
-- Installing: /workspace/jazzy_ws/install/include/sensor_msgs/sensor_msgs/msg/detail/point_cloud__traits.hpp
-- Installing: /workspace/jazzy_ws/install/include/sensor_msgs/sensor_msgs/msg/detail/laser_scan__struct.hpp
-- Installing: /workspace/jazzy_ws/install/include/sensor_msgs/sensor_msgs/msg/detail/region_of_interest__struct.hpp
-- Installing: /workspace/jazzy_ws/install/include/sensor_msgs/sensor_msgs/msg/detail/channel_float32__builder.hpp
-- Installing: /workspace/jazzy_ws/install/include/sensor_msgs/sensor_msgs/msg/detail/time_reference__traits.hpp
-- Installing: /workspace/jazzy_ws/install/include/sensor_msgs/sensor_msgs/msg/detail/laser_scan__type_support.hpp
-- Installing: /workspace/jazzy_ws/install/include/sensor_msgs/sensor_msgs/msg/detail/point_cloud2__builder.hpp
-- Installing: /workspace/jazzy_ws/install/include/sensor_msgs/sensor_msgs/msg/detail/laser_echo__traits.hpp
-- Installing: /workspace/jazzy_ws/install/include/sensor_msgs/sensor_msgs/msg/detail/point_cloud2__type_support.hpp
-- Installing: /workspace/jazzy_ws/install/include/sensor_msgs/sensor_msgs/msg/detail/battery_state__builder.hpp
-- Installing: /workspace/jazzy_ws/install/include/sensor_msgs/sensor_msgs/msg/detail/image__traits.hpp
-- Installing: /workspace/jazzy_ws/install/include/sensor_msgs/sensor_msgs/msg/detail/point_field__builder.hpp
-- Installing: /workspace/jazzy_ws/install/include/sensor_msgs/sensor_msgs/msg/detail/multi_echo_laser_scan__struct.hpp
-- Installing: /workspace/jazzy_ws/install/include/sensor_msgs/sensor_msgs/msg/detail/joint_state__traits.hpp
-- Installing: /workspace/jazzy_ws/install/include/sensor_msgs/sensor_msgs/msg/detail/relative_humidity__builder.hpp
-- Installing: /workspace/jazzy_ws/install/include/sensor_msgs/sensor_msgs/msg/detail/multi_echo_laser_scan__type_support.hpp
-- Installing: /workspace/jazzy_ws/install/include/sensor_msgs/sensor_msgs/msg/detail/camera_info__builder.hpp
-- Installing: /workspace/jazzy_ws/install/include/sensor_msgs/sensor_msgs/msg/detail/nav_sat_fix__type_support.hpp
-- Installing: /workspace/jazzy_ws/install/include/sensor_msgs/sensor_msgs/msg/detail/joy__type_support.hpp
-- Installing: /workspace/jazzy_ws/install/include/sensor_msgs/sensor_msgs/msg/detail/laser_echo__builder.hpp
-- Installing: /workspace/jazzy_ws/install/include/sensor_msgs/sensor_msgs/msg/detail/laser_scan__builder.hpp
-- Installing: /workspace/jazzy_ws/install/include/sensor_msgs/sensor_msgs/msg/detail/point_field__traits.hpp
-- Installing: /workspace/jazzy_ws/install/include/sensor_msgs/sensor_msgs/msg/detail/time_reference__builder.hpp
-- Installing: /workspace/jazzy_ws/install/include/sensor_msgs/sensor_msgs/msg/detail/camera_info__type_support.hpp
-- Installing: /workspace/jazzy_ws/install/include/sensor_msgs/sensor_msgs/msg/detail/range__struct.hpp
-- Installing: /workspace/jazzy_ws/install/include/sensor_msgs/sensor_msgs/msg/detail/channel_float32__struct.hpp
-- Installing: /workspace/jazzy_ws/install/include/sensor_msgs/sensor_msgs/msg/detail/joy_feedback__type_support.hpp
-- Installing: /workspace/jazzy_ws/install/include/sensor_msgs/sensor_msgs/msg/detail/range__type_support.hpp
-- Installing: /workspace/jazzy_ws/install/include/sensor_msgs/sensor_msgs/msg/detail/magnetic_field__traits.hpp
-- Installing: /workspace/jazzy_ws/install/include/sensor_msgs/sensor_msgs/msg/detail/nav_sat_status__traits.hpp
-- Installing: /workspace/jazzy_ws/install/include/sensor_msgs/sensor_msgs/msg/detail/joint_state__type_support.hpp
-- Installing: /workspace/jazzy_ws/install/include/sensor_msgs/sensor_msgs/msg/detail/laser_echo__struct.hpp
-- Installing: /workspace/jazzy_ws/install/include/sensor_msgs/sensor_msgs/msg/detail/point_field__struct.hpp
-- Installing: /workspace/jazzy_ws/install/include/sensor_msgs/sensor_msgs/msg/detail/fluid_pressure__type_support.hpp
-- Installing: /workspace/jazzy_ws/install/include/sensor_msgs/sensor_msgs/msg/detail/battery_state__type_support.hpp
-- Installing: /workspace/jazzy_ws/install/include/sensor_msgs/sensor_msgs/msg/detail/compressed_image__builder.hpp
-- Installing: /workspace/jazzy_ws/install/include/sensor_msgs/sensor_msgs/msg/detail/relative_humidity__type_support.hpp
-- Installing: /workspace/jazzy_ws/install/include/sensor_msgs/sensor_msgs/msg/detail/point_field__type_support.hpp
-- Installing: /workspace/jazzy_ws/install/include/sensor_msgs/sensor_msgs/msg/detail/point_cloud__type_support.hpp
-- Installing: /workspace/jazzy_ws/install/include/sensor_msgs/sensor_msgs/msg/detail/magnetic_field__type_support.hpp
-- Installing: /workspace/jazzy_ws/install/include/sensor_msgs/sensor_msgs/msg/detail/imu__type_support.hpp
-- Installing: /workspace/jazzy_ws/install/include/sensor_msgs/sensor_msgs/msg/detail/nav_sat_status__builder.hpp
-- Installing: /workspace/jazzy_ws/install/include/sensor_msgs/sensor_msgs/msg/detail/multi_dof_joint_state__traits.hpp
-- Installing: /workspace/jazzy_ws/install/include/sensor_msgs/sensor_msgs/msg/detail/point_cloud2__struct.hpp
-- Installing: /workspace/jazzy_ws/install/include/sensor_msgs/sensor_msgs/msg/detail/nav_sat_fix__struct.hpp
-- Installing: /workspace/jazzy_ws/install/include/sensor_msgs/sensor_msgs/msg/detail/multi_echo_laser_scan__builder.hpp
-- Installing: /workspace/jazzy_ws/install/include/sensor_msgs/sensor_msgs/msg/detail/image__type_support.hpp
-- Installing: /workspace/jazzy_ws/install/include/sensor_msgs/sensor_msgs/msg/detail/joint_state__struct.hpp
-- Installing: /workspace/jazzy_ws/install/include/sensor_msgs/sensor_msgs/msg/detail/camera_info__traits.hpp
-- Installing: /workspace/jazzy_ws/install/include/sensor_msgs/sensor_msgs/msg/detail/illuminance__type_support.hpp
-- Installing: /workspace/jazzy_ws/install/include/sensor_msgs/sensor_msgs/msg/detail/joy_feedback_array__type_support.hpp
-- Installing: /workspace/jazzy_ws/install/include/sensor_msgs/sensor_msgs/msg/detail/multi_echo_laser_scan__traits.hpp
-- Installing: /workspace/jazzy_ws/install/include/sensor_msgs/sensor_msgs/msg/detail/laser_echo__type_support.hpp
-- Installing: /workspace/jazzy_ws/install/include/sensor_msgs/sensor_msgs/msg/multi_dof_joint_state.hpp
-- Installing: /workspace/jazzy_ws/install/include/sensor_msgs/sensor_msgs/msg/laser_scan.hpp
-- Installing: /workspace/jazzy_ws/install/include/sensor_msgs/sensor_msgs/msg/joy_feedback.hpp
-- Installing: /workspace/jazzy_ws/install/include/sensor_msgs/sensor_msgs/msg/camera_info.hpp
-- Installing: /workspace/jazzy_ws/install/include/sensor_msgs/sensor_msgs/msg/rosidl_generator_cpp__visibility_control.hpp
-- Installing: /workspace/jazzy_ws/install/include/sensor_msgs/sensor_msgs/msg/joint_state.hpp
-- Installing: /workspace/jazzy_ws/install/include/sensor_msgs/sensor_msgs/msg/magnetic_field.hpp
-- Installing: /workspace/jazzy_ws/install/include/sensor_msgs/sensor_msgs/msg/temperature.hpp
-- Installing: /workspace/jazzy_ws/install/include/sensor_msgs/sensor_msgs/msg/illuminance.hpp
-- Installing: /workspace/jazzy_ws/install/include/sensor_msgs/sensor_msgs/msg/laser_echo.hpp
-- Installing: /workspace/jazzy_ws/install/include/sensor_msgs/sensor_msgs/msg/imu.hpp
-- Installing: /workspace/jazzy_ws/install/include/sensor_msgs/sensor_msgs/msg/nav_sat_fix.hpp
-- Installing: /workspace/jazzy_ws/install/include/sensor_msgs/sensor_msgs/msg/image.hpp
-- Installing: /workspace/jazzy_ws/install/include/sensor_msgs/sensor_msgs/msg/compressed_image.hpp
-- Installing: /workspace/jazzy_ws/install/include/sensor_msgs/sensor_msgs/msg/region_of_interest.hpp
-- Installing: /workspace/jazzy_ws/install/include/sensor_msgs/sensor_msgs/msg/range.hpp
-- Installing: /workspace/jazzy_ws/install/include/sensor_msgs/sensor_msgs/msg/multi_echo_laser_scan.hpp
-- Installing: /workspace/jazzy_ws/install/include/sensor_msgs/sensor_msgs/msg/point_field.hpp
-- Installing: /workspace/jazzy_ws/install/include/sensor_msgs/sensor_msgs/msg/point_cloud.hpp
-- Installing: /workspace/jazzy_ws/install/include/sensor_msgs/sensor_msgs/msg/fluid_pressure.hpp
-- Installing: /workspace/jazzy_ws/install/include/sensor_msgs/sensor_msgs/msg/relative_humidity.hpp
-- Installing: /workspace/jazzy_ws/install/include/sensor_msgs/sensor_msgs/msg/joy.hpp
-- Installing: /workspace/jazzy_ws/install/include/sensor_msgs/sensor_msgs/msg/point_cloud2.hpp
-- Installing: /workspace/jazzy_ws/install/include/sensor_msgs/sensor_msgs/msg/channel_float32.hpp
-- Installing: /workspace/jazzy_ws/install/include/sensor_msgs/sensor_msgs/msg/battery_state.hpp
-- Installing: /workspace/jazzy_ws/install/include/sensor_msgs/sensor_msgs/msg/time_reference.hpp
-- Installing: /workspace/jazzy_ws/install/include/sensor_msgs/sensor_msgs/msg/joy_feedback_array.hpp
-- Installing: /workspace/jazzy_ws/install/include/sensor_msgs/sensor_msgs/msg/nav_sat_status.hpp
-- Up-to-date: /workspace/jazzy_ws/install/include/sensor_msgs/sensor_msgs/srv
-- Up-to-date: /workspace/jazzy_ws/install/include/sensor_msgs/sensor_msgs/srv/detail
-- Installing: /workspace/jazzy_ws/install/include/sensor_msgs/sensor_msgs/srv/detail/set_camera_info__traits.hpp
-- Installing: /workspace/jazzy_ws/install/include/sensor_msgs/sensor_msgs/srv/detail/set_camera_info__builder.hpp
-- Installing: /workspace/jazzy_ws/install/include/sensor_msgs/sensor_msgs/srv/detail/set_camera_info__type_support.hpp
-- Installing: /workspace/jazzy_ws/install/include/sensor_msgs/sensor_msgs/srv/detail/set_camera_info__struct.hpp
-- Installing: /workspace/jazzy_ws/install/include/sensor_msgs/sensor_msgs/srv/set_camera_info.hpp
-- Up-to-date: /workspace/jazzy_ws/install/include/sensor_msgs/sensor_msgs
-- Up-to-date: /workspace/jazzy_ws/install/include/sensor_msgs/sensor_msgs/msg
-- Up-to-date: /workspace/jazzy_ws/install/include/sensor_msgs/sensor_msgs/msg/detail
-- Installing: /workspace/jazzy_ws/install/include/sensor_msgs/sensor_msgs/msg/detail/fluid_pressure__rosidl_typesupport_fastrtps_cpp.hpp
-- Installing: /workspace/jazzy_ws/install/include/sensor_msgs/sensor_msgs/msg/detail/image__rosidl_typesupport_fastrtps_cpp.hpp
-- Installing: /workspace/jazzy_ws/install/include/sensor_msgs/sensor_msgs/msg/detail/laser_scan__rosidl_typesupport_fastrtps_cpp.hpp
-- Installing: /workspace/jazzy_ws/install/include/sensor_msgs/sensor_msgs/msg/detail/range__rosidl_typesupport_fastrtps_cpp.hpp
-- Installing: /workspace/jazzy_ws/install/include/sensor_msgs/sensor_msgs/msg/detail/battery_state__rosidl_typesupport_fastrtps_cpp.hpp
-- Installing: /workspace/jazzy_ws/install/include/sensor_msgs/sensor_msgs/msg/detail/joy__rosidl_typesupport_fastrtps_cpp.hpp
-- Installing: /workspace/jazzy_ws/install/include/sensor_msgs/sensor_msgs/msg/detail/joy_feedback__rosidl_typesupport_fastrtps_cpp.hpp
-- Installing: /workspace/jazzy_ws/install/include/sensor_msgs/sensor_msgs/msg/detail/point_field__rosidl_typesupport_fastrtps_cpp.hpp
-- Installing: /workspace/jazzy_ws/install/include/sensor_msgs/sensor_msgs/msg/detail/camera_info__rosidl_typesupport_fastrtps_cpp.hpp
-- Installing: /workspace/jazzy_ws/install/include/sensor_msgs/sensor_msgs/msg/detail/relative_humidity__rosidl_typesupport_fastrtps_cpp.hpp
-- Installing: /workspace/jazzy_ws/install/include/sensor_msgs/sensor_msgs/msg/detail/multi_dof_joint_state__rosidl_typesupport_fastrtps_cpp.hpp
-- Installing: /workspace/jazzy_ws/install/include/sensor_msgs/sensor_msgs/msg/detail/nav_sat_status__rosidl_typesupport_fastrtps_cpp.hpp
-- Installing: /workspace/jazzy_ws/install/include/sensor_msgs/sensor_msgs/msg/detail/magnetic_field__rosidl_typesupport_fastrtps_cpp.hpp
-- Installing: /workspace/jazzy_ws/install/include/sensor_msgs/sensor_msgs/msg/detail/joy_feedback_array__rosidl_typesupport_fastrtps_cpp.hpp
-- Installing: /workspace/jazzy_ws/install/include/sensor_msgs/sensor_msgs/msg/detail/dds_fastrtps
-- Installing: /workspace/jazzy_ws/install/include/sensor_msgs/sensor_msgs/msg/detail/channel_float32__rosidl_typesupport_fastrtps_cpp.hpp
-- Installing: /workspace/jazzy_ws/install/include/sensor_msgs/sensor_msgs/msg/detail/joint_state__rosidl_typesupport_fastrtps_cpp.hpp
-- Installing: /workspace/jazzy_ws/install/include/sensor_msgs/sensor_msgs/msg/detail/imu__rosidl_typesupport_fastrtps_cpp.hpp
-- Installing: /workspace/jazzy_ws/install/include/sensor_msgs/sensor_msgs/msg/detail/compressed_image__rosidl_typesupport_fastrtps_cpp.hpp
-- Installing: /workspace/jazzy_ws/install/include/sensor_msgs/sensor_msgs/msg/detail/time_reference__rosidl_typesupport_fastrtps_cpp.hpp
-- Installing: /workspace/jazzy_ws/install/include/sensor_msgs/sensor_msgs/msg/detail/region_of_interest__rosidl_typesupport_fastrtps_cpp.hpp
-- Installing: /workspace/jazzy_ws/install/include/sensor_msgs/sensor_msgs/msg/detail/laser_echo__rosidl_typesupport_fastrtps_cpp.hpp
-- Installing: /workspace/jazzy_ws/install/include/sensor_msgs/sensor_msgs/msg/detail/temperature__rosidl_typesupport_fastrtps_cpp.hpp
-- Installing: /workspace/jazzy_ws/install/include/sensor_msgs/sensor_msgs/msg/detail/point_cloud2__rosidl_typesupport_fastrtps_cpp.hpp
-- Installing: /workspace/jazzy_ws/install/include/sensor_msgs/sensor_msgs/msg/detail/point_cloud__rosidl_typesupport_fastrtps_cpp.hpp
-- Installing: /workspace/jazzy_ws/install/include/sensor_msgs/sensor_msgs/msg/detail/illuminance__rosidl_typesupport_fastrtps_cpp.hpp
-- Installing: /workspace/jazzy_ws/install/include/sensor_msgs/sensor_msgs/msg/detail/multi_echo_laser_scan__rosidl_typesupport_fastrtps_cpp.hpp
-- Installing: /workspace/jazzy_ws/install/include/sensor_msgs/sensor_msgs/msg/detail/nav_sat_fix__rosidl_typesupport_fastrtps_cpp.hpp
-- Installing: /workspace/jazzy_ws/install/include/sensor_msgs/sensor_msgs/msg/rosidl_typesupport_fastrtps_cpp__visibility_control.h
-- Up-to-date: /workspace/jazzy_ws/install/include/sensor_msgs/sensor_msgs/srv
-- Up-to-date: /workspace/jazzy_ws/install/include/sensor_msgs/sensor_msgs/srv/detail
-- Installing: /workspace/jazzy_ws/install/include/sensor_msgs/sensor_msgs/srv/detail/set_camera_info__rosidl_typesupport_fastrtps_cpp.hpp
-- Installing: /workspace/jazzy_ws/install/include/sensor_msgs/sensor_msgs/srv/detail/dds_fastrtps
-- Installing: /workspace/jazzy_ws/install/lib/libsensor_msgs__rosidl_typesupport_fastrtps_cpp.so
-- Set non-toolchain portion of runtime path of "/workspace/jazzy_ws/install/lib/libsensor_msgs__rosidl_typesupport_fastrtps_cpp.so" to ""
-- Up-to-date: /workspace/jazzy_ws/install/include/sensor_msgs/sensor_msgs
-- Up-to-date: /workspace/jazzy_ws/install/include/sensor_msgs/sensor_msgs/msg
-- Up-to-date: /workspace/jazzy_ws/install/include/sensor_msgs/sensor_msgs/msg/detail
-- Installing: /workspace/jazzy_ws/install/include/sensor_msgs/sensor_msgs/msg/detail/joy_feedback_array__rosidl_typesupport_introspection_c.h
-- Installing: /workspace/jazzy_ws/install/include/sensor_msgs/sensor_msgs/msg/detail/relative_humidity__type_support.c
-- Installing: /workspace/jazzy_ws/install/include/sensor_msgs/sensor_msgs/msg/detail/range__type_support.c
-- Installing: /workspace/jazzy_ws/install/include/sensor_msgs/sensor_msgs/msg/detail/multi_dof_joint_state__type_support.c
-- Installing: /workspace/jazzy_ws/install/include/sensor_msgs/sensor_msgs/msg/detail/nav_sat_fix__type_support.c
-- Installing: /workspace/jazzy_ws/install/include/sensor_msgs/sensor_msgs/msg/detail/joy_feedback__rosidl_typesupport_introspection_c.h
-- Installing: /workspace/jazzy_ws/install/include/sensor_msgs/sensor_msgs/msg/detail/temperature__rosidl_typesupport_introspection_c.h
-- Installing: /workspace/jazzy_ws/install/include/sensor_msgs/sensor_msgs/msg/detail/battery_state__rosidl_typesupport_introspection_c.h
-- Installing: /workspace/jazzy_ws/install/include/sensor_msgs/sensor_msgs/msg/detail/temperature__type_support.c
-- Installing: /workspace/jazzy_ws/install/include/sensor_msgs/sensor_msgs/msg/detail/joint_state__rosidl_typesupport_introspection_c.h
-- Installing: /workspace/jazzy_ws/install/include/sensor_msgs/sensor_msgs/msg/detail/magnetic_field__rosidl_typesupport_introspection_c.h
-- Installing: /workspace/jazzy_ws/install/include/sensor_msgs/sensor_msgs/msg/detail/battery_state__type_support.c
-- Installing: /workspace/jazzy_ws/install/include/sensor_msgs/sensor_msgs/msg/detail/channel_float32__type_support.c
-- Installing: /workspace/jazzy_ws/install/include/sensor_msgs/sensor_msgs/msg/detail/multi_echo_laser_scan__type_support.c
-- Installing: /workspace/jazzy_ws/install/include/sensor_msgs/sensor_msgs/msg/detail/compressed_image__rosidl_typesupport_introspection_c.h
-- Installing: /workspace/jazzy_ws/install/include/sensor_msgs/sensor_msgs/msg/detail/joy_feedback__type_support.c
-- Installing: /workspace/jazzy_ws/install/include/sensor_msgs/sensor_msgs/msg/detail/point_field__rosidl_typesupport_introspection_c.h
-- Installing: /workspace/jazzy_ws/install/include/sensor_msgs/sensor_msgs/msg/detail/illuminance__rosidl_typesupport_introspection_c.h
-- Installing: /workspace/jazzy_ws/install/include/sensor_msgs/sensor_msgs/msg/detail/point_field__type_support.c
-- Installing: /workspace/jazzy_ws/install/include/sensor_msgs/sensor_msgs/msg/detail/nav_sat_status__rosidl_typesupport_introspection_c.h
-- Installing: /workspace/jazzy_ws/install/include/sensor_msgs/sensor_msgs/msg/detail/illuminance__type_support.c
-- Installing: /workspace/jazzy_ws/install/include/sensor_msgs/sensor_msgs/msg/detail/channel_float32__rosidl_typesupport_introspection_c.h
-- Installing: /workspace/jazzy_ws/install/include/sensor_msgs/sensor_msgs/msg/detail/imu__rosidl_typesupport_introspection_c.h
-- Installing: /workspace/jazzy_ws/install/include/sensor_msgs/sensor_msgs/msg/detail/relative_humidity__rosidl_typesupport_introspection_c.h
-- Installing: /workspace/jazzy_ws/install/include/sensor_msgs/sensor_msgs/msg/detail/multi_echo_laser_scan__rosidl_typesupport_introspection_c.h
-- Installing: /workspace/jazzy_ws/install/include/sensor_msgs/sensor_msgs/msg/detail/laser_echo__rosidl_typesupport_introspection_c.h
-- Installing: /workspace/jazzy_ws/install/include/sensor_msgs/sensor_msgs/msg/detail/fluid_pressure__rosidl_typesupport_introspection_c.h
-- Installing: /workspace/jazzy_ws/install/include/sensor_msgs/sensor_msgs/msg/detail/compressed_image__type_support.c
-- Installing: /workspace/jazzy_ws/install/include/sensor_msgs/sensor_msgs/msg/detail/magnetic_field__type_support.c
-- Installing: /workspace/jazzy_ws/install/include/sensor_msgs/sensor_msgs/msg/detail/laser_scan__type_support.c
-- Installing: /workspace/jazzy_ws/install/include/sensor_msgs/sensor_msgs/msg/detail/time_reference__type_support.c
-- Installing: /workspace/jazzy_ws/install/include/sensor_msgs/sensor_msgs/msg/detail/point_cloud__rosidl_typesupport_introspection_c.h
-- Installing: /workspace/jazzy_ws/install/include/sensor_msgs/sensor_msgs/msg/detail/time_reference__rosidl_typesupport_introspection_c.h
-- Installing: /workspace/jazzy_ws/install/include/sensor_msgs/sensor_msgs/msg/detail/joy__rosidl_typesupport_introspection_c.h
-- Installing: /workspace/jazzy_ws/install/include/sensor_msgs/sensor_msgs/msg/detail/joy_feedback_array__type_support.c
-- Installing: /workspace/jazzy_ws/install/include/sensor_msgs/sensor_msgs/msg/detail/joint_state__type_support.c
-- Installing: /workspace/jazzy_ws/install/include/sensor_msgs/sensor_msgs/msg/detail/imu__type_support.c
-- Installing: /workspace/jazzy_ws/install/include/sensor_msgs/sensor_msgs/msg/detail/nav_sat_status__type_support.c
-- Installing: /workspace/jazzy_ws/install/include/sensor_msgs/sensor_msgs/msg/detail/region_of_interest__type_support.c
-- Installing: /workspace/jazzy_ws/install/include/sensor_msgs/sensor_msgs/msg/detail/point_cloud__type_support.c
-- Installing: /workspace/jazzy_ws/install/include/sensor_msgs/sensor_msgs/msg/detail/region_of_interest__rosidl_typesupport_introspection_c.h
-- Installing: /workspace/jazzy_ws/install/include/sensor_msgs/sensor_msgs/msg/detail/nav_sat_fix__rosidl_typesupport_introspection_c.h
-- Installing: /workspace/jazzy_ws/install/include/sensor_msgs/sensor_msgs/msg/detail/fluid_pressure__type_support.c
-- Installing: /workspace/jazzy_ws/install/include/sensor_msgs/sensor_msgs/msg/detail/point_cloud2__type_support.c
-- Installing: /workspace/jazzy_ws/install/include/sensor_msgs/sensor_msgs/msg/detail/joy__type_support.c
-- Installing: /workspace/jazzy_ws/install/include/sensor_msgs/sensor_msgs/msg/detail/multi_dof_joint_state__rosidl_typesupport_introspection_c.h
-- Installing: /workspace/jazzy_ws/install/include/sensor_msgs/sensor_msgs/msg/detail/range__rosidl_typesupport_introspection_c.h
-- Installing: /workspace/jazzy_ws/install/include/sensor_msgs/sensor_msgs/msg/detail/camera_info__type_support.c
-- Installing: /workspace/jazzy_ws/install/include/sensor_msgs/sensor_msgs/msg/detail/image__rosidl_typesupport_introspection_c.h
-- Installing: /workspace/jazzy_ws/install/include/sensor_msgs/sensor_msgs/msg/detail/camera_info__rosidl_typesupport_introspection_c.h
-- Installing: /workspace/jazzy_ws/install/include/sensor_msgs/sensor_msgs/msg/detail/laser_echo__type_support.c
-- Installing: /workspace/jazzy_ws/install/include/sensor_msgs/sensor_msgs/msg/detail/laser_scan__rosidl_typesupport_introspection_c.h
-- Installing: /workspace/jazzy_ws/install/include/sensor_msgs/sensor_msgs/msg/detail/point_cloud2__rosidl_typesupport_introspection_c.h
-- Installing: /workspace/jazzy_ws/install/include/sensor_msgs/sensor_msgs/msg/detail/image__type_support.c
-- Installing: /workspace/jazzy_ws/install/include/sensor_msgs/sensor_msgs/msg/rosidl_typesupport_introspection_c__visibility_control.h
-- Up-to-date: /workspace/jazzy_ws/install/include/sensor_msgs/sensor_msgs/srv
-- Up-to-date: /workspace/jazzy_ws/install/include/sensor_msgs/sensor_msgs/srv/detail
-- Installing: /workspace/jazzy_ws/install/include/sensor_msgs/sensor_msgs/srv/detail/set_camera_info__type_support.c
-- Installing: /workspace/jazzy_ws/install/include/sensor_msgs/sensor_msgs/srv/detail/set_camera_info__rosidl_typesupport_introspection_c.h
-- Installing: /workspace/jazzy_ws/install/lib/libsensor_msgs__rosidl_typesupport_introspection_c.so
-- Set non-toolchain portion of runtime path of "/workspace/jazzy_ws/install/lib/libsensor_msgs__rosidl_typesupport_introspection_c.so" to ""
-- Installing: /workspace/jazzy_ws/install/lib/libsensor_msgs__rosidl_typesupport_c.so
-- Set non-toolchain portion of runtime path of "/workspace/jazzy_ws/install/lib/libsensor_msgs__rosidl_typesupport_c.so" to ""
-- Up-to-date: /workspace/jazzy_ws/install/include/sensor_msgs/sensor_msgs
-- Up-to-date: /workspace/jazzy_ws/install/include/sensor_msgs/sensor_msgs/msg
-- Up-to-date: /workspace/jazzy_ws/install/include/sensor_msgs/sensor_msgs/msg/detail
-- Installing: /workspace/jazzy_ws/install/include/sensor_msgs/sensor_msgs/msg/detail/laser_echo__type_support.cpp
-- Installing: /workspace/jazzy_ws/install/include/sensor_msgs/sensor_msgs/msg/detail/joy_feedback__rosidl_typesupport_introspection_cpp.hpp
-- Installing: /workspace/jazzy_ws/install/include/sensor_msgs/sensor_msgs/msg/detail/laser_echo__rosidl_typesupport_introspection_cpp.hpp
-- Installing: /workspace/jazzy_ws/install/include/sensor_msgs/sensor_msgs/msg/detail/temperature__rosidl_typesupport_introspection_cpp.hpp
-- Installing: /workspace/jazzy_ws/install/include/sensor_msgs/sensor_msgs/msg/detail/temperature__type_support.cpp
-- Installing: /workspace/jazzy_ws/install/include/sensor_msgs/sensor_msgs/msg/detail/region_of_interest__type_support.cpp
-- Installing: /workspace/jazzy_ws/install/include/sensor_msgs/sensor_msgs/msg/detail/image__rosidl_typesupport_introspection_cpp.hpp
-- Installing: /workspace/jazzy_ws/install/include/sensor_msgs/sensor_msgs/msg/detail/point_cloud2__rosidl_typesupport_introspection_cpp.hpp
-- Installing: /workspace/jazzy_ws/install/include/sensor_msgs/sensor_msgs/msg/detail/nav_sat_fix__type_support.cpp
-- Installing: /workspace/jazzy_ws/install/include/sensor_msgs/sensor_msgs/msg/detail/nav_sat_status__type_support.cpp
-- Installing: /workspace/jazzy_ws/install/include/sensor_msgs/sensor_msgs/msg/detail/fluid_pressure__rosidl_typesupport_introspection_cpp.hpp
-- Installing: /workspace/jazzy_ws/install/include/sensor_msgs/sensor_msgs/msg/detail/nav_sat_fix__rosidl_typesupport_introspection_cpp.hpp
-- Installing: /workspace/jazzy_ws/install/include/sensor_msgs/sensor_msgs/msg/detail/imu__rosidl_typesupport_introspection_cpp.hpp
-- Installing: /workspace/jazzy_ws/install/include/sensor_msgs/sensor_msgs/msg/detail/multi_dof_joint_state__rosidl_typesupport_introspection_cpp.hpp
-- Installing: /workspace/jazzy_ws/install/include/sensor_msgs/sensor_msgs/msg/detail/illuminance__type_support.cpp
-- Installing: /workspace/jazzy_ws/install/include/sensor_msgs/sensor_msgs/msg/detail/imu__type_support.cpp
-- Installing: /workspace/jazzy_ws/install/include/sensor_msgs/sensor_msgs/msg/detail/relative_humidity__type_support.cpp
-- Installing: /workspace/jazzy_ws/install/include/sensor_msgs/sensor_msgs/msg/detail/joy__rosidl_typesupport_introspection_cpp.hpp
-- Installing: /workspace/jazzy_ws/install/include/sensor_msgs/sensor_msgs/msg/detail/region_of_interest__rosidl_typesupport_introspection_cpp.hpp
-- Installing: /workspace/jazzy_ws/install/include/sensor_msgs/sensor_msgs/msg/detail/magnetic_field__type_support.cpp
-- Installing: /workspace/jazzy_ws/install/include/sensor_msgs/sensor_msgs/msg/detail/point_field__type_support.cpp
-- Installing: /workspace/jazzy_ws/install/include/sensor_msgs/sensor_msgs/msg/detail/laser_scan__rosidl_typesupport_introspection_cpp.hpp
-- Installing: /workspace/jazzy_ws/install/include/sensor_msgs/sensor_msgs/msg/detail/time_reference__rosidl_typesupport_introspection_cpp.hpp
-- Installing: /workspace/jazzy_ws/install/include/sensor_msgs/sensor_msgs/msg/detail/range__type_support.cpp
-- Installing: /workspace/jazzy_ws/install/include/sensor_msgs/sensor_msgs/msg/detail/point_cloud2__type_support.cpp
-- Installing: /workspace/jazzy_ws/install/include/sensor_msgs/sensor_msgs/msg/detail/channel_float32__type_support.cpp
-- Installing: /workspace/jazzy_ws/install/include/sensor_msgs/sensor_msgs/msg/detail/fluid_pressure__type_support.cpp
-- Installing: /workspace/jazzy_ws/install/include/sensor_msgs/sensor_msgs/msg/detail/time_reference__type_support.cpp
-- Installing: /workspace/jazzy_ws/install/include/sensor_msgs/sensor_msgs/msg/detail/nav_sat_status__rosidl_typesupport_introspection_cpp.hpp
-- Installing: /workspace/jazzy_ws/install/include/sensor_msgs/sensor_msgs/msg/detail/multi_echo_laser_scan__rosidl_typesupport_introspection_cpp.hpp
-- Installing: /workspace/jazzy_ws/install/include/sensor_msgs/sensor_msgs/msg/detail/compressed_image__type_support.cpp
-- Installing: /workspace/jazzy_ws/install/include/sensor_msgs/sensor_msgs/msg/detail/camera_info__rosidl_typesupport_introspection_cpp.hpp
-- Installing: /workspace/jazzy_ws/install/include/sensor_msgs/sensor_msgs/msg/detail/point_cloud__type_support.cpp
-- Installing: /workspace/jazzy_ws/install/include/sensor_msgs/sensor_msgs/msg/detail/point_field__rosidl_typesupport_introspection_cpp.hpp
-- Installing: /workspace/jazzy_ws/install/include/sensor_msgs/sensor_msgs/msg/detail/illuminance__rosidl_typesupport_introspection_cpp.hpp
-- Installing: /workspace/jazzy_ws/install/include/sensor_msgs/sensor_msgs/msg/detail/joy_feedback_array__rosidl_typesupport_introspection_cpp.hpp
-- Installing: /workspace/jazzy_ws/install/include/sensor_msgs/sensor_msgs/msg/detail/channel_float32__rosidl_typesupport_introspection_cpp.hpp
-- Installing: /workspace/jazzy_ws/install/include/sensor_msgs/sensor_msgs/msg/detail/battery_state__rosidl_typesupport_introspection_cpp.hpp
-- Installing: /workspace/jazzy_ws/install/include/sensor_msgs/sensor_msgs/msg/detail/relative_humidity__rosidl_typesupport_introspection_cpp.hpp
-- Installing: /workspace/jazzy_ws/install/include/sensor_msgs/sensor_msgs/msg/detail/range__rosidl_typesupport_introspection_cpp.hpp
-- Installing: /workspace/jazzy_ws/install/include/sensor_msgs/sensor_msgs/msg/detail/camera_info__type_support.cpp
-- Installing: /workspace/jazzy_ws/install/include/sensor_msgs/sensor_msgs/msg/detail/joy_feedback_array__type_support.cpp
-- Installing: /workspace/jazzy_ws/install/include/sensor_msgs/sensor_msgs/msg/detail/multi_echo_laser_scan__type_support.cpp
-- Installing: /workspace/jazzy_ws/install/include/sensor_msgs/sensor_msgs/msg/detail/point_cloud__rosidl_typesupport_introspection_cpp.hpp
-- Installing: /workspace/jazzy_ws/install/include/sensor_msgs/sensor_msgs/msg/detail/battery_state__type_support.cpp
-- Installing: /workspace/jazzy_ws/install/include/sensor_msgs/sensor_msgs/msg/detail/joy_feedback__type_support.cpp
-- Installing: /workspace/jazzy_ws/install/include/sensor_msgs/sensor_msgs/msg/detail/joy__type_support.cpp
-- Installing: /workspace/jazzy_ws/install/include/sensor_msgs/sensor_msgs/msg/detail/multi_dof_joint_state__type_support.cpp
-- Installing: /workspace/jazzy_ws/install/include/sensor_msgs/sensor_msgs/msg/detail/compressed_image__rosidl_typesupport_introspection_cpp.hpp
-- Installing: /workspace/jazzy_ws/install/include/sensor_msgs/sensor_msgs/msg/detail/image__type_support.cpp
-- Installing: /workspace/jazzy_ws/install/include/sensor_msgs/sensor_msgs/msg/detail/joint_state__type_support.cpp
-- Installing: /workspace/jazzy_ws/install/include/sensor_msgs/sensor_msgs/msg/detail/magnetic_field__rosidl_typesupport_introspection_cpp.hpp
-- Installing: /workspace/jazzy_ws/install/include/sensor_msgs/sensor_msgs/msg/detail/laser_scan__type_support.cpp
-- Installing: /workspace/jazzy_ws/install/include/sensor_msgs/sensor_msgs/msg/detail/joint_state__rosidl_typesupport_introspection_cpp.hpp
-- Up-to-date: /workspace/jazzy_ws/install/include/sensor_msgs/sensor_msgs/srv
-- Up-to-date: /workspace/jazzy_ws/install/include/sensor_msgs/sensor_msgs/srv/detail
-- Installing: /workspace/jazzy_ws/install/include/sensor_msgs/sensor_msgs/srv/detail/set_camera_info__type_support.cpp
-- Installing: /workspace/jazzy_ws/install/include/sensor_msgs/sensor_msgs/srv/detail/set_camera_info__rosidl_typesupport_introspection_cpp.hpp
-- Installing: /workspace/jazzy_ws/install/lib/libsensor_msgs__rosidl_typesupport_introspection_cpp.so
-- Set non-toolchain portion of runtime path of "/workspace/jazzy_ws/install/lib/libsensor_msgs__rosidl_typesupport_introspection_cpp.so" to ""
-- Installing: /workspace/jazzy_ws/install/lib/libsensor_msgs__rosidl_typesupport_cpp.so
-- Set non-toolchain portion of runtime path of "/workspace/jazzy_ws/install/lib/libsensor_msgs__rosidl_typesupport_cpp.so" to ""
-- Installing: /workspace/jazzy_ws/install/share/sensor_msgs/environment/pythonpath.sh
-- Installing: /workspace/jazzy_ws/install/share/sensor_msgs/environment/pythonpath.dsv
-- Installing: /workspace/jazzy_ws/install/lib/python3.12/site-packages/sensor_msgs-5.3.6-py3.12.egg-info
-- Installing: /workspace/jazzy_ws/install/lib/python3.12/site-packages/sensor_msgs-5.3.6-py3.12.egg-info/PKG-INFO
-- Installing: /workspace/jazzy_ws/install/lib/python3.12/site-packages/sensor_msgs-5.3.6-py3.12.egg-info/SOURCES.txt
-- Installing: /workspace/jazzy_ws/install/lib/python3.12/site-packages/sensor_msgs-5.3.6-py3.12.egg-info/top_level.txt
-- Installing: /workspace/jazzy_ws/install/lib/python3.12/site-packages/sensor_msgs-5.3.6-py3.12.egg-info/dependency_links.txt
-- Installing: /workspace/jazzy_ws/install/lib/python3.12/site-packages/sensor_msgs
-- Installing: /workspace/jazzy_ws/install/lib/python3.12/site-packages/sensor_msgs/_sensor_msgs_s.ep.rosidl_typesupport_fastrtps_c.c
-- Installing: /workspace/jazzy_ws/install/lib/python3.12/site-packages/sensor_msgs/sensor_msgs_s__rosidl_typesupport_c.so
-- Installing: /workspace/jazzy_ws/install/lib/python3.12/site-packages/sensor_msgs/_sensor_msgs_s.ep.rosidl_typesupport_introspection_c.c
-- Installing: /workspace/jazzy_ws/install/lib/python3.12/site-packages/sensor_msgs/msg
-- Installing: /workspace/jazzy_ws/install/lib/python3.12/site-packages/sensor_msgs/msg/_joy_feedback_s.c
-- Installing: /workspace/jazzy_ws/install/lib/python3.12/site-packages/sensor_msgs/msg/_laser_scan_s.c
-- Installing: /workspace/jazzy_ws/install/lib/python3.12/site-packages/sensor_msgs/msg/_point_field.py
-- Installing: /workspace/jazzy_ws/install/lib/python3.12/site-packages/sensor_msgs/msg/_battery_state.py
-- Installing: /workspace/jazzy_ws/install/lib/python3.12/site-packages/sensor_msgs/msg/_channel_float32.py
-- Installing: /workspace/jazzy_ws/install/lib/python3.12/site-packages/sensor_msgs/msg/_fluid_pressure.py
-- Installing: /workspace/jazzy_ws/install/lib/python3.12/site-packages/sensor_msgs/msg/_point_cloud2.py
-- Installing: /workspace/jazzy_ws/install/lib/python3.12/site-packages/sensor_msgs/msg/_imu_s.c
-- Installing: /workspace/jazzy_ws/install/lib/python3.12/site-packages/sensor_msgs/msg/_point_cloud2_s.c
-- Installing: /workspace/jazzy_ws/install/lib/python3.12/site-packages/sensor_msgs/msg/_range_s.c
-- Installing: /workspace/jazzy_ws/install/lib/python3.12/site-packages/sensor_msgs/msg/_joy_feedback_array_s.c
-- Installing: /workspace/jazzy_ws/install/lib/python3.12/site-packages/sensor_msgs/msg/_image_s.c
-- Installing: /workspace/jazzy_ws/install/lib/python3.12/site-packages/sensor_msgs/msg/_fluid_pressure_s.c
-- Installing: /workspace/jazzy_ws/install/lib/python3.12/site-packages/sensor_msgs/msg/_nav_sat_fix_s.c
-- Installing: /workspace/jazzy_ws/install/lib/python3.12/site-packages/sensor_msgs/msg/_time_reference.py
-- Installing: /workspace/jazzy_ws/install/lib/python3.12/site-packages/sensor_msgs/msg/_multi_dof_joint_state_s.c
-- Installing: /workspace/jazzy_ws/install/lib/python3.12/site-packages/sensor_msgs/msg/_joy_feedback.py
-- Installing: /workspace/jazzy_ws/install/lib/python3.12/site-packages/sensor_msgs/msg/_image.py
-- Installing: /workspace/jazzy_ws/install/lib/python3.12/site-packages/sensor_msgs/msg/_joy.py
-- Installing: /workspace/jazzy_ws/install/lib/python3.12/site-packages/sensor_msgs/msg/_relative_humidity_s.c
-- Installing: /workspace/jazzy_ws/install/lib/python3.12/site-packages/sensor_msgs/msg/_compressed_image_s.c
-- Installing: /workspace/jazzy_ws/install/lib/python3.12/site-packages/sensor_msgs/msg/_multi_echo_laser_scan_s.c
-- Installing: /workspace/jazzy_ws/install/lib/python3.12/site-packages/sensor_msgs/msg/_camera_info.py
-- Installing: /workspace/jazzy_ws/install/lib/python3.12/site-packages/sensor_msgs/msg/__init__.py
-- Installing: /workspace/jazzy_ws/install/lib/python3.12/site-packages/sensor_msgs/msg/_nav_sat_status.py
-- Installing: /workspace/jazzy_ws/install/lib/python3.12/site-packages/sensor_msgs/msg/_joint_state_s.c
-- Installing: /workspace/jazzy_ws/install/lib/python3.12/site-packages/sensor_msgs/msg/_time_reference_s.c
-- Installing: /workspace/jazzy_ws/install/lib/python3.12/site-packages/sensor_msgs/msg/_illuminance_s.c
-- Installing: /workspace/jazzy_ws/install/lib/python3.12/site-packages/sensor_msgs/msg/_camera_info_s.c
-- Installing: /workspace/jazzy_ws/install/lib/python3.12/site-packages/sensor_msgs/msg/_laser_scan.py
-- Installing: /workspace/jazzy_ws/install/lib/python3.12/site-packages/sensor_msgs/msg/_temperature_s.c
-- Installing: /workspace/jazzy_ws/install/lib/python3.12/site-packages/sensor_msgs/msg/_multi_dof_joint_state.py
-- Installing: /workspace/jazzy_ws/install/lib/python3.12/site-packages/sensor_msgs/msg/_magnetic_field.py
-- Installing: /workspace/jazzy_ws/install/lib/python3.12/site-packages/sensor_msgs/msg/_imu.py
-- Installing: /workspace/jazzy_ws/install/lib/python3.12/site-packages/sensor_msgs/msg/_laser_echo.py
-- Installing: /workspace/jazzy_ws/install/lib/python3.12/site-packages/sensor_msgs/msg/_magnetic_field_s.c
-- Installing: /workspace/jazzy_ws/install/lib/python3.12/site-packages/sensor_msgs/msg/_temperature.py
-- Installing: /workspace/jazzy_ws/install/lib/python3.12/site-packages/sensor_msgs/msg/_nav_sat_status_s.c
-- Installing: /workspace/jazzy_ws/install/lib/python3.12/site-packages/sensor_msgs/msg/_battery_state_s.c
-- Installing: /workspace/jazzy_ws/install/lib/python3.12/site-packages/sensor_msgs/msg/_illuminance.py
-- Installing: /workspace/jazzy_ws/install/lib/python3.12/site-packages/sensor_msgs/msg/_laser_echo_s.c
-- Installing: /workspace/jazzy_ws/install/lib/python3.12/site-packages/sensor_msgs/msg/_range.py
-- Installing: /workspace/jazzy_ws/install/lib/python3.12/site-packages/sensor_msgs/msg/_point_cloud_s.c
-- Installing: /workspace/jazzy_ws/install/lib/python3.12/site-packages/sensor_msgs/msg/_multi_echo_laser_scan.py
-- Installing: /workspace/jazzy_ws/install/lib/python3.12/site-packages/sensor_msgs/msg/_nav_sat_fix.py
-- Installing: /workspace/jazzy_ws/install/lib/python3.12/site-packages/sensor_msgs/msg/_joy_feedback_array.py
-- Installing: /workspace/jazzy_ws/install/lib/python3.12/site-packages/sensor_msgs/msg/_point_cloud.py
-- Installing: /workspace/jazzy_ws/install/lib/python3.12/site-packages/sensor_msgs/msg/_channel_float32_s.c
-- Installing: /workspace/jazzy_ws/install/lib/python3.12/site-packages/sensor_msgs/msg/_region_of_interest.py
-- Installing: /workspace/jazzy_ws/install/lib/python3.12/site-packages/sensor_msgs/msg/_joint_state.py
-- Installing: /workspace/jazzy_ws/install/lib/python3.12/site-packages/sensor_msgs/msg/_relative_humidity.py
-- Installing: /workspace/jazzy_ws/install/lib/python3.12/site-packages/sensor_msgs/msg/_joy_s.c
-- Installing: /workspace/jazzy_ws/install/lib/python3.12/site-packages/sensor_msgs/msg/_region_of_interest_s.c
-- Installing: /workspace/jazzy_ws/install/lib/python3.12/site-packages/sensor_msgs/msg/_point_field_s.c
-- Installing: /workspace/jazzy_ws/install/lib/python3.12/site-packages/sensor_msgs/msg/_compressed_image.py
-- Installing: /workspace/jazzy_ws/install/lib/python3.12/site-packages/sensor_msgs/__init__.py
-- Installing: /workspace/jazzy_ws/install/lib/python3.12/site-packages/sensor_msgs/_sensor_msgs_s.ep.rosidl_typesupport_c.c
-- Installing: /workspace/jazzy_ws/install/lib/python3.12/site-packages/sensor_msgs/srv
-- Installing: /workspace/jazzy_ws/install/lib/python3.12/site-packages/sensor_msgs/srv/_set_camera_info.py
-- Installing: /workspace/jazzy_ws/install/lib/python3.12/site-packages/sensor_msgs/srv/__init__.py
-- Installing: /workspace/jazzy_ws/install/lib/python3.12/site-packages/sensor_msgs/srv/_set_camera_info_s.c
-- Installing: /workspace/jazzy_ws/install/lib/python3.12/site-packages/sensor_msgs/sensor_msgs_s__rosidl_typesupport_introspection_c.so
-- Installing: /workspace/jazzy_ws/install/lib/python3.12/site-packages/sensor_msgs/sensor_msgs_s__rosidl_typesupport_fastrtps_c.so
Listing '/workspace/jazzy_ws/install/lib/python3.12/site-packages/sensor_msgs'...
Compiling '/workspace/jazzy_ws/install/lib/python3.12/site-packages/sensor_msgs/__init__.py'...
Listing '/workspace/jazzy_ws/install/lib/python3.12/site-packages/sensor_msgs/msg'...
Compiling '/workspace/jazzy_ws/install/lib/python3.12/site-packages/sensor_msgs/msg/__init__.py'...
Compiling '/workspace/jazzy_ws/install/lib/python3.12/site-packages/sensor_msgs/msg/_battery_state.py'...
Compiling '/workspace/jazzy_ws/install/lib/python3.12/site-packages/sensor_msgs/msg/_camera_info.py'...
Compiling '/workspace/jazzy_ws/install/lib/python3.12/site-packages/sensor_msgs/msg/_channel_float32.py'...
Compiling '/workspace/jazzy_ws/install/lib/python3.12/site-packages/sensor_msgs/msg/_compressed_image.py'...
Compiling '/workspace/jazzy_ws/install/lib/python3.12/site-packages/sensor_msgs/msg/_fluid_pressure.py'...
Compiling '/workspace/jazzy_ws/install/lib/python3.12/site-packages/sensor_msgs/msg/_illuminance.py'...
Compiling '/workspace/jazzy_ws/install/lib/python3.12/site-packages/sensor_msgs/msg/_image.py'...
Compiling '/workspace/jazzy_ws/install/lib/python3.12/site-packages/sensor_msgs/msg/_imu.py'...
Compiling '/workspace/jazzy_ws/install/lib/python3.12/site-packages/sensor_msgs/msg/_joint_state.py'...
Compiling '/workspace/jazzy_ws/install/lib/python3.12/site-packages/sensor_msgs/msg/_joy.py'...
Compiling '/workspace/jazzy_ws/install/lib/python3.12/site-packages/sensor_msgs/msg/_joy_feedback.py'...
Compiling '/workspace/jazzy_ws/install/lib/python3.12/site-packages/sensor_msgs/msg/_joy_feedback_array.py'...
Compiling '/workspace/jazzy_ws/install/lib/python3.12/site-packages/sensor_msgs/msg/_laser_echo.py'...
Compiling '/workspace/jazzy_ws/install/lib/python3.12/site-packages/sensor_msgs/msg/_laser_scan.py'...
Compiling '/workspace/jazzy_ws/install/lib/python3.12/site-packages/sensor_msgs/msg/_magnetic_field.py'...
Compiling '/workspace/jazzy_ws/install/lib/python3.12/site-packages/sensor_msgs/msg/_multi_dof_joint_state.py'...
Compiling '/workspace/jazzy_ws/install/lib/python3.12/site-packages/sensor_msgs/msg/_multi_echo_laser_scan.py'...
Compiling '/workspace/jazzy_ws/install/lib/python3.12/site-packages/sensor_msgs/msg/_nav_sat_fix.py'...
Compiling '/workspace/jazzy_ws/install/lib/python3.12/site-packages/sensor_msgs/msg/_nav_sat_status.py'...
Compiling '/workspace/jazzy_ws/install/lib/python3.12/site-packages/sensor_msgs/msg/_point_cloud.py'...
Compiling '/workspace/jazzy_ws/install/lib/python3.12/site-packages/sensor_msgs/msg/_point_cloud2.py'...
Compiling '/workspace/jazzy_ws/install/lib/python3.12/site-packages/sensor_msgs/msg/_point_field.py'...
Compiling '/workspace/jazzy_ws/install/lib/python3.12/site-packages/sensor_msgs/msg/_range.py'...
Compiling '/workspace/jazzy_ws/install/lib/python3.12/site-packages/sensor_msgs/msg/_region_of_interest.py'...
Compiling '/workspace/jazzy_ws/install/lib/python3.12/site-packages/sensor_msgs/msg/_relative_humidity.py'...
Compiling '/workspace/jazzy_ws/install/lib/python3.12/site-packages/sensor_msgs/msg/_temperature.py'...
Compiling '/workspace/jazzy_ws/install/lib/python3.12/site-packages/sensor_msgs/msg/_time_reference.py'...
Listing '/workspace/jazzy_ws/install/lib/python3.12/site-packages/sensor_msgs/srv'...
Compiling '/workspace/jazzy_ws/install/lib/python3.12/site-packages/sensor_msgs/srv/__init__.py'...
Compiling '/workspace/jazzy_ws/install/lib/python3.12/site-packages/sensor_msgs/srv/_set_camera_info.py'...
-- Installing: /workspace/jazzy_ws/install/lib/python3.12/site-packages/sensor_msgs/sensor_msgs_s__rosidl_typesupport_fastrtps_c.so
-- Set non-toolchain portion of runtime path of "/workspace/jazzy_ws/install/lib/python3.12/site-packages/sensor_msgs/sensor_msgs_s__rosidl_typesupport_fastrtps_c.so" to ""
-- Installing: /workspace/jazzy_ws/install/lib/python3.12/site-packages/sensor_msgs/sensor_msgs_s__rosidl_typesupport_introspection_c.so
-- Set non-toolchain portion of runtime path of "/workspace/jazzy_ws/install/lib/python3.12/site-packages/sensor_msgs/sensor_msgs_s__rosidl_typesupport_introspection_c.so" to ""
-- Installing: /workspace/jazzy_ws/install/lib/python3.12/site-packages/sensor_msgs/sensor_msgs_s__rosidl_typesupport_c.so
-- Set non-toolchain portion of runtime path of "/workspace/jazzy_ws/install/lib/python3.12/site-packages/sensor_msgs/sensor_msgs_s__rosidl_typesupport_c.so" to ""
-- Installing: /workspace/jazzy_ws/install/lib/libsensor_msgs__rosidl_generator_py.so
-- Set non-toolchain portion of runtime path of "/workspace/jazzy_ws/install/lib/libsensor_msgs__rosidl_generator_py.so" to ""
-- Installing: /workspace/jazzy_ws/install/share/sensor_msgs/msg/BatteryState.idl
-- Installing: /workspace/jazzy_ws/install/share/sensor_msgs/msg/CameraInfo.idl
-- Installing: /workspace/jazzy_ws/install/share/sensor_msgs/msg/ChannelFloat32.idl
-- Installing: /workspace/jazzy_ws/install/share/sensor_msgs/msg/CompressedImage.idl
-- Installing: /workspace/jazzy_ws/install/share/sensor_msgs/msg/FluidPressure.idl
-- Installing: /workspace/jazzy_ws/install/share/sensor_msgs/msg/Illuminance.idl
-- Installing: /workspace/jazzy_ws/install/share/sensor_msgs/msg/Image.idl
-- Installing: /workspace/jazzy_ws/install/share/sensor_msgs/msg/Imu.idl
-- Installing: /workspace/jazzy_ws/install/share/sensor_msgs/msg/JointState.idl
-- Installing: /workspace/jazzy_ws/install/share/sensor_msgs/msg/Joy.idl
-- Installing: /workspace/jazzy_ws/install/share/sensor_msgs/msg/JoyFeedback.idl
-- Installing: /workspace/jazzy_ws/install/share/sensor_msgs/msg/JoyFeedbackArray.idl
-- Installing: /workspace/jazzy_ws/install/share/sensor_msgs/msg/LaserEcho.idl
-- Installing: /workspace/jazzy_ws/install/share/sensor_msgs/msg/LaserScan.idl
-- Installing: /workspace/jazzy_ws/install/share/sensor_msgs/msg/MagneticField.idl
-- Installing: /workspace/jazzy_ws/install/share/sensor_msgs/msg/MultiDOFJointState.idl
-- Installing: /workspace/jazzy_ws/install/share/sensor_msgs/msg/MultiEchoLaserScan.idl
-- Installing: /workspace/jazzy_ws/install/share/sensor_msgs/msg/NavSatFix.idl
-- Installing: /workspace/jazzy_ws/install/share/sensor_msgs/msg/NavSatStatus.idl
-- Installing: /workspace/jazzy_ws/install/share/sensor_msgs/msg/PointCloud.idl
-- Installing: /workspace/jazzy_ws/install/share/sensor_msgs/msg/PointCloud2.idl
-- Installing: /workspace/jazzy_ws/install/share/sensor_msgs/msg/PointField.idl
-- Installing: /workspace/jazzy_ws/install/share/sensor_msgs/msg/Range.idl
-- Installing: /workspace/jazzy_ws/install/share/sensor_msgs/msg/RegionOfInterest.idl
-- Installing: /workspace/jazzy_ws/install/share/sensor_msgs/msg/RelativeHumidity.idl
-- Installing: /workspace/jazzy_ws/install/share/sensor_msgs/msg/Temperature.idl
-- Installing: /workspace/jazzy_ws/install/share/sensor_msgs/msg/TimeReference.idl
-- Installing: /workspace/jazzy_ws/install/share/sensor_msgs/srv/SetCameraInfo.idl
-- Installing: /workspace/jazzy_ws/install/share/sensor_msgs/msg/BatteryState.msg
-- Installing: /workspace/jazzy_ws/install/share/sensor_msgs/msg/CameraInfo.msg
-- Installing: /workspace/jazzy_ws/install/share/sensor_msgs/msg/ChannelFloat32.msg
-- Installing: /workspace/jazzy_ws/install/share/sensor_msgs/msg/CompressedImage.msg
-- Installing: /workspace/jazzy_ws/install/share/sensor_msgs/msg/FluidPressure.msg
-- Installing: /workspace/jazzy_ws/install/share/sensor_msgs/msg/Illuminance.msg
-- Installing: /workspace/jazzy_ws/install/share/sensor_msgs/msg/Image.msg
-- Installing: /workspace/jazzy_ws/install/share/sensor_msgs/msg/Imu.msg
-- Installing: /workspace/jazzy_ws/install/share/sensor_msgs/msg/JointState.msg
-- Installing: /workspace/jazzy_ws/install/share/sensor_msgs/msg/Joy.msg
-- Installing: /workspace/jazzy_ws/install/share/sensor_msgs/msg/JoyFeedback.msg
-- Installing: /workspace/jazzy_ws/install/share/sensor_msgs/msg/JoyFeedbackArray.msg
-- Installing: /workspace/jazzy_ws/install/share/sensor_msgs/msg/LaserEcho.msg
-- Installing: /workspace/jazzy_ws/install/share/sensor_msgs/msg/LaserScan.msg
-- Installing: /workspace/jazzy_ws/install/share/sensor_msgs/msg/MagneticField.msg
-- Installing: /workspace/jazzy_ws/install/share/sensor_msgs/msg/MultiDOFJointState.msg
-- Installing: /workspace/jazzy_ws/install/share/sensor_msgs/msg/MultiEchoLaserScan.msg
-- Installing: /workspace/jazzy_ws/install/share/sensor_msgs/msg/NavSatFix.msg
-- Installing: /workspace/jazzy_ws/install/share/sensor_msgs/msg/NavSatStatus.msg
-- Installing: /workspace/jazzy_ws/install/share/sensor_msgs/msg/PointCloud.msg
-- Installing: /workspace/jazzy_ws/install/share/sensor_msgs/msg/PointCloud2.msg
-- Installing: /workspace/jazzy_ws/install/share/sensor_msgs/msg/PointField.msg
-- Installing: /workspace/jazzy_ws/install/share/sensor_msgs/msg/Range.msg
-- Installing: /workspace/jazzy_ws/install/share/sensor_msgs/msg/RegionOfInterest.msg
-- Installing: /workspace/jazzy_ws/install/share/sensor_msgs/msg/RelativeHumidity.msg
-- Installing: /workspace/jazzy_ws/install/share/sensor_msgs/msg/Temperature.msg
-- Installing: /workspace/jazzy_ws/install/share/sensor_msgs/msg/TimeReference.msg
-- Installing: /workspace/jazzy_ws/install/share/sensor_msgs/srv/SetCameraInfo.srv
-- Up-to-date: /workspace/jazzy_ws/install/include/sensor_msgs
-- Up-to-date: /workspace/jazzy_ws/install/include/sensor_msgs/sensor_msgs
-- Installing: /workspace/jazzy_ws/install/include/sensor_msgs/sensor_msgs/fill_image.hpp
-- Installing: /workspace/jazzy_ws/install/include/sensor_msgs/sensor_msgs/point_field_conversion.hpp
-- Installing: /workspace/jazzy_ws/install/include/sensor_msgs/sensor_msgs/point_cloud_conversion.hpp
-- Installing: /workspace/jazzy_ws/install/include/sensor_msgs/sensor_msgs/impl
-- Installing: /workspace/jazzy_ws/install/include/sensor_msgs/sensor_msgs/impl/point_cloud2_iterator.hpp
-- Installing: /workspace/jazzy_ws/install/include/sensor_msgs/sensor_msgs/image_encodings.hpp
-- Installing: /workspace/jazzy_ws/install/include/sensor_msgs/sensor_msgs/distortion_models.hpp
-- Installing: /workspace/jazzy_ws/install/include/sensor_msgs/sensor_msgs/point_cloud2_iterator.hpp
-- Installing: /workspace/jazzy_ws/install/share/ament_index/resource_index/package_run_dependencies/sensor_msgs
-- Installing: /workspace/jazzy_ws/install/share/ament_index/resource_index/parent_prefix_path/sensor_msgs
-- Installing: /workspace/jazzy_ws/install/share/sensor_msgs/environment/ament_prefix_path.sh
-- Installing: /workspace/jazzy_ws/install/share/sensor_msgs/environment/ament_prefix_path.dsv
-- Installing: /workspace/jazzy_ws/install/share/sensor_msgs/environment/path.sh
-- Installing: /workspace/jazzy_ws/install/share/sensor_msgs/environment/path.dsv
-- Installing: /workspace/jazzy_ws/install/share/sensor_msgs/local_setup.bash
-- Installing: /workspace/jazzy_ws/install/share/sensor_msgs/local_setup.sh
-- Installing: /workspace/jazzy_ws/install/share/sensor_msgs/local_setup.zsh
-- Installing: /workspace/jazzy_ws/install/share/sensor_msgs/local_setup.dsv
-- Installing: /workspace/jazzy_ws/install/share/sensor_msgs/package.dsv
-- Installing: /workspace/jazzy_ws/install/share/ament_index/resource_index/packages/sensor_msgs
-- Installing: /workspace/jazzy_ws/install/share/sensor_msgs/cmake/export_sensor_msgs__rosidl_generator_cExport.cmake
-- Installing: /workspace/jazzy_ws/install/share/sensor_msgs/cmake/export_sensor_msgs__rosidl_generator_cExport-noconfig.cmake
-- Installing: /workspace/jazzy_ws/install/share/sensor_msgs/cmake/export_sensor_msgs__rosidl_typesupport_fastrtps_cExport.cmake
-- Installing: /workspace/jazzy_ws/install/share/sensor_msgs/cmake/export_sensor_msgs__rosidl_typesupport_fastrtps_cExport-noconfig.cmake
-- Installing: /workspace/jazzy_ws/install/share/sensor_msgs/cmake/export_sensor_msgs__rosidl_generator_cppExport.cmake
-- Installing: /workspace/jazzy_ws/install/share/sensor_msgs/cmake/export_sensor_msgs__rosidl_typesupport_fastrtps_cppExport.cmake
-- Installing: /workspace/jazzy_ws/install/share/sensor_msgs/cmake/export_sensor_msgs__rosidl_typesupport_fastrtps_cppExport-noconfig.cmake
-- Installing: /workspace/jazzy_ws/install/share/sensor_msgs/cmake/sensor_msgs__rosidl_typesupport_introspection_cExport.cmake
-- Installing: /workspace/jazzy_ws/install/share/sensor_msgs/cmake/sensor_msgs__rosidl_typesupport_introspection_cExport-noconfig.cmake
-- Installing: /workspace/jazzy_ws/install/share/sensor_msgs/cmake/sensor_msgs__rosidl_typesupport_cExport.cmake
-- Installing: /workspace/jazzy_ws/install/share/sensor_msgs/cmake/sensor_msgs__rosidl_typesupport_cExport-noconfig.cmake
-- Installing: /workspace/jazzy_ws/install/share/sensor_msgs/cmake/sensor_msgs__rosidl_typesupport_introspection_cppExport.cmake
-- Installing: /workspace/jazzy_ws/install/share/sensor_msgs/cmake/sensor_msgs__rosidl_typesupport_introspection_cppExport-noconfig.cmake
-- Installing: /workspace/jazzy_ws/install/share/sensor_msgs/cmake/sensor_msgs__rosidl_typesupport_cppExport.cmake
-- Installing: /workspace/jazzy_ws/install/share/sensor_msgs/cmake/sensor_msgs__rosidl_typesupport_cppExport-noconfig.cmake
-- Installing: /workspace/jazzy_ws/install/share/sensor_msgs/cmake/export_sensor_msgs__rosidl_generator_pyExport.cmake
-- Installing: /workspace/jazzy_ws/install/share/sensor_msgs/cmake/export_sensor_msgs__rosidl_generator_pyExport-noconfig.cmake
-- Installing: /workspace/jazzy_ws/install/share/sensor_msgs/cmake/export_sensor_msgsExport.cmake
-- Installing: /workspace/jazzy_ws/install/share/sensor_msgs/cmake/rosidl_cmake-extras.cmake
-- Installing: /workspace/jazzy_ws/install/share/sensor_msgs/cmake/ament_cmake_export_dependencies-extras.cmake
-- Installing: /workspace/jazzy_ws/install/share/sensor_msgs/cmake/ament_cmake_export_include_directories-extras.cmake
-- Installing: /workspace/jazzy_ws/install/share/sensor_msgs/cmake/ament_cmake_export_libraries-extras.cmake
-- Installing: /workspace/jazzy_ws/install/share/sensor_msgs/cmake/ament_cmake_export_targets-extras.cmake
-- Installing: /workspace/jazzy_ws/install/share/sensor_msgs/cmake/rosidl_cmake_export_typesupport_targets-extras.cmake
-- Installing: /workspace/jazzy_ws/install/share/sensor_msgs/cmake/rosidl_cmake_export_typesupport_libraries-extras.cmake
-- Installing: /workspace/jazzy_ws/install/share/sensor_msgs/cmake/sensor_msgsConfig.cmake
-- Installing: /workspace/jazzy_ws/install/share/sensor_msgs/cmake/sensor_msgsConfig-version.cmake
-- Installing: /workspace/jazzy_ws/install/share/sensor_msgs/package.xml
