[0.095s] Invoking command in '/workspace/jazzy_ws/build/std_msgs': AMENT_PREFIX_PATH=/workspace/jazzy_ws/install CMAKE_PREFIX_PATH=/workspace/jazzy_ws/install LD_LIBRARY_PATH=/workspace/jazzy_ws/install/lib:/workspace/jazzy_ws/install/opt/mimick_vendor/lib PATH=/workspace/jazzy_ws/install/bin:/workspace/jazzy_ws/install/opt/uncrustify_vendor/bin:${PATH} PKG_CONFIG_PATH=/workspace/jazzy_ws/install/lib/x86_64-linux-gnu/pkgconfig:/workspace/jazzy_ws/install/lib/pkgconfig PYTHONPATH=/workspace/jazzy_ws/install/lib/python3.12/site-packages /usr/bin/cmake /workspace/jazzy_ws/src/common_interfaces/std_msgs -DCMAKE_INSTALL_PREFIX=/workspace/jazzy_ws/install
[0.124s] -- The C compiler identification is GNU 13.3.0
[0.156s] -- The CXX compiler identification is GNU 13.3.0
[0.166s] -- Detecting C compiler ABI info
[0.212s] -- Detecting C compiler ABI info - done
[0.217s] -- Check for working C compiler: /usr/bin/cc - skipped
[0.217s] -- Detecting C compile features
[0.217s] -- Detecting C compile features - done
[0.222s] -- Detecting CXX compiler ABI info
[0.273s] -- Detecting CXX compiler ABI info - done
[0.279s] -- Check for working CXX compiler: /usr/bin/c++ - skipped
[0.279s] -- Detecting CXX compile features
[0.279s] -- Detecting CXX compile features - done
[0.281s] -- Found ament_cmake: 2.5.5 (/workspace/jazzy_ws/install/share/ament_cmake/cmake)
[0.351s] -- Found Python3: /usr/bin/python3 (found version "3.12.3") found components: Interpreter 
[0.401s] -- Found builtin_interfaces: 2.0.3 (/workspace/jazzy_ws/install/share/builtin_interfaces/cmake)
[0.416s] -- Found rosidl_generator_c: 4.6.7 (/workspace/jazzy_ws/install/share/rosidl_generator_c/cmake)
[0.422s] -- Found rosidl_generator_cpp: 4.6.7 (/workspace/jazzy_ws/install/share/rosidl_generator_cpp/cmake)
[0.430s] -- Using all available rosidl_typesupport_c: rosidl_typesupport_fastrtps_c;rosidl_typesupport_introspection_c
[0.438s] -- Using all available rosidl_typesupport_cpp: rosidl_typesupport_fastrtps_cpp;rosidl_typesupport_introspection_cpp
[0.446s] -- Found rosidl_default_generators: 1.6.0 (/workspace/jazzy_ws/install/share/rosidl_default_generators/cmake)
[0.452s] -- Found rosidl_adapter: 4.6.7 (/workspace/jazzy_ws/install/share/rosidl_adapter/cmake)
[0.788s] -- Found ament_cmake_cppcheck: 0.17.4 (/workspace/jazzy_ws/install/share/ament_cmake_cppcheck/cmake)
[0.789s] -- Found ament_cmake_cpplint: 0.17.4 (/workspace/jazzy_ws/install/share/ament_cmake_cpplint/cmake)
[0.790s] -- Found ament_cmake_uncrustify: 0.17.4 (/workspace/jazzy_ws/install/share/ament_cmake_uncrustify/cmake)
[0.791s] -- Found ament_cmake_ros: 0.12.0 (/workspace/jazzy_ws/install/share/ament_cmake_ros/cmake)
[1.153s] -- Using all available rosidl_typesupport_c: rosidl_typesupport_fastrtps_c;rosidl_typesupport_introspection_c
[1.295s] -- Using all available rosidl_typesupport_cpp: rosidl_typesupport_fastrtps_cpp;rosidl_typesupport_introspection_cpp
[1.297s] -- Found python_cmake_module: 0.11.1 (/workspace/jazzy_ws/install/share/python_cmake_module/cmake)
[1.363s] -- Found PythonExtra: /usr/bin/python3  
[1.882s] -- Found Python3: /usr/bin/python3 (found version "3.12.3") found components: Interpreter Development NumPy Development.Module Development.Embed 
[1.911s] -- Found ament_cmake_flake8: 0.17.4 (/workspace/jazzy_ws/install/share/ament_cmake_flake8/cmake)
[1.913s] -- Found ament_cmake_pep257: 0.17.4 (/workspace/jazzy_ws/install/share/ament_cmake_pep257/cmake)
[1.921s] -- Configuring done (1.8s)
[2.006s] -- Generating done (0.1s)
[2.015s] -- Build files have been written to: /workspace/jazzy_ws/build/std_msgs
[2.025s] Invoked command in '/workspace/jazzy_ws/build/std_msgs' returned '0': AMENT_PREFIX_PATH=/workspace/jazzy_ws/install CMAKE_PREFIX_PATH=/workspace/jazzy_ws/install LD_LIBRARY_PATH=/workspace/jazzy_ws/install/lib:/workspace/jazzy_ws/install/opt/mimick_vendor/lib PATH=/workspace/jazzy_ws/install/bin:/workspace/jazzy_ws/install/opt/uncrustify_vendor/bin:${PATH} PKG_CONFIG_PATH=/workspace/jazzy_ws/install/lib/x86_64-linux-gnu/pkgconfig:/workspace/jazzy_ws/install/lib/pkgconfig PYTHONPATH=/workspace/jazzy_ws/install/lib/python3.12/site-packages /usr/bin/cmake /workspace/jazzy_ws/src/common_interfaces/std_msgs -DCMAKE_INSTALL_PREFIX=/workspace/jazzy_ws/install
[2.025s] Invoking command in '/workspace/jazzy_ws/build/std_msgs': AMENT_PREFIX_PATH=/workspace/jazzy_ws/install CMAKE_PREFIX_PATH=/workspace/jazzy_ws/install LD_LIBRARY_PATH=/workspace/jazzy_ws/install/lib:/workspace/jazzy_ws/install/opt/mimick_vendor/lib PATH=/workspace/jazzy_ws/install/bin:/workspace/jazzy_ws/install/opt/uncrustify_vendor/bin:${PATH} PKG_CONFIG_PATH=/workspace/jazzy_ws/install/lib/x86_64-linux-gnu/pkgconfig:/workspace/jazzy_ws/install/lib/pkgconfig PYTHONPATH=/workspace/jazzy_ws/install/lib/python3.12/site-packages /usr/bin/cmake --build /workspace/jazzy_ws/build/std_msgs -- -j24 -l24
[2.070s] [  0%] Generating type hashes for ROS interfaces
[2.075s] [  0%] Built target ament_cmake_python_copy_std_msgs
[2.190s] running egg_info
[2.198s] creating std_msgs.egg-info
[2.198s] writing std_msgs.egg-info/PKG-INFO
[2.198s] writing dependency_links to std_msgs.egg-info/dependency_links.txt
[2.198s] writing top-level names to std_msgs.egg-info/top_level.txt
[2.198s] writing manifest file 'std_msgs.egg-info/SOURCES.txt'
[2.214s] reading manifest file 'std_msgs.egg-info/SOURCES.txt'
[2.215s] writing manifest file 'std_msgs.egg-info/SOURCES.txt'
[2.234s] [  0%] Built target ament_cmake_python_build_std_msgs_egg
[2.838s] [  0%] Built target std_msgs__rosidl_generator_type_description
[2.857s] [  0%] Generating C code for ROS interfaces
[2.859s] [  0%] Generating C++ code for ROS interfaces
[4.101s] [  0%] Built target std_msgs__cpp
[4.422s] [  1%] Building C object CMakeFiles/std_msgs__rosidl_generator_c.dir/rosidl_generator_c/std_msgs/msg/detail/bool__description.c.o
[4.425s] [  1%] Building C object CMakeFiles/std_msgs__rosidl_generator_c.dir/rosidl_generator_c/std_msgs/msg/detail/bool__type_support.c.o
[4.430s] [  1%] Building C object CMakeFiles/std_msgs__rosidl_generator_c.dir/rosidl_generator_c/std_msgs/msg/detail/byte__type_support.c.o
[4.435s] [  1%] Building C object CMakeFiles/std_msgs__rosidl_generator_c.dir/rosidl_generator_c/std_msgs/msg/detail/bool__functions.c.o
[4.439s] [  1%] Building C object CMakeFiles/std_msgs__rosidl_generator_c.dir/rosidl_generator_c/std_msgs/msg/detail/byte__functions.c.o
[4.445s] [  2%] Building C object CMakeFiles/std_msgs__rosidl_generator_c.dir/rosidl_generator_c/std_msgs/msg/detail/byte__description.c.o
[4.465s] [  2%] Building C object CMakeFiles/std_msgs__rosidl_generator_c.dir/rosidl_generator_c/std_msgs/msg/detail/char__type_support.c.o
[4.467s] [  3%] Building C object CMakeFiles/std_msgs__rosidl_generator_c.dir/rosidl_generator_c/std_msgs/msg/detail/byte_multi_array__description.c.o
[4.467s] [  3%] Building C object CMakeFiles/std_msgs__rosidl_generator_c.dir/rosidl_generator_c/std_msgs/msg/detail/byte_multi_array__functions.c.o
[4.467s] [  3%] Building C object CMakeFiles/std_msgs__rosidl_generator_c.dir/rosidl_generator_c/std_msgs/msg/detail/color_rgba__description.c.o
[4.473s] [  4%] Building C object CMakeFiles/std_msgs__rosidl_generator_c.dir/rosidl_generator_c/std_msgs/msg/detail/char__description.c.o
[4.482s] [  4%] Building C object CMakeFiles/std_msgs__rosidl_generator_c.dir/rosidl_generator_c/std_msgs/msg/detail/char__functions.c.o
[4.482s] [  4%] Building C object CMakeFiles/std_msgs__rosidl_generator_c.dir/rosidl_generator_c/std_msgs/msg/detail/byte_multi_array__type_support.c.o
[4.482s] [  5%] Building C object CMakeFiles/std_msgs__rosidl_generator_c.dir/rosidl_generator_c/std_msgs/msg/detail/color_rgba__functions.c.o
[4.483s] [  5%] Building C object CMakeFiles/std_msgs__rosidl_generator_c.dir/rosidl_generator_c/std_msgs/msg/detail/color_rgba__type_support.c.o
[4.489s] [  5%] Building C object CMakeFiles/std_msgs__rosidl_generator_c.dir/rosidl_generator_c/std_msgs/msg/detail/empty__description.c.o
[4.489s] [  6%] Building C object CMakeFiles/std_msgs__rosidl_generator_c.dir/rosidl_generator_c/std_msgs/msg/detail/float32__functions.c.o
[4.490s] [  5%] Building C object CMakeFiles/std_msgs__rosidl_generator_c.dir/rosidl_generator_c/std_msgs/msg/detail/float32__description.c.o
[4.490s] [  7%] Building C object CMakeFiles/std_msgs__rosidl_generator_c.dir/rosidl_generator_c/std_msgs/msg/detail/empty__functions.c.o
[4.496s] [  7%] Building C object CMakeFiles/std_msgs__rosidl_generator_c.dir/rosidl_generator_c/std_msgs/msg/detail/float32__type_support.c.o
[4.499s] [  7%] Building C object CMakeFiles/std_msgs__rosidl_generator_c.dir/rosidl_generator_c/std_msgs/msg/detail/float32_multi_array__description.c.o
[4.503s] [  7%] Building C object CMakeFiles/std_msgs__rosidl_generator_c.dir/rosidl_generator_c/std_msgs/msg/detail/empty__type_support.c.o
[4.541s] [  8%] Building C object CMakeFiles/std_msgs__rosidl_generator_c.dir/rosidl_generator_c/std_msgs/msg/detail/float32_multi_array__functions.c.o
[4.551s] [  8%] Building C object CMakeFiles/std_msgs__rosidl_generator_c.dir/rosidl_generator_c/std_msgs/msg/detail/float64__description.c.o
[4.551s] [  8%] Building C object CMakeFiles/std_msgs__rosidl_generator_c.dir/rosidl_generator_c/std_msgs/msg/detail/float64__functions.c.o
[4.554s] [  8%] Building C object CMakeFiles/std_msgs__rosidl_generator_c.dir/rosidl_generator_c/std_msgs/msg/detail/float64_multi_array__functions.c.o
[4.554s] [  8%] Building C object CMakeFiles/std_msgs__rosidl_generator_c.dir/rosidl_generator_c/std_msgs/msg/detail/float32_multi_array__type_support.c.o
[4.554s] [  9%] Building C object CMakeFiles/std_msgs__rosidl_generator_c.dir/rosidl_generator_c/std_msgs/msg/detail/float64__type_support.c.o
[4.559s] [  9%] Building C object CMakeFiles/std_msgs__rosidl_generator_c.dir/rosidl_generator_c/std_msgs/msg/detail/float64_multi_array__description.c.o
[4.565s] [ 10%] Building C object CMakeFiles/std_msgs__rosidl_generator_c.dir/rosidl_generator_c/std_msgs/msg/detail/float64_multi_array__type_support.c.o
[4.565s] [ 10%] Building C object CMakeFiles/std_msgs__rosidl_generator_c.dir/rosidl_generator_c/std_msgs/msg/detail/header__functions.c.o
[4.566s] [ 11%] Building C object CMakeFiles/std_msgs__rosidl_generator_c.dir/rosidl_generator_c/std_msgs/msg/detail/header__type_support.c.o
[4.568s] [ 11%] Building C object CMakeFiles/std_msgs__rosidl_generator_c.dir/rosidl_generator_c/std_msgs/msg/detail/header__description.c.o
[4.582s] [ 11%] Building C object CMakeFiles/std_msgs__rosidl_generator_c.dir/rosidl_generator_c/std_msgs/msg/detail/int16__description.c.o
[4.592s] [ 11%] Building C object CMakeFiles/std_msgs__rosidl_generator_c.dir/rosidl_generator_c/std_msgs/msg/detail/int16__functions.c.o
[4.609s] [ 11%] Building C object CMakeFiles/std_msgs__rosidl_generator_c.dir/rosidl_generator_c/std_msgs/msg/detail/int16_multi_array__description.c.o
[4.616s] [ 11%] Building C object CMakeFiles/std_msgs__rosidl_generator_c.dir/rosidl_generator_c/std_msgs/msg/detail/int16_multi_array__functions.c.o
[4.619s] [ 11%] Building C object CMakeFiles/std_msgs__rosidl_generator_c.dir/rosidl_generator_c/std_msgs/msg/detail/int32__functions.c.o
[4.620s] [ 12%] Building C object CMakeFiles/std_msgs__rosidl_generator_c.dir/rosidl_generator_c/std_msgs/msg/detail/int32__description.c.o
[4.621s] [ 12%] Building C object CMakeFiles/std_msgs__rosidl_generator_c.dir/rosidl_generator_c/std_msgs/msg/detail/int32_multi_array__functions.c.o
[4.624s] [ 13%] Building C object CMakeFiles/std_msgs__rosidl_generator_c.dir/rosidl_generator_c/std_msgs/msg/detail/int16__type_support.c.o
[4.624s] [ 13%] Building C object CMakeFiles/std_msgs__rosidl_generator_c.dir/rosidl_generator_c/std_msgs/msg/detail/int32_multi_array__type_support.c.o
[4.625s] [ 13%] Building C object CMakeFiles/std_msgs__rosidl_generator_c.dir/rosidl_generator_c/std_msgs/msg/detail/int32__type_support.c.o
[4.634s] [ 13%] Building C object CMakeFiles/std_msgs__rosidl_generator_c.dir/rosidl_generator_c/std_msgs/msg/detail/int64__type_support.c.o
[4.634s] [ 14%] Building C object CMakeFiles/std_msgs__rosidl_generator_c.dir/rosidl_generator_c/std_msgs/msg/detail/int64__description.c.o
[4.644s] [ 14%] Building C object CMakeFiles/std_msgs__rosidl_generator_c.dir/rosidl_generator_c/std_msgs/msg/detail/int64__functions.c.o
[4.646s] [ 15%] Building C object CMakeFiles/std_msgs__rosidl_generator_c.dir/rosidl_generator_c/std_msgs/msg/detail/int64_multi_array__description.c.o
[4.656s] [ 15%] Building C object CMakeFiles/std_msgs__rosidl_generator_c.dir/rosidl_generator_c/std_msgs/msg/detail/int8__description.c.o
[4.659s] [ 16%] Building C object CMakeFiles/std_msgs__rosidl_generator_c.dir/rosidl_generator_c/std_msgs/msg/detail/int8__functions.c.o
[4.662s] [ 16%] Building C object CMakeFiles/std_msgs__rosidl_generator_c.dir/rosidl_generator_c/std_msgs/msg/detail/int64_multi_array__type_support.c.o
[4.662s] [ 15%] Building C object CMakeFiles/std_msgs__rosidl_generator_c.dir/rosidl_generator_c/std_msgs/msg/detail/int64_multi_array__functions.c.o
[4.663s] [ 16%] Building C object CMakeFiles/std_msgs__rosidl_generator_c.dir/rosidl_generator_c/std_msgs/msg/detail/int16_multi_array__type_support.c.o
[4.665s] [ 17%] Building C object CMakeFiles/std_msgs__rosidl_generator_c.dir/rosidl_generator_c/std_msgs/msg/detail/int8_multi_array__description.c.o
[4.667s] [ 17%] Building C object CMakeFiles/std_msgs__rosidl_generator_c.dir/rosidl_generator_c/std_msgs/msg/detail/int8_multi_array__type_support.c.o
[4.667s] [ 17%] Building C object CMakeFiles/std_msgs__rosidl_generator_c.dir/rosidl_generator_c/std_msgs/msg/detail/int8_multi_array__functions.c.o
[4.670s] [ 17%] Building C object CMakeFiles/std_msgs__rosidl_generator_c.dir/rosidl_generator_c/std_msgs/msg/detail/int8__type_support.c.o
[4.677s] [ 18%] Building C object CMakeFiles/std_msgs__rosidl_generator_c.dir/rosidl_generator_c/std_msgs/msg/detail/multi_array_dimension__functions.c.o
[4.680s] [ 17%] Building C object CMakeFiles/std_msgs__rosidl_generator_c.dir/rosidl_generator_c/std_msgs/msg/detail/multi_array_dimension__description.c.o
[4.699s] [ 19%] Building C object CMakeFiles/std_msgs__rosidl_generator_c.dir/rosidl_generator_c/std_msgs/msg/detail/int32_multi_array__description.c.o
[4.699s] [ 19%] Building C object CMakeFiles/std_msgs__rosidl_generator_c.dir/rosidl_generator_c/std_msgs/msg/detail/multi_array_dimension__type_support.c.o
[4.700s] [ 19%] Building C object CMakeFiles/std_msgs__rosidl_generator_c.dir/rosidl_generator_c/std_msgs/msg/detail/multi_array_layout__description.c.o
[4.704s] [ 20%] Building C object CMakeFiles/std_msgs__rosidl_generator_c.dir/rosidl_generator_c/std_msgs/msg/detail/multi_array_layout__functions.c.o
[4.704s] [ 20%] Building C object CMakeFiles/std_msgs__rosidl_generator_c.dir/rosidl_generator_c/std_msgs/msg/detail/string__description.c.o
[4.715s] [ 20%] Building C object CMakeFiles/std_msgs__rosidl_generator_c.dir/rosidl_generator_c/std_msgs/msg/detail/multi_array_layout__type_support.c.o
[4.740s] [ 20%] Building C object CMakeFiles/std_msgs__rosidl_generator_c.dir/rosidl_generator_c/std_msgs/msg/detail/string__functions.c.o
[4.740s] [ 21%] Building C object CMakeFiles/std_msgs__rosidl_generator_c.dir/rosidl_generator_c/std_msgs/msg/detail/string__type_support.c.o
[4.740s] [ 21%] Building C object CMakeFiles/std_msgs__rosidl_generator_c.dir/rosidl_generator_c/std_msgs/msg/detail/u_int16__description.c.o
[4.740s] [ 22%] Building C object CMakeFiles/std_msgs__rosidl_generator_c.dir/rosidl_generator_c/std_msgs/msg/detail/u_int16__type_support.c.o
[4.740s] [ 22%] Building C object CMakeFiles/std_msgs__rosidl_generator_c.dir/rosidl_generator_c/std_msgs/msg/detail/u_int16__functions.c.o
[4.741s] [ 22%] Building C object CMakeFiles/std_msgs__rosidl_generator_c.dir/rosidl_generator_c/std_msgs/msg/detail/u_int16_multi_array__functions.c.o
[4.747s] [ 22%] Building C object CMakeFiles/std_msgs__rosidl_generator_c.dir/rosidl_generator_c/std_msgs/msg/detail/u_int16_multi_array__description.c.o
[4.747s] [ 22%] Building C object CMakeFiles/std_msgs__rosidl_generator_c.dir/rosidl_generator_c/std_msgs/msg/detail/u_int32__functions.c.o
[4.747s] [ 22%] Building C object CMakeFiles/std_msgs__rosidl_generator_c.dir/rosidl_generator_c/std_msgs/msg/detail/u_int32__description.c.o
[4.760s] [ 23%] Building C object CMakeFiles/std_msgs__rosidl_generator_c.dir/rosidl_generator_c/std_msgs/msg/detail/u_int32_multi_array__description.c.o
[4.760s] [ 23%] Building C object CMakeFiles/std_msgs__rosidl_generator_c.dir/rosidl_generator_c/std_msgs/msg/detail/u_int16_multi_array__type_support.c.o
[4.761s] [ 24%] Building C object CMakeFiles/std_msgs__rosidl_generator_c.dir/rosidl_generator_c/std_msgs/msg/detail/u_int32__type_support.c.o
[4.772s] [ 24%] Building C object CMakeFiles/std_msgs__rosidl_generator_c.dir/rosidl_generator_c/std_msgs/msg/detail/u_int64__description.c.o
[4.772s] [ 24%] Building C object CMakeFiles/std_msgs__rosidl_generator_c.dir/rosidl_generator_c/std_msgs/msg/detail/u_int32_multi_array__functions.c.o
[4.775s] [ 25%] Building C object CMakeFiles/std_msgs__rosidl_generator_c.dir/rosidl_generator_c/std_msgs/msg/detail/u_int32_multi_array__type_support.c.o
[4.802s] [ 25%] Building C object CMakeFiles/std_msgs__rosidl_generator_c.dir/rosidl_generator_c/std_msgs/msg/detail/u_int64__functions.c.o
[4.818s] [ 25%] Building C object CMakeFiles/std_msgs__rosidl_generator_c.dir/rosidl_generator_c/std_msgs/msg/detail/u_int64__type_support.c.o
[4.818s] [ 26%] Building C object CMakeFiles/std_msgs__rosidl_generator_c.dir/rosidl_generator_c/std_msgs/msg/detail/u_int64_multi_array__description.c.o
[4.820s] [ 26%] Building C object CMakeFiles/std_msgs__rosidl_generator_c.dir/rosidl_generator_c/std_msgs/msg/detail/u_int64_multi_array__functions.c.o
[4.823s] [ 26%] Building C object CMakeFiles/std_msgs__rosidl_generator_c.dir/rosidl_generator_c/std_msgs/msg/detail/u_int64_multi_array__type_support.c.o
[4.830s] [ 27%] Building C object CMakeFiles/std_msgs__rosidl_generator_c.dir/rosidl_generator_c/std_msgs/msg/detail/u_int8__description.c.o
[4.831s] [ 27%] Building C object CMakeFiles/std_msgs__rosidl_generator_c.dir/rosidl_generator_c/std_msgs/msg/detail/u_int8__type_support.c.o
[4.831s] [ 27%] Building C object CMakeFiles/std_msgs__rosidl_generator_c.dir/rosidl_generator_c/std_msgs/msg/detail/u_int8__functions.c.o
[4.845s] [ 27%] Building C object CMakeFiles/std_msgs__rosidl_generator_c.dir/rosidl_generator_c/std_msgs/msg/detail/u_int8_multi_array__functions.c.o
[4.846s] [ 28%] Building C object CMakeFiles/std_msgs__rosidl_generator_c.dir/rosidl_generator_c/std_msgs/msg/detail/u_int8_multi_array__description.c.o
[4.850s] [ 28%] Building C object CMakeFiles/std_msgs__rosidl_generator_c.dir/rosidl_generator_c/std_msgs/msg/detail/u_int8_multi_array__type_support.c.o
[4.973s] [ 29%] Linking C shared library libstd_msgs__rosidl_generator_c.so
[5.064s] [ 29%] Built target std_msgs__rosidl_generator_c
[5.085s] [ 30%] Generating C++ type support dispatch for ROS interfaces
[5.085s] [ 31%] Generating C type support dispatch for ROS interfaces
[5.085s] [ 31%] Generating C++ type support for eProsima Fast-RTPS
[5.085s] [ 31%] Generating C type support for eProsima Fast-RTPS
[5.085s] [ 31%] Generating C++ introspection for ROS interfaces
[5.085s] [ 31%] Generating C introspection for ROS interfaces
[6.408s] [ 31%] Building CXX object CMakeFiles/std_msgs__rosidl_typesupport_cpp.dir/rosidl_typesupport_cpp/std_msgs/msg/bool__type_support.cpp.o
[6.411s] [ 31%] Building CXX object CMakeFiles/std_msgs__rosidl_typesupport_cpp.dir/rosidl_typesupport_cpp/std_msgs/msg/char__type_support.cpp.o
[6.411s] [ 32%] Building CXX object CMakeFiles/std_msgs__rosidl_typesupport_cpp.dir/rosidl_typesupport_cpp/std_msgs/msg/byte_multi_array__type_support.cpp.o
[6.417s] [ 32%] Building CXX object CMakeFiles/std_msgs__rosidl_typesupport_cpp.dir/rosidl_typesupport_cpp/std_msgs/msg/color_rgba__type_support.cpp.o
[6.417s] [ 32%] Building CXX object CMakeFiles/std_msgs__rosidl_typesupport_cpp.dir/rosidl_typesupport_cpp/std_msgs/msg/empty__type_support.cpp.o
[6.417s] [ 32%] Building CXX object CMakeFiles/std_msgs__rosidl_typesupport_cpp.dir/rosidl_typesupport_cpp/std_msgs/msg/byte__type_support.cpp.o
[6.417s] [ 32%] Building CXX object CMakeFiles/std_msgs__rosidl_typesupport_cpp.dir/rosidl_typesupport_cpp/std_msgs/msg/float32_multi_array__type_support.cpp.o
[6.424s] [ 32%] Building CXX object CMakeFiles/std_msgs__rosidl_typesupport_cpp.dir/rosidl_typesupport_cpp/std_msgs/msg/header__type_support.cpp.o
[6.424s] [ 33%] Building CXX object CMakeFiles/std_msgs__rosidl_typesupport_cpp.dir/rosidl_typesupport_cpp/std_msgs/msg/float32__type_support.cpp.o
[6.424s] [ 33%] Building CXX object CMakeFiles/std_msgs__rosidl_typesupport_cpp.dir/rosidl_typesupport_cpp/std_msgs/msg/float64__type_support.cpp.o
[6.424s] [ 33%] Building CXX object CMakeFiles/std_msgs__rosidl_typesupport_cpp.dir/rosidl_typesupport_cpp/std_msgs/msg/int16__type_support.cpp.o
[6.424s] [ 33%] Building CXX object CMakeFiles/std_msgs__rosidl_typesupport_cpp.dir/rosidl_typesupport_cpp/std_msgs/msg/int32__type_support.cpp.o
[6.431s] [ 34%] Building CXX object CMakeFiles/std_msgs__rosidl_typesupport_cpp.dir/rosidl_typesupport_cpp/std_msgs/msg/float64_multi_array__type_support.cpp.o
[6.431s] [ 35%] Building CXX object CMakeFiles/std_msgs__rosidl_typesupport_cpp.dir/rosidl_typesupport_cpp/std_msgs/msg/int64__type_support.cpp.o
[6.432s] [ 35%] Building CXX object CMakeFiles/std_msgs__rosidl_typesupport_cpp.dir/rosidl_typesupport_cpp/std_msgs/msg/int32_multi_array__type_support.cpp.o
[6.438s] [ 36%] Building CXX object CMakeFiles/std_msgs__rosidl_typesupport_cpp.dir/rosidl_typesupport_cpp/std_msgs/msg/int64_multi_array__type_support.cpp.o
[6.441s] [ 36%] Building CXX object CMakeFiles/std_msgs__rosidl_typesupport_cpp.dir/rosidl_typesupport_cpp/std_msgs/msg/int16_multi_array__type_support.cpp.o
[6.442s] [ 36%] Building CXX object CMakeFiles/std_msgs__rosidl_typesupport_c.dir/rosidl_typesupport_c/std_msgs/msg/byte__type_support.cpp.o
[6.446s] [ 37%] Building CXX object CMakeFiles/std_msgs__rosidl_typesupport_c.dir/rosidl_typesupport_c/std_msgs/msg/byte_multi_array__type_support.cpp.o
[6.449s] [ 36%] Building CXX object CMakeFiles/std_msgs__rosidl_typesupport_c.dir/rosidl_typesupport_c/std_msgs/msg/bool__type_support.cpp.o
[6.522s] [ 37%] Building CXX object CMakeFiles/std_msgs__rosidl_typesupport_cpp.dir/rosidl_typesupport_cpp/std_msgs/msg/int8__type_support.cpp.o
[6.527s] [ 37%] Building CXX object CMakeFiles/std_msgs__rosidl_typesupport_c.dir/rosidl_typesupport_c/std_msgs/msg/char__type_support.cpp.o
[6.537s] [ 37%] Building CXX object CMakeFiles/std_msgs__rosidl_typesupport_c.dir/rosidl_typesupport_c/std_msgs/msg/color_rgba__type_support.cpp.o
[6.606s] [ 38%] Building CXX object CMakeFiles/std_msgs__rosidl_typesupport_c.dir/rosidl_typesupport_c/std_msgs/msg/empty__type_support.cpp.o
[6.609s] [ 38%] Building CXX object CMakeFiles/std_msgs__rosidl_typesupport_cpp.dir/rosidl_typesupport_cpp/std_msgs/msg/int8_multi_array__type_support.cpp.o
[6.653s] [ 38%] Building CXX object CMakeFiles/std_msgs__rosidl_typesupport_c.dir/rosidl_typesupport_c/std_msgs/msg/float32__type_support.cpp.o
[6.673s] [ 38%] Building CXX object CMakeFiles/std_msgs__rosidl_typesupport_c.dir/rosidl_typesupport_c/std_msgs/msg/float32_multi_array__type_support.cpp.o
[6.686s] [ 39%] Building CXX object CMakeFiles/std_msgs__rosidl_typesupport_cpp.dir/rosidl_typesupport_cpp/std_msgs/msg/multi_array_dimension__type_support.cpp.o
[6.724s] [ 39%] Building CXX object CMakeFiles/std_msgs__rosidl_typesupport_c.dir/rosidl_typesupport_c/std_msgs/msg/float64__type_support.cpp.o
[6.724s] [ 39%] Building CXX object CMakeFiles/std_msgs__rosidl_typesupport_cpp.dir/rosidl_typesupport_cpp/std_msgs/msg/multi_array_layout__type_support.cpp.o
[6.738s] [ 39%] Building CXX object CMakeFiles/std_msgs__rosidl_typesupport_cpp.dir/rosidl_typesupport_cpp/std_msgs/msg/string__type_support.cpp.o
[6.763s] [ 40%] Building CXX object CMakeFiles/std_msgs__rosidl_typesupport_cpp.dir/rosidl_typesupport_cpp/std_msgs/msg/u_int16__type_support.cpp.o
[6.769s] [ 40%] Building CXX object CMakeFiles/std_msgs__rosidl_typesupport_c.dir/rosidl_typesupport_c/std_msgs/msg/header__type_support.cpp.o
[6.769s] [ 41%] Building CXX object CMakeFiles/std_msgs__rosidl_typesupport_c.dir/rosidl_typesupport_c/std_msgs/msg/int16__type_support.cpp.o
[6.769s] [ 41%] Building CXX object CMakeFiles/std_msgs__rosidl_typesupport_c.dir/rosidl_typesupport_c/std_msgs/msg/float64_multi_array__type_support.cpp.o
[6.835s] [ 41%] Building CXX object CMakeFiles/std_msgs__rosidl_typesupport_cpp.dir/rosidl_typesupport_cpp/std_msgs/msg/u_int16_multi_array__type_support.cpp.o
[6.840s] [ 41%] Building CXX object CMakeFiles/std_msgs__rosidl_typesupport_c.dir/rosidl_typesupport_c/std_msgs/msg/int32__type_support.cpp.o
[6.852s] [ 42%] Building CXX object CMakeFiles/std_msgs__rosidl_typesupport_c.dir/rosidl_typesupport_c/std_msgs/msg/int16_multi_array__type_support.cpp.o
[6.857s] [ 42%] Building CXX object CMakeFiles/std_msgs__rosidl_typesupport_cpp.dir/rosidl_typesupport_cpp/std_msgs/msg/u_int32__type_support.cpp.o
[6.859s] [ 42%] Building CXX object CMakeFiles/std_msgs__rosidl_typesupport_c.dir/rosidl_typesupport_c/std_msgs/msg/int32_multi_array__type_support.cpp.o
[6.877s] [ 43%] Building CXX object CMakeFiles/std_msgs__rosidl_typesupport_c.dir/rosidl_typesupport_c/std_msgs/msg/int64__type_support.cpp.o
[6.884s] [ 43%] Building CXX object CMakeFiles/std_msgs__rosidl_typesupport_c.dir/rosidl_typesupport_c/std_msgs/msg/int64_multi_array__type_support.cpp.o
[6.937s] [ 43%] Building CXX object CMakeFiles/std_msgs__rosidl_typesupport_c.dir/rosidl_typesupport_c/std_msgs/msg/int8__type_support.cpp.o
[6.948s] [ 43%] Building CXX object CMakeFiles/std_msgs__rosidl_typesupport_c.dir/rosidl_typesupport_c/std_msgs/msg/multi_array_layout__type_support.cpp.o
[6.948s] [ 44%] Building CXX object CMakeFiles/std_msgs__rosidl_typesupport_c.dir/rosidl_typesupport_c/std_msgs/msg/int8_multi_array__type_support.cpp.o
[6.948s] [ 45%] Building CXX object CMakeFiles/std_msgs__rosidl_typesupport_cpp.dir/rosidl_typesupport_cpp/std_msgs/msg/u_int32_multi_array__type_support.cpp.o
[6.954s] [ 45%] Building CXX object CMakeFiles/std_msgs__rosidl_typesupport_c.dir/rosidl_typesupport_c/std_msgs/msg/multi_array_dimension__type_support.cpp.o
[6.957s] [ 45%] Building CXX object CMakeFiles/std_msgs__rosidl_typesupport_cpp.dir/rosidl_typesupport_cpp/std_msgs/msg/u_int64__type_support.cpp.o
[6.965s] [ 45%] Building CXX object CMakeFiles/std_msgs__rosidl_typesupport_cpp.dir/rosidl_typesupport_cpp/std_msgs/msg/u_int64_multi_array__type_support.cpp.o
[6.994s] [ 45%] Building CXX object CMakeFiles/std_msgs__rosidl_typesupport_c.dir/rosidl_typesupport_c/std_msgs/msg/string__type_support.cpp.o
[7.013s] [ 46%] Building CXX object CMakeFiles/std_msgs__rosidl_typesupport_cpp.dir/rosidl_typesupport_cpp/std_msgs/msg/u_int8__type_support.cpp.o
[7.056s] [ 46%] Building CXX object CMakeFiles/std_msgs__rosidl_typesupport_cpp.dir/rosidl_typesupport_cpp/std_msgs/msg/u_int8_multi_array__type_support.cpp.o
[7.065s] [ 47%] Building CXX object CMakeFiles/std_msgs__rosidl_typesupport_c.dir/rosidl_typesupport_c/std_msgs/msg/u_int16__type_support.cpp.o
[7.075s] [ 47%] Building CXX object CMakeFiles/std_msgs__rosidl_typesupport_c.dir/rosidl_typesupport_c/std_msgs/msg/u_int32__type_support.cpp.o
[7.075s] [ 48%] Building CXX object CMakeFiles/std_msgs__rosidl_typesupport_c.dir/rosidl_typesupport_c/std_msgs/msg/u_int32_multi_array__type_support.cpp.o
[7.076s] [ 47%] Building CXX object CMakeFiles/std_msgs__rosidl_typesupport_c.dir/rosidl_typesupport_c/std_msgs/msg/u_int16_multi_array__type_support.cpp.o
[7.107s] [ 48%] Building CXX object CMakeFiles/std_msgs__rosidl_typesupport_c.dir/rosidl_typesupport_c/std_msgs/msg/u_int64__type_support.cpp.o
[7.144s] [ 49%] Building CXX object CMakeFiles/std_msgs__rosidl_typesupport_c.dir/rosidl_typesupport_c/std_msgs/msg/u_int8__type_support.cpp.o
[7.148s] [ 49%] Building CXX object CMakeFiles/std_msgs__rosidl_typesupport_c.dir/rosidl_typesupport_c/std_msgs/msg/u_int8_multi_array__type_support.cpp.o
[7.153s] [ 49%] Building CXX object CMakeFiles/std_msgs__rosidl_typesupport_c.dir/rosidl_typesupport_c/std_msgs/msg/u_int64_multi_array__type_support.cpp.o
[7.223s] [ 50%] Building C object CMakeFiles/std_msgs__rosidl_typesupport_introspection_c.dir/rosidl_typesupport_introspection_c/std_msgs/msg/detail/bool__type_support.c.o
[7.233s] [ 50%] Building CXX object CMakeFiles/std_msgs__rosidl_typesupport_introspection_cpp.dir/rosidl_typesupport_introspection_cpp/std_msgs/msg/detail/bool__type_support.cpp.o
[7.233s] [ 50%] Building C object CMakeFiles/std_msgs__rosidl_typesupport_introspection_c.dir/rosidl_typesupport_introspection_c/std_msgs/msg/detail/byte_multi_array__type_support.c.o
[7.234s] [ 50%] Building C object CMakeFiles/std_msgs__rosidl_typesupport_introspection_c.dir/rosidl_typesupport_introspection_c/std_msgs/msg/detail/byte__type_support.c.o
[7.248s] [ 51%] Building C object CMakeFiles/std_msgs__rosidl_typesupport_introspection_c.dir/rosidl_typesupport_introspection_c/std_msgs/msg/detail/char__type_support.c.o
[7.253s] [ 51%] Linking CXX shared library libstd_msgs__rosidl_typesupport_c.so
[7.253s] [ 51%] Building CXX object CMakeFiles/std_msgs__rosidl_typesupport_introspection_cpp.dir/rosidl_typesupport_introspection_cpp/std_msgs/msg/detail/byte_multi_array__type_support.cpp.o
[7.253s] [ 52%] Building CXX object CMakeFiles/std_msgs__rosidl_typesupport_introspection_cpp.dir/rosidl_typesupport_introspection_cpp/std_msgs/msg/detail/color_rgba__type_support.cpp.o
[7.253s] [ 51%] Building CXX object CMakeFiles/std_msgs__rosidl_typesupport_introspection_cpp.dir/rosidl_typesupport_introspection_cpp/std_msgs/msg/detail/byte__type_support.cpp.o
[7.254s] [ 51%] Building CXX object CMakeFiles/std_msgs__rosidl_typesupport_introspection_cpp.dir/rosidl_typesupport_introspection_cpp/std_msgs/msg/detail/char__type_support.cpp.o
[7.264s] [ 52%] Building CXX object CMakeFiles/std_msgs__rosidl_typesupport_introspection_cpp.dir/rosidl_typesupport_introspection_cpp/std_msgs/msg/detail/empty__type_support.cpp.o
[7.264s] [ 52%] Building CXX object CMakeFiles/std_msgs__rosidl_typesupport_introspection_cpp.dir/rosidl_typesupport_introspection_cpp/std_msgs/msg/detail/float32__type_support.cpp.o
[7.274s] [ 53%] Building CXX object CMakeFiles/std_msgs__rosidl_typesupport_introspection_cpp.dir/rosidl_typesupport_introspection_cpp/std_msgs/msg/detail/float32_multi_array__type_support.cpp.o
[7.300s] [ 54%] Building C object CMakeFiles/std_msgs__rosidl_typesupport_introspection_c.dir/rosidl_typesupport_introspection_c/std_msgs/msg/detail/color_rgba__type_support.c.o
[7.309s] [ 54%] Building CXX object CMakeFiles/std_msgs__rosidl_typesupport_introspection_cpp.dir/rosidl_typesupport_introspection_cpp/std_msgs/msg/detail/float64__type_support.cpp.o
[7.316s] [ 54%] Building CXX object CMakeFiles/std_msgs__rosidl_typesupport_introspection_cpp.dir/rosidl_typesupport_introspection_cpp/std_msgs/msg/detail/float64_multi_array__type_support.cpp.o
[7.333s] [ 55%] Building CXX object CMakeFiles/std_msgs__rosidl_typesupport_fastrtps_cpp.dir/rosidl_typesupport_fastrtps_cpp/std_msgs/msg/detail/dds_fastrtps/bool__type_support.cpp.o
[7.343s] [ 55%] Building CXX object CMakeFiles/std_msgs__rosidl_typesupport_introspection_cpp.dir/rosidl_typesupport_introspection_cpp/std_msgs/msg/detail/header__type_support.cpp.o
[7.353s] [ 56%] Building CXX object CMakeFiles/std_msgs__rosidl_typesupport_introspection_cpp.dir/rosidl_typesupport_introspection_cpp/std_msgs/msg/detail/int16__type_support.cpp.o
[7.411s] [ 56%] Built target std_msgs__rosidl_typesupport_c
[7.449s] [ 56%] Building C object CMakeFiles/std_msgs__rosidl_typesupport_introspection_c.dir/rosidl_typesupport_introspection_c/std_msgs/msg/detail/empty__type_support.c.o
[7.453s] [ 56%] Building CXX object CMakeFiles/std_msgs__rosidl_typesupport_fastrtps_cpp.dir/rosidl_typesupport_fastrtps_cpp/std_msgs/msg/detail/dds_fastrtps/byte__type_support.cpp.o
[7.471s] [ 56%] Building CXX object CMakeFiles/std_msgs__rosidl_typesupport_introspection_cpp.dir/rosidl_typesupport_introspection_cpp/std_msgs/msg/detail/int16_multi_array__type_support.cpp.o
[7.485s] [ 56%] Building C object CMakeFiles/std_msgs__rosidl_typesupport_introspection_c.dir/rosidl_typesupport_introspection_c/std_msgs/msg/detail/float32__type_support.c.o
[7.511s] [ 56%] Building CXX object CMakeFiles/std_msgs__rosidl_typesupport_introspection_cpp.dir/rosidl_typesupport_introspection_cpp/std_msgs/msg/detail/int32__type_support.cpp.o
[7.581s] [ 56%] Building C object CMakeFiles/std_msgs__rosidl_typesupport_introspection_c.dir/rosidl_typesupport_introspection_c/std_msgs/msg/detail/float64__type_support.c.o
[7.584s] [ 57%] Building C object CMakeFiles/std_msgs__rosidl_typesupport_introspection_c.dir/rosidl_typesupport_introspection_c/std_msgs/msg/detail/float32_multi_array__type_support.c.o
[7.591s] [ 57%] Building C object CMakeFiles/std_msgs__rosidl_typesupport_introspection_c.dir/rosidl_typesupport_introspection_c/std_msgs/msg/detail/float64_multi_array__type_support.c.o
[7.604s] [ 57%] Building CXX object CMakeFiles/std_msgs__rosidl_typesupport_fastrtps_cpp.dir/rosidl_typesupport_fastrtps_cpp/std_msgs/msg/detail/dds_fastrtps/byte_multi_array__type_support.cpp.o
[7.626s] [ 58%] Building CXX object CMakeFiles/std_msgs__rosidl_typesupport_introspection_cpp.dir/rosidl_typesupport_introspection_cpp/std_msgs/msg/detail/int32_multi_array__type_support.cpp.o
[7.635s] [ 59%] Building CXX object CMakeFiles/std_msgs__rosidl_typesupport_fastrtps_c.dir/rosidl_typesupport_fastrtps_c/std_msgs/msg/detail/bool__type_support_c.cpp.o
[7.649s] [ 60%] Building C object CMakeFiles/std_msgs__rosidl_typesupport_introspection_c.dir/rosidl_typesupport_introspection_c/std_msgs/msg/detail/header__type_support.c.o
[7.701s] [ 60%] Building CXX object CMakeFiles/std_msgs__rosidl_typesupport_fastrtps_c.dir/rosidl_typesupport_fastrtps_c/std_msgs/msg/detail/byte__type_support_c.cpp.o
[7.719s] [ 60%] Building CXX object CMakeFiles/std_msgs__rosidl_typesupport_fastrtps_c.dir/rosidl_typesupport_fastrtps_c/std_msgs/msg/detail/byte_multi_array__type_support_c.cpp.o
[7.731s] [ 61%] Building CXX object CMakeFiles/std_msgs__rosidl_typesupport_fastrtps_c.dir/rosidl_typesupport_fastrtps_c/std_msgs/msg/detail/char__type_support_c.cpp.o
[7.731s] [ 61%] Building C object CMakeFiles/std_msgs__rosidl_typesupport_introspection_c.dir/rosidl_typesupport_introspection_c/std_msgs/msg/detail/int16__type_support.c.o
[7.775s] [ 61%] Building CXX object CMakeFiles/std_msgs__rosidl_typesupport_fastrtps_c.dir/rosidl_typesupport_fastrtps_c/std_msgs/msg/detail/color_rgba__type_support_c.cpp.o
[7.778s] [ 61%] Building CXX object CMakeFiles/std_msgs__rosidl_typesupport_introspection_cpp.dir/rosidl_typesupport_introspection_cpp/std_msgs/msg/detail/int64__type_support.cpp.o
[7.779s] [ 61%] Building CXX object CMakeFiles/std_msgs__rosidl_typesupport_introspection_cpp.dir/rosidl_typesupport_introspection_cpp/std_msgs/msg/detail/int64_multi_array__type_support.cpp.o
[7.788s] [ 61%] Building C object CMakeFiles/std_msgs__rosidl_typesupport_introspection_c.dir/rosidl_typesupport_introspection_c/std_msgs/msg/detail/int16_multi_array__type_support.c.o
[7.794s] [ 62%] Building CXX object CMakeFiles/std_msgs__rosidl_typesupport_introspection_cpp.dir/rosidl_typesupport_introspection_cpp/std_msgs/msg/detail/int8__type_support.cpp.o
[7.811s] [ 62%] Building CXX object CMakeFiles/std_msgs__rosidl_typesupport_introspection_cpp.dir/rosidl_typesupport_introspection_cpp/std_msgs/msg/detail/int8_multi_array__type_support.cpp.o
[7.822s] [ 63%] Building CXX object CMakeFiles/std_msgs__rosidl_typesupport_fastrtps_c.dir/rosidl_typesupport_fastrtps_c/std_msgs/msg/detail/float32__type_support_c.cpp.o
[7.828s] [ 63%] Building CXX object CMakeFiles/std_msgs__rosidl_typesupport_fastrtps_c.dir/rosidl_typesupport_fastrtps_c/std_msgs/msg/detail/empty__type_support_c.cpp.o
[7.865s] [ 63%] Building CXX object CMakeFiles/std_msgs__rosidl_typesupport_fastrtps_c.dir/rosidl_typesupport_fastrtps_c/std_msgs/msg/detail/float32_multi_array__type_support_c.cpp.o
[7.886s] [ 64%] Building C object CMakeFiles/std_msgs__rosidl_typesupport_introspection_c.dir/rosidl_typesupport_introspection_c/std_msgs/msg/detail/int32__type_support.c.o
[7.905s] [ 65%] Building CXX object CMakeFiles/std_msgs__rosidl_typesupport_fastrtps_cpp.dir/rosidl_typesupport_fastrtps_cpp/std_msgs/msg/detail/dds_fastrtps/char__type_support.cpp.o
[7.940s] [ 65%] Building C object CMakeFiles/std_msgs__rosidl_typesupport_introspection_c.dir/rosidl_typesupport_introspection_c/std_msgs/msg/detail/int32_multi_array__type_support.c.o
[7.975s] [ 65%] Building CXX object CMakeFiles/std_msgs__rosidl_typesupport_fastrtps_cpp.dir/rosidl_typesupport_fastrtps_cpp/std_msgs/msg/detail/dds_fastrtps/color_rgba__type_support.cpp.o
[7.979s] [ 65%] Linking CXX shared library libstd_msgs__rosidl_typesupport_cpp.so
[7.979s] [ 65%] Building C object CMakeFiles/std_msgs__rosidl_typesupport_introspection_c.dir/rosidl_typesupport_introspection_c/std_msgs/msg/detail/int64__type_support.c.o
[8.013s] [ 65%] Building CXX object CMakeFiles/std_msgs__rosidl_typesupport_fastrtps_cpp.dir/rosidl_typesupport_fastrtps_cpp/std_msgs/msg/detail/dds_fastrtps/empty__type_support.cpp.o
[8.033s] [ 65%] Building C object CMakeFiles/std_msgs__rosidl_typesupport_introspection_c.dir/rosidl_typesupport_introspection_c/std_msgs/msg/detail/int64_multi_array__type_support.c.o
[8.095s] [ 65%] Built target std_msgs__rosidl_typesupport_cpp
[8.105s] [ 65%] Building CXX object CMakeFiles/std_msgs__rosidl_typesupport_fastrtps_cpp.dir/rosidl_typesupport_fastrtps_cpp/std_msgs/msg/detail/dds_fastrtps/float32__type_support.cpp.o
[8.105s] [ 65%] Building CXX object CMakeFiles/std_msgs__rosidl_typesupport_fastrtps_c.dir/rosidl_typesupport_fastrtps_c/std_msgs/msg/detail/float64__type_support_c.cpp.o
[8.109s] [ 66%] Building C object CMakeFiles/std_msgs__rosidl_typesupport_introspection_c.dir/rosidl_typesupport_introspection_c/std_msgs/msg/detail/int8__type_support.c.o
[8.111s] [ 66%] Building C object CMakeFiles/std_msgs__rosidl_typesupport_introspection_c.dir/rosidl_typesupport_introspection_c/std_msgs/msg/detail/int8_multi_array__type_support.c.o
[8.160s] [ 67%] Building CXX object CMakeFiles/std_msgs__rosidl_typesupport_fastrtps_cpp.dir/rosidl_typesupport_fastrtps_cpp/std_msgs/msg/detail/dds_fastrtps/float32_multi_array__type_support.cpp.o
[8.192s] [ 68%] Building CXX object CMakeFiles/std_msgs__rosidl_typesupport_fastrtps_c.dir/rosidl_typesupport_fastrtps_c/std_msgs/msg/detail/float64_multi_array__type_support_c.cpp.o
[8.201s] [ 68%] Building C object CMakeFiles/std_msgs__rosidl_typesupport_introspection_c.dir/rosidl_typesupport_introspection_c/std_msgs/msg/detail/multi_array_dimension__type_support.c.o
[8.210s] [ 68%] Building CXX object CMakeFiles/std_msgs__rosidl_typesupport_fastrtps_cpp.dir/rosidl_typesupport_fastrtps_cpp/std_msgs/msg/detail/dds_fastrtps/float64__type_support.cpp.o
[8.227s] [ 69%] Building C object CMakeFiles/std_msgs__rosidl_typesupport_introspection_c.dir/rosidl_typesupport_introspection_c/std_msgs/msg/detail/multi_array_layout__type_support.c.o
[8.236s] [ 69%] Building CXX object CMakeFiles/std_msgs__rosidl_typesupport_introspection_cpp.dir/rosidl_typesupport_introspection_cpp/std_msgs/msg/detail/multi_array_dimension__type_support.cpp.o
[8.263s] [ 69%] Building CXX object CMakeFiles/std_msgs__rosidl_typesupport_fastrtps_cpp.dir/rosidl_typesupport_fastrtps_cpp/std_msgs/msg/detail/dds_fastrtps/float64_multi_array__type_support.cpp.o
[8.330s] [ 69%] Building C object CMakeFiles/std_msgs__rosidl_typesupport_introspection_c.dir/rosidl_typesupport_introspection_c/std_msgs/msg/detail/string__type_support.c.o
[8.392s] [ 69%] Building CXX object CMakeFiles/std_msgs__rosidl_typesupport_fastrtps_c.dir/rosidl_typesupport_fastrtps_c/std_msgs/msg/detail/header__type_support_c.cpp.o
[8.428s] [ 69%] Building C object CMakeFiles/std_msgs__rosidl_typesupport_introspection_c.dir/rosidl_typesupport_introspection_c/std_msgs/msg/detail/u_int16__type_support.c.o
[8.445s] [ 70%] Building CXX object CMakeFiles/std_msgs__rosidl_typesupport_fastrtps_cpp.dir/rosidl_typesupport_fastrtps_cpp/std_msgs/msg/detail/dds_fastrtps/header__type_support.cpp.o
[8.454s] [ 71%] Building CXX object CMakeFiles/std_msgs__rosidl_typesupport_introspection_cpp.dir/rosidl_typesupport_introspection_cpp/std_msgs/msg/detail/multi_array_layout__type_support.cpp.o
[8.508s] [ 72%] Building C object CMakeFiles/std_msgs__rosidl_typesupport_introspection_c.dir/rosidl_typesupport_introspection_c/std_msgs/msg/detail/u_int16_multi_array__type_support.c.o
[8.515s] [ 72%] Building CXX object CMakeFiles/std_msgs__rosidl_typesupport_introspection_cpp.dir/rosidl_typesupport_introspection_cpp/std_msgs/msg/detail/string__type_support.cpp.o
[8.562s] [ 72%] Building CXX object CMakeFiles/std_msgs__rosidl_typesupport_fastrtps_cpp.dir/rosidl_typesupport_fastrtps_cpp/std_msgs/msg/detail/dds_fastrtps/int16__type_support.cpp.o
[8.566s] [ 72%] Building CXX object CMakeFiles/std_msgs__rosidl_typesupport_fastrtps_c.dir/rosidl_typesupport_fastrtps_c/std_msgs/msg/detail/int16__type_support_c.cpp.o
[8.581s] [ 72%] Building C object CMakeFiles/std_msgs__rosidl_typesupport_introspection_c.dir/rosidl_typesupport_introspection_c/std_msgs/msg/detail/u_int32__type_support.c.o
[8.649s] [ 72%] Building C object CMakeFiles/std_msgs__rosidl_typesupport_introspection_c.dir/rosidl_typesupport_introspection_c/std_msgs/msg/detail/u_int32_multi_array__type_support.c.o
[8.658s] [ 72%] Building CXX object CMakeFiles/std_msgs__rosidl_typesupport_introspection_cpp.dir/rosidl_typesupport_introspection_cpp/std_msgs/msg/detail/u_int16__type_support.cpp.o
[8.703s] [ 73%] Building C object CMakeFiles/std_msgs__rosidl_typesupport_introspection_c.dir/rosidl_typesupport_introspection_c/std_msgs/msg/detail/u_int64__type_support.c.o
[8.749s] [ 73%] Building CXX object CMakeFiles/std_msgs__rosidl_typesupport_fastrtps_cpp.dir/rosidl_typesupport_fastrtps_cpp/std_msgs/msg/detail/dds_fastrtps/int16_multi_array__type_support.cpp.o
[8.749s] [ 73%] Building CXX object CMakeFiles/std_msgs__rosidl_typesupport_introspection_cpp.dir/rosidl_typesupport_introspection_cpp/std_msgs/msg/detail/u_int16_multi_array__type_support.cpp.o
[8.788s] [ 73%] Building C object CMakeFiles/std_msgs__rosidl_typesupport_introspection_c.dir/rosidl_typesupport_introspection_c/std_msgs/msg/detail/u_int64_multi_array__type_support.c.o
[8.805s] [ 73%] Building CXX object CMakeFiles/std_msgs__rosidl_typesupport_fastrtps_c.dir/rosidl_typesupport_fastrtps_c/std_msgs/msg/detail/int16_multi_array__type_support_c.cpp.o
[8.845s] [ 75%] Building CXX object CMakeFiles/std_msgs__rosidl_typesupport_fastrtps_cpp.dir/rosidl_typesupport_fastrtps_cpp/std_msgs/msg/detail/dds_fastrtps/int32__type_support.cpp.o
[8.845s] [ 74%] Building CXX object CMakeFiles/std_msgs__rosidl_typesupport_fastrtps_c.dir/rosidl_typesupport_fastrtps_c/std_msgs/msg/detail/int32__type_support_c.cpp.o
[8.897s] [ 75%] Building C object CMakeFiles/std_msgs__rosidl_typesupport_introspection_c.dir/rosidl_typesupport_introspection_c/std_msgs/msg/detail/u_int8__type_support.c.o
[8.915s] [ 75%] Building CXX object CMakeFiles/std_msgs__rosidl_typesupport_fastrtps_cpp.dir/rosidl_typesupport_fastrtps_cpp/std_msgs/msg/detail/dds_fastrtps/int32_multi_array__type_support.cpp.o
[8.971s] [ 75%] Building C object CMakeFiles/std_msgs__rosidl_typesupport_introspection_c.dir/rosidl_typesupport_introspection_c/std_msgs/msg/detail/u_int8_multi_array__type_support.c.o
[9.007s] [ 75%] Building CXX object CMakeFiles/std_msgs__rosidl_typesupport_fastrtps_c.dir/rosidl_typesupport_fastrtps_c/std_msgs/msg/detail/int32_multi_array__type_support_c.cpp.o
[9.007s] [ 75%] Building CXX object CMakeFiles/std_msgs__rosidl_typesupport_fastrtps_cpp.dir/rosidl_typesupport_fastrtps_cpp/std_msgs/msg/detail/dds_fastrtps/int64__type_support.cpp.o
[9.025s] [ 76%] Building CXX object CMakeFiles/std_msgs__rosidl_typesupport_introspection_cpp.dir/rosidl_typesupport_introspection_cpp/std_msgs/msg/detail/u_int32__type_support.cpp.o
[9.057s] [ 77%] Linking C shared library libstd_msgs__rosidl_typesupport_introspection_c.so
[9.230s] [ 77%] Building CXX object CMakeFiles/std_msgs__rosidl_typesupport_fastrtps_c.dir/rosidl_typesupport_fastrtps_c/std_msgs/msg/detail/int64__type_support_c.cpp.o
[9.235s] [ 77%] Built target std_msgs__rosidl_typesupport_introspection_c
[9.235s] [ 78%] Building CXX object CMakeFiles/std_msgs__rosidl_typesupport_fastrtps_c.dir/rosidl_typesupport_fastrtps_c/std_msgs/msg/detail/int64_multi_array__type_support_c.cpp.o
[9.235s] [ 78%] Building CXX object CMakeFiles/std_msgs__rosidl_typesupport_fastrtps_c.dir/rosidl_typesupport_fastrtps_c/std_msgs/msg/detail/int8__type_support_c.cpp.o
[9.235s] [ 78%] Building CXX object CMakeFiles/std_msgs__rosidl_typesupport_introspection_cpp.dir/rosidl_typesupport_introspection_cpp/std_msgs/msg/detail/u_int32_multi_array__type_support.cpp.o
[9.235s] [ 79%] Building CXX object CMakeFiles/std_msgs__rosidl_typesupport_fastrtps_cpp.dir/rosidl_typesupport_fastrtps_cpp/std_msgs/msg/detail/dds_fastrtps/int64_multi_array__type_support.cpp.o
[9.236s] [ 79%] Building CXX object CMakeFiles/std_msgs__rosidl_typesupport_introspection_cpp.dir/rosidl_typesupport_introspection_cpp/std_msgs/msg/detail/u_int64__type_support.cpp.o
[9.266s] [ 79%] Building CXX object CMakeFiles/std_msgs__rosidl_typesupport_fastrtps_c.dir/rosidl_typesupport_fastrtps_c/std_msgs/msg/detail/int8_multi_array__type_support_c.cpp.o
[9.303s] [ 79%] Building CXX object CMakeFiles/std_msgs__rosidl_typesupport_fastrtps_cpp.dir/rosidl_typesupport_fastrtps_cpp/std_msgs/msg/detail/dds_fastrtps/int8__type_support.cpp.o
[9.382s] [ 79%] Building CXX object CMakeFiles/std_msgs__rosidl_typesupport_fastrtps_cpp.dir/rosidl_typesupport_fastrtps_cpp/std_msgs/msg/detail/dds_fastrtps/int8_multi_array__type_support.cpp.o
[9.388s] [ 80%] Building CXX object CMakeFiles/std_msgs__rosidl_typesupport_fastrtps_cpp.dir/rosidl_typesupport_fastrtps_cpp/std_msgs/msg/detail/dds_fastrtps/multi_array_dimension__type_support.cpp.o
[9.422s] [ 81%] Building CXX object CMakeFiles/std_msgs__rosidl_typesupport_introspection_cpp.dir/rosidl_typesupport_introspection_cpp/std_msgs/msg/detail/u_int64_multi_array__type_support.cpp.o
[9.426s] [ 82%] Building CXX object CMakeFiles/std_msgs__rosidl_typesupport_fastrtps_c.dir/rosidl_typesupport_fastrtps_c/std_msgs/msg/detail/multi_array_dimension__type_support_c.cpp.o
[9.528s] [ 82%] Building CXX object CMakeFiles/std_msgs__rosidl_typesupport_introspection_cpp.dir/rosidl_typesupport_introspection_cpp/std_msgs/msg/detail/u_int8__type_support.cpp.o
[9.669s] [ 82%] Building CXX object CMakeFiles/std_msgs__rosidl_typesupport_fastrtps_cpp.dir/rosidl_typesupport_fastrtps_cpp/std_msgs/msg/detail/dds_fastrtps/multi_array_layout__type_support.cpp.o
[9.669s] [ 82%] Building CXX object CMakeFiles/std_msgs__rosidl_typesupport_fastrtps_cpp.dir/rosidl_typesupport_fastrtps_cpp/std_msgs/msg/detail/dds_fastrtps/string__type_support.cpp.o
[9.669s] [ 82%] Building CXX object CMakeFiles/std_msgs__rosidl_typesupport_fastrtps_c.dir/rosidl_typesupport_fastrtps_c/std_msgs/msg/detail/multi_array_layout__type_support_c.cpp.o
[9.669s] [ 82%] Building CXX object CMakeFiles/std_msgs__rosidl_typesupport_fastrtps_cpp.dir/rosidl_typesupport_fastrtps_cpp/std_msgs/msg/detail/dds_fastrtps/u_int16__type_support.cpp.o
[9.698s] [ 82%] Building CXX object CMakeFiles/std_msgs__rosidl_typesupport_fastrtps_c.dir/rosidl_typesupport_fastrtps_c/std_msgs/msg/detail/string__type_support_c.cpp.o
[9.779s] [ 82%] Building CXX object CMakeFiles/std_msgs__rosidl_typesupport_introspection_cpp.dir/rosidl_typesupport_introspection_cpp/std_msgs/msg/detail/u_int8_multi_array__type_support.cpp.o
[9.931s] [ 82%] Building CXX object CMakeFiles/std_msgs__rosidl_typesupport_fastrtps_cpp.dir/rosidl_typesupport_fastrtps_cpp/std_msgs/msg/detail/dds_fastrtps/u_int32__type_support.cpp.o
[9.945s] [ 83%] Building CXX object CMakeFiles/std_msgs__rosidl_typesupport_fastrtps_cpp.dir/rosidl_typesupport_fastrtps_cpp/std_msgs/msg/detail/dds_fastrtps/u_int16_multi_array__type_support.cpp.o
[10.009s] [ 83%] Building CXX object CMakeFiles/std_msgs__rosidl_typesupport_fastrtps_cpp.dir/rosidl_typesupport_fastrtps_cpp/std_msgs/msg/detail/dds_fastrtps/u_int32_multi_array__type_support.cpp.o
[10.056s] [ 84%] Building CXX object CMakeFiles/std_msgs__rosidl_typesupport_fastrtps_cpp.dir/rosidl_typesupport_fastrtps_cpp/std_msgs/msg/detail/dds_fastrtps/u_int64__type_support.cpp.o
[10.087s] [ 85%] Building CXX object CMakeFiles/std_msgs__rosidl_typesupport_fastrtps_c.dir/rosidl_typesupport_fastrtps_c/std_msgs/msg/detail/u_int16__type_support_c.cpp.o
[10.136s] [ 85%] Building CXX object CMakeFiles/std_msgs__rosidl_typesupport_fastrtps_c.dir/rosidl_typesupport_fastrtps_c/std_msgs/msg/detail/u_int16_multi_array__type_support_c.cpp.o
[10.169s] [ 85%] Building CXX object CMakeFiles/std_msgs__rosidl_typesupport_fastrtps_c.dir/rosidl_typesupport_fastrtps_c/std_msgs/msg/detail/u_int32__type_support_c.cpp.o
[10.169s] [ 85%] Building CXX object CMakeFiles/std_msgs__rosidl_typesupport_fastrtps_cpp.dir/rosidl_typesupport_fastrtps_cpp/std_msgs/msg/detail/dds_fastrtps/u_int64_multi_array__type_support.cpp.o
[10.240s] [ 85%] Building CXX object CMakeFiles/std_msgs__rosidl_typesupport_fastrtps_cpp.dir/rosidl_typesupport_fastrtps_cpp/std_msgs/msg/detail/dds_fastrtps/u_int8__type_support.cpp.o
[10.308s] [ 85%] Building CXX object CMakeFiles/std_msgs__rosidl_typesupport_fastrtps_c.dir/rosidl_typesupport_fastrtps_c/std_msgs/msg/detail/u_int32_multi_array__type_support_c.cpp.o
[10.364s] [ 86%] Building CXX object CMakeFiles/std_msgs__rosidl_typesupport_fastrtps_c.dir/rosidl_typesupport_fastrtps_c/std_msgs/msg/detail/u_int64__type_support_c.cpp.o
[10.430s] [ 87%] Building CXX object CMakeFiles/std_msgs__rosidl_typesupport_fastrtps_cpp.dir/rosidl_typesupport_fastrtps_cpp/std_msgs/msg/detail/dds_fastrtps/u_int8_multi_array__type_support.cpp.o
[10.446s] [ 87%] Building CXX object CMakeFiles/std_msgs__rosidl_typesupport_fastrtps_c.dir/rosidl_typesupport_fastrtps_c/std_msgs/msg/detail/u_int64_multi_array__type_support_c.cpp.o
[10.534s] [ 87%] Building CXX object CMakeFiles/std_msgs__rosidl_typesupport_fastrtps_c.dir/rosidl_typesupport_fastrtps_c/std_msgs/msg/detail/u_int8__type_support_c.cpp.o
[10.557s] [ 88%] Building CXX object CMakeFiles/std_msgs__rosidl_typesupport_fastrtps_c.dir/rosidl_typesupport_fastrtps_c/std_msgs/msg/detail/u_int8_multi_array__type_support_c.cpp.o
[11.094s] [ 89%] Linking CXX shared library libstd_msgs__rosidl_typesupport_introspection_cpp.so
[11.183s] [ 89%] Built target std_msgs__rosidl_typesupport_introspection_cpp
[11.449s] [ 89%] Linking CXX shared library libstd_msgs__rosidl_typesupport_fastrtps_cpp.so
[11.604s] [ 89%] Built target std_msgs__rosidl_typesupport_fastrtps_cpp
[11.650s] [ 89%] Linking CXX shared library libstd_msgs__rosidl_typesupport_fastrtps_c.so
[11.867s] [ 89%] Built target std_msgs__rosidl_typesupport_fastrtps_c
[11.892s] [ 89%] Built target std_msgs
[11.916s] [ 89%] Generating Python code for ROS interfaces
[17.072s] [ 89%] Built target std_msgs__py
[17.107s] [ 89%] Building C object CMakeFiles/std_msgs__rosidl_generator_py.dir/rosidl_generator_py/std_msgs/msg/_bool_s.c.o
[17.110s] [ 90%] Building C object CMakeFiles/std_msgs__rosidl_generator_py.dir/rosidl_generator_py/std_msgs/msg/_char_s.c.o
[17.114s] [ 90%] Building C object CMakeFiles/std_msgs__rosidl_generator_py.dir/rosidl_generator_py/std_msgs/msg/_byte_s.c.o
[17.114s] [ 90%] Building C object CMakeFiles/std_msgs__rosidl_generator_py.dir/rosidl_generator_py/std_msgs/msg/_byte_multi_array_s.c.o
[17.123s] [ 90%] Building C object CMakeFiles/std_msgs__rosidl_generator_py.dir/rosidl_generator_py/std_msgs/msg/_color_rgba_s.c.o
[17.129s] [ 90%] Building C object CMakeFiles/std_msgs__rosidl_generator_py.dir/rosidl_generator_py/std_msgs/msg/_float32_multi_array_s.c.o
[17.129s] [ 90%] Building C object CMakeFiles/std_msgs__rosidl_generator_py.dir/rosidl_generator_py/std_msgs/msg/_empty_s.c.o
[17.129s] [ 91%] Building C object CMakeFiles/std_msgs__rosidl_generator_py.dir/rosidl_generator_py/std_msgs/msg/_float64_multi_array_s.c.o
[17.129s] [ 90%] Building C object CMakeFiles/std_msgs__rosidl_generator_py.dir/rosidl_generator_py/std_msgs/msg/_float64_s.c.o
[17.129s] [ 92%] Building C object CMakeFiles/std_msgs__rosidl_generator_py.dir/rosidl_generator_py/std_msgs/msg/_float32_s.c.o
[17.141s] [ 92%] Building C object CMakeFiles/std_msgs__rosidl_generator_py.dir/rosidl_generator_py/std_msgs/msg/_header_s.c.o
[17.292s] [ 92%] Building C object CMakeFiles/std_msgs__rosidl_generator_py.dir/rosidl_generator_py/std_msgs/msg/_u_int16_multi_array_s.c.o
[17.330s] [ 92%] Building C object CMakeFiles/std_msgs__rosidl_generator_py.dir/rosidl_generator_py/std_msgs/msg/_u_int32_s.c.o
[17.339s] [ 93%] Building C object CMakeFiles/std_msgs__rosidl_generator_py.dir/rosidl_generator_py/std_msgs/msg/_u_int32_multi_array_s.c.o
[17.350s] [ 93%] Building C object CMakeFiles/std_msgs__rosidl_generator_py.dir/rosidl_generator_py/std_msgs/msg/_u_int64_s.c.o
[17.372s] [ 93%] Building C object CMakeFiles/std_msgs__rosidl_generator_py.dir/rosidl_generator_py/std_msgs/msg/_u_int64_multi_array_s.c.o
[17.395s] [ 93%] Building C object CMakeFiles/std_msgs__rosidl_generator_py.dir/rosidl_generator_py/std_msgs/msg/_u_int8_s.c.o
[17.403s] [ 94%] Building C object CMakeFiles/std_msgs__rosidl_generator_py.dir/rosidl_generator_py/std_msgs/msg/_u_int8_multi_array_s.c.o
[17.410s] [ 95%] Building C object CMakeFiles/std_msgs__rosidl_generator_py.dir/rosidl_generator_py/std_msgs/msg/_u_int16_s.c.o
[17.436s] [ 95%] Building C object CMakeFiles/std_msgs__rosidl_generator_py.dir/rosidl_generator_py/std_msgs/msg/_multi_array_layout_s.c.o
[17.441s] [ 95%] Building C object CMakeFiles/std_msgs__rosidl_generator_py.dir/rosidl_generator_py/std_msgs/msg/_string_s.c.o
[17.452s] [ 96%] Building C object CMakeFiles/std_msgs__rosidl_generator_py.dir/rosidl_generator_py/std_msgs/msg/_multi_array_dimension_s.c.o
[17.537s] [ 96%] Building C object CMakeFiles/std_msgs__rosidl_generator_py.dir/rosidl_generator_py/std_msgs/msg/_int8_multi_array_s.c.o
[17.571s] [ 96%] Building C object CMakeFiles/std_msgs__rosidl_generator_py.dir/rosidl_generator_py/std_msgs/msg/_int8_s.c.o
[17.582s] [ 97%] Building C object CMakeFiles/std_msgs__rosidl_generator_py.dir/rosidl_generator_py/std_msgs/msg/_int64_multi_array_s.c.o
[17.585s] [ 97%] Building C object CMakeFiles/std_msgs__rosidl_generator_py.dir/rosidl_generator_py/std_msgs/msg/_int64_s.c.o
[17.586s] [ 97%] Building C object CMakeFiles/std_msgs__rosidl_generator_py.dir/rosidl_generator_py/std_msgs/msg/_int32_multi_array_s.c.o
[17.587s] [ 97%] Building C object CMakeFiles/std_msgs__rosidl_generator_py.dir/rosidl_generator_py/std_msgs/msg/_int32_s.c.o
[17.589s] [ 98%] Building C object CMakeFiles/std_msgs__rosidl_generator_py.dir/rosidl_generator_py/std_msgs/msg/_int16_multi_array_s.c.o
[17.589s] [ 98%] Building C object CMakeFiles/std_msgs__rosidl_generator_py.dir/rosidl_generator_py/std_msgs/msg/_int16_s.c.o
[17.826s] [ 98%] Linking C shared library libstd_msgs__rosidl_generator_py.so
[17.865s] [ 98%] Built target std_msgs__rosidl_generator_py
[17.879s] [ 98%] Building C object CMakeFiles/std_msgs_s__rosidl_typesupport_introspection_c.dir/rosidl_generator_py/std_msgs/_std_msgs_s.ep.rosidl_typesupport_introspection_c.c.o
[17.879s] [ 98%] Building C object CMakeFiles/std_msgs_s__rosidl_typesupport_c.dir/rosidl_generator_py/std_msgs/_std_msgs_s.ep.rosidl_typesupport_c.c.o
[17.879s] [ 99%] Building C object CMakeFiles/std_msgs_s__rosidl_typesupport_fastrtps_c.dir/rosidl_generator_py/std_msgs/_std_msgs_s.ep.rosidl_typesupport_fastrtps_c.c.o
[17.996s] [100%] Linking C shared module rosidl_generator_py/std_msgs/std_msgs_s__rosidl_typesupport_introspection_c.so
[17.996s] [100%] Linking C shared module rosidl_generator_py/std_msgs/std_msgs_s__rosidl_typesupport_c.so
[18.017s] [100%] Built target std_msgs_s__rosidl_typesupport_introspection_c
[18.018s] [100%] Built target std_msgs_s__rosidl_typesupport_c
[18.023s] [100%] Linking C shared module rosidl_generator_py/std_msgs/std_msgs_s__rosidl_typesupport_fastrtps_c.so
[18.047s] [100%] Built target std_msgs_s__rosidl_typesupport_fastrtps_c
[18.056s] Invoked command in '/workspace/jazzy_ws/build/std_msgs' returned '0': AMENT_PREFIX_PATH=/workspace/jazzy_ws/install CMAKE_PREFIX_PATH=/workspace/jazzy_ws/install LD_LIBRARY_PATH=/workspace/jazzy_ws/install/lib:/workspace/jazzy_ws/install/opt/mimick_vendor/lib PATH=/workspace/jazzy_ws/install/bin:/workspace/jazzy_ws/install/opt/uncrustify_vendor/bin:${PATH} PKG_CONFIG_PATH=/workspace/jazzy_ws/install/lib/x86_64-linux-gnu/pkgconfig:/workspace/jazzy_ws/install/lib/pkgconfig PYTHONPATH=/workspace/jazzy_ws/install/lib/python3.12/site-packages /usr/bin/cmake --build /workspace/jazzy_ws/build/std_msgs -- -j24 -l24
[18.057s] Invoking command in '/workspace/jazzy_ws/build/std_msgs': AMENT_PREFIX_PATH=/workspace/jazzy_ws/install CMAKE_PREFIX_PATH=/workspace/jazzy_ws/install LD_LIBRARY_PATH=/workspace/jazzy_ws/install/lib:/workspace/jazzy_ws/install/opt/mimick_vendor/lib PATH=/workspace/jazzy_ws/install/bin:/workspace/jazzy_ws/install/opt/uncrustify_vendor/bin:${PATH} PKG_CONFIG_PATH=/workspace/jazzy_ws/install/lib/x86_64-linux-gnu/pkgconfig:/workspace/jazzy_ws/install/lib/pkgconfig PYTHONPATH=/workspace/jazzy_ws/install/lib/python3.12/site-packages /usr/bin/cmake --install /workspace/jazzy_ws/build/std_msgs
[18.063s] -- Install configuration: ""
[18.063s] -- Installing: /workspace/jazzy_ws/install/share/ament_index/resource_index/rosidl_interfaces/std_msgs
[18.063s] -- Installing: /workspace/jazzy_ws/install/share/std_msgs/msg/Bool.json
[18.064s] -- Installing: /workspace/jazzy_ws/install/share/std_msgs/msg/Byte.json
[18.064s] -- Installing: /workspace/jazzy_ws/install/share/std_msgs/msg/ByteMultiArray.json
[18.064s] -- Installing: /workspace/jazzy_ws/install/share/std_msgs/msg/Char.json
[18.064s] -- Installing: /workspace/jazzy_ws/install/share/std_msgs/msg/ColorRGBA.json
[18.064s] -- Installing: /workspace/jazzy_ws/install/share/std_msgs/msg/Empty.json
[18.064s] -- Installing: /workspace/jazzy_ws/install/share/std_msgs/msg/Float32.json
[18.064s] -- Installing: /workspace/jazzy_ws/install/share/std_msgs/msg/Float32MultiArray.json
[18.064s] -- Installing: /workspace/jazzy_ws/install/share/std_msgs/msg/Float64.json
[18.064s] -- Installing: /workspace/jazzy_ws/install/share/std_msgs/msg/Float64MultiArray.json
[18.064s] -- Installing: /workspace/jazzy_ws/install/share/std_msgs/msg/Header.json
[18.065s] -- Installing: /workspace/jazzy_ws/install/share/std_msgs/msg/Int16.json
[18.065s] -- Installing: /workspace/jazzy_ws/install/share/std_msgs/msg/Int16MultiArray.json
[18.065s] -- Installing: /workspace/jazzy_ws/install/share/std_msgs/msg/Int32.json
[18.065s] -- Installing: /workspace/jazzy_ws/install/share/std_msgs/msg/Int32MultiArray.json
[18.065s] -- Installing: /workspace/jazzy_ws/install/share/std_msgs/msg/Int64.json
[18.065s] -- Installing: /workspace/jazzy_ws/install/share/std_msgs/msg/Int64MultiArray.json
[18.065s] -- Installing: /workspace/jazzy_ws/install/share/std_msgs/msg/Int8.json
[18.065s] -- Installing: /workspace/jazzy_ws/install/share/std_msgs/msg/Int8MultiArray.json
[18.065s] -- Installing: /workspace/jazzy_ws/install/share/std_msgs/msg/MultiArrayDimension.json
[18.065s] -- Installing: /workspace/jazzy_ws/install/share/std_msgs/msg/MultiArrayLayout.json
[18.065s] -- Installing: /workspace/jazzy_ws/install/share/std_msgs/msg/String.json
[18.066s] -- Installing: /workspace/jazzy_ws/install/share/std_msgs/msg/UInt16.json
[18.066s] -- Installing: /workspace/jazzy_ws/install/share/std_msgs/msg/UInt16MultiArray.json
[18.066s] -- Installing: /workspace/jazzy_ws/install/share/std_msgs/msg/UInt32.json
[18.066s] -- Installing: /workspace/jazzy_ws/install/share/std_msgs/msg/UInt32MultiArray.json
[18.066s] -- Installing: /workspace/jazzy_ws/install/share/std_msgs/msg/UInt64.json
[18.066s] -- Installing: /workspace/jazzy_ws/install/share/std_msgs/msg/UInt64MultiArray.json
[18.066s] -- Installing: /workspace/jazzy_ws/install/share/std_msgs/msg/UInt8.json
[18.066s] -- Installing: /workspace/jazzy_ws/install/share/std_msgs/msg/UInt8MultiArray.json
[18.066s] -- Installing: /workspace/jazzy_ws/install/include/std_msgs/std_msgs
[18.066s] -- Installing: /workspace/jazzy_ws/install/include/std_msgs/std_msgs/msg
[18.067s] -- Installing: /workspace/jazzy_ws/install/include/std_msgs/std_msgs/msg/detail
[18.067s] -- Installing: /workspace/jazzy_ws/install/include/std_msgs/std_msgs/msg/detail/u_int8__type_support.h
[18.067s] -- Installing: /workspace/jazzy_ws/install/include/std_msgs/std_msgs/msg/detail/int64_multi_array__type_support.c
[18.067s] -- Installing: /workspace/jazzy_ws/install/include/std_msgs/std_msgs/msg/detail/int64__functions.h
[18.067s] -- Installing: /workspace/jazzy_ws/install/include/std_msgs/std_msgs/msg/detail/int8_multi_array__functions.h
[18.067s] -- Installing: /workspace/jazzy_ws/install/include/std_msgs/std_msgs/msg/detail/int8_multi_array__type_support.c
[18.067s] -- Installing: /workspace/jazzy_ws/install/include/std_msgs/std_msgs/msg/detail/u_int64_multi_array__type_support.c
[18.067s] -- Installing: /workspace/jazzy_ws/install/include/std_msgs/std_msgs/msg/detail/int16__functions.h
[18.068s] -- Installing: /workspace/jazzy_ws/install/include/std_msgs/std_msgs/msg/detail/int16__type_support.h
[18.068s] -- Installing: /workspace/jazzy_ws/install/include/std_msgs/std_msgs/msg/detail/int64_multi_array__description.c
[18.068s] -- Installing: /workspace/jazzy_ws/install/include/std_msgs/std_msgs/msg/detail/header__description.c
[18.068s] -- Installing: /workspace/jazzy_ws/install/include/std_msgs/std_msgs/msg/detail/int8__description.c
[18.068s] -- Installing: /workspace/jazzy_ws/install/include/std_msgs/std_msgs/msg/detail/u_int32_multi_array__type_support.c
[18.068s] -- Installing: /workspace/jazzy_ws/install/include/std_msgs/std_msgs/msg/detail/u_int16__functions.h
[18.068s] -- Installing: /workspace/jazzy_ws/install/include/std_msgs/std_msgs/msg/detail/int16__type_support.c
[18.068s] -- Installing: /workspace/jazzy_ws/install/include/std_msgs/std_msgs/msg/detail/bool__type_support.c
[18.068s] -- Installing: /workspace/jazzy_ws/install/include/std_msgs/std_msgs/msg/detail/bool__functions.h
[18.069s] -- Installing: /workspace/jazzy_ws/install/include/std_msgs/std_msgs/msg/detail/float64_multi_array__description.c
[18.069s] -- Installing: /workspace/jazzy_ws/install/include/std_msgs/std_msgs/msg/detail/u_int8_multi_array__functions.h
[18.069s] -- Installing: /workspace/jazzy_ws/install/include/std_msgs/std_msgs/msg/detail/color_rgba__type_support.c
[18.069s] -- Installing: /workspace/jazzy_ws/install/include/std_msgs/std_msgs/msg/detail/int32_multi_array__functions.c
[18.069s] -- Installing: /workspace/jazzy_ws/install/include/std_msgs/std_msgs/msg/detail/u_int64_multi_array__functions.c
[18.069s] -- Installing: /workspace/jazzy_ws/install/include/std_msgs/std_msgs/msg/detail/color_rgba__struct.h
[18.069s] -- Installing: /workspace/jazzy_ws/install/include/std_msgs/std_msgs/msg/detail/u_int32__struct.h
[18.069s] -- Installing: /workspace/jazzy_ws/install/include/std_msgs/std_msgs/msg/detail/multi_array_dimension__type_support.c
[18.069s] -- Installing: /workspace/jazzy_ws/install/include/std_msgs/std_msgs/msg/detail/u_int8_multi_array__type_support.h
[18.069s] -- Installing: /workspace/jazzy_ws/install/include/std_msgs/std_msgs/msg/detail/float32__functions.h
[18.069s] -- Installing: /workspace/jazzy_ws/install/include/std_msgs/std_msgs/msg/detail/int64_multi_array__functions.c
[18.069s] -- Installing: /workspace/jazzy_ws/install/include/std_msgs/std_msgs/msg/detail/u_int16__type_support.h
[18.069s] -- Installing: /workspace/jazzy_ws/install/include/std_msgs/std_msgs/msg/detail/multi_array_layout__description.c
[18.069s] -- Installing: /workspace/jazzy_ws/install/include/std_msgs/std_msgs/msg/detail/float32_multi_array__struct.h
[18.069s] -- Installing: /workspace/jazzy_ws/install/include/std_msgs/std_msgs/msg/detail/int8_multi_array__type_support.h
[18.069s] -- Installing: /workspace/jazzy_ws/install/include/std_msgs/std_msgs/msg/detail/u_int8__type_support.c
[18.069s] -- Installing: /workspace/jazzy_ws/install/include/std_msgs/std_msgs/msg/detail/byte__type_support.c
[18.069s] -- Installing: /workspace/jazzy_ws/install/include/std_msgs/std_msgs/msg/detail/multi_array_layout__type_support.h
[18.070s] -- Installing: /workspace/jazzy_ws/install/include/std_msgs/std_msgs/msg/detail/header__type_support.c
[18.070s] -- Installing: /workspace/jazzy_ws/install/include/std_msgs/std_msgs/msg/detail/u_int64_multi_array__description.c
[18.070s] -- Installing: /workspace/jazzy_ws/install/include/std_msgs/std_msgs/msg/detail/float32__functions.c
[18.070s] -- Installing: /workspace/jazzy_ws/install/include/std_msgs/std_msgs/msg/detail/multi_array_dimension__type_support.h
[18.070s] -- Installing: /workspace/jazzy_ws/install/include/std_msgs/std_msgs/msg/detail/header__functions.c
[18.070s] -- Installing: /workspace/jazzy_ws/install/include/std_msgs/std_msgs/msg/detail/u_int8__functions.c
[18.070s] -- Installing: /workspace/jazzy_ws/install/include/std_msgs/std_msgs/msg/detail/u_int16_multi_array__type_support.c
[18.070s] -- Installing: /workspace/jazzy_ws/install/include/std_msgs/std_msgs/msg/detail/float64__struct.h
[18.070s] -- Installing: /workspace/jazzy_ws/install/include/std_msgs/std_msgs/msg/detail/empty__functions.h
[18.070s] -- Installing: /workspace/jazzy_ws/install/include/std_msgs/std_msgs/msg/detail/bool__functions.c
[18.070s] -- Installing: /workspace/jazzy_ws/install/include/std_msgs/std_msgs/msg/detail/int32__functions.c
[18.071s] -- Installing: /workspace/jazzy_ws/install/include/std_msgs/std_msgs/msg/detail/u_int64__struct.h
[18.071s] -- Installing: /workspace/jazzy_ws/install/include/std_msgs/std_msgs/msg/detail/byte_multi_array__functions.h
[18.071s] -- Installing: /workspace/jazzy_ws/install/include/std_msgs/std_msgs/msg/detail/int64__struct.h
[18.071s] -- Installing: /workspace/jazzy_ws/install/include/std_msgs/std_msgs/msg/detail/int8__type_support.c
[18.071s] -- Installing: /workspace/jazzy_ws/install/include/std_msgs/std_msgs/msg/detail/u_int32_multi_array__functions.c
[18.071s] -- Installing: /workspace/jazzy_ws/install/include/std_msgs/std_msgs/msg/detail/int16_multi_array__description.c
[18.071s] -- Installing: /workspace/jazzy_ws/install/include/std_msgs/std_msgs/msg/detail/u_int64_multi_array__type_support.h
[18.071s] -- Installing: /workspace/jazzy_ws/install/include/std_msgs/std_msgs/msg/detail/u_int32_multi_array__type_support.h
[18.071s] -- Installing: /workspace/jazzy_ws/install/include/std_msgs/std_msgs/msg/detail/string__struct.h
[18.071s] -- Installing: /workspace/jazzy_ws/install/include/std_msgs/std_msgs/msg/detail/bool__description.c
[18.071s] -- Installing: /workspace/jazzy_ws/install/include/std_msgs/std_msgs/msg/detail/int32_multi_array__description.c
[18.072s] -- Installing: /workspace/jazzy_ws/install/include/std_msgs/std_msgs/msg/detail/int16__description.c
[18.072s] -- Installing: /workspace/jazzy_ws/install/include/std_msgs/std_msgs/msg/detail/u_int8_multi_array__description.c
[18.072s] -- Installing: /workspace/jazzy_ws/install/include/std_msgs/std_msgs/msg/detail/byte_multi_array__type_support.h
[18.072s] -- Installing: /workspace/jazzy_ws/install/include/std_msgs/std_msgs/msg/detail/u_int8__struct.h
[18.072s] -- Installing: /workspace/jazzy_ws/install/include/std_msgs/std_msgs/msg/detail/int32__description.c
[18.072s] -- Installing: /workspace/jazzy_ws/install/include/std_msgs/std_msgs/msg/detail/int8_multi_array__description.c
[18.072s] -- Installing: /workspace/jazzy_ws/install/include/std_msgs/std_msgs/msg/detail/float64_multi_array__functions.c
[18.072s] -- Installing: /workspace/jazzy_ws/install/include/std_msgs/std_msgs/msg/detail/string__functions.h
[18.072s] -- Installing: /workspace/jazzy_ws/install/include/std_msgs/std_msgs/msg/detail/byte_multi_array__type_support.c
[18.072s] -- Installing: /workspace/jazzy_ws/install/include/std_msgs/std_msgs/msg/detail/u_int8_multi_array__type_support.c
[18.073s] -- Installing: /workspace/jazzy_ws/install/include/std_msgs/std_msgs/msg/detail/float32_multi_array__type_support.h
[18.073s] -- Installing: /workspace/jazzy_ws/install/include/std_msgs/std_msgs/msg/detail/byte__functions.h
[18.073s] -- Installing: /workspace/jazzy_ws/install/include/std_msgs/std_msgs/msg/detail/int8_multi_array__struct.h
[18.073s] -- Installing: /workspace/jazzy_ws/install/include/std_msgs/std_msgs/msg/detail/float64__functions.c
[18.073s] -- Installing: /workspace/jazzy_ws/install/include/std_msgs/std_msgs/msg/detail/u_int16__type_support.c
[18.073s] -- Installing: /workspace/jazzy_ws/install/include/std_msgs/std_msgs/msg/detail/float64_multi_array__struct.h
[18.073s] -- Installing: /workspace/jazzy_ws/install/include/std_msgs/std_msgs/msg/detail/multi_array_dimension__description.c
[18.073s] -- Installing: /workspace/jazzy_ws/install/include/std_msgs/std_msgs/msg/detail/int8__functions.h
[18.073s] -- Installing: /workspace/jazzy_ws/install/include/std_msgs/std_msgs/msg/detail/u_int8_multi_array__struct.h
[18.073s] -- Installing: /workspace/jazzy_ws/install/include/std_msgs/std_msgs/msg/detail/float32_multi_array__description.c
[18.073s] -- Installing: /workspace/jazzy_ws/install/include/std_msgs/std_msgs/msg/detail/float32__type_support.c
[18.074s] -- Installing: /workspace/jazzy_ws/install/include/std_msgs/std_msgs/msg/detail/byte__type_support.h
[18.074s] -- Installing: /workspace/jazzy_ws/install/include/std_msgs/std_msgs/msg/detail/int16__functions.c
[18.074s] -- Installing: /workspace/jazzy_ws/install/include/std_msgs/std_msgs/msg/detail/int64_multi_array__struct.h
[18.074s] -- Installing: /workspace/jazzy_ws/install/include/std_msgs/std_msgs/msg/detail/string__description.c
[18.074s] -- Installing: /workspace/jazzy_ws/install/include/std_msgs/std_msgs/msg/detail/char__type_support.c
[18.074s] -- Installing: /workspace/jazzy_ws/install/include/std_msgs/std_msgs/msg/detail/u_int32__functions.h
[18.074s] -- Installing: /workspace/jazzy_ws/install/include/std_msgs/std_msgs/msg/detail/int16_multi_array__type_support.h
[18.074s] -- Installing: /workspace/jazzy_ws/install/include/std_msgs/std_msgs/msg/detail/string__functions.c
[18.074s] -- Installing: /workspace/jazzy_ws/install/include/std_msgs/std_msgs/msg/detail/byte_multi_array__functions.c
[18.074s] -- Installing: /workspace/jazzy_ws/install/include/std_msgs/std_msgs/msg/detail/float32_multi_array__functions.c
[18.074s] -- Installing: /workspace/jazzy_ws/install/include/std_msgs/std_msgs/msg/detail/u_int32_multi_array__struct.h
[18.075s] -- Installing: /workspace/jazzy_ws/install/include/std_msgs/std_msgs/msg/detail/multi_array_dimension__functions.h
[18.075s] -- Installing: /workspace/jazzy_ws/install/include/std_msgs/std_msgs/msg/detail/u_int64__functions.h
[18.075s] -- Installing: /workspace/jazzy_ws/install/include/std_msgs/std_msgs/msg/detail/float64_multi_array__functions.h
[18.075s] -- Installing: /workspace/jazzy_ws/install/include/std_msgs/std_msgs/msg/detail/int16_multi_array__struct.h
[18.075s] -- Installing: /workspace/jazzy_ws/install/include/std_msgs/std_msgs/msg/detail/char__functions.c
[18.075s] -- Installing: /workspace/jazzy_ws/install/include/std_msgs/std_msgs/msg/detail/byte__struct.h
[18.075s] -- Installing: /workspace/jazzy_ws/install/include/std_msgs/std_msgs/msg/detail/u_int64__type_support.h
[18.075s] -- Installing: /workspace/jazzy_ws/install/include/std_msgs/std_msgs/msg/detail/int64_multi_array__type_support.h
[18.075s] -- Installing: /workspace/jazzy_ws/install/include/std_msgs/std_msgs/msg/detail/char__functions.h
[18.075s] -- Installing: /workspace/jazzy_ws/install/include/std_msgs/std_msgs/msg/detail/int32__type_support.h
[18.076s] -- Installing: /workspace/jazzy_ws/install/include/std_msgs/std_msgs/msg/detail/u_int32__type_support.c
[18.076s] -- Installing: /workspace/jazzy_ws/install/include/std_msgs/std_msgs/msg/detail/string__type_support.c
[18.076s] -- Installing: /workspace/jazzy_ws/install/include/std_msgs/std_msgs/msg/detail/u_int32__description.c
[18.076s] -- Installing: /workspace/jazzy_ws/install/include/std_msgs/std_msgs/msg/detail/float32__struct.h
[18.076s] -- Installing: /workspace/jazzy_ws/install/include/std_msgs/std_msgs/msg/detail/int32__struct.h
[18.076s] -- Installing: /workspace/jazzy_ws/install/include/std_msgs/std_msgs/msg/detail/int32__type_support.c
[18.076s] -- Installing: /workspace/jazzy_ws/install/include/std_msgs/std_msgs/msg/detail/float64_multi_array__type_support.h
[18.076s] -- Installing: /workspace/jazzy_ws/install/include/std_msgs/std_msgs/msg/detail/u_int8_multi_array__functions.c
[18.076s] -- Installing: /workspace/jazzy_ws/install/include/std_msgs/std_msgs/msg/detail/multi_array_layout__struct.h
[18.076s] -- Installing: /workspace/jazzy_ws/install/include/std_msgs/std_msgs/msg/detail/empty__type_support.h
[18.077s] -- Installing: /workspace/jazzy_ws/install/include/std_msgs/std_msgs/msg/detail/empty__functions.c
[18.077s] -- Installing: /workspace/jazzy_ws/install/include/std_msgs/std_msgs/msg/detail/u_int16_multi_array__functions.c
[18.077s] -- Installing: /workspace/jazzy_ws/install/include/std_msgs/std_msgs/msg/detail/float64_multi_array__type_support.c
[18.077s] -- Installing: /workspace/jazzy_ws/install/include/std_msgs/std_msgs/msg/detail/u_int16_multi_array__description.c
[18.077s] -- Installing: /workspace/jazzy_ws/install/include/std_msgs/std_msgs/msg/detail/u_int64__type_support.c
[18.077s] -- Installing: /workspace/jazzy_ws/install/include/std_msgs/std_msgs/msg/detail/color_rgba__description.c
[18.077s] -- Installing: /workspace/jazzy_ws/install/include/std_msgs/std_msgs/msg/detail/int32_multi_array__struct.h
[18.077s] -- Installing: /workspace/jazzy_ws/install/include/std_msgs/std_msgs/msg/detail/int64__functions.c
[18.077s] -- Installing: /workspace/jazzy_ws/install/include/std_msgs/std_msgs/msg/detail/float32__description.c
[18.077s] -- Installing: /workspace/jazzy_ws/install/include/std_msgs/std_msgs/msg/detail/int32_multi_array__type_support.c
[18.078s] -- Installing: /workspace/jazzy_ws/install/include/std_msgs/std_msgs/msg/detail/multi_array_dimension__struct.h
[18.078s] -- Installing: /workspace/jazzy_ws/install/include/std_msgs/std_msgs/msg/detail/header__type_support.h
[18.078s] -- Installing: /workspace/jazzy_ws/install/include/std_msgs/std_msgs/msg/detail/empty__type_support.c
[18.078s] -- Installing: /workspace/jazzy_ws/install/include/std_msgs/std_msgs/msg/detail/empty__description.c
[18.078s] -- Installing: /workspace/jazzy_ws/install/include/std_msgs/std_msgs/msg/detail/u_int64__description.c
[18.078s] -- Installing: /workspace/jazzy_ws/install/include/std_msgs/std_msgs/msg/detail/float32__type_support.h
[18.078s] -- Installing: /workspace/jazzy_ws/install/include/std_msgs/std_msgs/msg/detail/char__type_support.h
[18.078s] -- Installing: /workspace/jazzy_ws/install/include/std_msgs/std_msgs/msg/detail/u_int16__struct.h
[18.078s] -- Installing: /workspace/jazzy_ws/install/include/std_msgs/std_msgs/msg/detail/bool__struct.h
[18.078s] -- Installing: /workspace/jazzy_ws/install/include/std_msgs/std_msgs/msg/detail/u_int16__functions.c
[18.078s] -- Installing: /workspace/jazzy_ws/install/include/std_msgs/std_msgs/msg/detail/byte__functions.c
[18.079s] -- Installing: /workspace/jazzy_ws/install/include/std_msgs/std_msgs/msg/detail/empty__struct.h
[18.079s] -- Installing: /workspace/jazzy_ws/install/include/std_msgs/std_msgs/msg/detail/byte__description.c
[18.079s] -- Installing: /workspace/jazzy_ws/install/include/std_msgs/std_msgs/msg/detail/float64__description.c
[18.079s] -- Installing: /workspace/jazzy_ws/install/include/std_msgs/std_msgs/msg/detail/bool__type_support.h
[18.079s] -- Installing: /workspace/jazzy_ws/install/include/std_msgs/std_msgs/msg/detail/char__description.c
[18.079s] -- Installing: /workspace/jazzy_ws/install/include/std_msgs/std_msgs/msg/detail/u_int8__description.c
[18.079s] -- Installing: /workspace/jazzy_ws/install/include/std_msgs/std_msgs/msg/detail/int64__type_support.c
[18.079s] -- Installing: /workspace/jazzy_ws/install/include/std_msgs/std_msgs/msg/detail/float64__functions.h
[18.079s] -- Installing: /workspace/jazzy_ws/install/include/std_msgs/std_msgs/msg/detail/int16_multi_array__functions.c
[18.079s] -- Installing: /workspace/jazzy_ws/install/include/std_msgs/std_msgs/msg/detail/u_int16_multi_array__type_support.h
[18.079s] -- Installing: /workspace/jazzy_ws/install/include/std_msgs/std_msgs/msg/detail/header__functions.h
[18.080s] -- Installing: /workspace/jazzy_ws/install/include/std_msgs/std_msgs/msg/detail/u_int32_multi_array__description.c
[18.080s] -- Installing: /workspace/jazzy_ws/install/include/std_msgs/std_msgs/msg/detail/u_int8__functions.h
[18.080s] -- Installing: /workspace/jazzy_ws/install/include/std_msgs/std_msgs/msg/detail/multi_array_dimension__functions.c
[18.080s] -- Installing: /workspace/jazzy_ws/install/include/std_msgs/std_msgs/msg/detail/int8__functions.c
[18.080s] -- Installing: /workspace/jazzy_ws/install/include/std_msgs/std_msgs/msg/detail/string__type_support.h
[18.080s] -- Installing: /workspace/jazzy_ws/install/include/std_msgs/std_msgs/msg/detail/u_int64_multi_array__struct.h
[18.080s] -- Installing: /workspace/jazzy_ws/install/include/std_msgs/std_msgs/msg/detail/u_int32__type_support.h
[18.080s] -- Installing: /workspace/jazzy_ws/install/include/std_msgs/std_msgs/msg/detail/header__struct.h
[18.080s] -- Installing: /workspace/jazzy_ws/install/include/std_msgs/std_msgs/msg/detail/u_int64__functions.c
[18.081s] -- Installing: /workspace/jazzy_ws/install/include/std_msgs/std_msgs/msg/detail/float64__type_support.h
[18.081s] -- Installing: /workspace/jazzy_ws/install/include/std_msgs/std_msgs/msg/detail/byte_multi_array__struct.h
[18.081s] -- Installing: /workspace/jazzy_ws/install/include/std_msgs/std_msgs/msg/detail/int16__struct.h
[18.081s] -- Installing: /workspace/jazzy_ws/install/include/std_msgs/std_msgs/msg/detail/byte_multi_array__description.c
[18.081s] -- Installing: /workspace/jazzy_ws/install/include/std_msgs/std_msgs/msg/detail/int16_multi_array__type_support.c
[18.081s] -- Installing: /workspace/jazzy_ws/install/include/std_msgs/std_msgs/msg/detail/int32_multi_array__type_support.h
[18.081s] -- Installing: /workspace/jazzy_ws/install/include/std_msgs/std_msgs/msg/detail/int8__type_support.h
[18.081s] -- Installing: /workspace/jazzy_ws/install/include/std_msgs/std_msgs/msg/detail/float32_multi_array__functions.h
[18.081s] -- Installing: /workspace/jazzy_ws/install/include/std_msgs/std_msgs/msg/detail/color_rgba__functions.h
[18.081s] -- Installing: /workspace/jazzy_ws/install/include/std_msgs/std_msgs/msg/detail/u_int16_multi_array__struct.h
[18.082s] -- Installing: /workspace/jazzy_ws/install/include/std_msgs/std_msgs/msg/detail/multi_array_layout__functions.h
[18.082s] -- Installing: /workspace/jazzy_ws/install/include/std_msgs/std_msgs/msg/detail/int64__description.c
[18.082s] -- Installing: /workspace/jazzy_ws/install/include/std_msgs/std_msgs/msg/detail/int8__struct.h
[18.082s] -- Installing: /workspace/jazzy_ws/install/include/std_msgs/std_msgs/msg/detail/u_int16__description.c
[18.082s] -- Installing: /workspace/jazzy_ws/install/include/std_msgs/std_msgs/msg/detail/color_rgba__type_support.h
[18.082s] -- Installing: /workspace/jazzy_ws/install/include/std_msgs/std_msgs/msg/detail/u_int16_multi_array__functions.h
[18.082s] -- Installing: /workspace/jazzy_ws/install/include/std_msgs/std_msgs/msg/detail/color_rgba__functions.c
[18.082s] -- Installing: /workspace/jazzy_ws/install/include/std_msgs/std_msgs/msg/detail/int32_multi_array__functions.h
[18.082s] -- Installing: /workspace/jazzy_ws/install/include/std_msgs/std_msgs/msg/detail/int8_multi_array__functions.c
[18.082s] -- Installing: /workspace/jazzy_ws/install/include/std_msgs/std_msgs/msg/detail/u_int64_multi_array__functions.h
[18.082s] -- Installing: /workspace/jazzy_ws/install/include/std_msgs/std_msgs/msg/detail/char__struct.h
[18.083s] -- Installing: /workspace/jazzy_ws/install/include/std_msgs/std_msgs/msg/detail/int64__type_support.h
[18.083s] -- Installing: /workspace/jazzy_ws/install/include/std_msgs/std_msgs/msg/detail/int32__functions.h
[18.083s] -- Installing: /workspace/jazzy_ws/install/include/std_msgs/std_msgs/msg/detail/u_int32_multi_array__functions.h
[18.083s] -- Installing: /workspace/jazzy_ws/install/include/std_msgs/std_msgs/msg/detail/float64__type_support.c
[18.083s] -- Installing: /workspace/jazzy_ws/install/include/std_msgs/std_msgs/msg/detail/u_int32__functions.c
[18.083s] -- Installing: /workspace/jazzy_ws/install/include/std_msgs/std_msgs/msg/detail/int64_multi_array__functions.h
[18.083s] -- Installing: /workspace/jazzy_ws/install/include/std_msgs/std_msgs/msg/detail/float32_multi_array__type_support.c
[18.083s] -- Installing: /workspace/jazzy_ws/install/include/std_msgs/std_msgs/msg/detail/multi_array_layout__type_support.c
[18.083s] -- Installing: /workspace/jazzy_ws/install/include/std_msgs/std_msgs/msg/detail/multi_array_layout__functions.c
[18.083s] -- Installing: /workspace/jazzy_ws/install/include/std_msgs/std_msgs/msg/detail/int16_multi_array__functions.h
[18.084s] -- Installing: /workspace/jazzy_ws/install/include/std_msgs/std_msgs/msg/bool.h
[18.084s] -- Installing: /workspace/jazzy_ws/install/include/std_msgs/std_msgs/msg/float64.h
[18.084s] -- Installing: /workspace/jazzy_ws/install/include/std_msgs/std_msgs/msg/string.h
[18.084s] -- Installing: /workspace/jazzy_ws/install/include/std_msgs/std_msgs/msg/int8.h
[18.084s] -- Installing: /workspace/jazzy_ws/install/include/std_msgs/std_msgs/msg/empty.h
[18.084s] -- Installing: /workspace/jazzy_ws/install/include/std_msgs/std_msgs/msg/int32.h
[18.084s] -- Installing: /workspace/jazzy_ws/install/include/std_msgs/std_msgs/msg/u_int16_multi_array.h
[18.084s] -- Installing: /workspace/jazzy_ws/install/include/std_msgs/std_msgs/msg/int32_multi_array.h
[18.084s] -- Installing: /workspace/jazzy_ws/install/include/std_msgs/std_msgs/msg/int16.h
[18.084s] -- Installing: /workspace/jazzy_ws/install/include/std_msgs/std_msgs/msg/int8_multi_array.h
[18.084s] -- Installing: /workspace/jazzy_ws/install/include/std_msgs/std_msgs/msg/u_int64_multi_array.h
[18.085s] -- Installing: /workspace/jazzy_ws/install/include/std_msgs/std_msgs/msg/byte.h
[18.085s] -- Installing: /workspace/jazzy_ws/install/include/std_msgs/std_msgs/msg/u_int32.h
[18.085s] -- Installing: /workspace/jazzy_ws/install/include/std_msgs/std_msgs/msg/int64.h
[18.085s] -- Installing: /workspace/jazzy_ws/install/include/std_msgs/std_msgs/msg/float32_multi_array.h
[18.085s] -- Installing: /workspace/jazzy_ws/install/include/std_msgs/std_msgs/msg/u_int16.h
[18.085s] -- Installing: /workspace/jazzy_ws/install/include/std_msgs/std_msgs/msg/u_int8.h
[18.085s] -- Installing: /workspace/jazzy_ws/install/include/std_msgs/std_msgs/msg/multi_array_dimension.h
[18.085s] -- Installing: /workspace/jazzy_ws/install/include/std_msgs/std_msgs/msg/int16_multi_array.h
[18.085s] -- Installing: /workspace/jazzy_ws/install/include/std_msgs/std_msgs/msg/u_int8_multi_array.h
[18.085s] -- Installing: /workspace/jazzy_ws/install/include/std_msgs/std_msgs/msg/u_int64.h
[18.085s] -- Installing: /workspace/jazzy_ws/install/include/std_msgs/std_msgs/msg/char.h
[18.085s] -- Installing: /workspace/jazzy_ws/install/include/std_msgs/std_msgs/msg/color_rgba.h
[18.086s] -- Installing: /workspace/jazzy_ws/install/include/std_msgs/std_msgs/msg/header.h
[18.086s] -- Installing: /workspace/jazzy_ws/install/include/std_msgs/std_msgs/msg/u_int32_multi_array.h
[18.086s] -- Installing: /workspace/jazzy_ws/install/include/std_msgs/std_msgs/msg/byte_multi_array.h
[18.086s] -- Installing: /workspace/jazzy_ws/install/include/std_msgs/std_msgs/msg/float64_multi_array.h
[18.086s] -- Installing: /workspace/jazzy_ws/install/include/std_msgs/std_msgs/msg/multi_array_layout.h
[18.086s] -- Installing: /workspace/jazzy_ws/install/include/std_msgs/std_msgs/msg/int64_multi_array.h
[18.086s] -- Installing: /workspace/jazzy_ws/install/include/std_msgs/std_msgs/msg/float32.h
[18.086s] -- Installing: /workspace/jazzy_ws/install/include/std_msgs/std_msgs/msg/rosidl_generator_c__visibility_control.h
[18.086s] -- Installing: /workspace/jazzy_ws/install/share/std_msgs/environment/library_path.sh
[18.086s] -- Installing: /workspace/jazzy_ws/install/share/std_msgs/environment/library_path.dsv
[18.087s] -- Installing: /workspace/jazzy_ws/install/lib/libstd_msgs__rosidl_generator_c.so
[18.087s] -- Set non-toolchain portion of runtime path of "/workspace/jazzy_ws/install/lib/libstd_msgs__rosidl_generator_c.so" to ""
[18.087s] -- Up-to-date: /workspace/jazzy_ws/install/include/std_msgs/std_msgs
[18.087s] -- Up-to-date: /workspace/jazzy_ws/install/include/std_msgs/std_msgs/msg
[18.087s] -- Up-to-date: /workspace/jazzy_ws/install/include/std_msgs/std_msgs/msg/detail
[18.087s] -- Installing: /workspace/jazzy_ws/install/include/std_msgs/std_msgs/msg/detail/u_int16_multi_array__rosidl_typesupport_fastrtps_c.h
[18.087s] -- Installing: /workspace/jazzy_ws/install/include/std_msgs/std_msgs/msg/detail/int32_multi_array__rosidl_typesupport_fastrtps_c.h
[18.087s] -- Installing: /workspace/jazzy_ws/install/include/std_msgs/std_msgs/msg/detail/u_int64_multi_array__rosidl_typesupport_fastrtps_c.h
[18.088s] -- Installing: /workspace/jazzy_ws/install/include/std_msgs/std_msgs/msg/detail/header__rosidl_typesupport_fastrtps_c.h
[18.088s] -- Installing: /workspace/jazzy_ws/install/include/std_msgs/std_msgs/msg/detail/int8__rosidl_typesupport_fastrtps_c.h
[18.088s] -- Installing: /workspace/jazzy_ws/install/include/std_msgs/std_msgs/msg/detail/int16_multi_array__rosidl_typesupport_fastrtps_c.h
[18.088s] -- Installing: /workspace/jazzy_ws/install/include/std_msgs/std_msgs/msg/detail/int8_multi_array__rosidl_typesupport_fastrtps_c.h
[18.088s] -- Installing: /workspace/jazzy_ws/install/include/std_msgs/std_msgs/msg/detail/u_int64__rosidl_typesupport_fastrtps_c.h
[18.088s] -- Installing: /workspace/jazzy_ws/install/include/std_msgs/std_msgs/msg/detail/byte__rosidl_typesupport_fastrtps_c.h
[18.088s] -- Installing: /workspace/jazzy_ws/install/include/std_msgs/std_msgs/msg/detail/u_int32_multi_array__rosidl_typesupport_fastrtps_c.h
[18.089s] -- Installing: /workspace/jazzy_ws/install/include/std_msgs/std_msgs/msg/detail/int64_multi_array__rosidl_typesupport_fastrtps_c.h
[18.089s] -- Installing: /workspace/jazzy_ws/install/include/std_msgs/std_msgs/msg/detail/u_int32__rosidl_typesupport_fastrtps_c.h
[18.089s] -- Installing: /workspace/jazzy_ws/install/include/std_msgs/std_msgs/msg/detail/u_int16__rosidl_typesupport_fastrtps_c.h
[18.089s] -- Installing: /workspace/jazzy_ws/install/include/std_msgs/std_msgs/msg/detail/int16__rosidl_typesupport_fastrtps_c.h
[18.089s] -- Installing: /workspace/jazzy_ws/install/include/std_msgs/std_msgs/msg/detail/byte_multi_array__rosidl_typesupport_fastrtps_c.h
[18.089s] -- Installing: /workspace/jazzy_ws/install/include/std_msgs/std_msgs/msg/detail/bool__rosidl_typesupport_fastrtps_c.h
[18.090s] -- Installing: /workspace/jazzy_ws/install/include/std_msgs/std_msgs/msg/detail/string__rosidl_typesupport_fastrtps_c.h
[18.090s] -- Installing: /workspace/jazzy_ws/install/include/std_msgs/std_msgs/msg/detail/float64_multi_array__rosidl_typesupport_fastrtps_c.h
[18.090s] -- Installing: /workspace/jazzy_ws/install/include/std_msgs/std_msgs/msg/detail/u_int8_multi_array__rosidl_typesupport_fastrtps_c.h
[18.090s] -- Installing: /workspace/jazzy_ws/install/include/std_msgs/std_msgs/msg/detail/color_rgba__rosidl_typesupport_fastrtps_c.h
[18.090s] -- Installing: /workspace/jazzy_ws/install/include/std_msgs/std_msgs/msg/detail/int32__rosidl_typesupport_fastrtps_c.h
[18.090s] -- Installing: /workspace/jazzy_ws/install/include/std_msgs/std_msgs/msg/detail/float32__rosidl_typesupport_fastrtps_c.h
[18.090s] -- Installing: /workspace/jazzy_ws/install/include/std_msgs/std_msgs/msg/detail/char__rosidl_typesupport_fastrtps_c.h
[18.090s] -- Installing: /workspace/jazzy_ws/install/include/std_msgs/std_msgs/msg/detail/u_int8__rosidl_typesupport_fastrtps_c.h
[18.090s] -- Installing: /workspace/jazzy_ws/install/include/std_msgs/std_msgs/msg/detail/int64__rosidl_typesupport_fastrtps_c.h
[18.090s] -- Installing: /workspace/jazzy_ws/install/include/std_msgs/std_msgs/msg/detail/empty__rosidl_typesupport_fastrtps_c.h
[18.090s] -- Installing: /workspace/jazzy_ws/install/include/std_msgs/std_msgs/msg/detail/float64__rosidl_typesupport_fastrtps_c.h
[18.090s] -- Installing: /workspace/jazzy_ws/install/include/std_msgs/std_msgs/msg/detail/multi_array_dimension__rosidl_typesupport_fastrtps_c.h
[18.090s] -- Installing: /workspace/jazzy_ws/install/include/std_msgs/std_msgs/msg/detail/float32_multi_array__rosidl_typesupport_fastrtps_c.h
[18.090s] -- Installing: /workspace/jazzy_ws/install/include/std_msgs/std_msgs/msg/detail/multi_array_layout__rosidl_typesupport_fastrtps_c.h
[18.090s] -- Installing: /workspace/jazzy_ws/install/include/std_msgs/std_msgs/msg/rosidl_typesupport_fastrtps_c__visibility_control.h
[18.090s] -- Installing: /workspace/jazzy_ws/install/lib/libstd_msgs__rosidl_typesupport_fastrtps_c.so
[18.091s] -- Set non-toolchain portion of runtime path of "/workspace/jazzy_ws/install/lib/libstd_msgs__rosidl_typesupport_fastrtps_c.so" to ""
[18.091s] -- Up-to-date: /workspace/jazzy_ws/install/include/std_msgs/std_msgs
[18.091s] -- Up-to-date: /workspace/jazzy_ws/install/include/std_msgs/std_msgs/msg
[18.091s] -- Up-to-date: /workspace/jazzy_ws/install/include/std_msgs/std_msgs/msg/detail
[18.091s] -- Installing: /workspace/jazzy_ws/install/include/std_msgs/std_msgs/msg/detail/int64_multi_array__struct.hpp
[18.091s] -- Installing: /workspace/jazzy_ws/install/include/std_msgs/std_msgs/msg/detail/int8__builder.hpp
[18.091s] -- Installing: /workspace/jazzy_ws/install/include/std_msgs/std_msgs/msg/detail/header__type_support.hpp
[18.092s] -- Installing: /workspace/jazzy_ws/install/include/std_msgs/std_msgs/msg/detail/multi_array_layout__struct.hpp
[18.092s] -- Installing: /workspace/jazzy_ws/install/include/std_msgs/std_msgs/msg/detail/int8_multi_array__struct.hpp
[18.092s] -- Installing: /workspace/jazzy_ws/install/include/std_msgs/std_msgs/msg/detail/u_int32_multi_array__builder.hpp
[18.092s] -- Installing: /workspace/jazzy_ws/install/include/std_msgs/std_msgs/msg/detail/empty__struct.hpp
[18.092s] -- Installing: /workspace/jazzy_ws/install/include/std_msgs/std_msgs/msg/detail/int64__type_support.hpp
[18.092s] -- Installing: /workspace/jazzy_ws/install/include/std_msgs/std_msgs/msg/detail/int64__builder.hpp
[18.092s] -- Installing: /workspace/jazzy_ws/install/include/std_msgs/std_msgs/msg/detail/u_int16__builder.hpp
[18.092s] -- Installing: /workspace/jazzy_ws/install/include/std_msgs/std_msgs/msg/detail/float64__builder.hpp
[18.092s] -- Installing: /workspace/jazzy_ws/install/include/std_msgs/std_msgs/msg/detail/int16_multi_array__builder.hpp
[18.092s] -- Installing: /workspace/jazzy_ws/install/include/std_msgs/std_msgs/msg/detail/multi_array_dimension__builder.hpp
[18.092s] -- Installing: /workspace/jazzy_ws/install/include/std_msgs/std_msgs/msg/detail/float32_multi_array__builder.hpp
[18.092s] -- Installing: /workspace/jazzy_ws/install/include/std_msgs/std_msgs/msg/detail/u_int8__builder.hpp
[18.093s] -- Installing: /workspace/jazzy_ws/install/include/std_msgs/std_msgs/msg/detail/int16__traits.hpp
[18.093s] -- Installing: /workspace/jazzy_ws/install/include/std_msgs/std_msgs/msg/detail/bool__traits.hpp
[18.093s] -- Installing: /workspace/jazzy_ws/install/include/std_msgs/std_msgs/msg/detail/u_int8_multi_array__builder.hpp
[18.093s] -- Installing: /workspace/jazzy_ws/install/include/std_msgs/std_msgs/msg/detail/empty__builder.hpp
[18.093s] -- Installing: /workspace/jazzy_ws/install/include/std_msgs/std_msgs/msg/detail/string__type_support.hpp
[18.093s] -- Installing: /workspace/jazzy_ws/install/include/std_msgs/std_msgs/msg/detail/bool__type_support.hpp
[18.093s] -- Installing: /workspace/jazzy_ws/install/include/std_msgs/std_msgs/msg/detail/u_int8__traits.hpp
[18.093s] -- Installing: /workspace/jazzy_ws/install/include/std_msgs/std_msgs/msg/detail/u_int16_multi_array__type_support.hpp
[18.093s] -- Installing: /workspace/jazzy_ws/install/include/std_msgs/std_msgs/msg/detail/empty__traits.hpp
[18.093s] -- Installing: /workspace/jazzy_ws/install/include/std_msgs/std_msgs/msg/detail/float64_multi_array__struct.hpp
[18.094s] -- Installing: /workspace/jazzy_ws/install/include/std_msgs/std_msgs/msg/detail/u_int16_multi_array__traits.hpp
[18.094s] -- Installing: /workspace/jazzy_ws/install/include/std_msgs/std_msgs/msg/detail/multi_array_dimension__traits.hpp
[18.094s] -- Installing: /workspace/jazzy_ws/install/include/std_msgs/std_msgs/msg/detail/u_int32__builder.hpp
[18.094s] -- Installing: /workspace/jazzy_ws/install/include/std_msgs/std_msgs/msg/detail/char__struct.hpp
[18.094s] -- Installing: /workspace/jazzy_ws/install/include/std_msgs/std_msgs/msg/detail/int64__traits.hpp
[18.094s] -- Installing: /workspace/jazzy_ws/install/include/std_msgs/std_msgs/msg/detail/u_int16__traits.hpp
[18.094s] -- Installing: /workspace/jazzy_ws/install/include/std_msgs/std_msgs/msg/detail/u_int32__type_support.hpp
[18.094s] -- Installing: /workspace/jazzy_ws/install/include/std_msgs/std_msgs/msg/detail/int64_multi_array__traits.hpp
[18.094s] -- Installing: /workspace/jazzy_ws/install/include/std_msgs/std_msgs/msg/detail/int16_multi_array__traits.hpp
[18.094s] -- Installing: /workspace/jazzy_ws/install/include/std_msgs/std_msgs/msg/detail/u_int8_multi_array__struct.hpp
[18.095s] -- Installing: /workspace/jazzy_ws/install/include/std_msgs/std_msgs/msg/detail/byte_multi_array__struct.hpp
[18.095s] -- Installing: /workspace/jazzy_ws/install/include/std_msgs/std_msgs/msg/detail/color_rgba__builder.hpp
[18.095s] -- Installing: /workspace/jazzy_ws/install/include/std_msgs/std_msgs/msg/detail/int8__traits.hpp
[18.095s] -- Installing: /workspace/jazzy_ws/install/include/std_msgs/std_msgs/msg/detail/int64_multi_array__builder.hpp
[18.095s] -- Installing: /workspace/jazzy_ws/install/include/std_msgs/std_msgs/msg/detail/u_int64__traits.hpp
[18.095s] -- Installing: /workspace/jazzy_ws/install/include/std_msgs/std_msgs/msg/detail/string__struct.hpp
[18.095s] -- Installing: /workspace/jazzy_ws/install/include/std_msgs/std_msgs/msg/detail/int32_multi_array__traits.hpp
[18.095s] -- Installing: /workspace/jazzy_ws/install/include/std_msgs/std_msgs/msg/detail/int32_multi_array__type_support.hpp
[18.095s] -- Installing: /workspace/jazzy_ws/install/include/std_msgs/std_msgs/msg/detail/byte__type_support.hpp
[18.095s] -- Installing: /workspace/jazzy_ws/install/include/std_msgs/std_msgs/msg/detail/multi_array_layout__builder.hpp
[18.095s] -- Installing: /workspace/jazzy_ws/install/include/std_msgs/std_msgs/msg/detail/u_int64__type_support.hpp
[18.096s] -- Installing: /workspace/jazzy_ws/install/include/std_msgs/std_msgs/msg/detail/float64__struct.hpp
[18.096s] -- Installing: /workspace/jazzy_ws/install/include/std_msgs/std_msgs/msg/detail/bool__builder.hpp
[18.096s] -- Installing: /workspace/jazzy_ws/install/include/std_msgs/std_msgs/msg/detail/float64_multi_array__traits.hpp
[18.096s] -- Installing: /workspace/jazzy_ws/install/include/std_msgs/std_msgs/msg/detail/char__traits.hpp
[18.096s] -- Installing: /workspace/jazzy_ws/install/include/std_msgs/std_msgs/msg/detail/u_int32__traits.hpp
[18.096s] -- Installing: /workspace/jazzy_ws/install/include/std_msgs/std_msgs/msg/detail/header__builder.hpp
[18.096s] -- Installing: /workspace/jazzy_ws/install/include/std_msgs/std_msgs/msg/detail/u_int64__struct.hpp
[18.096s] -- Installing: /workspace/jazzy_ws/install/include/std_msgs/std_msgs/msg/detail/float64_multi_array__type_support.hpp
[18.096s] -- Installing: /workspace/jazzy_ws/install/include/std_msgs/std_msgs/msg/detail/float64__traits.hpp
[18.096s] -- Installing: /workspace/jazzy_ws/install/include/std_msgs/std_msgs/msg/detail/header__traits.hpp
[18.097s] -- Installing: /workspace/jazzy_ws/install/include/std_msgs/std_msgs/msg/detail/float32__struct.hpp
[18.097s] -- Installing: /workspace/jazzy_ws/install/include/std_msgs/std_msgs/msg/detail/u_int8__struct.hpp
[18.097s] -- Installing: /workspace/jazzy_ws/install/include/std_msgs/std_msgs/msg/detail/int16__struct.hpp
[18.097s] -- Installing: /workspace/jazzy_ws/install/include/std_msgs/std_msgs/msg/detail/u_int32__struct.hpp
[18.097s] -- Installing: /workspace/jazzy_ws/install/include/std_msgs/std_msgs/msg/detail/byte__builder.hpp
[18.097s] -- Installing: /workspace/jazzy_ws/install/include/std_msgs/std_msgs/msg/detail/u_int64_multi_array__traits.hpp
[18.097s] -- Installing: /workspace/jazzy_ws/install/include/std_msgs/std_msgs/msg/detail/char__builder.hpp
[18.097s] -- Installing: /workspace/jazzy_ws/install/include/std_msgs/std_msgs/msg/detail/float32_multi_array__struct.hpp
[18.098s] -- Installing: /workspace/jazzy_ws/install/include/std_msgs/std_msgs/msg/detail/int8__struct.hpp
[18.098s] -- Installing: /workspace/jazzy_ws/install/include/std_msgs/std_msgs/msg/detail/char__type_support.hpp
[18.098s] -- Installing: /workspace/jazzy_ws/install/include/std_msgs/std_msgs/msg/detail/int16__builder.hpp
[18.098s] -- Installing: /workspace/jazzy_ws/install/include/std_msgs/std_msgs/msg/detail/int32__traits.hpp
[18.098s] -- Installing: /workspace/jazzy_ws/install/include/std_msgs/std_msgs/msg/detail/int16__type_support.hpp
[18.098s] -- Installing: /workspace/jazzy_ws/install/include/std_msgs/std_msgs/msg/detail/u_int8__type_support.hpp
[18.098s] -- Installing: /workspace/jazzy_ws/install/include/std_msgs/std_msgs/msg/detail/u_int16_multi_array__builder.hpp
[18.098s] -- Installing: /workspace/jazzy_ws/install/include/std_msgs/std_msgs/msg/detail/float64__type_support.hpp
[18.098s] -- Installing: /workspace/jazzy_ws/install/include/std_msgs/std_msgs/msg/detail/int8__type_support.hpp
[18.098s] -- Installing: /workspace/jazzy_ws/install/include/std_msgs/std_msgs/msg/detail/multi_array_layout__traits.hpp
[18.098s] -- Installing: /workspace/jazzy_ws/install/include/std_msgs/std_msgs/msg/detail/float32__builder.hpp
[18.099s] -- Installing: /workspace/jazzy_ws/install/include/std_msgs/std_msgs/msg/detail/header__struct.hpp
[18.099s] -- Installing: /workspace/jazzy_ws/install/include/std_msgs/std_msgs/msg/detail/color_rgba__traits.hpp
[18.099s] -- Installing: /workspace/jazzy_ws/install/include/std_msgs/std_msgs/msg/detail/int32__type_support.hpp
[18.099s] -- Installing: /workspace/jazzy_ws/install/include/std_msgs/std_msgs/msg/detail/u_int8_multi_array__traits.hpp
[18.099s] -- Installing: /workspace/jazzy_ws/install/include/std_msgs/std_msgs/msg/detail/byte__traits.hpp
[18.099s] -- Installing: /workspace/jazzy_ws/install/include/std_msgs/std_msgs/msg/detail/string__traits.hpp
[18.099s] -- Installing: /workspace/jazzy_ws/install/include/std_msgs/std_msgs/msg/detail/u_int32_multi_array__traits.hpp
[18.099s] -- Installing: /workspace/jazzy_ws/install/include/std_msgs/std_msgs/msg/detail/int32_multi_array__struct.hpp
[18.099s] -- Installing: /workspace/jazzy_ws/install/include/std_msgs/std_msgs/msg/detail/byte__struct.hpp
[18.099s] -- Installing: /workspace/jazzy_ws/install/include/std_msgs/std_msgs/msg/detail/color_rgba__struct.hpp
[18.100s] -- Installing: /workspace/jazzy_ws/install/include/std_msgs/std_msgs/msg/detail/u_int32_multi_array__type_support.hpp
[18.100s] -- Installing: /workspace/jazzy_ws/install/include/std_msgs/std_msgs/msg/detail/float32_multi_array__traits.hpp
[18.100s] -- Installing: /workspace/jazzy_ws/install/include/std_msgs/std_msgs/msg/detail/u_int64_multi_array__type_support.hpp
[18.100s] -- Installing: /workspace/jazzy_ws/install/include/std_msgs/std_msgs/msg/detail/byte_multi_array__type_support.hpp
[18.100s] -- Installing: /workspace/jazzy_ws/install/include/std_msgs/std_msgs/msg/detail/multi_array_dimension__type_support.hpp
[18.100s] -- Installing: /workspace/jazzy_ws/install/include/std_msgs/std_msgs/msg/detail/multi_array_dimension__struct.hpp
[18.100s] -- Installing: /workspace/jazzy_ws/install/include/std_msgs/std_msgs/msg/detail/int8_multi_array__builder.hpp
[18.100s] -- Installing: /workspace/jazzy_ws/install/include/std_msgs/std_msgs/msg/detail/u_int16__type_support.hpp
[18.100s] -- Installing: /workspace/jazzy_ws/install/include/std_msgs/std_msgs/msg/detail/u_int8_multi_array__type_support.hpp
[18.100s] -- Installing: /workspace/jazzy_ws/install/include/std_msgs/std_msgs/msg/detail/string__builder.hpp
[18.101s] -- Installing: /workspace/jazzy_ws/install/include/std_msgs/std_msgs/msg/detail/int8_multi_array__type_support.hpp
[18.101s] -- Installing: /workspace/jazzy_ws/install/include/std_msgs/std_msgs/msg/detail/float32__type_support.hpp
[18.101s] -- Installing: /workspace/jazzy_ws/install/include/std_msgs/std_msgs/msg/detail/empty__type_support.hpp
[18.101s] -- Installing: /workspace/jazzy_ws/install/include/std_msgs/std_msgs/msg/detail/u_int32_multi_array__struct.hpp
[18.101s] -- Installing: /workspace/jazzy_ws/install/include/std_msgs/std_msgs/msg/detail/color_rgba__type_support.hpp
[18.101s] -- Installing: /workspace/jazzy_ws/install/include/std_msgs/std_msgs/msg/detail/int64__struct.hpp
[18.101s] -- Installing: /workspace/jazzy_ws/install/include/std_msgs/std_msgs/msg/detail/int32__struct.hpp
[18.101s] -- Installing: /workspace/jazzy_ws/install/include/std_msgs/std_msgs/msg/detail/int64_multi_array__type_support.hpp
[18.101s] -- Installing: /workspace/jazzy_ws/install/include/std_msgs/std_msgs/msg/detail/int32_multi_array__builder.hpp
[18.102s] -- Installing: /workspace/jazzy_ws/install/include/std_msgs/std_msgs/msg/detail/int16_multi_array__type_support.hpp
[18.102s] -- Installing: /workspace/jazzy_ws/install/include/std_msgs/std_msgs/msg/detail/float64_multi_array__builder.hpp
[18.102s] -- Installing: /workspace/jazzy_ws/install/include/std_msgs/std_msgs/msg/detail/u_int64_multi_array__builder.hpp
[18.102s] -- Installing: /workspace/jazzy_ws/install/include/std_msgs/std_msgs/msg/detail/u_int64__builder.hpp
[18.102s] -- Installing: /workspace/jazzy_ws/install/include/std_msgs/std_msgs/msg/detail/int8_multi_array__traits.hpp
[18.102s] -- Installing: /workspace/jazzy_ws/install/include/std_msgs/std_msgs/msg/detail/int16_multi_array__struct.hpp
[18.102s] -- Installing: /workspace/jazzy_ws/install/include/std_msgs/std_msgs/msg/detail/byte_multi_array__traits.hpp
[18.102s] -- Installing: /workspace/jazzy_ws/install/include/std_msgs/std_msgs/msg/detail/u_int16_multi_array__struct.hpp
[18.102s] -- Installing: /workspace/jazzy_ws/install/include/std_msgs/std_msgs/msg/detail/u_int64_multi_array__struct.hpp
[18.103s] -- Installing: /workspace/jazzy_ws/install/include/std_msgs/std_msgs/msg/detail/float32__traits.hpp
[18.103s] -- Installing: /workspace/jazzy_ws/install/include/std_msgs/std_msgs/msg/detail/byte_multi_array__builder.hpp
[18.103s] -- Installing: /workspace/jazzy_ws/install/include/std_msgs/std_msgs/msg/detail/float32_multi_array__type_support.hpp
[18.103s] -- Installing: /workspace/jazzy_ws/install/include/std_msgs/std_msgs/msg/detail/int32__builder.hpp
[18.103s] -- Installing: /workspace/jazzy_ws/install/include/std_msgs/std_msgs/msg/detail/u_int16__struct.hpp
[18.103s] -- Installing: /workspace/jazzy_ws/install/include/std_msgs/std_msgs/msg/detail/multi_array_layout__type_support.hpp
[18.103s] -- Installing: /workspace/jazzy_ws/install/include/std_msgs/std_msgs/msg/detail/bool__struct.hpp
[18.103s] -- Installing: /workspace/jazzy_ws/install/include/std_msgs/std_msgs/msg/float32_multi_array.hpp
[18.103s] -- Installing: /workspace/jazzy_ws/install/include/std_msgs/std_msgs/msg/u_int64_multi_array.hpp
[18.103s] -- Installing: /workspace/jazzy_ws/install/include/std_msgs/std_msgs/msg/int64_multi_array.hpp
[18.103s] -- Installing: /workspace/jazzy_ws/install/include/std_msgs/std_msgs/msg/u_int32.hpp
[18.104s] -- Installing: /workspace/jazzy_ws/install/include/std_msgs/std_msgs/msg/int16.hpp
[18.104s] -- Installing: /workspace/jazzy_ws/install/include/std_msgs/std_msgs/msg/u_int32_multi_array.hpp
[18.104s] -- Installing: /workspace/jazzy_ws/install/include/std_msgs/std_msgs/msg/multi_array_dimension.hpp
[18.104s] -- Installing: /workspace/jazzy_ws/install/include/std_msgs/std_msgs/msg/byte.hpp
[18.104s] -- Installing: /workspace/jazzy_ws/install/include/std_msgs/std_msgs/msg/rosidl_generator_cpp__visibility_control.hpp
[18.104s] -- Installing: /workspace/jazzy_ws/install/include/std_msgs/std_msgs/msg/u_int8_multi_array.hpp
[18.104s] -- Installing: /workspace/jazzy_ws/install/include/std_msgs/std_msgs/msg/byte_multi_array.hpp
[18.104s] -- Installing: /workspace/jazzy_ws/install/include/std_msgs/std_msgs/msg/int16_multi_array.hpp
[18.104s] -- Installing: /workspace/jazzy_ws/install/include/std_msgs/std_msgs/msg/u_int16_multi_array.hpp
[18.104s] -- Installing: /workspace/jazzy_ws/install/include/std_msgs/std_msgs/msg/u_int16.hpp
[18.104s] -- Installing: /workspace/jazzy_ws/install/include/std_msgs/std_msgs/msg/multi_array_layout.hpp
[18.104s] -- Installing: /workspace/jazzy_ws/install/include/std_msgs/std_msgs/msg/bool.hpp
[18.104s] -- Installing: /workspace/jazzy_ws/install/include/std_msgs/std_msgs/msg/int64.hpp
[18.104s] -- Installing: /workspace/jazzy_ws/install/include/std_msgs/std_msgs/msg/color_rgba.hpp
[18.105s] -- Installing: /workspace/jazzy_ws/install/include/std_msgs/std_msgs/msg/int32.hpp
[18.105s] -- Installing: /workspace/jazzy_ws/install/include/std_msgs/std_msgs/msg/u_int8.hpp
[18.105s] -- Installing: /workspace/jazzy_ws/install/include/std_msgs/std_msgs/msg/float64.hpp
[18.105s] -- Installing: /workspace/jazzy_ws/install/include/std_msgs/std_msgs/msg/float32.hpp
[18.105s] -- Installing: /workspace/jazzy_ws/install/include/std_msgs/std_msgs/msg/string.hpp
[18.105s] -- Installing: /workspace/jazzy_ws/install/include/std_msgs/std_msgs/msg/u_int64.hpp
[18.105s] -- Installing: /workspace/jazzy_ws/install/include/std_msgs/std_msgs/msg/header.hpp
[18.105s] -- Installing: /workspace/jazzy_ws/install/include/std_msgs/std_msgs/msg/empty.hpp
[18.105s] -- Installing: /workspace/jazzy_ws/install/include/std_msgs/std_msgs/msg/int32_multi_array.hpp
[18.105s] -- Installing: /workspace/jazzy_ws/install/include/std_msgs/std_msgs/msg/char.hpp
[18.105s] -- Installing: /workspace/jazzy_ws/install/include/std_msgs/std_msgs/msg/float64_multi_array.hpp
[18.105s] -- Installing: /workspace/jazzy_ws/install/include/std_msgs/std_msgs/msg/int8.hpp
[18.105s] -- Installing: /workspace/jazzy_ws/install/include/std_msgs/std_msgs/msg/int8_multi_array.hpp
[18.105s] -- Up-to-date: /workspace/jazzy_ws/install/include/std_msgs/std_msgs
[18.106s] -- Up-to-date: /workspace/jazzy_ws/install/include/std_msgs/std_msgs/msg
[18.106s] -- Up-to-date: /workspace/jazzy_ws/install/include/std_msgs/std_msgs/msg/detail
[18.106s] -- Installing: /workspace/jazzy_ws/install/include/std_msgs/std_msgs/msg/detail/u_int32__rosidl_typesupport_fastrtps_cpp.hpp
[18.106s] -- Installing: /workspace/jazzy_ws/install/include/std_msgs/std_msgs/msg/detail/int8_multi_array__rosidl_typesupport_fastrtps_cpp.hpp
[18.106s] -- Installing: /workspace/jazzy_ws/install/include/std_msgs/std_msgs/msg/detail/int16_multi_array__rosidl_typesupport_fastrtps_cpp.hpp
[18.106s] -- Installing: /workspace/jazzy_ws/install/include/std_msgs/std_msgs/msg/detail/float64__rosidl_typesupport_fastrtps_cpp.hpp
[18.106s] -- Installing: /workspace/jazzy_ws/install/include/std_msgs/std_msgs/msg/detail/bool__rosidl_typesupport_fastrtps_cpp.hpp
[18.106s] -- Installing: /workspace/jazzy_ws/install/include/std_msgs/std_msgs/msg/detail/u_int32_multi_array__rosidl_typesupport_fastrtps_cpp.hpp
[18.106s] -- Installing: /workspace/jazzy_ws/install/include/std_msgs/std_msgs/msg/detail/int8__rosidl_typesupport_fastrtps_cpp.hpp
[18.106s] -- Installing: /workspace/jazzy_ws/install/include/std_msgs/std_msgs/msg/detail/u_int64__rosidl_typesupport_fastrtps_cpp.hpp
[18.106s] -- Installing: /workspace/jazzy_ws/install/include/std_msgs/std_msgs/msg/detail/u_int8_multi_array__rosidl_typesupport_fastrtps_cpp.hpp
[18.106s] -- Installing: /workspace/jazzy_ws/install/include/std_msgs/std_msgs/msg/detail/int32_multi_array__rosidl_typesupport_fastrtps_cpp.hpp
[18.106s] -- Installing: /workspace/jazzy_ws/install/include/std_msgs/std_msgs/msg/detail/multi_array_layout__rosidl_typesupport_fastrtps_cpp.hpp
[18.106s] -- Installing: /workspace/jazzy_ws/install/include/std_msgs/std_msgs/msg/detail/empty__rosidl_typesupport_fastrtps_cpp.hpp
[18.106s] -- Installing: /workspace/jazzy_ws/install/include/std_msgs/std_msgs/msg/detail/int64__rosidl_typesupport_fastrtps_cpp.hpp
[18.106s] -- Installing: /workspace/jazzy_ws/install/include/std_msgs/std_msgs/msg/detail/float32__rosidl_typesupport_fastrtps_cpp.hpp
[18.107s] -- Installing: /workspace/jazzy_ws/install/include/std_msgs/std_msgs/msg/detail/int16__rosidl_typesupport_fastrtps_cpp.hpp
[18.107s] -- Installing: /workspace/jazzy_ws/install/include/std_msgs/std_msgs/msg/detail/byte_multi_array__rosidl_typesupport_fastrtps_cpp.hpp
[18.107s] -- Installing: /workspace/jazzy_ws/install/include/std_msgs/std_msgs/msg/detail/int32__rosidl_typesupport_fastrtps_cpp.hpp
[18.107s] -- Installing: /workspace/jazzy_ws/install/include/std_msgs/std_msgs/msg/detail/int64_multi_array__rosidl_typesupport_fastrtps_cpp.hpp
[18.107s] -- Installing: /workspace/jazzy_ws/install/include/std_msgs/std_msgs/msg/detail/dds_fastrtps
[18.107s] -- Installing: /workspace/jazzy_ws/install/include/std_msgs/std_msgs/msg/detail/char__rosidl_typesupport_fastrtps_cpp.hpp
[18.107s] -- Installing: /workspace/jazzy_ws/install/include/std_msgs/std_msgs/msg/detail/multi_array_dimension__rosidl_typesupport_fastrtps_cpp.hpp
[18.107s] -- Installing: /workspace/jazzy_ws/install/include/std_msgs/std_msgs/msg/detail/color_rgba__rosidl_typesupport_fastrtps_cpp.hpp
[18.107s] -- Installing: /workspace/jazzy_ws/install/include/std_msgs/std_msgs/msg/detail/u_int8__rosidl_typesupport_fastrtps_cpp.hpp
[18.107s] -- Installing: /workspace/jazzy_ws/install/include/std_msgs/std_msgs/msg/detail/string__rosidl_typesupport_fastrtps_cpp.hpp
[18.107s] -- Installing: /workspace/jazzy_ws/install/include/std_msgs/std_msgs/msg/detail/float64_multi_array__rosidl_typesupport_fastrtps_cpp.hpp
[18.107s] -- Installing: /workspace/jazzy_ws/install/include/std_msgs/std_msgs/msg/detail/u_int16_multi_array__rosidl_typesupport_fastrtps_cpp.hpp
[18.108s] -- Installing: /workspace/jazzy_ws/install/include/std_msgs/std_msgs/msg/detail/float32_multi_array__rosidl_typesupport_fastrtps_cpp.hpp
[18.108s] -- Installing: /workspace/jazzy_ws/install/include/std_msgs/std_msgs/msg/detail/header__rosidl_typesupport_fastrtps_cpp.hpp
[18.108s] -- Installing: /workspace/jazzy_ws/install/include/std_msgs/std_msgs/msg/detail/byte__rosidl_typesupport_fastrtps_cpp.hpp
[18.108s] -- Installing: /workspace/jazzy_ws/install/include/std_msgs/std_msgs/msg/detail/u_int64_multi_array__rosidl_typesupport_fastrtps_cpp.hpp
[18.108s] -- Installing: /workspace/jazzy_ws/install/include/std_msgs/std_msgs/msg/detail/u_int16__rosidl_typesupport_fastrtps_cpp.hpp
[18.108s] -- Installing: /workspace/jazzy_ws/install/include/std_msgs/std_msgs/msg/rosidl_typesupport_fastrtps_cpp__visibility_control.h
[18.108s] -- Installing: /workspace/jazzy_ws/install/lib/libstd_msgs__rosidl_typesupport_fastrtps_cpp.so
[18.109s] -- Set non-toolchain portion of runtime path of "/workspace/jazzy_ws/install/lib/libstd_msgs__rosidl_typesupport_fastrtps_cpp.so" to ""
[18.109s] -- Up-to-date: /workspace/jazzy_ws/install/include/std_msgs/std_msgs
[18.109s] -- Up-to-date: /workspace/jazzy_ws/install/include/std_msgs/std_msgs/msg
[18.109s] -- Up-to-date: /workspace/jazzy_ws/install/include/std_msgs/std_msgs/msg/detail
[18.109s] -- Installing: /workspace/jazzy_ws/install/include/std_msgs/std_msgs/msg/detail/int64_multi_array__type_support.c
[18.109s] -- Installing: /workspace/jazzy_ws/install/include/std_msgs/std_msgs/msg/detail/int8_multi_array__type_support.c
[18.109s] -- Installing: /workspace/jazzy_ws/install/include/std_msgs/std_msgs/msg/detail/u_int64_multi_array__type_support.c
[18.109s] -- Installing: /workspace/jazzy_ws/install/include/std_msgs/std_msgs/msg/detail/u_int32_multi_array__type_support.c
[18.109s] -- Installing: /workspace/jazzy_ws/install/include/std_msgs/std_msgs/msg/detail/u_int32_multi_array__rosidl_typesupport_introspection_c.h
[18.109s] -- Installing: /workspace/jazzy_ws/install/include/std_msgs/std_msgs/msg/detail/int16__type_support.c
[18.109s] -- Installing: /workspace/jazzy_ws/install/include/std_msgs/std_msgs/msg/detail/byte_multi_array__rosidl_typesupport_introspection_c.h
[18.109s] -- Installing: /workspace/jazzy_ws/install/include/std_msgs/std_msgs/msg/detail/bool__type_support.c
[18.109s] -- Installing: /workspace/jazzy_ws/install/include/std_msgs/std_msgs/msg/detail/color_rgba__type_support.c
[18.109s] -- Installing: /workspace/jazzy_ws/install/include/std_msgs/std_msgs/msg/detail/u_int64__rosidl_typesupport_introspection_c.h
[18.109s] -- Installing: /workspace/jazzy_ws/install/include/std_msgs/std_msgs/msg/detail/multi_array_dimension__type_support.c
[18.110s] -- Installing: /workspace/jazzy_ws/install/include/std_msgs/std_msgs/msg/detail/u_int8__type_support.c
[18.110s] -- Installing: /workspace/jazzy_ws/install/include/std_msgs/std_msgs/msg/detail/byte__type_support.c
[18.110s] -- Installing: /workspace/jazzy_ws/install/include/std_msgs/std_msgs/msg/detail/header__type_support.c
[18.110s] -- Installing: /workspace/jazzy_ws/install/include/std_msgs/std_msgs/msg/detail/u_int16_multi_array__rosidl_typesupport_introspection_c.h
[18.110s] -- Installing: /workspace/jazzy_ws/install/include/std_msgs/std_msgs/msg/detail/int64__rosidl_typesupport_introspection_c.h
[18.110s] -- Installing: /workspace/jazzy_ws/install/include/std_msgs/std_msgs/msg/detail/u_int16_multi_array__type_support.c
[18.110s] -- Installing: /workspace/jazzy_ws/install/include/std_msgs/std_msgs/msg/detail/color_rgba__rosidl_typesupport_introspection_c.h
[18.110s] -- Installing: /workspace/jazzy_ws/install/include/std_msgs/std_msgs/msg/detail/int8__type_support.c
[18.110s] -- Installing: /workspace/jazzy_ws/install/include/std_msgs/std_msgs/msg/detail/float32_multi_array__rosidl_typesupport_introspection_c.h
[18.110s] -- Installing: /workspace/jazzy_ws/install/include/std_msgs/std_msgs/msg/detail/int32__rosidl_typesupport_introspection_c.h
[18.110s] -- Installing: /workspace/jazzy_ws/install/include/std_msgs/std_msgs/msg/detail/header__rosidl_typesupport_introspection_c.h
[18.110s] -- Installing: /workspace/jazzy_ws/install/include/std_msgs/std_msgs/msg/detail/bool__rosidl_typesupport_introspection_c.h
[18.110s] -- Installing: /workspace/jazzy_ws/install/include/std_msgs/std_msgs/msg/detail/byte_multi_array__type_support.c
[18.111s] -- Installing: /workspace/jazzy_ws/install/include/std_msgs/std_msgs/msg/detail/multi_array_dimension__rosidl_typesupport_introspection_c.h
[18.111s] -- Installing: /workspace/jazzy_ws/install/include/std_msgs/std_msgs/msg/detail/u_int8_multi_array__type_support.c
[18.111s] -- Installing: /workspace/jazzy_ws/install/include/std_msgs/std_msgs/msg/detail/u_int16__type_support.c
[18.111s] -- Installing: /workspace/jazzy_ws/install/include/std_msgs/std_msgs/msg/detail/u_int32__rosidl_typesupport_introspection_c.h
[18.111s] -- Installing: /workspace/jazzy_ws/install/include/std_msgs/std_msgs/msg/detail/float32__type_support.c
[18.111s] -- Installing: /workspace/jazzy_ws/install/include/std_msgs/std_msgs/msg/detail/char__type_support.c
[18.111s] -- Installing: /workspace/jazzy_ws/install/include/std_msgs/std_msgs/msg/detail/multi_array_layout__rosidl_typesupport_introspection_c.h
[18.111s] -- Installing: /workspace/jazzy_ws/install/include/std_msgs/std_msgs/msg/detail/u_int16__rosidl_typesupport_introspection_c.h
[18.111s] -- Installing: /workspace/jazzy_ws/install/include/std_msgs/std_msgs/msg/detail/char__rosidl_typesupport_introspection_c.h
[18.111s] -- Installing: /workspace/jazzy_ws/install/include/std_msgs/std_msgs/msg/detail/int8_multi_array__rosidl_typesupport_introspection_c.h
[18.111s] -- Installing: /workspace/jazzy_ws/install/include/std_msgs/std_msgs/msg/detail/empty__rosidl_typesupport_introspection_c.h
[18.111s] -- Installing: /workspace/jazzy_ws/install/include/std_msgs/std_msgs/msg/detail/u_int32__type_support.c
[18.112s] -- Installing: /workspace/jazzy_ws/install/include/std_msgs/std_msgs/msg/detail/string__type_support.c
[18.112s] -- Installing: /workspace/jazzy_ws/install/include/std_msgs/std_msgs/msg/detail/int32__type_support.c
[18.112s] -- Installing: /workspace/jazzy_ws/install/include/std_msgs/std_msgs/msg/detail/float64_multi_array__type_support.c
[18.112s] -- Installing: /workspace/jazzy_ws/install/include/std_msgs/std_msgs/msg/detail/int16_multi_array__rosidl_typesupport_introspection_c.h
[18.112s] -- Installing: /workspace/jazzy_ws/install/include/std_msgs/std_msgs/msg/detail/u_int64__type_support.c
[18.112s] -- Installing: /workspace/jazzy_ws/install/include/std_msgs/std_msgs/msg/detail/int32_multi_array__type_support.c
[18.112s] -- Installing: /workspace/jazzy_ws/install/include/std_msgs/std_msgs/msg/detail/empty__type_support.c
[18.112s] -- Installing: /workspace/jazzy_ws/install/include/std_msgs/std_msgs/msg/detail/int64_multi_array__rosidl_typesupport_introspection_c.h
[18.112s] -- Installing: /workspace/jazzy_ws/install/include/std_msgs/std_msgs/msg/detail/int16__rosidl_typesupport_introspection_c.h
[18.112s] -- Installing: /workspace/jazzy_ws/install/include/std_msgs/std_msgs/msg/detail/float64_multi_array__rosidl_typesupport_introspection_c.h
[18.112s] -- Installing: /workspace/jazzy_ws/install/include/std_msgs/std_msgs/msg/detail/int32_multi_array__rosidl_typesupport_introspection_c.h
[18.112s] -- Installing: /workspace/jazzy_ws/install/include/std_msgs/std_msgs/msg/detail/int64__type_support.c
[18.112s] -- Installing: /workspace/jazzy_ws/install/include/std_msgs/std_msgs/msg/detail/u_int64_multi_array__rosidl_typesupport_introspection_c.h
[18.112s] -- Installing: /workspace/jazzy_ws/install/include/std_msgs/std_msgs/msg/detail/float32__rosidl_typesupport_introspection_c.h
[18.112s] -- Installing: /workspace/jazzy_ws/install/include/std_msgs/std_msgs/msg/detail/float64__rosidl_typesupport_introspection_c.h
[18.113s] -- Installing: /workspace/jazzy_ws/install/include/std_msgs/std_msgs/msg/detail/byte__rosidl_typesupport_introspection_c.h
[18.113s] -- Installing: /workspace/jazzy_ws/install/include/std_msgs/std_msgs/msg/detail/int16_multi_array__type_support.c
[18.113s] -- Installing: /workspace/jazzy_ws/install/include/std_msgs/std_msgs/msg/detail/u_int8__rosidl_typesupport_introspection_c.h
[18.113s] -- Installing: /workspace/jazzy_ws/install/include/std_msgs/std_msgs/msg/detail/int8__rosidl_typesupport_introspection_c.h
[18.113s] -- Installing: /workspace/jazzy_ws/install/include/std_msgs/std_msgs/msg/detail/float64__type_support.c
[18.113s] -- Installing: /workspace/jazzy_ws/install/include/std_msgs/std_msgs/msg/detail/float32_multi_array__type_support.c
[18.113s] -- Installing: /workspace/jazzy_ws/install/include/std_msgs/std_msgs/msg/detail/string__rosidl_typesupport_introspection_c.h
[18.113s] -- Installing: /workspace/jazzy_ws/install/include/std_msgs/std_msgs/msg/detail/multi_array_layout__type_support.c
[18.113s] -- Installing: /workspace/jazzy_ws/install/include/std_msgs/std_msgs/msg/detail/u_int8_multi_array__rosidl_typesupport_introspection_c.h
[18.113s] -- Installing: /workspace/jazzy_ws/install/include/std_msgs/std_msgs/msg/rosidl_typesupport_introspection_c__visibility_control.h
[18.113s] -- Installing: /workspace/jazzy_ws/install/lib/libstd_msgs__rosidl_typesupport_introspection_c.so
[18.114s] -- Set non-toolchain portion of runtime path of "/workspace/jazzy_ws/install/lib/libstd_msgs__rosidl_typesupport_introspection_c.so" to ""
[18.114s] -- Installing: /workspace/jazzy_ws/install/lib/libstd_msgs__rosidl_typesupport_c.so
[18.114s] -- Set non-toolchain portion of runtime path of "/workspace/jazzy_ws/install/lib/libstd_msgs__rosidl_typesupport_c.so" to ""
[18.114s] -- Up-to-date: /workspace/jazzy_ws/install/include/std_msgs/std_msgs
[18.114s] -- Up-to-date: /workspace/jazzy_ws/install/include/std_msgs/std_msgs/msg
[18.114s] -- Up-to-date: /workspace/jazzy_ws/install/include/std_msgs/std_msgs/msg/detail
[18.114s] -- Installing: /workspace/jazzy_ws/install/include/std_msgs/std_msgs/msg/detail/float32__type_support.cpp
[18.114s] -- Installing: /workspace/jazzy_ws/install/include/std_msgs/std_msgs/msg/detail/string__type_support.cpp
[18.115s] -- Installing: /workspace/jazzy_ws/install/include/std_msgs/std_msgs/msg/detail/header__rosidl_typesupport_introspection_cpp.hpp
[18.115s] -- Installing: /workspace/jazzy_ws/install/include/std_msgs/std_msgs/msg/detail/int8__type_support.cpp
[18.115s] -- Installing: /workspace/jazzy_ws/install/include/std_msgs/std_msgs/msg/detail/multi_array_dimension__type_support.cpp
[18.115s] -- Installing: /workspace/jazzy_ws/install/include/std_msgs/std_msgs/msg/detail/u_int16__rosidl_typesupport_introspection_cpp.hpp
[18.115s] -- Installing: /workspace/jazzy_ws/install/include/std_msgs/std_msgs/msg/detail/u_int64_multi_array__rosidl_typesupport_introspection_cpp.hpp
[18.115s] -- Installing: /workspace/jazzy_ws/install/include/std_msgs/std_msgs/msg/detail/u_int8_multi_array__type_support.cpp
[18.115s] -- Installing: /workspace/jazzy_ws/install/include/std_msgs/std_msgs/msg/detail/u_int16__type_support.cpp
[18.115s] -- Installing: /workspace/jazzy_ws/install/include/std_msgs/std_msgs/msg/detail/int64_multi_array__type_support.cpp
[18.115s] -- Installing: /workspace/jazzy_ws/install/include/std_msgs/std_msgs/msg/detail/u_int32__rosidl_typesupport_introspection_cpp.hpp
[18.115s] -- Installing: /workspace/jazzy_ws/install/include/std_msgs/std_msgs/msg/detail/float64_multi_array__rosidl_typesupport_introspection_cpp.hpp
[18.115s] -- Installing: /workspace/jazzy_ws/install/include/std_msgs/std_msgs/msg/detail/int8_multi_array__rosidl_typesupport_introspection_cpp.hpp
[18.115s] -- Installing: /workspace/jazzy_ws/install/include/std_msgs/std_msgs/msg/detail/int32__type_support.cpp
[18.115s] -- Installing: /workspace/jazzy_ws/install/include/std_msgs/std_msgs/msg/detail/int64__rosidl_typesupport_introspection_cpp.hpp
[18.115s] -- Installing: /workspace/jazzy_ws/install/include/std_msgs/std_msgs/msg/detail/header__type_support.cpp
[18.115s] -- Installing: /workspace/jazzy_ws/install/include/std_msgs/std_msgs/msg/detail/int16_multi_array__rosidl_typesupport_introspection_cpp.hpp
[18.115s] -- Installing: /workspace/jazzy_ws/install/include/std_msgs/std_msgs/msg/detail/u_int64__type_support.cpp
[18.115s] -- Installing: /workspace/jazzy_ws/install/include/std_msgs/std_msgs/msg/detail/u_int32__type_support.cpp
[18.116s] -- Installing: /workspace/jazzy_ws/install/include/std_msgs/std_msgs/msg/detail/byte__type_support.cpp
[18.116s] -- Installing: /workspace/jazzy_ws/install/include/std_msgs/std_msgs/msg/detail/float64__rosidl_typesupport_introspection_cpp.hpp
[18.116s] -- Installing: /workspace/jazzy_ws/install/include/std_msgs/std_msgs/msg/detail/u_int16_multi_array__rosidl_typesupport_introspection_cpp.hpp
[18.116s] -- Installing: /workspace/jazzy_ws/install/include/std_msgs/std_msgs/msg/detail/float32_multi_array__rosidl_typesupport_introspection_cpp.hpp
[18.116s] -- Installing: /workspace/jazzy_ws/install/include/std_msgs/std_msgs/msg/detail/u_int64__rosidl_typesupport_introspection_cpp.hpp
[18.116s] -- Installing: /workspace/jazzy_ws/install/include/std_msgs/std_msgs/msg/detail/u_int8__rosidl_typesupport_introspection_cpp.hpp
[18.116s] -- Installing: /workspace/jazzy_ws/install/include/std_msgs/std_msgs/msg/detail/int32_multi_array__type_support.cpp
[18.116s] -- Installing: /workspace/jazzy_ws/install/include/std_msgs/std_msgs/msg/detail/byte_multi_array__type_support.cpp
[18.116s] -- Installing: /workspace/jazzy_ws/install/include/std_msgs/std_msgs/msg/detail/empty__rosidl_typesupport_introspection_cpp.hpp
[18.116s] -- Installing: /workspace/jazzy_ws/install/include/std_msgs/std_msgs/msg/detail/int16__rosidl_typesupport_introspection_cpp.hpp
[18.116s] -- Installing: /workspace/jazzy_ws/install/include/std_msgs/std_msgs/msg/detail/byte__rosidl_typesupport_introspection_cpp.hpp
[18.116s] -- Installing: /workspace/jazzy_ws/install/include/std_msgs/std_msgs/msg/detail/int32_multi_array__rosidl_typesupport_introspection_cpp.hpp
[18.116s] -- Installing: /workspace/jazzy_ws/install/include/std_msgs/std_msgs/msg/detail/byte_multi_array__rosidl_typesupport_introspection_cpp.hpp
[18.116s] -- Installing: /workspace/jazzy_ws/install/include/std_msgs/std_msgs/msg/detail/bool__type_support.cpp
[18.116s] -- Installing: /workspace/jazzy_ws/install/include/std_msgs/std_msgs/msg/detail/empty__type_support.cpp
[18.116s] -- Installing: /workspace/jazzy_ws/install/include/std_msgs/std_msgs/msg/detail/int64_multi_array__rosidl_typesupport_introspection_cpp.hpp
[18.117s] -- Installing: /workspace/jazzy_ws/install/include/std_msgs/std_msgs/msg/detail/float64__type_support.cpp
[18.117s] -- Installing: /workspace/jazzy_ws/install/include/std_msgs/std_msgs/msg/detail/int64__type_support.cpp
[18.117s] -- Installing: /workspace/jazzy_ws/install/include/std_msgs/std_msgs/msg/detail/string__rosidl_typesupport_introspection_cpp.hpp
[18.117s] -- Installing: /workspace/jazzy_ws/install/include/std_msgs/std_msgs/msg/detail/multi_array_dimension__rosidl_typesupport_introspection_cpp.hpp
[18.117s] -- Installing: /workspace/jazzy_ws/install/include/std_msgs/std_msgs/msg/detail/u_int32_multi_array__rosidl_typesupport_introspection_cpp.hpp
[18.117s] -- Installing: /workspace/jazzy_ws/install/include/std_msgs/std_msgs/msg/detail/u_int16_multi_array__type_support.cpp
[18.117s] -- Installing: /workspace/jazzy_ws/install/include/std_msgs/std_msgs/msg/detail/bool__rosidl_typesupport_introspection_cpp.hpp
[18.117s] -- Installing: /workspace/jazzy_ws/install/include/std_msgs/std_msgs/msg/detail/u_int8_multi_array__rosidl_typesupport_introspection_cpp.hpp
[18.117s] -- Installing: /workspace/jazzy_ws/install/include/std_msgs/std_msgs/msg/detail/int16_multi_array__type_support.cpp
[18.117s] -- Installing: /workspace/jazzy_ws/install/include/std_msgs/std_msgs/msg/detail/char__rosidl_typesupport_introspection_cpp.hpp
[18.117s] -- Installing: /workspace/jazzy_ws/install/include/std_msgs/std_msgs/msg/detail/int32__rosidl_typesupport_introspection_cpp.hpp
[18.117s] -- Installing: /workspace/jazzy_ws/install/include/std_msgs/std_msgs/msg/detail/color_rgba__rosidl_typesupport_introspection_cpp.hpp
[18.117s] -- Installing: /workspace/jazzy_ws/install/include/std_msgs/std_msgs/msg/detail/int16__type_support.cpp
[18.117s] -- Installing: /workspace/jazzy_ws/install/include/std_msgs/std_msgs/msg/detail/char__type_support.cpp
[18.117s] -- Installing: /workspace/jazzy_ws/install/include/std_msgs/std_msgs/msg/detail/float64_multi_array__type_support.cpp
[18.118s] -- Installing: /workspace/jazzy_ws/install/include/std_msgs/std_msgs/msg/detail/int8__rosidl_typesupport_introspection_cpp.hpp
[18.118s] -- Installing: /workspace/jazzy_ws/install/include/std_msgs/std_msgs/msg/detail/u_int8__type_support.cpp
[18.118s] -- Installing: /workspace/jazzy_ws/install/include/std_msgs/std_msgs/msg/detail/color_rgba__type_support.cpp
[18.118s] -- Installing: /workspace/jazzy_ws/install/include/std_msgs/std_msgs/msg/detail/multi_array_layout__type_support.cpp
[18.118s] -- Installing: /workspace/jazzy_ws/install/include/std_msgs/std_msgs/msg/detail/u_int64_multi_array__type_support.cpp
[18.118s] -- Installing: /workspace/jazzy_ws/install/include/std_msgs/std_msgs/msg/detail/u_int32_multi_array__type_support.cpp
[18.118s] -- Installing: /workspace/jazzy_ws/install/include/std_msgs/std_msgs/msg/detail/float32__rosidl_typesupport_introspection_cpp.hpp
[18.118s] -- Installing: /workspace/jazzy_ws/install/include/std_msgs/std_msgs/msg/detail/float32_multi_array__type_support.cpp
[18.118s] -- Installing: /workspace/jazzy_ws/install/include/std_msgs/std_msgs/msg/detail/multi_array_layout__rosidl_typesupport_introspection_cpp.hpp
[18.119s] -- Installing: /workspace/jazzy_ws/install/include/std_msgs/std_msgs/msg/detail/int8_multi_array__type_support.cpp
[18.119s] -- Installing: /workspace/jazzy_ws/install/lib/libstd_msgs__rosidl_typesupport_introspection_cpp.so
[18.119s] -- Set non-toolchain portion of runtime path of "/workspace/jazzy_ws/install/lib/libstd_msgs__rosidl_typesupport_introspection_cpp.so" to ""
[18.119s] -- Installing: /workspace/jazzy_ws/install/lib/libstd_msgs__rosidl_typesupport_cpp.so
[18.119s] -- Set non-toolchain portion of runtime path of "/workspace/jazzy_ws/install/lib/libstd_msgs__rosidl_typesupport_cpp.so" to ""
[18.119s] -- Installing: /workspace/jazzy_ws/install/share/std_msgs/environment/pythonpath.sh
[18.119s] -- Installing: /workspace/jazzy_ws/install/share/std_msgs/environment/pythonpath.dsv
[18.120s] -- Installing: /workspace/jazzy_ws/install/lib/python3.12/site-packages/std_msgs-5.3.6-py3.12.egg-info
[18.120s] -- Installing: /workspace/jazzy_ws/install/lib/python3.12/site-packages/std_msgs-5.3.6-py3.12.egg-info/PKG-INFO
[18.120s] -- Installing: /workspace/jazzy_ws/install/lib/python3.12/site-packages/std_msgs-5.3.6-py3.12.egg-info/SOURCES.txt
[18.120s] -- Installing: /workspace/jazzy_ws/install/lib/python3.12/site-packages/std_msgs-5.3.6-py3.12.egg-info/top_level.txt
[18.120s] -- Installing: /workspace/jazzy_ws/install/lib/python3.12/site-packages/std_msgs-5.3.6-py3.12.egg-info/dependency_links.txt
[18.120s] -- Installing: /workspace/jazzy_ws/install/lib/python3.12/site-packages/std_msgs
[18.120s] -- Installing: /workspace/jazzy_ws/install/lib/python3.12/site-packages/std_msgs/std_msgs_s__rosidl_typesupport_introspection_c.so
[18.120s] -- Installing: /workspace/jazzy_ws/install/lib/python3.12/site-packages/std_msgs/std_msgs_s__rosidl_typesupport_fastrtps_c.so
[18.120s] -- Installing: /workspace/jazzy_ws/install/lib/python3.12/site-packages/std_msgs/msg
[18.120s] -- Installing: /workspace/jazzy_ws/install/lib/python3.12/site-packages/std_msgs/msg/_float64_multi_array_s.c
[18.120s] -- Installing: /workspace/jazzy_ws/install/lib/python3.12/site-packages/std_msgs/msg/_float32_s.c
[18.120s] -- Installing: /workspace/jazzy_ws/install/lib/python3.12/site-packages/std_msgs/msg/_string.py
[18.120s] -- Installing: /workspace/jazzy_ws/install/lib/python3.12/site-packages/std_msgs/msg/_byte_multi_array.py
[18.120s] -- Installing: /workspace/jazzy_ws/install/lib/python3.12/site-packages/std_msgs/msg/_u_int64_s.c
[18.120s] -- Installing: /workspace/jazzy_ws/install/lib/python3.12/site-packages/std_msgs/msg/_int8_s.c
[18.120s] -- Installing: /workspace/jazzy_ws/install/lib/python3.12/site-packages/std_msgs/msg/_int16_multi_array.py
[18.120s] -- Installing: /workspace/jazzy_ws/install/lib/python3.12/site-packages/std_msgs/msg/_int8_multi_array_s.c
[18.121s] -- Installing: /workspace/jazzy_ws/install/lib/python3.12/site-packages/std_msgs/msg/_int64_multi_array.py
[18.121s] -- Installing: /workspace/jazzy_ws/install/lib/python3.12/site-packages/std_msgs/msg/_color_rgba.py
[18.121s] -- Installing: /workspace/jazzy_ws/install/lib/python3.12/site-packages/std_msgs/msg/_int16.py
[18.121s] -- Installing: /workspace/jazzy_ws/install/lib/python3.12/site-packages/std_msgs/msg/_color_rgba_s.c
[18.121s] -- Installing: /workspace/jazzy_ws/install/lib/python3.12/site-packages/std_msgs/msg/_float64.py
[18.121s] -- Installing: /workspace/jazzy_ws/install/lib/python3.12/site-packages/std_msgs/msg/_int32_multi_array_s.c
[18.121s] -- Installing: /workspace/jazzy_ws/install/lib/python3.12/site-packages/std_msgs/msg/_multi_array_layout_s.c
[18.121s] -- Installing: /workspace/jazzy_ws/install/lib/python3.12/site-packages/std_msgs/msg/_header.py
[18.121s] -- Installing: /workspace/jazzy_ws/install/lib/python3.12/site-packages/std_msgs/msg/_bool.py
[18.121s] -- Installing: /workspace/jazzy_ws/install/lib/python3.12/site-packages/std_msgs/msg/_int64.py
[18.121s] -- Installing: /workspace/jazzy_ws/install/lib/python3.12/site-packages/std_msgs/msg/_int8_multi_array.py
[18.121s] -- Installing: /workspace/jazzy_ws/install/lib/python3.12/site-packages/std_msgs/msg/_int32.py
[18.121s] -- Installing: /workspace/jazzy_ws/install/lib/python3.12/site-packages/std_msgs/msg/_u_int8_multi_array_s.c
[18.121s] -- Installing: /workspace/jazzy_ws/install/lib/python3.12/site-packages/std_msgs/msg/_u_int8_s.c
[18.121s] -- Installing: /workspace/jazzy_ws/install/lib/python3.12/site-packages/std_msgs/msg/_header_s.c
[18.121s] -- Installing: /workspace/jazzy_ws/install/lib/python3.12/site-packages/std_msgs/msg/_char.py
[18.121s] -- Installing: /workspace/jazzy_ws/install/lib/python3.12/site-packages/std_msgs/msg/_u_int64_multi_array_s.c
[18.122s] -- Installing: /workspace/jazzy_ws/install/lib/python3.12/site-packages/std_msgs/msg/_u_int32_multi_array.py
[18.122s] -- Installing: /workspace/jazzy_ws/install/lib/python3.12/site-packages/std_msgs/msg/_int32_s.c
[18.122s] -- Installing: /workspace/jazzy_ws/install/lib/python3.12/site-packages/std_msgs/msg/_byte.py
[18.122s] -- Installing: /workspace/jazzy_ws/install/lib/python3.12/site-packages/std_msgs/msg/__init__.py
[18.122s] -- Installing: /workspace/jazzy_ws/install/lib/python3.12/site-packages/std_msgs/msg/_float32_multi_array_s.c
[18.122s] -- Installing: /workspace/jazzy_ws/install/lib/python3.12/site-packages/std_msgs/msg/_empty.py
[18.122s] -- Installing: /workspace/jazzy_ws/install/lib/python3.12/site-packages/std_msgs/msg/_string_s.c
[18.122s] -- Installing: /workspace/jazzy_ws/install/lib/python3.12/site-packages/std_msgs/msg/_float32_multi_array.py
[18.122s] -- Installing: /workspace/jazzy_ws/install/lib/python3.12/site-packages/std_msgs/msg/_int16_s.c
[18.122s] -- Installing: /workspace/jazzy_ws/install/lib/python3.12/site-packages/std_msgs/msg/_u_int16_multi_array.py
[18.122s] -- Installing: /workspace/jazzy_ws/install/lib/python3.12/site-packages/std_msgs/msg/_empty_s.c
[18.122s] -- Installing: /workspace/jazzy_ws/install/lib/python3.12/site-packages/std_msgs/msg/_float64_s.c
[18.122s] -- Installing: /workspace/jazzy_ws/install/lib/python3.12/site-packages/std_msgs/msg/_int64_s.c
[18.122s] -- Installing: /workspace/jazzy_ws/install/lib/python3.12/site-packages/std_msgs/msg/_float64_multi_array.py
[18.122s] -- Installing: /workspace/jazzy_ws/install/lib/python3.12/site-packages/std_msgs/msg/_multi_array_dimension.py
[18.122s] -- Installing: /workspace/jazzy_ws/install/lib/python3.12/site-packages/std_msgs/msg/_u_int64_multi_array.py
[18.122s] -- Installing: /workspace/jazzy_ws/install/lib/python3.12/site-packages/std_msgs/msg/_multi_array_dimension_s.c
[18.123s] -- Installing: /workspace/jazzy_ws/install/lib/python3.12/site-packages/std_msgs/msg/_int16_multi_array_s.c
[18.123s] -- Installing: /workspace/jazzy_ws/install/lib/python3.12/site-packages/std_msgs/msg/_int64_multi_array_s.c
[18.123s] -- Installing: /workspace/jazzy_ws/install/lib/python3.12/site-packages/std_msgs/msg/_u_int8_multi_array.py
[18.123s] -- Installing: /workspace/jazzy_ws/install/lib/python3.12/site-packages/std_msgs/msg/_int32_multi_array.py
[18.123s] -- Installing: /workspace/jazzy_ws/install/lib/python3.12/site-packages/std_msgs/msg/_int8.py
[18.123s] -- Installing: /workspace/jazzy_ws/install/lib/python3.12/site-packages/std_msgs/msg/_u_int32_s.c
[18.123s] -- Installing: /workspace/jazzy_ws/install/lib/python3.12/site-packages/std_msgs/msg/_u_int64.py
[18.123s] -- Installing: /workspace/jazzy_ws/install/lib/python3.12/site-packages/std_msgs/msg/_u_int8.py
[18.124s] -- Installing: /workspace/jazzy_ws/install/lib/python3.12/site-packages/std_msgs/msg/_u_int32_multi_array_s.c
[18.124s] -- Installing: /workspace/jazzy_ws/install/lib/python3.12/site-packages/std_msgs/msg/_bool_s.c
[18.124s] -- Installing: /workspace/jazzy_ws/install/lib/python3.12/site-packages/std_msgs/msg/_char_s.c
[18.124s] -- Installing: /workspace/jazzy_ws/install/lib/python3.12/site-packages/std_msgs/msg/_multi_array_layout.py
[18.124s] -- Installing: /workspace/jazzy_ws/install/lib/python3.12/site-packages/std_msgs/msg/_u_int16_s.c
[18.124s] -- Installing: /workspace/jazzy_ws/install/lib/python3.12/site-packages/std_msgs/msg/_float32.py
[18.124s] -- Installing: /workspace/jazzy_ws/install/lib/python3.12/site-packages/std_msgs/msg/_byte_s.c
[18.124s] -- Installing: /workspace/jazzy_ws/install/lib/python3.12/site-packages/std_msgs/msg/_byte_multi_array_s.c
[18.124s] -- Installing: /workspace/jazzy_ws/install/lib/python3.12/site-packages/std_msgs/msg/_u_int16_multi_array_s.c
[18.124s] -- Installing: /workspace/jazzy_ws/install/lib/python3.12/site-packages/std_msgs/msg/_u_int32.py
[18.124s] -- Installing: /workspace/jazzy_ws/install/lib/python3.12/site-packages/std_msgs/msg/_u_int16.py
[18.124s] -- Installing: /workspace/jazzy_ws/install/lib/python3.12/site-packages/std_msgs/__init__.py
[18.124s] -- Installing: /workspace/jazzy_ws/install/lib/python3.12/site-packages/std_msgs/std_msgs_s__rosidl_typesupport_c.so
[18.124s] -- Installing: /workspace/jazzy_ws/install/lib/python3.12/site-packages/std_msgs/_std_msgs_s.ep.rosidl_typesupport_c.c
[18.124s] -- Installing: /workspace/jazzy_ws/install/lib/python3.12/site-packages/std_msgs/_std_msgs_s.ep.rosidl_typesupport_introspection_c.c
[18.124s] -- Installing: /workspace/jazzy_ws/install/lib/python3.12/site-packages/std_msgs/_std_msgs_s.ep.rosidl_typesupport_fastrtps_c.c
[18.182s] Listing '/workspace/jazzy_ws/install/lib/python3.12/site-packages/std_msgs'...
[18.182s] Compiling '/workspace/jazzy_ws/install/lib/python3.12/site-packages/std_msgs/__init__.py'...
[18.182s] Listing '/workspace/jazzy_ws/install/lib/python3.12/site-packages/std_msgs/msg'...
[18.182s] Compiling '/workspace/jazzy_ws/install/lib/python3.12/site-packages/std_msgs/msg/__init__.py'...
[18.182s] Compiling '/workspace/jazzy_ws/install/lib/python3.12/site-packages/std_msgs/msg/_bool.py'...
[18.182s] Compiling '/workspace/jazzy_ws/install/lib/python3.12/site-packages/std_msgs/msg/_byte.py'...
[18.182s] Compiling '/workspace/jazzy_ws/install/lib/python3.12/site-packages/std_msgs/msg/_byte_multi_array.py'...
[18.182s] Compiling '/workspace/jazzy_ws/install/lib/python3.12/site-packages/std_msgs/msg/_char.py'...
[18.182s] Compiling '/workspace/jazzy_ws/install/lib/python3.12/site-packages/std_msgs/msg/_color_rgba.py'...
[18.182s] Compiling '/workspace/jazzy_ws/install/lib/python3.12/site-packages/std_msgs/msg/_empty.py'...
[18.182s] Compiling '/workspace/jazzy_ws/install/lib/python3.12/site-packages/std_msgs/msg/_float32.py'...
[18.182s] Compiling '/workspace/jazzy_ws/install/lib/python3.12/site-packages/std_msgs/msg/_float32_multi_array.py'...
[18.182s] Compiling '/workspace/jazzy_ws/install/lib/python3.12/site-packages/std_msgs/msg/_float64.py'...
[18.182s] Compiling '/workspace/jazzy_ws/install/lib/python3.12/site-packages/std_msgs/msg/_float64_multi_array.py'...
[18.182s] Compiling '/workspace/jazzy_ws/install/lib/python3.12/site-packages/std_msgs/msg/_header.py'...
[18.182s] Compiling '/workspace/jazzy_ws/install/lib/python3.12/site-packages/std_msgs/msg/_int16.py'...
[18.183s] Compiling '/workspace/jazzy_ws/install/lib/python3.12/site-packages/std_msgs/msg/_int16_multi_array.py'...
[18.183s] Compiling '/workspace/jazzy_ws/install/lib/python3.12/site-packages/std_msgs/msg/_int32.py'...
[18.183s] Compiling '/workspace/jazzy_ws/install/lib/python3.12/site-packages/std_msgs/msg/_int32_multi_array.py'...
[18.183s] Compiling '/workspace/jazzy_ws/install/lib/python3.12/site-packages/std_msgs/msg/_int64.py'...
[18.183s] Compiling '/workspace/jazzy_ws/install/lib/python3.12/site-packages/std_msgs/msg/_int64_multi_array.py'...
[18.183s] Compiling '/workspace/jazzy_ws/install/lib/python3.12/site-packages/std_msgs/msg/_int8.py'...
[18.183s] Compiling '/workspace/jazzy_ws/install/lib/python3.12/site-packages/std_msgs/msg/_int8_multi_array.py'...
[18.183s] Compiling '/workspace/jazzy_ws/install/lib/python3.12/site-packages/std_msgs/msg/_multi_array_dimension.py'...
[18.183s] Compiling '/workspace/jazzy_ws/install/lib/python3.12/site-packages/std_msgs/msg/_multi_array_layout.py'...
[18.183s] Compiling '/workspace/jazzy_ws/install/lib/python3.12/site-packages/std_msgs/msg/_string.py'...
[18.183s] Compiling '/workspace/jazzy_ws/install/lib/python3.12/site-packages/std_msgs/msg/_u_int16.py'...
[18.183s] Compiling '/workspace/jazzy_ws/install/lib/python3.12/site-packages/std_msgs/msg/_u_int16_multi_array.py'...
[18.183s] Compiling '/workspace/jazzy_ws/install/lib/python3.12/site-packages/std_msgs/msg/_u_int32.py'...
[18.183s] Compiling '/workspace/jazzy_ws/install/lib/python3.12/site-packages/std_msgs/msg/_u_int32_multi_array.py'...
[18.183s] Compiling '/workspace/jazzy_ws/install/lib/python3.12/site-packages/std_msgs/msg/_u_int64.py'...
[18.183s] Compiling '/workspace/jazzy_ws/install/lib/python3.12/site-packages/std_msgs/msg/_u_int64_multi_array.py'...
[18.183s] Compiling '/workspace/jazzy_ws/install/lib/python3.12/site-packages/std_msgs/msg/_u_int8.py'...
[18.183s] Compiling '/workspace/jazzy_ws/install/lib/python3.12/site-packages/std_msgs/msg/_u_int8_multi_array.py'...
[18.187s] -- Installing: /workspace/jazzy_ws/install/lib/python3.12/site-packages/std_msgs/std_msgs_s__rosidl_typesupport_fastrtps_c.so
[18.187s] -- Set non-toolchain portion of runtime path of "/workspace/jazzy_ws/install/lib/python3.12/site-packages/std_msgs/std_msgs_s__rosidl_typesupport_fastrtps_c.so" to ""
[18.187s] -- Installing: /workspace/jazzy_ws/install/lib/python3.12/site-packages/std_msgs/std_msgs_s__rosidl_typesupport_introspection_c.so
[18.188s] -- Set non-toolchain portion of runtime path of "/workspace/jazzy_ws/install/lib/python3.12/site-packages/std_msgs/std_msgs_s__rosidl_typesupport_introspection_c.so" to ""
[18.188s] -- Installing: /workspace/jazzy_ws/install/lib/python3.12/site-packages/std_msgs/std_msgs_s__rosidl_typesupport_c.so
[18.188s] -- Set non-toolchain portion of runtime path of "/workspace/jazzy_ws/install/lib/python3.12/site-packages/std_msgs/std_msgs_s__rosidl_typesupport_c.so" to ""
[18.188s] -- Installing: /workspace/jazzy_ws/install/lib/libstd_msgs__rosidl_generator_py.so
[18.189s] -- Set non-toolchain portion of runtime path of "/workspace/jazzy_ws/install/lib/libstd_msgs__rosidl_generator_py.so" to ""
[18.189s] -- Installing: /workspace/jazzy_ws/install/share/std_msgs/msg/Bool.idl
[18.189s] -- Installing: /workspace/jazzy_ws/install/share/std_msgs/msg/Byte.idl
[18.189s] -- Installing: /workspace/jazzy_ws/install/share/std_msgs/msg/ByteMultiArray.idl
[18.189s] -- Installing: /workspace/jazzy_ws/install/share/std_msgs/msg/Char.idl
[18.189s] -- Installing: /workspace/jazzy_ws/install/share/std_msgs/msg/ColorRGBA.idl
[18.189s] -- Installing: /workspace/jazzy_ws/install/share/std_msgs/msg/Empty.idl
[18.189s] -- Installing: /workspace/jazzy_ws/install/share/std_msgs/msg/Float32.idl
[18.189s] -- Installing: /workspace/jazzy_ws/install/share/std_msgs/msg/Float32MultiArray.idl
[18.190s] -- Installing: /workspace/jazzy_ws/install/share/std_msgs/msg/Float64.idl
[18.190s] -- Installing: /workspace/jazzy_ws/install/share/std_msgs/msg/Float64MultiArray.idl
[18.190s] -- Installing: /workspace/jazzy_ws/install/share/std_msgs/msg/Header.idl
[18.190s] -- Installing: /workspace/jazzy_ws/install/share/std_msgs/msg/Int16.idl
[18.190s] -- Installing: /workspace/jazzy_ws/install/share/std_msgs/msg/Int16MultiArray.idl
[18.190s] -- Installing: /workspace/jazzy_ws/install/share/std_msgs/msg/Int32.idl
[18.190s] -- Installing: /workspace/jazzy_ws/install/share/std_msgs/msg/Int32MultiArray.idl
[18.190s] -- Installing: /workspace/jazzy_ws/install/share/std_msgs/msg/Int64.idl
[18.191s] -- Installing: /workspace/jazzy_ws/install/share/std_msgs/msg/Int64MultiArray.idl
[18.191s] -- Installing: /workspace/jazzy_ws/install/share/std_msgs/msg/Int8.idl
[18.191s] -- Installing: /workspace/jazzy_ws/install/share/std_msgs/msg/Int8MultiArray.idl
[18.191s] -- Installing: /workspace/jazzy_ws/install/share/std_msgs/msg/MultiArrayDimension.idl
[18.191s] -- Installing: /workspace/jazzy_ws/install/share/std_msgs/msg/MultiArrayLayout.idl
[18.191s] -- Installing: /workspace/jazzy_ws/install/share/std_msgs/msg/String.idl
[18.191s] -- Installing: /workspace/jazzy_ws/install/share/std_msgs/msg/UInt16.idl
[18.191s] -- Installing: /workspace/jazzy_ws/install/share/std_msgs/msg/UInt16MultiArray.idl
[18.191s] -- Installing: /workspace/jazzy_ws/install/share/std_msgs/msg/UInt32.idl
[18.192s] -- Installing: /workspace/jazzy_ws/install/share/std_msgs/msg/UInt32MultiArray.idl
[18.192s] -- Installing: /workspace/jazzy_ws/install/share/std_msgs/msg/UInt64.idl
[18.192s] -- Installing: /workspace/jazzy_ws/install/share/std_msgs/msg/UInt64MultiArray.idl
[18.192s] -- Installing: /workspace/jazzy_ws/install/share/std_msgs/msg/UInt8.idl
[18.192s] -- Installing: /workspace/jazzy_ws/install/share/std_msgs/msg/UInt8MultiArray.idl
[18.192s] -- Installing: /workspace/jazzy_ws/install/share/std_msgs/msg/Bool.msg
[18.192s] -- Installing: /workspace/jazzy_ws/install/share/std_msgs/msg/Byte.msg
[18.192s] -- Installing: /workspace/jazzy_ws/install/share/std_msgs/msg/ByteMultiArray.msg
[18.193s] -- Installing: /workspace/jazzy_ws/install/share/std_msgs/msg/Char.msg
[18.193s] -- Installing: /workspace/jazzy_ws/install/share/std_msgs/msg/ColorRGBA.msg
[18.193s] -- Installing: /workspace/jazzy_ws/install/share/std_msgs/msg/Empty.msg
[18.193s] -- Installing: /workspace/jazzy_ws/install/share/std_msgs/msg/Float32.msg
[18.193s] -- Installing: /workspace/jazzy_ws/install/share/std_msgs/msg/Float32MultiArray.msg
[18.193s] -- Installing: /workspace/jazzy_ws/install/share/std_msgs/msg/Float64.msg
[18.193s] -- Installing: /workspace/jazzy_ws/install/share/std_msgs/msg/Float64MultiArray.msg
[18.194s] -- Installing: /workspace/jazzy_ws/install/share/std_msgs/msg/Header.msg
[18.194s] -- Installing: /workspace/jazzy_ws/install/share/std_msgs/msg/Int16.msg
[18.194s] -- Installing: /workspace/jazzy_ws/install/share/std_msgs/msg/Int16MultiArray.msg
[18.194s] -- Installing: /workspace/jazzy_ws/install/share/std_msgs/msg/Int32.msg
[18.194s] -- Installing: /workspace/jazzy_ws/install/share/std_msgs/msg/Int32MultiArray.msg
[18.194s] -- Installing: /workspace/jazzy_ws/install/share/std_msgs/msg/Int64.msg
[18.194s] -- Installing: /workspace/jazzy_ws/install/share/std_msgs/msg/Int64MultiArray.msg
[18.194s] -- Installing: /workspace/jazzy_ws/install/share/std_msgs/msg/Int8.msg
[18.195s] -- Installing: /workspace/jazzy_ws/install/share/std_msgs/msg/Int8MultiArray.msg
[18.195s] -- Installing: /workspace/jazzy_ws/install/share/std_msgs/msg/MultiArrayDimension.msg
[18.195s] -- Installing: /workspace/jazzy_ws/install/share/std_msgs/msg/MultiArrayLayout.msg
[18.195s] -- Installing: /workspace/jazzy_ws/install/share/std_msgs/msg/String.msg
[18.195s] -- Installing: /workspace/jazzy_ws/install/share/std_msgs/msg/UInt16.msg
[18.195s] -- Installing: /workspace/jazzy_ws/install/share/std_msgs/msg/UInt16MultiArray.msg
[18.195s] -- Installing: /workspace/jazzy_ws/install/share/std_msgs/msg/UInt32.msg
[18.195s] -- Installing: /workspace/jazzy_ws/install/share/std_msgs/msg/UInt32MultiArray.msg
[18.196s] -- Installing: /workspace/jazzy_ws/install/share/std_msgs/msg/UInt64.msg
[18.196s] -- Installing: /workspace/jazzy_ws/install/share/std_msgs/msg/UInt64MultiArray.msg
[18.196s] -- Installing: /workspace/jazzy_ws/install/share/std_msgs/msg/UInt8.msg
[18.196s] -- Installing: /workspace/jazzy_ws/install/share/std_msgs/msg/UInt8MultiArray.msg
[18.196s] -- Installing: /workspace/jazzy_ws/install/share/ament_index/resource_index/package_run_dependencies/std_msgs
[18.196s] -- Installing: /workspace/jazzy_ws/install/share/ament_index/resource_index/parent_prefix_path/std_msgs
[18.196s] -- Installing: /workspace/jazzy_ws/install/share/std_msgs/environment/ament_prefix_path.sh
[18.197s] -- Installing: /workspace/jazzy_ws/install/share/std_msgs/environment/ament_prefix_path.dsv
[18.197s] -- Installing: /workspace/jazzy_ws/install/share/std_msgs/environment/path.sh
[18.197s] -- Installing: /workspace/jazzy_ws/install/share/std_msgs/environment/path.dsv
[18.197s] -- Installing: /workspace/jazzy_ws/install/share/std_msgs/local_setup.bash
[18.197s] -- Installing: /workspace/jazzy_ws/install/share/std_msgs/local_setup.sh
[18.197s] -- Installing: /workspace/jazzy_ws/install/share/std_msgs/local_setup.zsh
[18.197s] -- Installing: /workspace/jazzy_ws/install/share/std_msgs/local_setup.dsv
[18.198s] -- Installing: /workspace/jazzy_ws/install/share/std_msgs/package.dsv
[18.198s] -- Installing: /workspace/jazzy_ws/install/share/ament_index/resource_index/packages/std_msgs
[18.198s] -- Installing: /workspace/jazzy_ws/install/share/std_msgs/cmake/export_std_msgs__rosidl_generator_cExport.cmake
[18.198s] -- Installing: /workspace/jazzy_ws/install/share/std_msgs/cmake/export_std_msgs__rosidl_generator_cExport-noconfig.cmake
[18.198s] -- Installing: /workspace/jazzy_ws/install/share/std_msgs/cmake/export_std_msgs__rosidl_typesupport_fastrtps_cExport.cmake
[18.198s] -- Installing: /workspace/jazzy_ws/install/share/std_msgs/cmake/export_std_msgs__rosidl_typesupport_fastrtps_cExport-noconfig.cmake
[18.198s] -- Installing: /workspace/jazzy_ws/install/share/std_msgs/cmake/export_std_msgs__rosidl_generator_cppExport.cmake
[18.199s] -- Installing: /workspace/jazzy_ws/install/share/std_msgs/cmake/export_std_msgs__rosidl_typesupport_fastrtps_cppExport.cmake
[18.199s] -- Installing: /workspace/jazzy_ws/install/share/std_msgs/cmake/export_std_msgs__rosidl_typesupport_fastrtps_cppExport-noconfig.cmake
[18.199s] -- Installing: /workspace/jazzy_ws/install/share/std_msgs/cmake/std_msgs__rosidl_typesupport_introspection_cExport.cmake
[18.199s] -- Installing: /workspace/jazzy_ws/install/share/std_msgs/cmake/std_msgs__rosidl_typesupport_introspection_cExport-noconfig.cmake
[18.199s] -- Installing: /workspace/jazzy_ws/install/share/std_msgs/cmake/std_msgs__rosidl_typesupport_cExport.cmake
[18.199s] -- Installing: /workspace/jazzy_ws/install/share/std_msgs/cmake/std_msgs__rosidl_typesupport_cExport-noconfig.cmake
[18.199s] -- Installing: /workspace/jazzy_ws/install/share/std_msgs/cmake/std_msgs__rosidl_typesupport_introspection_cppExport.cmake
[18.200s] -- Installing: /workspace/jazzy_ws/install/share/std_msgs/cmake/std_msgs__rosidl_typesupport_introspection_cppExport-noconfig.cmake
[18.200s] -- Installing: /workspace/jazzy_ws/install/share/std_msgs/cmake/std_msgs__rosidl_typesupport_cppExport.cmake
[18.200s] -- Installing: /workspace/jazzy_ws/install/share/std_msgs/cmake/std_msgs__rosidl_typesupport_cppExport-noconfig.cmake
[18.200s] -- Installing: /workspace/jazzy_ws/install/share/std_msgs/cmake/export_std_msgs__rosidl_generator_pyExport.cmake
[18.200s] -- Installing: /workspace/jazzy_ws/install/share/std_msgs/cmake/export_std_msgs__rosidl_generator_pyExport-noconfig.cmake
[18.200s] -- Installing: /workspace/jazzy_ws/install/share/std_msgs/cmake/rosidl_cmake-extras.cmake
[18.200s] -- Installing: /workspace/jazzy_ws/install/share/std_msgs/cmake/ament_cmake_export_dependencies-extras.cmake
[18.200s] -- Installing: /workspace/jazzy_ws/install/share/std_msgs/cmake/ament_cmake_export_include_directories-extras.cmake
[18.201s] -- Installing: /workspace/jazzy_ws/install/share/std_msgs/cmake/ament_cmake_export_libraries-extras.cmake
[18.201s] -- Installing: /workspace/jazzy_ws/install/share/std_msgs/cmake/ament_cmake_export_targets-extras.cmake
[18.201s] -- Installing: /workspace/jazzy_ws/install/share/std_msgs/cmake/rosidl_cmake_export_typesupport_targets-extras.cmake
[18.201s] -- Installing: /workspace/jazzy_ws/install/share/std_msgs/cmake/rosidl_cmake_export_typesupport_libraries-extras.cmake
[18.201s] -- Installing: /workspace/jazzy_ws/install/share/std_msgs/cmake/std_msgsConfig.cmake
[18.201s] -- Installing: /workspace/jazzy_ws/install/share/std_msgs/cmake/std_msgsConfig-version.cmake
[18.201s] -- Installing: /workspace/jazzy_ws/install/share/std_msgs/package.xml
[18.203s] Invoked command in '/workspace/jazzy_ws/build/std_msgs' returned '0': AMENT_PREFIX_PATH=/workspace/jazzy_ws/install CMAKE_PREFIX_PATH=/workspace/jazzy_ws/install LD_LIBRARY_PATH=/workspace/jazzy_ws/install/lib:/workspace/jazzy_ws/install/opt/mimick_vendor/lib PATH=/workspace/jazzy_ws/install/bin:/workspace/jazzy_ws/install/opt/uncrustify_vendor/bin:${PATH} PKG_CONFIG_PATH=/workspace/jazzy_ws/install/lib/x86_64-linux-gnu/pkgconfig:/workspace/jazzy_ws/install/lib/pkgconfig PYTHONPATH=/workspace/jazzy_ws/install/lib/python3.12/site-packages /usr/bin/cmake --install /workspace/jazzy_ws/build/std_msgs
