[0.000000] (-) TimerEvent: {}
[0.000347] (carter_navigation) JobQueued: {'identifier': 'carter_navigation', 'dependencies': OrderedDict()}
[0.000482] (cmdvel_to_ackermann) JobQueued: {'identifier': 'cmdvel_to_ackermann', 'dependencies': OrderedDict()}
[0.000705] (custom_message) JobQueued: {'identifier': 'custom_message', 'dependencies': OrderedDict()}
[0.000749] (es165_moveit) JobQueued: {'identifier': 'es165_moveit', 'dependencies': OrderedDict()}
[0.000782] (es165_moveit_moveit_config) JobQueued: {'identifier': 'es165_moveit_moveit_config', 'dependencies': OrderedDict()}
[0.000802] (h1_fullbody_controller) JobQueued: {'identifier': 'h1_fullbody_controller', 'dependencies': OrderedDict()}
[0.000832] (isaac_ros2_messages) JobQueued: {'identifier': 'isaac_ros2_messages', 'dependencies': OrderedDict()}
[0.000882] (isaac_ros_navigation_goal) JobQueued: {'identifier': 'isaac_ros_navigation_goal', 'dependencies': OrderedDict()}
[0.000899] (isaac_tutorials) JobQueued: {'identifier': 'isaac_tutorials', 'dependencies': OrderedDict()}
[0.000920] (isaacsim) JobQueued: {'identifier': 'isaacsim', 'dependencies': OrderedDict()}
[0.000945] (iw_hub_navigation) JobQueued: {'identifier': 'iw_hub_navigation', 'dependencies': OrderedDict()}
[0.000987] (carter_navigation) JobStarted: {'identifier': 'carter_navigation'}
[0.003850] (cmdvel_to_ackermann) JobStarted: {'identifier': 'cmdvel_to_ackermann'}
[0.005570] (custom_message) JobStarted: {'identifier': 'custom_message'}
[0.007552] (es165_moveit) JobStarted: {'identifier': 'es165_moveit'}
[0.009819] (es165_moveit_moveit_config) JobStarted: {'identifier': 'es165_moveit_moveit_config'}
[0.012120] (h1_fullbody_controller) JobStarted: {'identifier': 'h1_fullbody_controller'}
[0.013843] (isaac_ros2_messages) JobStarted: {'identifier': 'isaac_ros2_messages'}
[0.015647] (isaac_ros_navigation_goal) JobStarted: {'identifier': 'isaac_ros_navigation_goal'}
[0.018021] (isaac_tutorials) JobStarted: {'identifier': 'isaac_tutorials'}
[0.019661] (isaacsim) JobStarted: {'identifier': 'isaacsim'}
[0.021387] (iw_hub_navigation) JobStarted: {'identifier': 'iw_hub_navigation'}
[0.024022] (carter_navigation) JobProgress: {'identifier': 'carter_navigation', 'progress': 'cmake'}
[0.024221] (carter_navigation) Command: {'cmd': ['/usr/bin/cmake', '/workspace/build_ws/src/navigation/carter_navigation', '-DCMAKE_INSTALL_PREFIX=/workspace/build_ws/install/carter_navigation'], 'cwd': '/workspace/build_ws/build/carter_navigation', 'env': OrderedDict({'SHLVL': '0', 'LD_LIBRARY_PATH': '/workspace/jazzy_ws/install/opt/spdlog_vendor/lib:/workspace/jazzy_ws/install/opt/mimick_vendor/lib:/workspace/jazzy_ws/install/opt/libyaml_vendor/lib:/workspace/jazzy_ws/install/lib', 'HOME': '/root', 'OLDPWD': '/workspace', 'ROS_PYTHON_VERSION': '3', 'LC_CTYPE': 'C.UTF-8', 'COLCON_PREFIX_PATH': '/workspace/jazzy_ws/install', 'ROS_DISTRO': 'jazzy', '_': '/usr/bin/colcon', 'ROS_VERSION': '2', 'PKG_CONFIG_PATH': '/workspace/jazzy_ws/install/lib/x86_64-linux-gnu/pkgconfig:/workspace/jazzy_ws/install/lib/pkgconfig', 'PATH': '/workspace/jazzy_ws/install/opt/uncrustify_vendor/bin:/workspace/jazzy_ws/install/bin:/usr/local/sbin:/usr/local/bin:/usr/sbin:/usr/bin:/sbin:/bin', 'ROS_ROOT': 'jazzy_ws', 'AMENT_PREFIX_PATH': '/workspace/jazzy_ws/install', 'DEBIAN_FRONTEND': 'noninteractive', 'ROS_AUTOMATIC_DISCOVERY_RANGE': 'SUBNET', 'PWD': '/workspace/build_ws/build/carter_navigation', 'PYTHONPATH': '/workspace/jazzy_ws/install/lib/python3.12/site-packages', 'COLCON': '1', 'CMAKE_PREFIX_PATH': '/workspace/jazzy_ws/install'}), 'shell': False}
[0.024871] (cmdvel_to_ackermann) JobProgress: {'identifier': 'cmdvel_to_ackermann', 'progress': 'cmake'}
[0.024933] (cmdvel_to_ackermann) Command: {'cmd': ['/usr/bin/cmake', '/workspace/build_ws/src/ackermann_control/cmdvel_to_ackermann', '-DCMAKE_INSTALL_PREFIX=/workspace/build_ws/install/cmdvel_to_ackermann'], 'cwd': '/workspace/build_ws/build/cmdvel_to_ackermann', 'env': OrderedDict({'SHLVL': '0', 'LD_LIBRARY_PATH': '/workspace/jazzy_ws/install/opt/spdlog_vendor/lib:/workspace/jazzy_ws/install/opt/mimick_vendor/lib:/workspace/jazzy_ws/install/opt/libyaml_vendor/lib:/workspace/jazzy_ws/install/lib', 'HOME': '/root', 'OLDPWD': '/workspace', 'ROS_PYTHON_VERSION': '3', 'LC_CTYPE': 'C.UTF-8', 'COLCON_PREFIX_PATH': '/workspace/jazzy_ws/install', 'ROS_DISTRO': 'jazzy', '_': '/usr/bin/colcon', 'ROS_VERSION': '2', 'PKG_CONFIG_PATH': '/workspace/jazzy_ws/install/lib/x86_64-linux-gnu/pkgconfig:/workspace/jazzy_ws/install/lib/pkgconfig', 'PATH': '/workspace/jazzy_ws/install/opt/uncrustify_vendor/bin:/workspace/jazzy_ws/install/bin:/usr/local/sbin:/usr/local/bin:/usr/sbin:/usr/bin:/sbin:/bin', 'ROS_ROOT': 'jazzy_ws', 'AMENT_PREFIX_PATH': '/workspace/jazzy_ws/install', 'DEBIAN_FRONTEND': 'noninteractive', 'ROS_AUTOMATIC_DISCOVERY_RANGE': 'SUBNET', 'PWD': '/workspace/build_ws/build/cmdvel_to_ackermann', 'PYTHONPATH': '/workspace/jazzy_ws/install/lib/python3.12/site-packages', 'COLCON': '1', 'CMAKE_PREFIX_PATH': '/workspace/jazzy_ws/install'}), 'shell': False}
[0.025408] (custom_message) JobProgress: {'identifier': 'custom_message', 'progress': 'cmake'}
[0.025544] (custom_message) Command: {'cmd': ['/usr/bin/cmake', '/workspace/build_ws/src/custom_message', '-DCMAKE_INSTALL_PREFIX=/workspace/build_ws/install/custom_message'], 'cwd': '/workspace/build_ws/build/custom_message', 'env': OrderedDict({'SHLVL': '0', 'LD_LIBRARY_PATH': '/workspace/jazzy_ws/install/opt/spdlog_vendor/lib:/workspace/jazzy_ws/install/opt/mimick_vendor/lib:/workspace/jazzy_ws/install/opt/libyaml_vendor/lib:/workspace/jazzy_ws/install/lib', 'HOME': '/root', 'OLDPWD': '/workspace', 'ROS_PYTHON_VERSION': '3', 'LC_CTYPE': 'C.UTF-8', 'COLCON_PREFIX_PATH': '/workspace/jazzy_ws/install', 'ROS_DISTRO': 'jazzy', '_': '/usr/bin/colcon', 'ROS_VERSION': '2', 'PKG_CONFIG_PATH': '/workspace/jazzy_ws/install/lib/x86_64-linux-gnu/pkgconfig:/workspace/jazzy_ws/install/lib/pkgconfig', 'PATH': '/workspace/jazzy_ws/install/opt/uncrustify_vendor/bin:/workspace/jazzy_ws/install/bin:/usr/local/sbin:/usr/local/bin:/usr/sbin:/usr/bin:/sbin:/bin', 'ROS_ROOT': 'jazzy_ws', 'AMENT_PREFIX_PATH': '/workspace/jazzy_ws/install', 'DEBIAN_FRONTEND': 'noninteractive', 'ROS_AUTOMATIC_DISCOVERY_RANGE': 'SUBNET', 'PWD': '/workspace/build_ws/build/custom_message', 'PYTHONPATH': '/workspace/jazzy_ws/install/lib/python3.12/site-packages', 'COLCON': '1', 'CMAKE_PREFIX_PATH': '/workspace/jazzy_ws/install'}), 'shell': False}
[0.099936] (-) TimerEvent: {}
[0.200070] (-) TimerEvent: {}
[0.227690] (h1_fullbody_controller) JobProgress: {'identifier': 'h1_fullbody_controller', 'progress': 'cmake'}
[0.227927] (h1_fullbody_controller) Command: {'cmd': ['/usr/bin/cmake', '/workspace/build_ws/src/humanoid_locomotion_policy_example/h1_fullbody_controller', '-DCMAKE_INSTALL_PREFIX=/workspace/build_ws/install/h1_fullbody_controller'], 'cwd': '/workspace/build_ws/build/h1_fullbody_controller', 'env': OrderedDict({'SHLVL': '0', 'LD_LIBRARY_PATH': '/workspace/jazzy_ws/install/opt/spdlog_vendor/lib:/workspace/jazzy_ws/install/opt/mimick_vendor/lib:/workspace/jazzy_ws/install/opt/libyaml_vendor/lib:/workspace/jazzy_ws/install/lib', 'HOME': '/root', 'OLDPWD': '/workspace', 'ROS_PYTHON_VERSION': '3', 'LC_CTYPE': 'C.UTF-8', 'COLCON_PREFIX_PATH': '/workspace/jazzy_ws/install', 'ROS_DISTRO': 'jazzy', '_': '/usr/bin/colcon', 'ROS_VERSION': '2', 'PKG_CONFIG_PATH': '/workspace/jazzy_ws/install/lib/x86_64-linux-gnu/pkgconfig:/workspace/jazzy_ws/install/lib/pkgconfig', 'PATH': '/workspace/jazzy_ws/install/opt/uncrustify_vendor/bin:/workspace/jazzy_ws/install/bin:/usr/local/sbin:/usr/local/bin:/usr/sbin:/usr/bin:/sbin:/bin', 'ROS_ROOT': 'jazzy_ws', 'AMENT_PREFIX_PATH': '/workspace/jazzy_ws/install', 'DEBIAN_FRONTEND': 'noninteractive', 'ROS_AUTOMATIC_DISCOVERY_RANGE': 'SUBNET', 'PWD': '/workspace/build_ws/build/h1_fullbody_controller', 'PYTHONPATH': '/workspace/jazzy_ws/install/lib/python3.12/site-packages', 'COLCON': '1', 'CMAKE_PREFIX_PATH': '/workspace/jazzy_ws/install'}), 'shell': False}
[0.228466] (isaac_ros2_messages) JobProgress: {'identifier': 'isaac_ros2_messages', 'progress': 'cmake'}
[0.228530] (isaac_ros2_messages) Command: {'cmd': ['/usr/bin/cmake', '/workspace/build_ws/src/isaac_ros2_messages', '-DCMAKE_INSTALL_PREFIX=/workspace/build_ws/install/isaac_ros2_messages'], 'cwd': '/workspace/build_ws/build/isaac_ros2_messages', 'env': OrderedDict({'SHLVL': '0', 'LD_LIBRARY_PATH': '/workspace/jazzy_ws/install/opt/spdlog_vendor/lib:/workspace/jazzy_ws/install/opt/mimick_vendor/lib:/workspace/jazzy_ws/install/opt/libyaml_vendor/lib:/workspace/jazzy_ws/install/lib', 'HOME': '/root', 'OLDPWD': '/workspace', 'ROS_PYTHON_VERSION': '3', 'LC_CTYPE': 'C.UTF-8', 'COLCON_PREFIX_PATH': '/workspace/jazzy_ws/install', 'ROS_DISTRO': 'jazzy', '_': '/usr/bin/colcon', 'ROS_VERSION': '2', 'PKG_CONFIG_PATH': '/workspace/jazzy_ws/install/lib/x86_64-linux-gnu/pkgconfig:/workspace/jazzy_ws/install/lib/pkgconfig', 'PATH': '/workspace/jazzy_ws/install/opt/uncrustify_vendor/bin:/workspace/jazzy_ws/install/bin:/usr/local/sbin:/usr/local/bin:/usr/sbin:/usr/bin:/sbin:/bin', 'ROS_ROOT': 'jazzy_ws', 'AMENT_PREFIX_PATH': '/workspace/jazzy_ws/install', 'DEBIAN_FRONTEND': 'noninteractive', 'ROS_AUTOMATIC_DISCOVERY_RANGE': 'SUBNET', 'PWD': '/workspace/build_ws/build/isaac_ros2_messages', 'PYTHONPATH': '/workspace/jazzy_ws/install/lib/python3.12/site-packages', 'COLCON': '1', 'CMAKE_PREFIX_PATH': '/workspace/jazzy_ws/install'}), 'shell': False}
[0.300153] (-) TimerEvent: {}
[0.332903] (isaac_tutorials) JobProgress: {'identifier': 'isaac_tutorials', 'progress': 'cmake'}
[0.333215] (isaac_tutorials) Command: {'cmd': ['/usr/bin/cmake', '/workspace/build_ws/src/isaac_tutorials', '-DCMAKE_INSTALL_PREFIX=/workspace/build_ws/install/isaac_tutorials'], 'cwd': '/workspace/build_ws/build/isaac_tutorials', 'env': OrderedDict({'SHLVL': '0', 'LD_LIBRARY_PATH': '/workspace/jazzy_ws/install/opt/spdlog_vendor/lib:/workspace/jazzy_ws/install/opt/mimick_vendor/lib:/workspace/jazzy_ws/install/opt/libyaml_vendor/lib:/workspace/jazzy_ws/install/lib', 'HOME': '/root', 'OLDPWD': '/workspace', 'ROS_PYTHON_VERSION': '3', 'LC_CTYPE': 'C.UTF-8', 'COLCON_PREFIX_PATH': '/workspace/jazzy_ws/install', 'ROS_DISTRO': 'jazzy', '_': '/usr/bin/colcon', 'ROS_VERSION': '2', 'PKG_CONFIG_PATH': '/workspace/jazzy_ws/install/lib/x86_64-linux-gnu/pkgconfig:/workspace/jazzy_ws/install/lib/pkgconfig', 'PATH': '/workspace/jazzy_ws/install/opt/uncrustify_vendor/bin:/workspace/jazzy_ws/install/bin:/usr/local/sbin:/usr/local/bin:/usr/sbin:/usr/bin:/sbin:/bin', 'ROS_ROOT': 'jazzy_ws', 'AMENT_PREFIX_PATH': '/workspace/jazzy_ws/install', 'DEBIAN_FRONTEND': 'noninteractive', 'ROS_AUTOMATIC_DISCOVERY_RANGE': 'SUBNET', 'PWD': '/workspace/build_ws/build/isaac_tutorials', 'PYTHONPATH': '/workspace/jazzy_ws/install/lib/python3.12/site-packages', 'COLCON': '1', 'CMAKE_PREFIX_PATH': '/workspace/jazzy_ws/install'}), 'shell': False}
[0.343389] (isaacsim) JobProgress: {'identifier': 'isaacsim', 'progress': 'cmake'}
[0.343577] (isaacsim) Command: {'cmd': ['/usr/bin/cmake', '/workspace/build_ws/src/isaacsim', '-DCMAKE_INSTALL_PREFIX=/workspace/build_ws/install/isaacsim'], 'cwd': '/workspace/build_ws/build/isaacsim', 'env': OrderedDict({'SHLVL': '0', 'LD_LIBRARY_PATH': '/workspace/jazzy_ws/install/opt/spdlog_vendor/lib:/workspace/jazzy_ws/install/opt/mimick_vendor/lib:/workspace/jazzy_ws/install/opt/libyaml_vendor/lib:/workspace/jazzy_ws/install/lib', 'HOME': '/root', 'OLDPWD': '/workspace', 'ROS_PYTHON_VERSION': '3', 'LC_CTYPE': 'C.UTF-8', 'COLCON_PREFIX_PATH': '/workspace/jazzy_ws/install', 'ROS_DISTRO': 'jazzy', '_': '/usr/bin/colcon', 'ROS_VERSION': '2', 'PKG_CONFIG_PATH': '/workspace/jazzy_ws/install/lib/x86_64-linux-gnu/pkgconfig:/workspace/jazzy_ws/install/lib/pkgconfig', 'PATH': '/workspace/jazzy_ws/install/opt/uncrustify_vendor/bin:/workspace/jazzy_ws/install/bin:/usr/local/sbin:/usr/local/bin:/usr/sbin:/usr/bin:/sbin:/bin', 'ROS_ROOT': 'jazzy_ws', 'AMENT_PREFIX_PATH': '/workspace/jazzy_ws/install', 'DEBIAN_FRONTEND': 'noninteractive', 'ROS_AUTOMATIC_DISCOVERY_RANGE': 'SUBNET', 'PWD': '/workspace/build_ws/build/isaacsim', 'PYTHONPATH': '/workspace/jazzy_ws/install/lib/python3.12/site-packages', 'COLCON': '1', 'CMAKE_PREFIX_PATH': '/workspace/jazzy_ws/install'}), 'shell': False}
[0.344610] (carter_navigation) StdoutLine: {'line': b'-- The C compiler identification is GNU 13.3.0\n'}
[0.344727] (carter_navigation) StdoutLine: {'line': b'-- The CXX compiler identification is GNU 13.3.0\n'}
[0.344765] (carter_navigation) StdoutLine: {'line': b'-- Detecting C compiler ABI info\n'}
[0.344798] (carter_navigation) StdoutLine: {'line': b'-- Detecting C compiler ABI info - done\n'}
[0.344830] (carter_navigation) StdoutLine: {'line': b'-- Check for working C compiler: /usr/bin/cc - skipped\n'}
[0.344863] (carter_navigation) StdoutLine: {'line': b'-- Detecting C compile features\n'}
[0.344894] (carter_navigation) StdoutLine: {'line': b'-- Detecting C compile features - done\n'}
[0.344926] (carter_navigation) StdoutLine: {'line': b'-- Detecting CXX compiler ABI info\n'}
[0.344957] (carter_navigation) StdoutLine: {'line': b'-- Detecting CXX compiler ABI info - done\n'}
[0.344988] (carter_navigation) StdoutLine: {'line': b'-- Check for working CXX compiler: /usr/bin/c++ - skipped\n'}
[0.345020] (carter_navigation) StdoutLine: {'line': b'-- Detecting CXX compile features\n'}
[0.345051] (carter_navigation) StdoutLine: {'line': b'-- Detecting CXX compile features - done\n'}
[0.345082] (carter_navigation) StdoutLine: {'line': b'-- Found ament_cmake: 2.5.5 (/workspace/jazzy_ws/install/share/ament_cmake/cmake)\n'}
[0.345114] (carter_navigation) StdoutLine: {'line': b'-- Found Python3: /usr/bin/python3 (found version "3.12.3") found components: Interpreter \n'}
[0.345146] (cmdvel_to_ackermann) StdoutLine: {'line': b'-- The C compiler identification is GNU 13.3.0\n'}
[0.345229] (cmdvel_to_ackermann) StdoutLine: {'line': b'-- The CXX compiler identification is GNU 13.3.0\n'}
[0.345305] (cmdvel_to_ackermann) StdoutLine: {'line': b'-- Detecting C compiler ABI info\n'}
[0.345358] (cmdvel_to_ackermann) StdoutLine: {'line': b'-- Detecting C compiler ABI info - done\n'}
[0.345392] (cmdvel_to_ackermann) StdoutLine: {'line': b'-- Check for working C compiler: /usr/bin/cc - skipped\n'}
[0.345424] (cmdvel_to_ackermann) StdoutLine: {'line': b'-- Detecting C compile features\n'}
[0.345455] (cmdvel_to_ackermann) StdoutLine: {'line': b'-- Detecting C compile features - done\n'}
[0.345486] (cmdvel_to_ackermann) StdoutLine: {'line': b'-- Detecting CXX compiler ABI info\n'}
[0.345518] (cmdvel_to_ackermann) StdoutLine: {'line': b'-- Detecting CXX compiler ABI info - done\n'}
[0.345549] (cmdvel_to_ackermann) StdoutLine: {'line': b'-- Check for working CXX compiler: /usr/bin/c++ - skipped\n'}
[0.345581] (cmdvel_to_ackermann) StdoutLine: {'line': b'-- Detecting CXX compile features\n'}
[0.345613] (cmdvel_to_ackermann) StdoutLine: {'line': b'-- Detecting CXX compile features - done\n'}
[0.345644] (cmdvel_to_ackermann) StdoutLine: {'line': b'-- Found ament_cmake: 2.5.5 (/workspace/jazzy_ws/install/share/ament_cmake/cmake)\n'}
[0.345676] (cmdvel_to_ackermann) StdoutLine: {'line': b'-- Found Python3: /usr/bin/python3 (found version "3.12.3") found components: Interpreter \n'}
[0.345707] (cmdvel_to_ackermann) StdoutLine: {'line': b'-- Found rclpy: 7.1.10 (/workspace/jazzy_ws/install/share/rclpy/cmake)\n'}
[0.345741] (cmdvel_to_ackermann) StdoutLine: {'line': b'-- Found ackermann_msgs: 2.0.2 (/workspace/jazzy_ws/install/share/ackermann_msgs/cmake)\n'}
[0.345773] (custom_message) StdoutLine: {'line': b'-- The C compiler identification is GNU 13.3.0\n'}
[0.345854] (custom_message) StdoutLine: {'line': b'-- The CXX compiler identification is GNU 13.3.0\n'}
[0.345889] (custom_message) StdoutLine: {'line': b'-- Detecting C compiler ABI info\n'}
[0.345953] (custom_message) StdoutLine: {'line': b'-- Detecting C compiler ABI info - done\n'}
[0.345983] (custom_message) StdoutLine: {'line': b'-- Check for working C compiler: /usr/bin/cc - skipped\n'}
[0.346013] (custom_message) StdoutLine: {'line': b'-- Detecting C compile features\n'}
[0.346045] (custom_message) StdoutLine: {'line': b'-- Detecting C compile features - done\n'}
[0.346076] (custom_message) StdoutLine: {'line': b'-- Detecting CXX compiler ABI info\n'}
[0.346107] (custom_message) StdoutLine: {'line': b'-- Detecting CXX compiler ABI info - done\n'}
[0.346155] (custom_message) StdoutLine: {'line': b'-- Check for working CXX compiler: /usr/bin/c++ - skipped\n'}
[0.346187] (custom_message) StdoutLine: {'line': b'-- Detecting CXX compile features\n'}
[0.346218] (custom_message) StdoutLine: {'line': b'-- Detecting CXX compile features - done\n'}
[0.346249] (custom_message) StdoutLine: {'line': b'-- Found ament_cmake: 2.5.5 (/workspace/jazzy_ws/install/share/ament_cmake/cmake)\n'}
[0.346281] (custom_message) StdoutLine: {'line': b'-- Found Python3: /usr/bin/python3 (found version "3.12.3") found components: Interpreter \n'}
[0.346312] (custom_message) StdoutLine: {'line': b'-- Found std_msgs: 5.3.6 (/workspace/jazzy_ws/install/share/std_msgs/cmake)\n'}
[0.346343] (h1_fullbody_controller) StdoutLine: {'line': b'-- The C compiler identification is GNU 13.3.0\n'}
[0.346523] (h1_fullbody_controller) StdoutLine: {'line': b'-- The CXX compiler identification is GNU 13.3.0\n'}
[0.346558] (h1_fullbody_controller) StdoutLine: {'line': b'-- Detecting C compiler ABI info\n'}
[0.346589] (h1_fullbody_controller) StdoutLine: {'line': b'-- Detecting C compiler ABI info - done\n'}
[0.346621] (isaac_ros2_messages) StdoutLine: {'line': b'-- The C compiler identification is GNU 13.3.0\n'}
[0.346886] (isaac_ros2_messages) StdoutLine: {'line': b'-- The CXX compiler identification is GNU 13.3.0\n'}
[0.346935] (isaac_ros2_messages) StdoutLine: {'line': b'-- Detecting C compiler ABI info\n'}
[0.346978] (isaac_ros2_messages) StdoutLine: {'line': b'-- Detecting C compiler ABI info - done\n'}
[0.347022] (iw_hub_navigation) JobProgress: {'identifier': 'iw_hub_navigation', 'progress': 'cmake'}
[0.347034] (iw_hub_navigation) Command: {'cmd': ['/usr/bin/cmake', '/workspace/build_ws/src/navigation/iw_hub_navigation', '-DCMAKE_INSTALL_PREFIX=/workspace/build_ws/install/iw_hub_navigation'], 'cwd': '/workspace/build_ws/build/iw_hub_navigation', 'env': OrderedDict({'SHLVL': '0', 'LD_LIBRARY_PATH': '/workspace/jazzy_ws/install/opt/spdlog_vendor/lib:/workspace/jazzy_ws/install/opt/mimick_vendor/lib:/workspace/jazzy_ws/install/opt/libyaml_vendor/lib:/workspace/jazzy_ws/install/lib', 'HOME': '/root', 'OLDPWD': '/workspace', 'ROS_PYTHON_VERSION': '3', 'LC_CTYPE': 'C.UTF-8', 'COLCON_PREFIX_PATH': '/workspace/jazzy_ws/install', 'ROS_DISTRO': 'jazzy', '_': '/usr/bin/colcon', 'ROS_VERSION': '2', 'PKG_CONFIG_PATH': '/workspace/jazzy_ws/install/lib/x86_64-linux-gnu/pkgconfig:/workspace/jazzy_ws/install/lib/pkgconfig', 'PATH': '/workspace/jazzy_ws/install/opt/uncrustify_vendor/bin:/workspace/jazzy_ws/install/bin:/usr/local/sbin:/usr/local/bin:/usr/sbin:/usr/bin:/sbin:/bin', 'ROS_ROOT': 'jazzy_ws', 'AMENT_PREFIX_PATH': '/workspace/jazzy_ws/install', 'DEBIAN_FRONTEND': 'noninteractive', 'ROS_AUTOMATIC_DISCOVERY_RANGE': 'SUBNET', 'PWD': '/workspace/build_ws/build/iw_hub_navigation', 'PYTHONPATH': '/workspace/jazzy_ws/install/lib/python3.12/site-packages', 'COLCON': '1', 'CMAKE_PREFIX_PATH': '/workspace/jazzy_ws/install'}), 'shell': False}
[0.349553] (isaac_ros2_messages) StdoutLine: {'line': b'-- Check for working C compiler: /usr/bin/cc - skipped\n'}
[0.349609] (isaac_ros2_messages) StdoutLine: {'line': b'-- Detecting C compile features\n'}
[0.349640] (isaac_ros2_messages) StdoutLine: {'line': b'-- Detecting C compile features - done\n'}
[0.350405] (h1_fullbody_controller) StdoutLine: {'line': b'-- Check for working C compiler: /usr/bin/cc - skipped\n'}
[0.350440] (h1_fullbody_controller) StdoutLine: {'line': b'-- Detecting C compile features\n'}
[0.350462] (h1_fullbody_controller) StdoutLine: {'line': b'-- Detecting C compile features - done\n'}
[0.350506] (custom_message) StdoutLine: {'line': b'-- Found rosidl_generator_c: 4.6.7 (/workspace/jazzy_ws/install/share/rosidl_generator_c/cmake)\n'}
[0.350534] (isaac_ros2_messages) StdoutLine: {'line': b'-- Detecting CXX compiler ABI info\n'}
[0.350556] (cmdvel_to_ackermann) StdoutLine: {'line': b'-- Found rosidl_generator_c: 4.6.7 (/workspace/jazzy_ws/install/share/rosidl_generator_c/cmake)\n'}
[0.351842] (h1_fullbody_controller) StdoutLine: {'line': b'-- Detecting CXX compiler ABI info\n'}
[0.355397] (custom_message) StdoutLine: {'line': b'-- Found rosidl_generator_cpp: 4.6.7 (/workspace/jazzy_ws/install/share/rosidl_generator_cpp/cmake)\n'}
[0.357384] (cmdvel_to_ackermann) StdoutLine: {'line': b'-- Found rosidl_generator_cpp: 4.6.7 (/workspace/jazzy_ws/install/share/rosidl_generator_cpp/cmake)\n'}
[0.364497] (custom_message) StdoutLine: {'line': b'-- Using all available rosidl_typesupport_c: rosidl_typesupport_fastrtps_c;rosidl_typesupport_introspection_c\n'}
[0.366290] (cmdvel_to_ackermann) StdoutLine: {'line': b'-- Using all available rosidl_typesupport_c: rosidl_typesupport_fastrtps_c;rosidl_typesupport_introspection_c\n'}
[0.372996] (isaacsim) StdoutLine: {'line': b'-- The C compiler identification is GNU 13.3.0\n'}
[0.373333] (isaac_tutorials) StdoutLine: {'line': b'-- The C compiler identification is GNU 13.3.0\n'}
[0.374616] (custom_message) StdoutLine: {'line': b'-- Using all available rosidl_typesupport_cpp: rosidl_typesupport_fastrtps_cpp;rosidl_typesupport_introspection_cpp\n'}
[0.375158] (iw_hub_navigation) StdoutLine: {'line': b'-- The C compiler identification is GNU 13.3.0\n'}
[0.376158] (cmdvel_to_ackermann) StdoutLine: {'line': b'-- Using all available rosidl_typesupport_cpp: rosidl_typesupport_fastrtps_cpp;rosidl_typesupport_introspection_cpp\n'}
[0.387616] (carter_navigation) StdoutLine: {'line': b'-- Configuring done (0.4s)\n'}
[0.389564] (carter_navigation) StdoutLine: {'line': b'-- Generating done (0.0s)\n'}
[0.390514] (carter_navigation) StdoutLine: {'line': b'-- Build files have been written to: /workspace/build_ws/build/carter_navigation\n'}
[0.393202] (carter_navigation) CommandEnded: {'returncode': 0}
[0.393775] (carter_navigation) JobProgress: {'identifier': 'carter_navigation', 'progress': 'build'}
[0.393791] (carter_navigation) Command: {'cmd': ['/usr/bin/cmake', '--build', '/workspace/build_ws/build/carter_navigation', '--', '-j24', '-l24'], 'cwd': '/workspace/build_ws/build/carter_navigation', 'env': OrderedDict({'SHLVL': '0', 'LD_LIBRARY_PATH': '/workspace/jazzy_ws/install/opt/spdlog_vendor/lib:/workspace/jazzy_ws/install/opt/mimick_vendor/lib:/workspace/jazzy_ws/install/opt/libyaml_vendor/lib:/workspace/jazzy_ws/install/lib', 'HOME': '/root', 'OLDPWD': '/workspace', 'ROS_PYTHON_VERSION': '3', 'LC_CTYPE': 'C.UTF-8', 'COLCON_PREFIX_PATH': '/workspace/jazzy_ws/install', 'ROS_DISTRO': 'jazzy', '_': '/usr/bin/colcon', 'ROS_VERSION': '2', 'PKG_CONFIG_PATH': '/workspace/jazzy_ws/install/lib/x86_64-linux-gnu/pkgconfig:/workspace/jazzy_ws/install/lib/pkgconfig', 'PATH': '/workspace/jazzy_ws/install/opt/uncrustify_vendor/bin:/workspace/jazzy_ws/install/bin:/usr/local/sbin:/usr/local/bin:/usr/sbin:/usr/bin:/sbin:/bin', 'ROS_ROOT': 'jazzy_ws', 'AMENT_PREFIX_PATH': '/workspace/jazzy_ws/install', 'DEBIAN_FRONTEND': 'noninteractive', 'ROS_AUTOMATIC_DISCOVERY_RANGE': 'SUBNET', 'PWD': '/workspace/build_ws/build/carter_navigation', 'PYTHONPATH': '/workspace/jazzy_ws/install/lib/python3.12/site-packages', 'COLCON': '1', 'CMAKE_PREFIX_PATH': '/workspace/jazzy_ws/install'}), 'shell': False}
[0.396886] (custom_message) StdoutLine: {'line': b'-- Found rosidl_default_generators: 1.6.0 (/workspace/jazzy_ws/install/share/rosidl_default_generators/cmake)\n'}
[0.400594] (-) TimerEvent: {}
[0.404017] (custom_message) StdoutLine: {'line': b'-- Found rosidl_adapter: 4.6.7 (/workspace/jazzy_ws/install/share/rosidl_adapter/cmake)\n'}
[0.406068] (isaac_tutorials) StdoutLine: {'line': b'-- The CXX compiler identification is GNU 13.3.0\n'}
[0.406247] (cmdvel_to_ackermann) StdoutLine: {'line': b'-- Found geometry_msgs: 5.3.6 (/workspace/jazzy_ws/install/share/geometry_msgs/cmake)\n'}
[0.406342] (isaac_ros2_messages) StdoutLine: {'line': b'-- Detecting CXX compiler ABI info - done\n'}
[0.406527] (h1_fullbody_controller) StdoutLine: {'line': b'-- Detecting CXX compiler ABI info - done\n'}
[0.406605] (isaacsim) StdoutLine: {'line': b'-- The CXX compiler identification is GNU 13.3.0\n'}
[0.406661] (iw_hub_navigation) StdoutLine: {'line': b'-- The CXX compiler identification is GNU 13.3.0\n'}
[0.411089] (h1_fullbody_controller) StdoutLine: {'line': b'-- Check for working CXX compiler: /usr/bin/c++ - skipped\n'}
[0.411268] (h1_fullbody_controller) StdoutLine: {'line': b'-- Detecting CXX compile features\n'}
[0.411346] (h1_fullbody_controller) StdoutLine: {'line': b'-- Detecting CXX compile features - done\n'}
[0.411522] (h1_fullbody_controller) StdoutLine: {'line': b'-- Found ament_cmake: 2.5.5 (/workspace/jazzy_ws/install/share/ament_cmake/cmake)\n'}
[0.411550] (isaac_ros2_messages) StdoutLine: {'line': b'-- Check for working CXX compiler: /usr/bin/c++ - skipped\n'}
[0.411601] (isaac_ros2_messages) StdoutLine: {'line': b'-- Detecting CXX compile features\n'}
[0.411624] (isaac_ros2_messages) StdoutLine: {'line': b'-- Detecting CXX compile features - done\n'}
[0.413144] (isaac_ros2_messages) StdoutLine: {'line': b'-- Found ament_cmake: 2.5.5 (/workspace/jazzy_ws/install/share/ament_cmake/cmake)\n'}
[0.414625] (isaacsim) StdoutLine: {'line': b'-- Detecting C compiler ABI info\n'}
[0.416401] (isaac_tutorials) StdoutLine: {'line': b'-- Detecting C compiler ABI info\n'}
[0.417252] (iw_hub_navigation) StdoutLine: {'line': b'-- Detecting C compiler ABI info\n'}
[0.417348] (carter_navigation) CommandEnded: {'returncode': 0}
[0.417621] (carter_navigation) JobProgress: {'identifier': 'carter_navigation', 'progress': 'install'}
[0.422401] (carter_navigation) Command: {'cmd': ['/usr/bin/cmake', '--install', '/workspace/build_ws/build/carter_navigation'], 'cwd': '/workspace/build_ws/build/carter_navigation', 'env': OrderedDict({'SHLVL': '0', 'LD_LIBRARY_PATH': '/workspace/jazzy_ws/install/opt/spdlog_vendor/lib:/workspace/jazzy_ws/install/opt/mimick_vendor/lib:/workspace/jazzy_ws/install/opt/libyaml_vendor/lib:/workspace/jazzy_ws/install/lib', 'HOME': '/root', 'OLDPWD': '/workspace', 'ROS_PYTHON_VERSION': '3', 'LC_CTYPE': 'C.UTF-8', 'COLCON_PREFIX_PATH': '/workspace/jazzy_ws/install', 'ROS_DISTRO': 'jazzy', '_': '/usr/bin/colcon', 'ROS_VERSION': '2', 'PKG_CONFIG_PATH': '/workspace/jazzy_ws/install/lib/x86_64-linux-gnu/pkgconfig:/workspace/jazzy_ws/install/lib/pkgconfig', 'PATH': '/workspace/jazzy_ws/install/opt/uncrustify_vendor/bin:/workspace/jazzy_ws/install/bin:/usr/local/sbin:/usr/local/bin:/usr/sbin:/usr/bin:/sbin:/bin', 'ROS_ROOT': 'jazzy_ws', 'AMENT_PREFIX_PATH': '/workspace/jazzy_ws/install', 'DEBIAN_FRONTEND': 'noninteractive', 'ROS_AUTOMATIC_DISCOVERY_RANGE': 'SUBNET', 'PWD': '/workspace/build_ws/build/carter_navigation', 'PYTHONPATH': '/workspace/jazzy_ws/install/lib/python3.12/site-packages', 'COLCON': '1', 'CMAKE_PREFIX_PATH': '/workspace/jazzy_ws/install'}), 'shell': False}
[0.426603] (carter_navigation) StdoutLine: {'line': b'-- Install configuration: ""\n'}
[0.426748] (carter_navigation) StdoutLine: {'line': b'-- Installing: /workspace/build_ws/install/carter_navigation/share/carter_navigation/launch\n'}
[0.426874] (carter_navigation) StdoutLine: {'line': b'-- Installing: /workspace/build_ws/install/carter_navigation/share/carter_navigation/launch/multiple_robot_carter_navigation_office.launch.py\n'}
[0.426989] (carter_navigation) StdoutLine: {'line': b'-- Installing: /workspace/build_ws/install/carter_navigation/share/carter_navigation/launch/carter_navigation.launch.py\n'}
[0.427072] (carter_navigation) StdoutLine: {'line': b'-- Installing: /workspace/build_ws/install/carter_navigation/share/carter_navigation/launch/multiple_robot_carter_navigation_hospital.launch.py\n'}
[0.427158] (carter_navigation) StdoutLine: {'line': b'-- Installing: /workspace/build_ws/install/carter_navigation/share/carter_navigation/launch/nova_carter_description_isaac_sim.launch.py\n'}
[0.427186] (carter_navigation) StdoutLine: {'line': b'-- Installing: /workspace/build_ws/install/carter_navigation/share/carter_navigation/launch/carter_navigation_individual.launch.py\n'}
[0.427212] (carter_navigation) StdoutLine: {'line': b'-- Installing: /workspace/build_ws/install/carter_navigation/share/carter_navigation/launch/carter_navigation_isaacsim.launch.py\n'}
[0.427243] (carter_navigation) StdoutLine: {'line': b'-- Installing: /workspace/build_ws/install/carter_navigation/share/carter_navigation/params\n'}
[0.427269] (carter_navigation) StdoutLine: {'line': b'-- Installing: /workspace/build_ws/install/carter_navigation/share/carter_navigation/params/office\n'}
[0.427333] (carter_navigation) StdoutLine: {'line': b'-- Installing: /workspace/build_ws/install/carter_navigation/share/carter_navigation/params/office/multi_robot_carter_navigation_params_1.yaml\n'}
[0.427357] (carter_navigation) StdoutLine: {'line': b'-- Installing: /workspace/build_ws/install/carter_navigation/share/carter_navigation/params/office/multi_robot_carter_navigation_params_2.yaml\n'}
[0.427380] (carter_navigation) StdoutLine: {'line': b'-- Installing: /workspace/build_ws/install/carter_navigation/share/carter_navigation/params/office/multi_robot_carter_navigation_params_3.yaml\n'}
[0.427425] (carter_navigation) StdoutLine: {'line': b'-- Installing: /workspace/build_ws/install/carter_navigation/share/carter_navigation/params/hospital\n'}
[0.427472] (carter_navigation) StdoutLine: {'line': b'-- Installing: /workspace/build_ws/install/carter_navigation/share/carter_navigation/params/hospital/multi_robot_carter_navigation_params_1.yaml\n'}
[0.427523] (carter_navigation) StdoutLine: {'line': b'-- Installing: /workspace/build_ws/install/carter_navigation/share/carter_navigation/params/hospital/multi_robot_carter_navigation_params_2.yaml\n'}
[0.427596] (carter_navigation) StdoutLine: {'line': b'-- Installing: /workspace/build_ws/install/carter_navigation/share/carter_navigation/params/hospital/multi_robot_carter_navigation_params_3.yaml\n'}
[0.427668] (carter_navigation) StdoutLine: {'line': b'-- Installing: /workspace/build_ws/install/carter_navigation/share/carter_navigation/params/carter_navigation_params.yaml\n'}
[0.427738] (carter_navigation) StdoutLine: {'line': b'-- Installing: /workspace/build_ws/install/carter_navigation/share/carter_navigation/maps\n'}
[0.427819] (carter_navigation) StdoutLine: {'line': b'-- Installing: /workspace/build_ws/install/carter_navigation/share/carter_navigation/maps/carter_office_navigation.png\n'}
[0.427870] (carter_navigation) StdoutLine: {'line': b'-- Installing: /workspace/build_ws/install/carter_navigation/share/carter_navigation/maps/carter_hospital_navigation.yaml\n'}
[0.427930] (carter_navigation) StdoutLine: {'line': b'-- Installing: /workspace/build_ws/install/carter_navigation/share/carter_navigation/maps/carter_warehouse_navigation.yaml\n'}
[0.427995] (carter_navigation) StdoutLine: {'line': b'-- Installing: /workspace/build_ws/install/carter_navigation/share/carter_navigation/maps/carter_office_navigation.yaml\n'}
[0.428059] (carter_navigation) StdoutLine: {'line': b'-- Installing: /workspace/build_ws/install/carter_navigation/share/carter_navigation/maps/carter_hospital_navigation.png\n'}
[0.428137] (carter_navigation) StdoutLine: {'line': b'-- Installing: /workspace/build_ws/install/carter_navigation/share/carter_navigation/maps/carter_warehouse_navigation.png\n'}
[0.428203] (carter_navigation) StdoutLine: {'line': b'-- Installing: /workspace/build_ws/install/carter_navigation/share/carter_navigation/rviz2\n'}
[0.428246] (carter_navigation) StdoutLine: {'line': b'-- Installing: /workspace/build_ws/install/carter_navigation/share/carter_navigation/rviz2/carter_navigation_namespaced.rviz\n'}
[0.428808] (carter_navigation) StdoutLine: {'line': b'-- Installing: /workspace/build_ws/install/carter_navigation/share/carter_navigation/rviz2/carter_navigation.rviz\n'}
[0.428844] (carter_navigation) StdoutLine: {'line': b'-- Installing: /workspace/build_ws/install/carter_navigation/share/ament_index/resource_index/package_run_dependencies/carter_navigation\n'}
[0.428868] (carter_navigation) StdoutLine: {'line': b'-- Installing: /workspace/build_ws/install/carter_navigation/share/ament_index/resource_index/parent_prefix_path/carter_navigation\n'}
[0.428892] (carter_navigation) StdoutLine: {'line': b'-- Installing: /workspace/build_ws/install/carter_navigation/share/carter_navigation/environment/ament_prefix_path.sh\n'}
[0.428916] (carter_navigation) StdoutLine: {'line': b'-- Installing: /workspace/build_ws/install/carter_navigation/share/carter_navigation/environment/ament_prefix_path.dsv\n'}
[0.429120] (carter_navigation) StdoutLine: {'line': b'-- Installing: /workspace/build_ws/install/carter_navigation/share/carter_navigation/environment/path.sh\n'}
[0.429145] (carter_navigation) StdoutLine: {'line': b'-- Installing: /workspace/build_ws/install/carter_navigation/share/carter_navigation/environment/path.dsv\n'}
[0.429169] (carter_navigation) StdoutLine: {'line': b'-- Installing: /workspace/build_ws/install/carter_navigation/share/carter_navigation/local_setup.bash\n'}
[0.429192] (carter_navigation) StdoutLine: {'line': b'-- Installing: /workspace/build_ws/install/carter_navigation/share/carter_navigation/local_setup.sh\n'}
[0.429241] (carter_navigation) StdoutLine: {'line': b'-- Installing: /workspace/build_ws/install/carter_navigation/share/carter_navigation/local_setup.zsh\n'}
[0.429262] (carter_navigation) StdoutLine: {'line': b'-- Installing: /workspace/build_ws/install/carter_navigation/share/carter_navigation/local_setup.dsv\n'}
[0.429309] (carter_navigation) StdoutLine: {'line': b'-- Installing: /workspace/build_ws/install/carter_navigation/share/carter_navigation/package.dsv\n'}
[0.429405] (carter_navigation) StdoutLine: {'line': b'-- Installing: /workspace/build_ws/install/carter_navigation/share/ament_index/resource_index/packages/carter_navigation\n'}
[0.429502] (carter_navigation) StdoutLine: {'line': b'-- Installing: /workspace/build_ws/install/carter_navigation/share/carter_navigation/cmake/carter_navigationConfig.cmake\n'}
[0.429570] (carter_navigation) StdoutLine: {'line': b'-- Installing: /workspace/build_ws/install/carter_navigation/share/carter_navigation/cmake/carter_navigationConfig-version.cmake\n'}
[0.429649] (carter_navigation) StdoutLine: {'line': b'-- Installing: /workspace/build_ws/install/carter_navigation/share/carter_navigation/package.xml\n'}
[0.430408] (carter_navigation) CommandEnded: {'returncode': 0}
[0.438882] (carter_navigation) JobEnded: {'identifier': 'carter_navigation', 'rc': 0}
[0.465142] (isaacsim) StdoutLine: {'line': b'-- Detecting C compiler ABI info - done\n'}
[0.465331] (isaac_tutorials) StdoutLine: {'line': b'-- Detecting C compiler ABI info - done\n'}
[0.465415] (iw_hub_navigation) StdoutLine: {'line': b'-- Detecting C compiler ABI info - done\n'}
[0.468125] (isaacsim) StdoutLine: {'line': b'-- Check for working C compiler: /usr/bin/cc - skipped\n'}
[0.468279] (isaac_tutorials) StdoutLine: {'line': b'-- Check for working C compiler: /usr/bin/cc - skipped\n'}
[0.468321] (isaac_tutorials) StdoutLine: {'line': b'-- Detecting C compile features\n'}
[0.468355] (isaacsim) StdoutLine: {'line': b'-- Detecting C compile features\n'}
[0.468460] (isaac_tutorials) StdoutLine: {'line': b'-- Detecting C compile features - done\n'}
[0.468496] (isaacsim) StdoutLine: {'line': b'-- Detecting C compile features - done\n'}
[0.469807] (iw_hub_navigation) StdoutLine: {'line': b'-- Check for working C compiler: /usr/bin/cc - skipped\n'}
[0.469947] (iw_hub_navigation) StdoutLine: {'line': b'-- Detecting C compile features\n'}
[0.471026] (iw_hub_navigation) StdoutLine: {'line': b'-- Detecting C compile features - done\n'}
[0.471097] (cmdvel_to_ackermann) StdoutLine: {'line': b'-- Configuring done (0.4s)\n'}
[0.472912] (cmdvel_to_ackermann) StdoutLine: {'line': b'-- Generating done (0.0s)\n'}
[0.473825] (cmdvel_to_ackermann) StdoutLine: {'line': b'-- Build files have been written to: /workspace/build_ws/build/cmdvel_to_ackermann\n'}
[0.474227] (isaac_tutorials) StdoutLine: {'line': b'-- Detecting CXX compiler ABI info\n'}
[0.474326] (isaacsim) StdoutLine: {'line': b'-- Detecting CXX compiler ABI info\n'}
[0.474912] (iw_hub_navigation) StdoutLine: {'line': b'-- Detecting CXX compiler ABI info\n'}
[0.477062] (cmdvel_to_ackermann) CommandEnded: {'returncode': 0}
[0.477280] (cmdvel_to_ackermann) JobProgress: {'identifier': 'cmdvel_to_ackermann', 'progress': 'build'}
[0.477445] (cmdvel_to_ackermann) Command: {'cmd': ['/usr/bin/cmake', '--build', '/workspace/build_ws/build/cmdvel_to_ackermann', '--', '-j24', '-l24'], 'cwd': '/workspace/build_ws/build/cmdvel_to_ackermann', 'env': OrderedDict({'SHLVL': '0', 'LD_LIBRARY_PATH': '/workspace/jazzy_ws/install/opt/spdlog_vendor/lib:/workspace/jazzy_ws/install/opt/mimick_vendor/lib:/workspace/jazzy_ws/install/opt/libyaml_vendor/lib:/workspace/jazzy_ws/install/lib', 'HOME': '/root', 'OLDPWD': '/workspace', 'ROS_PYTHON_VERSION': '3', 'LC_CTYPE': 'C.UTF-8', 'COLCON_PREFIX_PATH': '/workspace/jazzy_ws/install', 'ROS_DISTRO': 'jazzy', '_': '/usr/bin/colcon', 'ROS_VERSION': '2', 'PKG_CONFIG_PATH': '/workspace/jazzy_ws/install/lib/x86_64-linux-gnu/pkgconfig:/workspace/jazzy_ws/install/lib/pkgconfig', 'PATH': '/workspace/jazzy_ws/install/opt/uncrustify_vendor/bin:/workspace/jazzy_ws/install/bin:/usr/local/sbin:/usr/local/bin:/usr/sbin:/usr/bin:/sbin:/bin', 'ROS_ROOT': 'jazzy_ws', 'AMENT_PREFIX_PATH': '/workspace/jazzy_ws/install', 'DEBIAN_FRONTEND': 'noninteractive', 'ROS_AUTOMATIC_DISCOVERY_RANGE': 'SUBNET', 'PWD': '/workspace/build_ws/build/cmdvel_to_ackermann', 'PYTHONPATH': '/workspace/jazzy_ws/install/lib/python3.12/site-packages', 'COLCON': '1', 'CMAKE_PREFIX_PATH': '/workspace/jazzy_ws/install'}), 'shell': False}
[0.481669] (h1_fullbody_controller) StdoutLine: {'line': b'-- Found Python3: /usr/bin/python3 (found version "3.12.3") found components: Interpreter \n'}
[0.482846] (isaac_ros2_messages) StdoutLine: {'line': b'-- Found Python3: /usr/bin/python3 (found version "3.12.3") found components: Interpreter \n'}
[0.498611] (cmdvel_to_ackermann) CommandEnded: {'returncode': 0}
[0.498816] (cmdvel_to_ackermann) JobProgress: {'identifier': 'cmdvel_to_ackermann', 'progress': 'install'}
[0.498830] (cmdvel_to_ackermann) Command: {'cmd': ['/usr/bin/cmake', '--install', '/workspace/build_ws/build/cmdvel_to_ackermann'], 'cwd': '/workspace/build_ws/build/cmdvel_to_ackermann', 'env': OrderedDict({'SHLVL': '0', 'LD_LIBRARY_PATH': '/workspace/jazzy_ws/install/opt/spdlog_vendor/lib:/workspace/jazzy_ws/install/opt/mimick_vendor/lib:/workspace/jazzy_ws/install/opt/libyaml_vendor/lib:/workspace/jazzy_ws/install/lib', 'HOME': '/root', 'OLDPWD': '/workspace', 'ROS_PYTHON_VERSION': '3', 'LC_CTYPE': 'C.UTF-8', 'COLCON_PREFIX_PATH': '/workspace/jazzy_ws/install', 'ROS_DISTRO': 'jazzy', '_': '/usr/bin/colcon', 'ROS_VERSION': '2', 'PKG_CONFIG_PATH': '/workspace/jazzy_ws/install/lib/x86_64-linux-gnu/pkgconfig:/workspace/jazzy_ws/install/lib/pkgconfig', 'PATH': '/workspace/jazzy_ws/install/opt/uncrustify_vendor/bin:/workspace/jazzy_ws/install/bin:/usr/local/sbin:/usr/local/bin:/usr/sbin:/usr/bin:/sbin:/bin', 'ROS_ROOT': 'jazzy_ws', 'AMENT_PREFIX_PATH': '/workspace/jazzy_ws/install', 'DEBIAN_FRONTEND': 'noninteractive', 'ROS_AUTOMATIC_DISCOVERY_RANGE': 'SUBNET', 'PWD': '/workspace/build_ws/build/cmdvel_to_ackermann', 'PYTHONPATH': '/workspace/jazzy_ws/install/lib/python3.12/site-packages', 'COLCON': '1', 'CMAKE_PREFIX_PATH': '/workspace/jazzy_ws/install'}), 'shell': False}
[0.500663] (-) TimerEvent: {}
[0.503169] (cmdvel_to_ackermann) StdoutLine: {'line': b'-- Install configuration: ""\n'}
[0.503302] (cmdvel_to_ackermann) StdoutLine: {'line': b'-- Installing: /workspace/build_ws/install/cmdvel_to_ackermann/share/cmdvel_to_ackermann/scripts\n'}
[0.503342] (cmdvel_to_ackermann) StdoutLine: {'line': b'-- Installing: /workspace/build_ws/install/cmdvel_to_ackermann/share/cmdvel_to_ackermann/scripts/cmdvel_to_ackermann.py\n'}
[0.503397] (cmdvel_to_ackermann) StdoutLine: {'line': b'-- Installing: /workspace/build_ws/install/cmdvel_to_ackermann/share/cmdvel_to_ackermann/scripts/__init__.py\n'}
[0.503451] (cmdvel_to_ackermann) StdoutLine: {'line': b'-- Installing: /workspace/build_ws/install/cmdvel_to_ackermann/share/cmdvel_to_ackermann/launch\n'}
[0.503500] (cmdvel_to_ackermann) StdoutLine: {'line': b'-- Installing: /workspace/build_ws/install/cmdvel_to_ackermann/share/cmdvel_to_ackermann/launch/cmdvel_to_ackermann.launch.py\n'}
[0.503605] (cmdvel_to_ackermann) StdoutLine: {'line': b'-- Installing: /workspace/build_ws/install/cmdvel_to_ackermann/lib/cmdvel_to_ackermann/cmdvel_to_ackermann.py\n'}
[0.503744] (cmdvel_to_ackermann) StdoutLine: {'line': b'-- Installing: /workspace/build_ws/install/cmdvel_to_ackermann/share/ament_index/resource_index/package_run_dependencies/cmdvel_to_ackermann\n'}
[0.503846] (cmdvel_to_ackermann) StdoutLine: {'line': b'-- Installing: /workspace/build_ws/install/cmdvel_to_ackermann/share/ament_index/resource_index/parent_prefix_path/cmdvel_to_ackermann\n'}
[0.503952] (cmdvel_to_ackermann) StdoutLine: {'line': b'-- Installing: /workspace/build_ws/install/cmdvel_to_ackermann/share/cmdvel_to_ackermann/environment/ament_prefix_path.sh\n'}
[0.504032] (cmdvel_to_ackermann) StdoutLine: {'line': b'-- Installing: /workspace/build_ws/install/cmdvel_to_ackermann/share/cmdvel_to_ackermann/environment/ament_prefix_path.dsv\n'}
[0.504111] (cmdvel_to_ackermann) StdoutLine: {'line': b'-- Installing: /workspace/build_ws/install/cmdvel_to_ackermann/share/cmdvel_to_ackermann/environment/path.sh\n'}
[0.504188] (cmdvel_to_ackermann) StdoutLine: {'line': b'-- Installing: /workspace/build_ws/install/cmdvel_to_ackermann/share/cmdvel_to_ackermann/environment/path.dsv\n'}
[0.504265] (cmdvel_to_ackermann) StdoutLine: {'line': b'-- Installing: /workspace/build_ws/install/cmdvel_to_ackermann/share/cmdvel_to_ackermann/local_setup.bash\n'}
[0.504343] (cmdvel_to_ackermann) StdoutLine: {'line': b'-- Installing: /workspace/build_ws/install/cmdvel_to_ackermann/share/cmdvel_to_ackermann/local_setup.sh\n'}
[0.504421] (cmdvel_to_ackermann) StdoutLine: {'line': b'-- Installing: /workspace/build_ws/install/cmdvel_to_ackermann/share/cmdvel_to_ackermann/local_setup.zsh\n'}
[0.504495] (cmdvel_to_ackermann) StdoutLine: {'line': b'-- Installing: /workspace/build_ws/install/cmdvel_to_ackermann/share/cmdvel_to_ackermann/local_setup.dsv\n'}
[0.504568] (cmdvel_to_ackermann) StdoutLine: {'line': b'-- Installing: /workspace/build_ws/install/cmdvel_to_ackermann/share/cmdvel_to_ackermann/package.dsv\n'}
[0.504672] (cmdvel_to_ackermann) StdoutLine: {'line': b'-- Installing: /workspace/build_ws/install/cmdvel_to_ackermann/share/ament_index/resource_index/packages/cmdvel_to_ackermann\n'}
[0.504797] (cmdvel_to_ackermann) StdoutLine: {'line': b'-- Installing: /workspace/build_ws/install/cmdvel_to_ackermann/share/cmdvel_to_ackermann/cmake/cmdvel_to_ackermannConfig.cmake\n'}
[0.504867] (cmdvel_to_ackermann) StdoutLine: {'line': b'-- Installing: /workspace/build_ws/install/cmdvel_to_ackermann/share/cmdvel_to_ackermann/cmake/cmdvel_to_ackermannConfig-version.cmake\n'}
[0.504916] (cmdvel_to_ackermann) StdoutLine: {'line': b'-- Installing: /workspace/build_ws/install/cmdvel_to_ackermann/share/cmdvel_to_ackermann/package.xml\n'}
[0.505703] (cmdvel_to_ackermann) CommandEnded: {'returncode': 0}
[0.513393] (cmdvel_to_ackermann) JobEnded: {'identifier': 'cmdvel_to_ackermann', 'rc': 0}
[0.516220] (isaac_ros_navigation_goal) Command: {'cmd': ['/usr/bin/python3', '-W', 'ignore:setup.py install is deprecated', '-W', 'ignore:easy_install command is deprecated', 'setup.py', 'egg_info', '--egg-base', '../../../build/isaac_ros_navigation_goal', 'build', '--build-base', '/workspace/build_ws/build/isaac_ros_navigation_goal/build', 'install', '--record', '/workspace/build_ws/build/isaac_ros_navigation_goal/install.log', '--single-version-externally-managed', 'install_data'], 'cwd': '/workspace/build_ws/src/navigation/isaac_ros_navigation_goal', 'env': {'SHLVL': '0', 'LD_LIBRARY_PATH': '/workspace/jazzy_ws/install/opt/spdlog_vendor/lib:/workspace/jazzy_ws/install/opt/mimick_vendor/lib:/workspace/jazzy_ws/install/opt/libyaml_vendor/lib:/workspace/jazzy_ws/install/lib', 'HOME': '/root', 'OLDPWD': '/workspace', 'ROS_PYTHON_VERSION': '3', 'LC_CTYPE': 'C.UTF-8', 'COLCON_PREFIX_PATH': '/workspace/jazzy_ws/install', 'ROS_DISTRO': 'jazzy', '_': '/usr/bin/colcon', 'ROS_VERSION': '2', 'PKG_CONFIG_PATH': '/workspace/jazzy_ws/install/lib/x86_64-linux-gnu/pkgconfig:/workspace/jazzy_ws/install/lib/pkgconfig', 'PATH': '/workspace/jazzy_ws/install/opt/uncrustify_vendor/bin:/workspace/jazzy_ws/install/bin:/usr/local/sbin:/usr/local/bin:/usr/sbin:/usr/bin:/sbin:/bin', 'ROS_ROOT': 'jazzy_ws', 'AMENT_PREFIX_PATH': '/workspace/jazzy_ws/install', 'DEBIAN_FRONTEND': 'noninteractive', 'ROS_AUTOMATIC_DISCOVERY_RANGE': 'SUBNET', 'PWD': '/workspace/build_ws/build/isaac_ros_navigation_goal', 'PYTHONPATH': '/workspace/build_ws/build/isaac_ros_navigation_goal/prefix_override:/usr/lib/python3/dist-packages/colcon_core/task/python/colcon_distutils_commands:/workspace/build_ws/install/isaac_ros_navigation_goal/lib/python3.12/site-packages:/workspace/jazzy_ws/install/lib/python3.12/site-packages', 'COLCON': '1', 'CMAKE_PREFIX_PATH': '/workspace/jazzy_ws/install'}, 'shell': False}
[0.517183] (es165_moveit_moveit_config) Command: {'cmd': ['/usr/bin/python3', '-W', 'ignore:setup.py install is deprecated', '-W', 'ignore:easy_install command is deprecated', 'setup.py', 'egg_info', '--egg-base', '../../build/es165_moveit_moveit_config', 'build', '--build-base', '/workspace/build_ws/build/es165_moveit_moveit_config/build', 'install', '--record', '/workspace/build_ws/build/es165_moveit_moveit_config/install.log', '--single-version-externally-managed', 'install_data'], 'cwd': '/workspace/build_ws/src/es165_moveit_moveit_config', 'env': {'SHLVL': '0', 'LD_LIBRARY_PATH': '/workspace/jazzy_ws/install/opt/spdlog_vendor/lib:/workspace/jazzy_ws/install/opt/mimick_vendor/lib:/workspace/jazzy_ws/install/opt/libyaml_vendor/lib:/workspace/jazzy_ws/install/lib', 'HOME': '/root', 'OLDPWD': '/workspace', 'ROS_PYTHON_VERSION': '3', 'LC_CTYPE': 'C.UTF-8', 'COLCON_PREFIX_PATH': '/workspace/jazzy_ws/install', 'ROS_DISTRO': 'jazzy', '_': '/usr/bin/colcon', 'ROS_VERSION': '2', 'PKG_CONFIG_PATH': '/workspace/jazzy_ws/install/lib/x86_64-linux-gnu/pkgconfig:/workspace/jazzy_ws/install/lib/pkgconfig', 'PATH': '/workspace/jazzy_ws/install/opt/uncrustify_vendor/bin:/workspace/jazzy_ws/install/bin:/usr/local/sbin:/usr/local/bin:/usr/sbin:/usr/bin:/sbin:/bin', 'ROS_ROOT': 'jazzy_ws', 'AMENT_PREFIX_PATH': '/workspace/jazzy_ws/install', 'DEBIAN_FRONTEND': 'noninteractive', 'ROS_AUTOMATIC_DISCOVERY_RANGE': 'SUBNET', 'PWD': '/workspace/build_ws/build/es165_moveit_moveit_config', 'PYTHONPATH': '/workspace/build_ws/build/es165_moveit_moveit_config/prefix_override:/usr/lib/python3/dist-packages/colcon_core/task/python/colcon_distutils_commands:/workspace/build_ws/install/es165_moveit_moveit_config/lib/python3.12/site-packages:/workspace/jazzy_ws/install/lib/python3.12/site-packages', 'COLCON': '1', 'CMAKE_PREFIX_PATH': '/workspace/jazzy_ws/install'}, 'shell': False}
[0.522706] (es165_moveit) Command: {'cmd': ['/usr/bin/python3', '-W', 'ignore:setup.py install is deprecated', '-W', 'ignore:easy_install command is deprecated', 'setup.py', 'egg_info', '--egg-base', '../../build/es165_moveit', 'build', '--build-base', '/workspace/build_ws/build/es165_moveit/build', 'install', '--record', '/workspace/build_ws/build/es165_moveit/install.log', '--single-version-externally-managed', 'install_data'], 'cwd': '/workspace/build_ws/src/es165_moveit', 'env': {'SHLVL': '0', 'LD_LIBRARY_PATH': '/workspace/jazzy_ws/install/opt/spdlog_vendor/lib:/workspace/jazzy_ws/install/opt/mimick_vendor/lib:/workspace/jazzy_ws/install/opt/libyaml_vendor/lib:/workspace/jazzy_ws/install/lib', 'HOME': '/root', 'OLDPWD': '/workspace', 'ROS_PYTHON_VERSION': '3', 'LC_CTYPE': 'C.UTF-8', 'COLCON_PREFIX_PATH': '/workspace/jazzy_ws/install', 'ROS_DISTRO': 'jazzy', '_': '/usr/bin/colcon', 'ROS_VERSION': '2', 'PKG_CONFIG_PATH': '/workspace/jazzy_ws/install/lib/x86_64-linux-gnu/pkgconfig:/workspace/jazzy_ws/install/lib/pkgconfig', 'PATH': '/workspace/jazzy_ws/install/opt/uncrustify_vendor/bin:/workspace/jazzy_ws/install/bin:/usr/local/sbin:/usr/local/bin:/usr/sbin:/usr/bin:/sbin:/bin', 'ROS_ROOT': 'jazzy_ws', 'AMENT_PREFIX_PATH': '/workspace/jazzy_ws/install', 'DEBIAN_FRONTEND': 'noninteractive', 'ROS_AUTOMATIC_DISCOVERY_RANGE': 'SUBNET', 'PWD': '/workspace/build_ws/build/es165_moveit', 'PYTHONPATH': '/workspace/build_ws/build/es165_moveit/prefix_override:/usr/lib/python3/dist-packages/colcon_core/task/python/colcon_distutils_commands:/workspace/build_ws/install/es165_moveit/lib/python3.12/site-packages:/workspace/jazzy_ws/install/lib/python3.12/site-packages', 'COLCON': '1', 'CMAKE_PREFIX_PATH': '/workspace/jazzy_ws/install'}, 'shell': False}
[0.529161] (isaac_tutorials) StdoutLine: {'line': b'-- Detecting CXX compiler ABI info - done\n'}
[0.530039] (iw_hub_navigation) StdoutLine: {'line': b'-- Detecting CXX compiler ABI info - done\n'}
[0.531829] (isaacsim) StdoutLine: {'line': b'-- Detecting CXX compiler ABI info - done\n'}
[0.534553] (iw_hub_navigation) StdoutLine: {'line': b'-- Check for working CXX compiler: /usr/bin/c++ - skipped\n'}
[0.534679] (iw_hub_navigation) StdoutLine: {'line': b'-- Detecting CXX compile features\n'}
[0.535333] (iw_hub_navigation) StdoutLine: {'line': b'-- Detecting CXX compile features - done\n'}
[0.535477] (isaac_tutorials) StdoutLine: {'line': b'-- Check for working CXX compiler: /usr/bin/c++ - skipped\n'}
[0.535559] (isaac_tutorials) StdoutLine: {'line': b'-- Detecting CXX compile features\n'}
[0.535614] (isaac_tutorials) StdoutLine: {'line': b'-- Detecting CXX compile features - done\n'}
[0.536358] (iw_hub_navigation) StdoutLine: {'line': b'-- Found ament_cmake: 2.5.5 (/workspace/jazzy_ws/install/share/ament_cmake/cmake)\n'}
[0.536426] (isaacsim) StdoutLine: {'line': b'-- Check for working CXX compiler: /usr/bin/c++ - skipped\n'}
[0.536461] (isaacsim) StdoutLine: {'line': b'-- Detecting CXX compile features\n'}
[0.536486] (isaacsim) StdoutLine: {'line': b'-- Detecting CXX compile features - done\n'}
[0.537131] (isaac_tutorials) StdoutLine: {'line': b'-- Found ament_cmake: 2.5.5 (/workspace/jazzy_ws/install/share/ament_cmake/cmake)\n'}
[0.537240] (isaacsim) StdoutLine: {'line': b'-- Found ament_cmake: 2.5.5 (/workspace/jazzy_ws/install/share/ament_cmake/cmake)\n'}
[0.540360] (h1_fullbody_controller) StdoutLine: {'line': b'-- Found rclpy: 7.1.10 (/workspace/jazzy_ws/install/share/rclpy/cmake)\n'}
[0.541200] (isaac_ros2_messages) StdoutLine: {'line': b'-- Found ament_lint_auto: 0.17.4 (/workspace/jazzy_ws/install/share/ament_lint_auto/cmake)\n'}
[0.541273] (h1_fullbody_controller) StdoutLine: {'line': b'-- Found geometry_msgs: 5.3.6 (/workspace/jazzy_ws/install/share/geometry_msgs/cmake)\n'}
[0.555368] (h1_fullbody_controller) StdoutLine: {'line': b'-- Found rosidl_generator_c: 4.6.7 (/workspace/jazzy_ws/install/share/rosidl_generator_c/cmake)\n'}
[0.560765] (h1_fullbody_controller) StdoutLine: {'line': b'-- Found rosidl_generator_cpp: 4.6.7 (/workspace/jazzy_ws/install/share/rosidl_generator_cpp/cmake)\n'}
[0.567826] (h1_fullbody_controller) StdoutLine: {'line': b'-- Using all available rosidl_typesupport_c: rosidl_typesupport_fastrtps_c;rosidl_typesupport_introspection_c\n'}
[0.574738] (h1_fullbody_controller) StdoutLine: {'line': b'-- Using all available rosidl_typesupport_cpp: rosidl_typesupport_fastrtps_cpp;rosidl_typesupport_introspection_cpp\n'}
[0.592815] (isaac_ros_navigation_goal) StderrLine: {'line': b"/usr/local/lib/python3.12/dist-packages/setuptools/_distutils/dist.py:287: UserWarning: Unknown distribution option: 'tests_require'\n"}
[0.592957] (isaac_ros_navigation_goal) StderrLine: {'line': b'  warnings.warn(msg)\n'}
[0.596701] (h1_fullbody_controller) StdoutLine: {'line': b'-- Found sensor_msgs: 5.3.6 (/workspace/jazzy_ws/install/share/sensor_msgs/cmake)\n'}
[0.600375] (isaac_ros2_messages) StdoutLine: {'line': b'-- Found builtin_interfaces: 2.0.3 (/workspace/jazzy_ws/install/share/builtin_interfaces/cmake)\n'}
[0.600717] (-) TimerEvent: {}
[0.605263] (iw_hub_navigation) StdoutLine: {'line': b'-- Found Python3: /usr/bin/python3 (found version "3.12.3") found components: Interpreter \n'}
[0.605330] (isaac_tutorials) StdoutLine: {'line': b'-- Found Python3: /usr/bin/python3 (found version "3.12.3") found components: Interpreter \n'}
[0.606197] (isaacsim) StdoutLine: {'line': b'-- Found Python3: /usr/bin/python3 (found version "3.12.3") found components: Interpreter \n'}
[0.616931] (isaac_ros2_messages) StdoutLine: {'line': b'-- Found rosidl_generator_c: 4.6.7 (/workspace/jazzy_ws/install/share/rosidl_generator_c/cmake)\n'}
[0.623729] (isaac_ros2_messages) StdoutLine: {'line': b'-- Found rosidl_generator_cpp: 4.6.7 (/workspace/jazzy_ws/install/share/rosidl_generator_cpp/cmake)\n'}
[0.624667] (isaac_ros_navigation_goal) StdoutLine: {'line': b'running egg_info\n'}
[0.625706] (es165_moveit_moveit_config) StdoutLine: {'line': b'running egg_info\n'}
[0.629612] (isaac_ros_navigation_goal) StdoutLine: {'line': b'creating ../../../build/isaac_ros_navigation_goal/isaac_ros_navigation_goal.egg-info\n'}
[0.629691] (isaac_ros_navigation_goal) StdoutLine: {'line': b'writing ../../../build/isaac_ros_navigation_goal/isaac_ros_navigation_goal.egg-info/PKG-INFO\n'}
[0.629925] (isaac_ros_navigation_goal) StdoutLine: {'line': b'writing dependency_links to ../../../build/isaac_ros_navigation_goal/isaac_ros_navigation_goal.egg-info/dependency_links.txt\n'}
[0.629964] (isaac_ros_navigation_goal) StdoutLine: {'line': b'writing entry points to ../../../build/isaac_ros_navigation_goal/isaac_ros_navigation_goal.egg-info/entry_points.txt\n'}
[0.629998] (isaac_ros_navigation_goal) StdoutLine: {'line': b'writing requirements to ../../../build/isaac_ros_navigation_goal/isaac_ros_navigation_goal.egg-info/requires.txt\n'}
[0.630031] (isaac_ros_navigation_goal) StdoutLine: {'line': b'writing top-level names to ../../../build/isaac_ros_navigation_goal/isaac_ros_navigation_goal.egg-info/top_level.txt\n'}
[0.630311] (isaac_ros_navigation_goal) StdoutLine: {'line': b"writing manifest file '../../../build/isaac_ros_navigation_goal/isaac_ros_navigation_goal.egg-info/SOURCES.txt'\n"}
[0.630343] (es165_moveit_moveit_config) StdoutLine: {'line': b'creating ../../build/es165_moveit_moveit_config/es165_moveit_moveit_config.egg-info\n'}
[0.630379] (es165_moveit_moveit_config) StdoutLine: {'line': b'writing ../../build/es165_moveit_moveit_config/es165_moveit_moveit_config.egg-info/PKG-INFO\n'}
[0.630750] (es165_moveit_moveit_config) StdoutLine: {'line': b'writing dependency_links to ../../build/es165_moveit_moveit_config/es165_moveit_moveit_config.egg-info/dependency_links.txt\n'}
[0.630805] (es165_moveit_moveit_config) StdoutLine: {'line': b'writing requirements to ../../build/es165_moveit_moveit_config/es165_moveit_moveit_config.egg-info/requires.txt\n'}
[0.630835] (es165_moveit_moveit_config) StdoutLine: {'line': b'writing top-level names to ../../build/es165_moveit_moveit_config/es165_moveit_moveit_config.egg-info/top_level.txt\n'}
[0.630864] (es165_moveit_moveit_config) StdoutLine: {'line': b"writing manifest file '../../build/es165_moveit_moveit_config/es165_moveit_moveit_config.egg-info/SOURCES.txt'\n"}
[0.630999] (es165_moveit) StdoutLine: {'line': b'running egg_info\n'}
[0.631982] (isaac_ros2_messages) StdoutLine: {'line': b'-- Using all available rosidl_typesupport_c: rosidl_typesupport_fastrtps_c;rosidl_typesupport_introspection_c\n'}
[0.635887] (es165_moveit) StdoutLine: {'line': b'creating ../../build/es165_moveit/es165_moveit.egg-info\n'}
[0.635987] (es165_moveit) StdoutLine: {'line': b'writing ../../build/es165_moveit/es165_moveit.egg-info/PKG-INFO\n'}
[0.636175] (es165_moveit) StdoutLine: {'line': b'writing dependency_links to ../../build/es165_moveit/es165_moveit.egg-info/dependency_links.txt\n'}
[0.636282] (es165_moveit) StdoutLine: {'line': b'writing entry points to ../../build/es165_moveit/es165_moveit.egg-info/entry_points.txt\n'}
[0.636378] (es165_moveit) StdoutLine: {'line': b'writing requirements to ../../build/es165_moveit/es165_moveit.egg-info/requires.txt\n'}
[0.636428] (es165_moveit) StdoutLine: {'line': b'writing top-level names to ../../build/es165_moveit/es165_moveit.egg-info/top_level.txt\n'}
[0.636474] (es165_moveit) StdoutLine: {'line': b"writing manifest file '../../build/es165_moveit/es165_moveit.egg-info/SOURCES.txt'\n"}
[0.641523] (isaac_ros_navigation_goal) StdoutLine: {'line': b"reading manifest file '../../../build/isaac_ros_navigation_goal/isaac_ros_navigation_goal.egg-info/SOURCES.txt'\n"}
[0.641621] (isaac_ros2_messages) StdoutLine: {'line': b'-- Using all available rosidl_typesupport_cpp: rosidl_typesupport_fastrtps_cpp;rosidl_typesupport_introspection_cpp\n'}
[0.641703] (es165_moveit_moveit_config) StdoutLine: {'line': b"reading manifest file '../../build/es165_moveit_moveit_config/es165_moveit_moveit_config.egg-info/SOURCES.txt'\n"}
[0.641977] (isaac_ros_navigation_goal) StdoutLine: {'line': b"writing manifest file '../../../build/isaac_ros_navigation_goal/isaac_ros_navigation_goal.egg-info/SOURCES.txt'\n"}
[0.642081] (isaac_ros_navigation_goal) StdoutLine: {'line': b'running build\n'}
[0.642118] (isaac_ros_navigation_goal) StdoutLine: {'line': b'running build_py\n'}
[0.642186] (isaac_ros_navigation_goal) StdoutLine: {'line': b'creating /workspace/build_ws/build/isaac_ros_navigation_goal/build/lib/isaac_ros_navigation_goal\n'}
[0.642225] (es165_moveit_moveit_config) StdoutLine: {'line': b"writing manifest file '../../build/es165_moveit_moveit_config/es165_moveit_moveit_config.egg-info/SOURCES.txt'\n"}
[0.642291] (es165_moveit_moveit_config) StdoutLine: {'line': b'running build\n'}
[0.642344] (es165_moveit_moveit_config) StdoutLine: {'line': b'running build_py\n'}
[0.642390] (isaac_ros_navigation_goal) StdoutLine: {'line': b'copying isaac_ros_navigation_goal/set_goal.py -> /workspace/build_ws/build/isaac_ros_navigation_goal/build/lib/isaac_ros_navigation_goal\n'}
[0.642450] (es165_moveit_moveit_config) StdoutLine: {'line': b'creating /workspace/build_ws/build/es165_moveit_moveit_config/build/lib/es165_moveit_moveit_config\n'}
[0.642488] (isaac_ros_navigation_goal) StdoutLine: {'line': b'copying isaac_ros_navigation_goal/__init__.py -> /workspace/build_ws/build/isaac_ros_navigation_goal/build/lib/isaac_ros_navigation_goal\n'}
[0.642535] (isaac_ros_navigation_goal) StdoutLine: {'line': b'copying isaac_ros_navigation_goal/obstacle_map.py -> /workspace/build_ws/build/isaac_ros_navigation_goal/build/lib/isaac_ros_navigation_goal\n'}
[0.642585] (es165_moveit_moveit_config) StdoutLine: {'line': b'copying es165_moveit_moveit_config/__init__.py -> /workspace/build_ws/build/es165_moveit_moveit_config/build/lib/es165_moveit_moveit_config\n'}
[0.642620] (isaac_ros_navigation_goal) StdoutLine: {'line': b'creating /workspace/build_ws/build/isaac_ros_navigation_goal/build/lib/isaac_ros_navigation_goal/goal_generators\n'}
[0.642654] (es165_moveit_moveit_config) StdoutLine: {'line': b'running install\n'}
[0.642708] (isaac_ros_navigation_goal) StdoutLine: {'line': b'copying isaac_ros_navigation_goal/goal_generators/__init__.py -> /workspace/build_ws/build/isaac_ros_navigation_goal/build/lib/isaac_ros_navigation_goal/goal_generators\n'}
[0.642759] (isaac_ros_navigation_goal) StdoutLine: {'line': b'copying isaac_ros_navigation_goal/goal_generators/random_goal_generator.py -> /workspace/build_ws/build/isaac_ros_navigation_goal/build/lib/isaac_ros_navigation_goal/goal_generators\n'}
[0.642790] (isaac_ros_navigation_goal) StdoutLine: {'line': b'copying isaac_ros_navigation_goal/goal_generators/goal_reader.py -> /workspace/build_ws/build/isaac_ros_navigation_goal/build/lib/isaac_ros_navigation_goal/goal_generators\n'}
[0.642820] (isaac_ros_navigation_goal) StdoutLine: {'line': b'copying isaac_ros_navigation_goal/goal_generators/goal_generator.py -> /workspace/build_ws/build/isaac_ros_navigation_goal/build/lib/isaac_ros_navigation_goal/goal_generators\n'}
[0.642886] (isaac_ros_navigation_goal) StdoutLine: {'line': b'running install\n'}
[0.644658] (es165_moveit_moveit_config) StdoutLine: {'line': b'running install_lib\n'}
[0.645646] (isaac_ros_navigation_goal) StdoutLine: {'line': b'running install_lib\n'}
[0.648436] (es165_moveit) StdoutLine: {'line': b"reading manifest file '../../build/es165_moveit/es165_moveit.egg-info/SOURCES.txt'\n"}
[0.649186] (es165_moveit) StdoutLine: {'line': b"writing manifest file '../../build/es165_moveit/es165_moveit.egg-info/SOURCES.txt'\n"}
[0.649232] (es165_moveit) StdoutLine: {'line': b'running build\n'}
[0.649266] (es165_moveit) StdoutLine: {'line': b'running build_py\n'}
[0.649299] (es165_moveit) StdoutLine: {'line': b'creating /workspace/build_ws/build/es165_moveit/build/lib/es165_moveit\n'}
[0.649344] (es165_moveit) StdoutLine: {'line': b'copying es165_moveit/torque_pub_test.py -> /workspace/build_ws/build/es165_moveit/build/lib/es165_moveit\n'}
[0.649377] (es165_moveit) StdoutLine: {'line': b'copying es165_moveit/publish_torque_profile.py -> /workspace/build_ws/build/es165_moveit/build/lib/es165_moveit\n'}
[0.649479] (es165_moveit) StdoutLine: {'line': b'copying es165_moveit/__init__.py -> /workspace/build_ws/build/es165_moveit/build/lib/es165_moveit\n'}
[0.649516] (es165_moveit) StdoutLine: {'line': b'copying es165_moveit/angle_intercepter.py -> /workspace/build_ws/build/es165_moveit/build/lib/es165_moveit\n'}
[0.649551] (es165_moveit) StdoutLine: {'line': b'copying es165_moveit/control_rw.py -> /workspace/build_ws/build/es165_moveit/build/lib/es165_moveit\n'}
[0.649586] (es165_moveit) StdoutLine: {'line': b'copying es165_moveit/publish_scene_mesh.py -> /workspace/build_ws/build/es165_moveit/build/lib/es165_moveit\n'}
[0.649663] (es165_moveit) StdoutLine: {'line': b'copying es165_moveit/zero_g_servo.py -> /workspace/build_ws/build/es165_moveit/build/lib/es165_moveit\n'}
[0.649694] (es165_moveit) StdoutLine: {'line': b'copying es165_moveit/visualize_pcd.py -> /workspace/build_ws/build/es165_moveit/build/lib/es165_moveit\n'}
[0.649726] (es165_moveit) StdoutLine: {'line': b'copying es165_moveit/gui.py -> /workspace/build_ws/build/es165_moveit/build/lib/es165_moveit\n'}
[0.649756] (es165_moveit) StdoutLine: {'line': b'copying es165_moveit/rw_model.py -> /workspace/build_ws/build/es165_moveit/build/lib/es165_moveit\n'}
[0.649789] (es165_moveit) StdoutLine: {'line': b'copying es165_moveit/calculate_free_space.py -> /workspace/build_ws/build/es165_moveit/build/lib/es165_moveit\n'}
[0.649821] (es165_moveit) StdoutLine: {'line': b'copying es165_moveit/deprecated_trajectory_reference.py -> /workspace/build_ws/build/es165_moveit/build/lib/es165_moveit\n'}
[0.649865] (es165_moveit) StdoutLine: {'line': b'copying es165_moveit/pub_angular_acc.py -> /workspace/build_ws/build/es165_moveit/build/lib/es165_moveit\n'}
[0.649916] (es165_moveit_moveit_config) StdoutLine: {'line': b'creating /workspace/build_ws/install/es165_moveit_moveit_config/lib/python3.12/site-packages/es165_moveit_moveit_config\n'}
[0.649953] (es165_moveit_moveit_config) StdoutLine: {'line': b'copying /workspace/build_ws/build/es165_moveit_moveit_config/build/lib/es165_moveit_moveit_config/__init__.py -> /workspace/build_ws/install/es165_moveit_moveit_config/lib/python3.12/site-packages/es165_moveit_moveit_config\n'}
[0.649984] (es165_moveit) StdoutLine: {'line': b'running install\n'}
[0.650123] (es165_moveit_moveit_config) StdoutLine: {'line': b'byte-compiling /workspace/build_ws/install/es165_moveit_moveit_config/lib/python3.12/site-packages/es165_moveit_moveit_config/__init__.py to __init__.cpython-312.pyc\n'}
[0.650245] (es165_moveit_moveit_config) StdoutLine: {'line': b'running install_data\n'}
[0.650346] (es165_moveit_moveit_config) StdoutLine: {'line': b'creating /workspace/build_ws/install/es165_moveit_moveit_config/share/ament_index/resource_index/packages\n'}
[0.650425] (es165_moveit_moveit_config) StdoutLine: {'line': b'copying resource/es165_moveit_moveit_config -> /workspace/build_ws/install/es165_moveit_moveit_config/share/ament_index/resource_index/packages\n'}
[0.650545] (isaac_ros2_messages) StdoutLine: {'line': b'-- Found rosidl_default_generators: 1.6.0 (/workspace/jazzy_ws/install/share/rosidl_default_generators/cmake)\n'}
[0.650620] (es165_moveit_moveit_config) StdoutLine: {'line': b'copying package.xml -> /workspace/build_ws/install/es165_moveit_moveit_config/share/es165_moveit_moveit_config\n'}
[0.650664] (es165_moveit_moveit_config) StdoutLine: {'line': b'creating /workspace/build_ws/install/es165_moveit_moveit_config/share/es165_moveit_moveit_config/config\n'}
[0.650696] (isaac_ros_navigation_goal) StdoutLine: {'line': b'creating /workspace/build_ws/install/isaac_ros_navigation_goal/lib/python3.12/site-packages/isaac_ros_navigation_goal\n'}
[0.650756] (es165_moveit_moveit_config) StdoutLine: {'line': b'copying config/rw2_servo_params.yaml -> /workspace/build_ws/install/es165_moveit_moveit_config/share/es165_moveit_moveit_config/config\n'}
[0.650831] (isaac_ros_navigation_goal) StdoutLine: {'line': b'copying /workspace/build_ws/build/isaac_ros_navigation_goal/build/lib/isaac_ros_navigation_goal/set_goal.py -> /workspace/build_ws/install/isaac_ros_navigation_goal/lib/python3.12/site-packages/isaac_ros_navigation_goal\n'}
[0.650869] (es165_moveit_moveit_config) StdoutLine: {'line': b'copying config/controller.yaml -> /workspace/build_ws/install/es165_moveit_moveit_config/share/es165_moveit_moveit_config/config\n'}
[0.650904] (isaac_ros_navigation_goal) StdoutLine: {'line': b'creating /workspace/build_ws/install/isaac_ros_navigation_goal/lib/python3.12/site-packages/isaac_ros_navigation_goal/goal_generators\n'}
[0.650962] (es165_moveit_moveit_config) StdoutLine: {'line': b'copying config/rw1_servo_params.yaml -> /workspace/build_ws/install/es165_moveit_moveit_config/share/es165_moveit_moveit_config/config\n'}
[0.651043] (isaac_ros_navigation_goal) StdoutLine: {'line': b'copying /workspace/build_ws/build/isaac_ros_navigation_goal/build/lib/isaac_ros_navigation_goal/goal_generators/__init__.py -> /workspace/build_ws/install/isaac_ros_navigation_goal/lib/python3.12/site-packages/isaac_ros_navigation_goal/goal_generators\n'}
[0.651114] (es165_moveit_moveit_config) StdoutLine: {'line': b'copying config/servo_params.yaml -> /workspace/build_ws/install/es165_moveit_moveit_config/share/es165_moveit_moveit_config/config\n'}
[0.651166] (es165_moveit_moveit_config) StdoutLine: {'line': b'copying config/ros2_controllers.yaml -> /workspace/build_ws/install/es165_moveit_moveit_config/share/es165_moveit_moveit_config/config\n'}
[0.651196] (es165_moveit_moveit_config) StdoutLine: {'line': b'copying config/rw3_servo_params.yaml -> /workspace/build_ws/install/es165_moveit_moveit_config/share/es165_moveit_moveit_config/config\n'}
[0.651225] (isaac_ros_navigation_goal) StdoutLine: {'line': b'copying /workspace/build_ws/build/isaac_ros_navigation_goal/build/lib/isaac_ros_navigation_goal/goal_generators/random_goal_generator.py -> /workspace/build_ws/install/isaac_ros_navigation_goal/lib/python3.12/site-packages/isaac_ros_navigation_goal/goal_generators\n'}
[0.651257] (isaac_ros_navigation_goal) StdoutLine: {'line': b'copying /workspace/build_ws/build/isaac_ros_navigation_goal/build/lib/isaac_ros_navigation_goal/goal_generators/goal_reader.py -> /workspace/build_ws/install/isaac_ros_navigation_goal/lib/python3.12/site-packages/isaac_ros_navigation_goal/goal_generators\n'}
[0.651286] (es165_moveit_moveit_config) StdoutLine: {'line': b'copying config/joint_limits.yaml -> /workspace/build_ws/install/es165_moveit_moveit_config/share/es165_moveit_moveit_config/config\n'}
[0.651317] (isaac_ros_navigation_goal) StdoutLine: {'line': b'copying /workspace/build_ws/build/isaac_ros_navigation_goal/build/lib/isaac_ros_navigation_goal/goal_generators/goal_generator.py -> /workspace/build_ws/install/isaac_ros_navigation_goal/lib/python3.12/site-packages/isaac_ros_navigation_goal/goal_generators\n'}
[0.651355] (es165_moveit_moveit_config) StdoutLine: {'line': b'copying config/rw4_servo_params.yaml -> /workspace/build_ws/install/es165_moveit_moveit_config/share/es165_moveit_moveit_config/config\n'}
[0.651387] (es165_moveit_moveit_config) StdoutLine: {'line': b'copying config/es165.xacro -> /workspace/build_ws/install/es165_moveit_moveit_config/share/es165_moveit_moveit_config/config\n'}
[0.651418] (isaac_ros_navigation_goal) StdoutLine: {'line': b'copying /workspace/build_ws/build/isaac_ros_navigation_goal/build/lib/isaac_ros_navigation_goal/__init__.py -> /workspace/build_ws/install/isaac_ros_navigation_goal/lib/python3.12/site-packages/isaac_ros_navigation_goal\n'}
[0.651463] (es165_moveit_moveit_config) StdoutLine: {'line': b'copying config/kinematics.yaml -> /workspace/build_ws/install/es165_moveit_moveit_config/share/es165_moveit_moveit_config/config\n'}
[0.651492] (isaac_ros_navigation_goal) StdoutLine: {'line': b'copying /workspace/build_ws/build/isaac_ros_navigation_goal/build/lib/isaac_ros_navigation_goal/obstacle_map.py -> /workspace/build_ws/install/isaac_ros_navigation_goal/lib/python3.12/site-packages/isaac_ros_navigation_goal\n'}
[0.651522] (es165_moveit_moveit_config) StdoutLine: {'line': b'copying config/es165d.srdf -> /workspace/build_ws/install/es165_moveit_moveit_config/share/es165_moveit_moveit_config/config\n'}
[0.651551] (es165_moveit_moveit_config) StdoutLine: {'line': b'running install_egg_info\n'}
[0.651578] (isaac_ros_navigation_goal) StdoutLine: {'line': b'byte-compiling /workspace/build_ws/install/isaac_ros_navigation_goal/lib/python3.12/site-packages/isaac_ros_navigation_goal/set_goal.py to set_goal.cpython-312.pyc\n'}
[0.651792] (es165_moveit) StdoutLine: {'line': b'running install_lib\n'}
[0.652360] (isaac_ros_navigation_goal) StdoutLine: {'line': b'byte-compiling /workspace/build_ws/install/isaac_ros_navigation_goal/lib/python3.12/site-packages/isaac_ros_navigation_goal/goal_generators/__init__.py to __init__.cpython-312.pyc\n'}
[0.652471] (isaac_ros_navigation_goal) StdoutLine: {'line': b'byte-compiling /workspace/build_ws/install/isaac_ros_navigation_goal/lib/python3.12/site-packages/isaac_ros_navigation_goal/goal_generators/random_goal_generator.py to random_goal_generator.cpython-312.pyc\n'}
[0.652692] (isaac_ros_navigation_goal) StdoutLine: {'line': b'byte-compiling /workspace/build_ws/install/isaac_ros_navigation_goal/lib/python3.12/site-packages/isaac_ros_navigation_goal/goal_generators/goal_reader.py to goal_reader.cpython-312.pyc\n'}
[0.652884] (isaac_ros_navigation_goal) StdoutLine: {'line': b'byte-compiling /workspace/build_ws/install/isaac_ros_navigation_goal/lib/python3.12/site-packages/isaac_ros_navigation_goal/goal_generators/goal_generator.py to goal_generator.cpython-312.pyc\n'}
[0.653020] (isaac_ros_navigation_goal) StdoutLine: {'line': b'byte-compiling /workspace/build_ws/install/isaac_ros_navigation_goal/lib/python3.12/site-packages/isaac_ros_navigation_goal/__init__.py to __init__.cpython-312.pyc\n'}
[0.653097] (isaac_ros_navigation_goal) StdoutLine: {'line': b'byte-compiling /workspace/build_ws/install/isaac_ros_navigation_goal/lib/python3.12/site-packages/isaac_ros_navigation_goal/obstacle_map.py to obstacle_map.cpython-312.pyc\n'}
[0.653602] (isaac_ros_navigation_goal) StdoutLine: {'line': b'running install_data\n'}
[0.653702] (isaac_ros_navigation_goal) StdoutLine: {'line': b'creating /workspace/build_ws/install/isaac_ros_navigation_goal/share/ament_index/resource_index/packages\n'}
[0.653792] (isaac_ros_navigation_goal) StdoutLine: {'line': b'copying resource/isaac_ros_navigation_goal -> /workspace/build_ws/install/isaac_ros_navigation_goal/share/ament_index/resource_index/packages\n'}
[0.653891] (isaac_ros_navigation_goal) StdoutLine: {'line': b'copying package.xml -> /workspace/build_ws/install/isaac_ros_navigation_goal/share/isaac_ros_navigation_goal\n'}
[0.653947] (isaac_ros_navigation_goal) StdoutLine: {'line': b'creating /workspace/build_ws/install/isaac_ros_navigation_goal/share/isaac_ros_navigation_goal/launch\n'}
[0.653990] (isaac_ros_navigation_goal) StdoutLine: {'line': b'copying launch/isaac_ros_navigation_goal.launch.py -> /workspace/build_ws/install/isaac_ros_navigation_goal/share/isaac_ros_navigation_goal/launch\n'}
[0.654050] (isaac_ros_navigation_goal) StdoutLine: {'line': b'creating /workspace/build_ws/install/isaac_ros_navigation_goal/share/isaac_ros_navigation_goal/assets\n'}
[0.654093] (isaac_ros_navigation_goal) StdoutLine: {'line': b'copying assets/carter_warehouse_navigation.yaml -> /workspace/build_ws/install/isaac_ros_navigation_goal/share/isaac_ros_navigation_goal/assets\n'}
[0.654142] (isaac_ros_navigation_goal) StdoutLine: {'line': b'copying assets/carter_warehouse_navigation.png -> /workspace/build_ws/install/isaac_ros_navigation_goal/share/isaac_ros_navigation_goal/assets\n'}
[0.654189] (isaac_ros_navigation_goal) StdoutLine: {'line': b'copying assets/goals.txt -> /workspace/build_ws/install/isaac_ros_navigation_goal/share/isaac_ros_navigation_goal/assets\n'}
[0.654236] (isaac_ros_navigation_goal) StdoutLine: {'line': b'running install_egg_info\n'}
[0.656713] (es165_moveit_moveit_config) StdoutLine: {'line': b'Copying ../../build/es165_moveit_moveit_config/es165_moveit_moveit_config.egg-info to /workspace/build_ws/install/es165_moveit_moveit_config/lib/python3.12/site-packages/es165_moveit_moveit_config-0.0.0-py3.12.egg-info\n'}
[0.657259] (es165_moveit_moveit_config) StdoutLine: {'line': b'running install_scripts\n'}
[0.657295] (es165_moveit) StdoutLine: {'line': b'creating /workspace/build_ws/install/es165_moveit/lib/python3.12/site-packages/es165_moveit\n'}
[0.657362] (es165_moveit) StdoutLine: {'line': b'copying /workspace/build_ws/build/es165_moveit/build/lib/es165_moveit/torque_pub_test.py -> /workspace/build_ws/install/es165_moveit/lib/python3.12/site-packages/es165_moveit\n'}
[0.657396] (es165_moveit) StdoutLine: {'line': b'copying /workspace/build_ws/build/es165_moveit/build/lib/es165_moveit/publish_torque_profile.py -> /workspace/build_ws/install/es165_moveit/lib/python3.12/site-packages/es165_moveit\n'}
[0.657430] (es165_moveit) StdoutLine: {'line': b'copying /workspace/build_ws/build/es165_moveit/build/lib/es165_moveit/__init__.py -> /workspace/build_ws/install/es165_moveit/lib/python3.12/site-packages/es165_moveit\n'}
[0.657463] (es165_moveit) StdoutLine: {'line': b'copying /workspace/build_ws/build/es165_moveit/build/lib/es165_moveit/angle_intercepter.py -> /workspace/build_ws/install/es165_moveit/lib/python3.12/site-packages/es165_moveit\n'}
[0.657496] (es165_moveit) StdoutLine: {'line': b'copying /workspace/build_ws/build/es165_moveit/build/lib/es165_moveit/control_rw.py -> /workspace/build_ws/install/es165_moveit/lib/python3.12/site-packages/es165_moveit\n'}
[0.657591] (es165_moveit) StdoutLine: {'line': b'copying /workspace/build_ws/build/es165_moveit/build/lib/es165_moveit/publish_scene_mesh.py -> /workspace/build_ws/install/es165_moveit/lib/python3.12/site-packages/es165_moveit\n'}
[0.657623] (es165_moveit) StdoutLine: {'line': b'copying /workspace/build_ws/build/es165_moveit/build/lib/es165_moveit/zero_g_servo.py -> /workspace/build_ws/install/es165_moveit/lib/python3.12/site-packages/es165_moveit\n'}
[0.657651] (isaac_ros2_messages) StdoutLine: {'line': b'-- Found rosidl_adapter: 4.6.7 (/workspace/jazzy_ws/install/share/rosidl_adapter/cmake)\n'}
[0.657688] (es165_moveit) StdoutLine: {'line': b'copying /workspace/build_ws/build/es165_moveit/build/lib/es165_moveit/visualize_pcd.py -> /workspace/build_ws/install/es165_moveit/lib/python3.12/site-packages/es165_moveit\n'}
[0.657716] (es165_moveit) StdoutLine: {'line': b'copying /workspace/build_ws/build/es165_moveit/build/lib/es165_moveit/gui.py -> /workspace/build_ws/install/es165_moveit/lib/python3.12/site-packages/es165_moveit\n'}
[0.657747] (es165_moveit) StdoutLine: {'line': b'copying /workspace/build_ws/build/es165_moveit/build/lib/es165_moveit/rw_model.py -> /workspace/build_ws/install/es165_moveit/lib/python3.12/site-packages/es165_moveit\n'}
[0.657777] (es165_moveit) StdoutLine: {'line': b'copying /workspace/build_ws/build/es165_moveit/build/lib/es165_moveit/calculate_free_space.py -> /workspace/build_ws/install/es165_moveit/lib/python3.12/site-packages/es165_moveit\n'}
[0.657810] (es165_moveit) StdoutLine: {'line': b'copying /workspace/build_ws/build/es165_moveit/build/lib/es165_moveit/deprecated_trajectory_reference.py -> /workspace/build_ws/install/es165_moveit/lib/python3.12/site-packages/es165_moveit\n'}
[0.657838] (es165_moveit) StdoutLine: {'line': b'copying /workspace/build_ws/build/es165_moveit/build/lib/es165_moveit/pub_angular_acc.py -> /workspace/build_ws/install/es165_moveit/lib/python3.12/site-packages/es165_moveit\n'}
[0.658023] (es165_moveit) StdoutLine: {'line': b'byte-compiling /workspace/build_ws/install/es165_moveit/lib/python3.12/site-packages/es165_moveit/torque_pub_test.py to torque_pub_test.cpython-312.pyc\n'}
[0.658445] (es165_moveit) StdoutLine: {'line': b'byte-compiling /workspace/build_ws/install/es165_moveit/lib/python3.12/site-packages/es165_moveit/publish_torque_profile.py to publish_torque_profile.cpython-312.pyc\n'}
[0.659165] (es165_moveit) StdoutLine: {'line': b'byte-compiling /workspace/build_ws/install/es165_moveit/lib/python3.12/site-packages/es165_moveit/__init__.py to __init__.cpython-312.pyc\n'}
[0.659231] (es165_moveit) StdoutLine: {'line': b'byte-compiling /workspace/build_ws/install/es165_moveit/lib/python3.12/site-packages/es165_moveit/angle_intercepter.py to angle_intercepter.cpython-312.pyc\n'}
[0.659497] (es165_moveit) StdoutLine: {'line': b'byte-compiling /workspace/build_ws/install/es165_moveit/lib/python3.12/site-packages/es165_moveit/control_rw.py to control_rw.cpython-312.pyc\n'}
[0.660052] (es165_moveit) StdoutLine: {'line': b'byte-compiling /workspace/build_ws/install/es165_moveit/lib/python3.12/site-packages/es165_moveit/publish_scene_mesh.py to publish_scene_mesh.cpython-312.pyc\n'}
[0.660117] (isaac_ros_navigation_goal) StdoutLine: {'line': b'Copying ../../../build/isaac_ros_navigation_goal/isaac_ros_navigation_goal.egg-info to /workspace/build_ws/install/isaac_ros_navigation_goal/lib/python3.12/site-packages/isaac_ros_navigation_goal-0.0.1-py3.12.egg-info\n'}
[0.660411] (es165_moveit) StdoutLine: {'line': b'byte-compiling /workspace/build_ws/install/es165_moveit/lib/python3.12/site-packages/es165_moveit/zero_g_servo.py to zero_g_servo.cpython-312.pyc\n'}
[0.660472] (isaac_ros_navigation_goal) StdoutLine: {'line': b'running install_scripts\n'}
[0.660955] (isaacsim) StdoutLine: {'line': b'-- Found rclpy: 7.1.10 (/workspace/jazzy_ws/install/share/rclpy/cmake)\n'}
[0.661280] (isaac_tutorials) StdoutLine: {'line': b'-- Found rclpy: 7.1.10 (/workspace/jazzy_ws/install/share/rclpy/cmake)\n'}
[0.661644] (es165_moveit) StdoutLine: {'line': b'byte-compiling /workspace/build_ws/install/es165_moveit/lib/python3.12/site-packages/es165_moveit/visualize_pcd.py to visualize_pcd.cpython-312.pyc\n'}
[0.661992] (es165_moveit) StdoutLine: {'line': b'byte-compiling /workspace/build_ws/install/es165_moveit/lib/python3.12/site-packages/es165_moveit/gui.py to gui.cpython-312.pyc\n'}
[0.664104] (es165_moveit) StdoutLine: {'line': b'byte-compiling /workspace/build_ws/install/es165_moveit/lib/python3.12/site-packages/es165_moveit/rw_model.py to rw_model.cpython-312.pyc\n'}
[0.664541] (es165_moveit) StdoutLine: {'line': b'byte-compiling /workspace/build_ws/install/es165_moveit/lib/python3.12/site-packages/es165_moveit/calculate_free_space.py to calculate_free_space.cpython-312.pyc\n'}
[0.665789] (es165_moveit) StdoutLine: {'line': b'byte-compiling /workspace/build_ws/install/es165_moveit/lib/python3.12/site-packages/es165_moveit/deprecated_trajectory_reference.py to deprecated_trajectory_reference.cpython-312.pyc\n'}
[0.666754] (es165_moveit) StdoutLine: {'line': b'byte-compiling /workspace/build_ws/install/es165_moveit/lib/python3.12/site-packages/es165_moveit/pub_angular_acc.py to pub_angular_acc.cpython-312.pyc\n'}
[0.666810] (es165_moveit) StdoutLine: {'line': b'running install_data\n'}
[0.666842] (es165_moveit) StdoutLine: {'line': b'creating /workspace/build_ws/install/es165_moveit/share/ament_index/resource_index/packages\n'}
[0.667828] (es165_moveit) StdoutLine: {'line': b'copying resource/es165_moveit -> /workspace/build_ws/install/es165_moveit/share/ament_index/resource_index/packages\n'}
[0.668000] (es165_moveit) StdoutLine: {'line': b'copying package.xml -> /workspace/build_ws/install/es165_moveit/share/es165_moveit\n'}
[0.668083] (es165_moveit) StdoutLine: {'line': b'creating /workspace/build_ws/install/es165_moveit/share/es165_moveit/launch\n'}
[0.668157] (es165_moveit) StdoutLine: {'line': b'copying launch/control_with_rw.launch.py -> /workspace/build_ws/install/es165_moveit/share/es165_moveit/launch\n'}
[0.668238] (es165_moveit) StdoutLine: {'line': b'copying launch/manual_control_rviz.launch.py -> /workspace/build_ws/install/es165_moveit/share/es165_moveit/launch\n'}
[0.668303] (es165_moveit) StdoutLine: {'line': b'copying launch/robot_servo.launch.py -> /workspace/build_ws/install/es165_moveit/share/es165_moveit/launch\n'}
[0.668365] (es165_moveit) StdoutLine: {'line': b'copying launch/main.launch.py -> /workspace/build_ws/install/es165_moveit/share/es165_moveit/launch\n'}
[0.668390] (es165_moveit) StdoutLine: {'line': b'copying launch/rw_with_visualization.launch.py -> /workspace/build_ws/install/es165_moveit/share/es165_moveit/launch\n'}
[0.668412] (es165_moveit) StdoutLine: {'line': b'copying launch/pcd_visualization_rviz.launch.py -> /workspace/build_ws/install/es165_moveit/share/es165_moveit/launch\n'}
[0.668433] (es165_moveit) StdoutLine: {'line': b'copying launch/get_occupancy.launch.py -> /workspace/build_ws/install/es165_moveit/share/es165_moveit/launch\n'}
[0.668454] (es165_moveit) StdoutLine: {'line': b'creating /workspace/build_ws/install/es165_moveit/share/es165_moveit/rviz\n'}
[0.668477] (es165_moveit) StdoutLine: {'line': b'copying rviz/default.rviz -> /workspace/build_ws/install/es165_moveit/share/es165_moveit/rviz\n'}
[0.668500] (es165_moveit) StdoutLine: {'line': b'creating /workspace/build_ws/install/es165_moveit/share/es165_moveit/config\n'}
[0.668522] (es165_moveit) StdoutLine: {'line': b'copying config/profile_sumtozero.profile -> /workspace/build_ws/install/es165_moveit/share/es165_moveit/config\n'}
[0.668544] (es165_moveit) StdoutLine: {'line': b'copying config/example_torque_profile.profile -> /workspace/build_ws/install/es165_moveit/share/es165_moveit/config\n'}
[0.668569] (es165_moveit) StdoutLine: {'line': b'copying config/full_profile_detumble.profile -> /workspace/build_ws/install/es165_moveit/share/es165_moveit/config\n'}
[0.668592] (es165_moveit) StdoutLine: {'line': b'copying config/tumble.profile -> /workspace/build_ws/install/es165_moveit/share/es165_moveit/config\n'}
[0.668615] (es165_moveit) StdoutLine: {'line': b'copying config/joint_velocities_dx100.yaml -> /workspace/build_ws/install/es165_moveit/share/es165_moveit/config\n'}
[0.668637] (es165_moveit) StdoutLine: {'line': b'copying config/genAI_mock_mission.profile -> /workspace/build_ws/install/es165_moveit/share/es165_moveit/config\n'}
[0.668659] (es165_moveit_moveit_config) StdoutLine: {'line': b"writing list of installed files to '/workspace/build_ws/build/es165_moveit_moveit_config/install.log'\n"}
[0.669676] (es165_moveit) StdoutLine: {'line': b'creating /workspace/build_ws/install/es165_moveit/share/es165_moveit/urdf\n'}
[0.669755] (es165_moveit) StdoutLine: {'line': b'copying urdf/es_165.ros2_control.xacro -> /workspace/build_ws/install/es165_moveit/share/es165_moveit/urdf\n'}
[0.669793] (es165_moveit) StdoutLine: {'line': b'copying urdf/es165_macro.xacro -> /workspace/build_ws/install/es165_moveit/share/es165_moveit/urdf\n'}
[0.669830] (es165_moveit) StdoutLine: {'line': b'creating /workspace/build_ws/install/es165_moveit/share/es165_moveit/visual_meshes\n'}
[0.669857] (es165_moveit) StdoutLine: {'line': b'copying meshes/visual/rw3.stl -> /workspace/build_ws/install/es165_moveit/share/es165_moveit/visual_meshes\n'}
[0.669882] (es165_moveit) StdoutLine: {'line': b'copying meshes/visual/link_t.stl -> /workspace/build_ws/install/es165_moveit/share/es165_moveit/visual_meshes\n'}
[0.669907] (es165_moveit) StdoutLine: {'line': b'copying meshes/visual/link_l.stl -> /workspace/build_ws/install/es165_moveit/share/es165_moveit/visual_meshes\n'}
[0.669946] (es165_moveit) StdoutLine: {'line': b'copying meshes/visual/rw1.stl -> /workspace/build_ws/install/es165_moveit/share/es165_moveit/visual_meshes\n'}
[0.670030] (es165_moveit) StdoutLine: {'line': b'copying meshes/visual/balancer_rod.stl -> /workspace/build_ws/install/es165_moveit/share/es165_moveit/visual_meshes\n'}
[0.670085] (es165_moveit) StdoutLine: {'line': b'copying meshes/visual/rw1_base.stl -> /workspace/build_ws/install/es165_moveit/share/es165_moveit/visual_meshes\n'}
[0.670140] (es165_moveit) StdoutLine: {'line': b'copying meshes/visual/link_r.stl -> /workspace/build_ws/install/es165_moveit/share/es165_moveit/visual_meshes\n'}
[0.670198] (es165_moveit) StdoutLine: {'line': b'copying meshes/visual/balancer_piston.stl -> /workspace/build_ws/install/es165_moveit/share/es165_moveit/visual_meshes\n'}
[0.670256] (es165_moveit) StdoutLine: {'line': b'copying meshes/visual/rw2_base.stl -> /workspace/build_ws/install/es165_moveit/share/es165_moveit/visual_meshes\n'}
[0.670296] (es165_moveit) StdoutLine: {'line': b'copying meshes/visual/rw3_base.stl -> /workspace/build_ws/install/es165_moveit/share/es165_moveit/visual_meshes\n'}
[0.670318] (es165_moveit) StdoutLine: {'line': b'copying meshes/visual/link_s.stl -> /workspace/build_ws/install/es165_moveit/share/es165_moveit/visual_meshes\n'}
[0.670339] (es165_moveit) StdoutLine: {'line': b'copying meshes/visual/base_link.stl -> /workspace/build_ws/install/es165_moveit/share/es165_moveit/visual_meshes\n'}
[0.670361] (es165_moveit) StdoutLine: {'line': b'copying meshes/visual/rw2.stl -> /workspace/build_ws/install/es165_moveit/share/es165_moveit/visual_meshes\n'}
[0.670382] (es165_moveit) StdoutLine: {'line': b'copying meshes/visual/ee_base_link.usd -> /workspace/build_ws/install/es165_moveit/share/es165_moveit/visual_meshes\n'}
[0.670402] (h1_fullbody_controller) StdoutLine: {'line': b'-- Configuring done (0.4s)\n'}
[0.670431] (es165_moveit) StdoutLine: {'line': b'copying meshes/visual/rw4.stl -> /workspace/build_ws/install/es165_moveit/share/es165_moveit/visual_meshes\n'}
[0.670453] (es165_moveit) StdoutLine: {'line': b'copying meshes/visual/ee_base_link.stl -> /workspace/build_ws/install/es165_moveit/share/es165_moveit/visual_meshes\n'}
[0.670944] (h1_fullbody_controller) StdoutLine: {'line': b'-- Generating done (0.0s)\n'}
[0.670972] (es165_moveit) StdoutLine: {'line': b'copying meshes/visual/link_u.stl -> /workspace/build_ws/install/es165_moveit/share/es165_moveit/visual_meshes\n'}
[0.671083] (es165_moveit) StdoutLine: {'line': b'copying meshes/visual/rw4_base.stl -> /workspace/build_ws/install/es165_moveit/share/es165_moveit/visual_meshes\n'}
[0.671132] (es165_moveit) StdoutLine: {'line': b'copying meshes/visual/link_b.stl -> /workspace/build_ws/install/es165_moveit/share/es165_moveit/visual_meshes\n'}
[0.671274] (es165_moveit) StdoutLine: {'line': b'creating /workspace/build_ws/install/es165_moveit/share/es165_moveit/collision_meshes\n'}
[0.671326] (es165_moveit) StdoutLine: {'line': b'copying meshes/collision/rw3.stl -> /workspace/build_ws/install/es165_moveit/share/es165_moveit/collision_meshes\n'}
[0.671385] (es165_moveit) StdoutLine: {'line': b'copying meshes/collision/link_t.stl -> /workspace/build_ws/install/es165_moveit/share/es165_moveit/collision_meshes\n'}
[0.671431] (es165_moveit) StdoutLine: {'line': b'copying meshes/collision/link_l.stl -> /workspace/build_ws/install/es165_moveit/share/es165_moveit/collision_meshes\n'}
[0.671487] (es165_moveit) StdoutLine: {'line': b'copying meshes/collision/rw1.stl -> /workspace/build_ws/install/es165_moveit/share/es165_moveit/collision_meshes\n'}
[0.671557] (es165_moveit) StdoutLine: {'line': b'copying meshes/collision/balancer_rod.stl -> /workspace/build_ws/install/es165_moveit/share/es165_moveit/collision_meshes\n'}
[0.671603] (es165_moveit) StdoutLine: {'line': b'copying meshes/collision/rw1_base.stl -> /workspace/build_ws/install/es165_moveit/share/es165_moveit/collision_meshes\n'}
[0.671645] (es165_moveit) StdoutLine: {'line': b'copying meshes/collision/link_r.stl -> /workspace/build_ws/install/es165_moveit/share/es165_moveit/collision_meshes\n'}
[0.671711] (es165_moveit) StdoutLine: {'line': b'copying meshes/collision/balancer_piston.stl -> /workspace/build_ws/install/es165_moveit/share/es165_moveit/collision_meshes\n'}
[0.671795] (es165_moveit) StdoutLine: {'line': b'copying meshes/collision/rw2_base.stl -> /workspace/build_ws/install/es165_moveit/share/es165_moveit/collision_meshes\n'}
[0.671834] (es165_moveit) StdoutLine: {'line': b'copying meshes/collision/rw3_base.stl -> /workspace/build_ws/install/es165_moveit/share/es165_moveit/collision_meshes\n'}
[0.671876] (es165_moveit) StdoutLine: {'line': b'copying meshes/collision/link_s.stl -> /workspace/build_ws/install/es165_moveit/share/es165_moveit/collision_meshes\n'}
[0.671923] (h1_fullbody_controller) StdoutLine: {'line': b'-- Build files have been written to: /workspace/build_ws/build/h1_fullbody_controller\n'}
[0.671961] (es165_moveit) StdoutLine: {'line': b'copying meshes/collision/base_link.stl -> /workspace/build_ws/install/es165_moveit/share/es165_moveit/collision_meshes\n'}
[0.672013] (es165_moveit) StdoutLine: {'line': b'copying meshes/collision/rw2.stl -> /workspace/build_ws/install/es165_moveit/share/es165_moveit/collision_meshes\n'}
[0.672038] (isaac_ros_navigation_goal) StdoutLine: {'line': b'Installing SetNavigationGoal script to /workspace/build_ws/install/isaac_ros_navigation_goal/lib/isaac_ros_navigation_goal\n'}
[0.672085] (es165_moveit) StdoutLine: {'line': b'copying meshes/collision/rw4.stl -> /workspace/build_ws/install/es165_moveit/share/es165_moveit/collision_meshes\n'}
[0.672120] (es165_moveit) StdoutLine: {'line': b'copying meshes/collision/ee_base_link.stl -> /workspace/build_ws/install/es165_moveit/share/es165_moveit/collision_meshes\n'}
[0.672284] (isaac_ros_navigation_goal) StdoutLine: {'line': b"writing list of installed files to '/workspace/build_ws/build/isaac_ros_navigation_goal/install.log'\n"}
[0.673341] (es165_moveit) StdoutLine: {'line': b'copying meshes/collision/link_u.stl -> /workspace/build_ws/install/es165_moveit/share/es165_moveit/collision_meshes\n'}
[0.673417] (es165_moveit) StdoutLine: {'line': b'copying meshes/collision/rw4_base.stl -> /workspace/build_ws/install/es165_moveit/share/es165_moveit/collision_meshes\n'}
[0.673457] (es165_moveit) StdoutLine: {'line': b'copying meshes/collision/link_b.stl -> /workspace/build_ws/install/es165_moveit/share/es165_moveit/collision_meshes\n'}
[0.673526] (es165_moveit) StdoutLine: {'line': b'creating /workspace/build_ws/install/es165_moveit/share/es165_moveit/usd\n'}
[0.673562] (es165_moveit) StdoutLine: {'line': b'running install_egg_info\n'}
[0.675710] (h1_fullbody_controller) CommandEnded: {'returncode': 0}
[0.676992] (h1_fullbody_controller) JobProgress: {'identifier': 'h1_fullbody_controller', 'progress': 'build'}
[0.677191] (h1_fullbody_controller) Command: {'cmd': ['/usr/bin/cmake', '--build', '/workspace/build_ws/build/h1_fullbody_controller', '--', '-j24', '-l24'], 'cwd': '/workspace/build_ws/build/h1_fullbody_controller', 'env': OrderedDict({'SHLVL': '0', 'LD_LIBRARY_PATH': '/workspace/jazzy_ws/install/opt/spdlog_vendor/lib:/workspace/jazzy_ws/install/opt/mimick_vendor/lib:/workspace/jazzy_ws/install/opt/libyaml_vendor/lib:/workspace/jazzy_ws/install/lib', 'HOME': '/root', 'OLDPWD': '/workspace', 'ROS_PYTHON_VERSION': '3', 'LC_CTYPE': 'C.UTF-8', 'COLCON_PREFIX_PATH': '/workspace/jazzy_ws/install', 'ROS_DISTRO': 'jazzy', '_': '/usr/bin/colcon', 'ROS_VERSION': '2', 'PKG_CONFIG_PATH': '/workspace/jazzy_ws/install/lib/x86_64-linux-gnu/pkgconfig:/workspace/jazzy_ws/install/lib/pkgconfig', 'PATH': '/workspace/jazzy_ws/install/opt/uncrustify_vendor/bin:/workspace/jazzy_ws/install/bin:/usr/local/sbin:/usr/local/bin:/usr/sbin:/usr/bin:/sbin:/bin', 'ROS_ROOT': 'jazzy_ws', 'AMENT_PREFIX_PATH': '/workspace/jazzy_ws/install', 'DEBIAN_FRONTEND': 'noninteractive', 'ROS_AUTOMATIC_DISCOVERY_RANGE': 'SUBNET', 'PWD': '/workspace/build_ws/build/h1_fullbody_controller', 'PYTHONPATH': '/workspace/jazzy_ws/install/lib/python3.12/site-packages', 'COLCON': '1', 'CMAKE_PREFIX_PATH': '/workspace/jazzy_ws/install'}), 'shell': False}
[0.680466] (es165_moveit) StdoutLine: {'line': b'Copying ../../build/es165_moveit/es165_moveit.egg-info to /workspace/build_ws/install/es165_moveit/lib/python3.12/site-packages/es165_moveit-0.0.0-py3.12.egg-info\n'}
[0.680586] (es165_moveit) StdoutLine: {'line': b'running install_scripts\n'}
[0.680613] (es165_moveit_moveit_config) CommandEnded: {'returncode': 0}
[0.683193] (es165_moveit_moveit_config) JobEnded: {'identifier': 'es165_moveit_moveit_config', 'rc': 0}
[0.685143] (isaac_ros_navigation_goal) CommandEnded: {'returncode': 0}
[0.687684] (isaac_ros_navigation_goal) JobEnded: {'identifier': 'isaac_ros_navigation_goal', 'rc': 0}
[0.687858] (isaac_ros2_messages) StdoutLine: {'line': b'-- Found OpenSSL: /workspace/jazzy_ws/install/lib/libcrypto.so (found version "3.0.13")  \n'}
[0.687900] (isaac_ros2_messages) StdoutLine: {'line': b'-- Found std_msgs: 5.3.6 (/workspace/jazzy_ws/install/share/std_msgs/cmake)\n'}
[0.691969] (es165_moveit) StdoutLine: {'line': b'Installing angle_intercepter script to /workspace/build_ws/install/es165_moveit/lib/es165_moveit\n'}
[0.692100] (es165_moveit) StdoutLine: {'line': b'Installing control_rw script to /workspace/build_ws/install/es165_moveit/lib/es165_moveit\n'}
[0.692226] (es165_moveit) StdoutLine: {'line': b'Installing gui script to /workspace/build_ws/install/es165_moveit/lib/es165_moveit\n'}
[0.692317] (es165_moveit) StdoutLine: {'line': b'Installing point_move script to /workspace/build_ws/install/es165_moveit/lib/es165_moveit\n'}
[0.692378] (es165_moveit) StdoutLine: {'line': b'Installing pub_angular_acc script to /workspace/build_ws/install/es165_moveit/lib/es165_moveit\n'}
[0.692439] (es165_moveit) StdoutLine: {'line': b'Installing publish_scene_mesh script to /workspace/build_ws/install/es165_moveit/lib/es165_moveit\n'}
[0.692489] (es165_moveit) StdoutLine: {'line': b'Installing publish_torque_profile script to /workspace/build_ws/install/es165_moveit/lib/es165_moveit\n'}
[0.692511] (es165_moveit) StdoutLine: {'line': b'Installing torque_from_rw script to /workspace/build_ws/install/es165_moveit/lib/es165_moveit\n'}
[0.692534] (es165_moveit) StdoutLine: {'line': b'Installing torque_publisher script to /workspace/build_ws/install/es165_moveit/lib/es165_moveit\n'}
[0.692558] (es165_moveit) StdoutLine: {'line': b'Installing visualize_pcd script to /workspace/build_ws/install/es165_moveit/lib/es165_moveit\n'}
[0.692580] (es165_moveit) StdoutLine: {'line': b'Installing zero_g_servo script to /workspace/build_ws/install/es165_moveit/lib/es165_moveit\n'}
[0.692615] (es165_moveit) StdoutLine: {'line': b"writing list of installed files to '/workspace/build_ws/build/es165_moveit/install.log'\n"}
[0.698373] (isaac_ros2_messages) StdoutLine: {'line': b'-- Found geometry_msgs: 5.3.6 (/workspace/jazzy_ws/install/share/geometry_msgs/cmake)\n'}
[0.700355] (h1_fullbody_controller) CommandEnded: {'returncode': 0}
[0.700674] (h1_fullbody_controller) JobProgress: {'identifier': 'h1_fullbody_controller', 'progress': 'install'}
[0.700857] (h1_fullbody_controller) Command: {'cmd': ['/usr/bin/cmake', '--install', '/workspace/build_ws/build/h1_fullbody_controller'], 'cwd': '/workspace/build_ws/build/h1_fullbody_controller', 'env': OrderedDict({'SHLVL': '0', 'LD_LIBRARY_PATH': '/workspace/jazzy_ws/install/opt/spdlog_vendor/lib:/workspace/jazzy_ws/install/opt/mimick_vendor/lib:/workspace/jazzy_ws/install/opt/libyaml_vendor/lib:/workspace/jazzy_ws/install/lib', 'HOME': '/root', 'OLDPWD': '/workspace', 'ROS_PYTHON_VERSION': '3', 'LC_CTYPE': 'C.UTF-8', 'COLCON_PREFIX_PATH': '/workspace/jazzy_ws/install', 'ROS_DISTRO': 'jazzy', '_': '/usr/bin/colcon', 'ROS_VERSION': '2', 'PKG_CONFIG_PATH': '/workspace/jazzy_ws/install/lib/x86_64-linux-gnu/pkgconfig:/workspace/jazzy_ws/install/lib/pkgconfig', 'PATH': '/workspace/jazzy_ws/install/opt/uncrustify_vendor/bin:/workspace/jazzy_ws/install/bin:/usr/local/sbin:/usr/local/bin:/usr/sbin:/usr/bin:/sbin:/bin', 'ROS_ROOT': 'jazzy_ws', 'AMENT_PREFIX_PATH': '/workspace/jazzy_ws/install', 'DEBIAN_FRONTEND': 'noninteractive', 'ROS_AUTOMATIC_DISCOVERY_RANGE': 'SUBNET', 'PWD': '/workspace/build_ws/build/h1_fullbody_controller', 'PYTHONPATH': '/workspace/jazzy_ws/install/lib/python3.12/site-packages', 'COLCON': '1', 'CMAKE_PREFIX_PATH': '/workspace/jazzy_ws/install'}), 'shell': False}
[0.701006] (-) TimerEvent: {}
[0.703945] (es165_moveit) CommandEnded: {'returncode': 0}
[0.707608] (es165_moveit) JobEnded: {'identifier': 'es165_moveit', 'rc': 0}
[0.708187] (h1_fullbody_controller) StdoutLine: {'line': b'-- Install configuration: ""\n'}
[0.708260] (h1_fullbody_controller) StdoutLine: {'line': b'-- Installing: /workspace/build_ws/install/h1_fullbody_controller/share/h1_fullbody_controller/scripts\n'}
[0.708297] (h1_fullbody_controller) StdoutLine: {'line': b'-- Installing: /workspace/build_ws/install/h1_fullbody_controller/share/h1_fullbody_controller/scripts/__init__.py\n'}
[0.708331] (h1_fullbody_controller) StdoutLine: {'line': b'-- Installing: /workspace/build_ws/install/h1_fullbody_controller/share/h1_fullbody_controller/scripts/h1_fullbody_controller.py\n'}
[0.708377] (h1_fullbody_controller) StdoutLine: {'line': b'-- Installing: /workspace/build_ws/install/h1_fullbody_controller/share/h1_fullbody_controller/launch\n'}
[0.708410] (h1_fullbody_controller) StdoutLine: {'line': b'-- Installing: /workspace/build_ws/install/h1_fullbody_controller/share/h1_fullbody_controller/launch/h1_fullbody_controller.launch.py\n'}
[0.708442] (h1_fullbody_controller) StdoutLine: {'line': b'-- Installing: /workspace/build_ws/install/h1_fullbody_controller/share/h1_fullbody_controller/policy\n'}
[0.708474] (h1_fullbody_controller) StdoutLine: {'line': b'-- Installing: /workspace/build_ws/install/h1_fullbody_controller/share/h1_fullbody_controller/policy/h1_policy.pt\n'}
[0.708507] (h1_fullbody_controller) StdoutLine: {'line': b'-- Installing: /workspace/build_ws/install/h1_fullbody_controller/share/h1_fullbody_controller/policy/h1_env.yaml\n'}
[0.708539] (h1_fullbody_controller) StdoutLine: {'line': b'-- Installing: /workspace/build_ws/install/h1_fullbody_controller/lib/h1_fullbody_controller/h1_fullbody_controller.py\n'}
[0.708571] (h1_fullbody_controller) StdoutLine: {'line': b'-- Installing: /workspace/build_ws/install/h1_fullbody_controller/share/ament_index/resource_index/package_run_dependencies/h1_fullbody_controller\n'}
[0.708603] (h1_fullbody_controller) StdoutLine: {'line': b'-- Installing: /workspace/build_ws/install/h1_fullbody_controller/share/ament_index/resource_index/parent_prefix_path/h1_fullbody_controller\n'}
[0.708646] (h1_fullbody_controller) StdoutLine: {'line': b'-- Installing: /workspace/build_ws/install/h1_fullbody_controller/share/h1_fullbody_controller/environment/ament_prefix_path.sh\n'}
[0.708680] (h1_fullbody_controller) StdoutLine: {'line': b'-- Installing: /workspace/build_ws/install/h1_fullbody_controller/share/h1_fullbody_controller/environment/ament_prefix_path.dsv\n'}
[0.708712] (h1_fullbody_controller) StdoutLine: {'line': b'-- Installing: /workspace/build_ws/install/h1_fullbody_controller/share/h1_fullbody_controller/environment/path.sh\n'}
[0.708750] (h1_fullbody_controller) StdoutLine: {'line': b'-- Installing: /workspace/build_ws/install/h1_fullbody_controller/share/h1_fullbody_controller/environment/path.dsv\n'}
[0.708782] (h1_fullbody_controller) StdoutLine: {'line': b'-- Installing: /workspace/build_ws/install/h1_fullbody_controller/share/h1_fullbody_controller/local_setup.bash\n'}
[0.708814] (h1_fullbody_controller) StdoutLine: {'line': b'-- Installing: /workspace/build_ws/install/h1_fullbody_controller/share/h1_fullbody_controller/local_setup.sh\n'}
[0.708846] (h1_fullbody_controller) StdoutLine: {'line': b'-- Installing: /workspace/build_ws/install/h1_fullbody_controller/share/h1_fullbody_controller/local_setup.zsh\n'}
[0.708877] (h1_fullbody_controller) StdoutLine: {'line': b'-- Installing: /workspace/build_ws/install/h1_fullbody_controller/share/h1_fullbody_controller/local_setup.dsv\n'}
[0.708909] (h1_fullbody_controller) StdoutLine: {'line': b'-- Installing: /workspace/build_ws/install/h1_fullbody_controller/share/h1_fullbody_controller/package.dsv\n'}
[0.708940] (h1_fullbody_controller) StdoutLine: {'line': b'-- Installing: /workspace/build_ws/install/h1_fullbody_controller/share/ament_index/resource_index/packages/h1_fullbody_controller\n'}
[0.708972] (h1_fullbody_controller) StdoutLine: {'line': b'-- Installing: /workspace/build_ws/install/h1_fullbody_controller/share/h1_fullbody_controller/cmake/h1_fullbody_controllerConfig.cmake\n'}
[0.709025] (h1_fullbody_controller) StdoutLine: {'line': b'-- Installing: /workspace/build_ws/install/h1_fullbody_controller/share/h1_fullbody_controller/cmake/h1_fullbody_controllerConfig-version.cmake\n'}
[0.709057] (h1_fullbody_controller) StdoutLine: {'line': b'-- Installing: /workspace/build_ws/install/h1_fullbody_controller/share/h1_fullbody_controller/package.xml\n'}
[0.709089] (h1_fullbody_controller) CommandEnded: {'returncode': 0}
[0.715171] (h1_fullbody_controller) JobEnded: {'identifier': 'h1_fullbody_controller', 'rc': 0}
[0.715382] (custom_message) StdoutLine: {'line': b'-- Found ament_cmake_ros: 0.12.0 (/workspace/jazzy_ws/install/share/ament_cmake_ros/cmake)\n'}
[0.715437] (isaacsim) StdoutLine: {'line': b'-- Configuring done (0.4s)\n'}
[0.715993] (isaac_tutorials) StdoutLine: {'line': b'-- Configuring done (0.4s)\n'}
[0.716405] (isaacsim) StdoutLine: {'line': b'-- Generating done (0.0s)\n'}
[0.716470] (iw_hub_navigation) StdoutLine: {'line': b'-- Configuring done (0.4s)\n'}
[0.717615] (isaacsim) StdoutLine: {'line': b'-- Build files have been written to: /workspace/build_ws/build/isaacsim\n'}
[0.717774] (isaac_tutorials) StdoutLine: {'line': b'-- Generating done (0.0s)\n'}
[0.718221] (iw_hub_navigation) StdoutLine: {'line': b'-- Generating done (0.0s)\n'}
[0.718711] (isaac_tutorials) StdoutLine: {'line': b'-- Build files have been written to: /workspace/build_ws/build/isaac_tutorials\n'}
[0.719187] (iw_hub_navigation) StdoutLine: {'line': b'-- Build files have been written to: /workspace/build_ws/build/iw_hub_navigation\n'}
[0.719768] (isaacsim) CommandEnded: {'returncode': 0}
[0.719959] (isaacsim) JobProgress: {'identifier': 'isaacsim', 'progress': 'build'}
[0.720117] (isaacsim) Command: {'cmd': ['/usr/bin/cmake', '--build', '/workspace/build_ws/build/isaacsim', '--', '-j24', '-l24'], 'cwd': '/workspace/build_ws/build/isaacsim', 'env': OrderedDict({'SHLVL': '0', 'LD_LIBRARY_PATH': '/workspace/jazzy_ws/install/opt/spdlog_vendor/lib:/workspace/jazzy_ws/install/opt/mimick_vendor/lib:/workspace/jazzy_ws/install/opt/libyaml_vendor/lib:/workspace/jazzy_ws/install/lib', 'HOME': '/root', 'OLDPWD': '/workspace', 'ROS_PYTHON_VERSION': '3', 'LC_CTYPE': 'C.UTF-8', 'COLCON_PREFIX_PATH': '/workspace/jazzy_ws/install', 'ROS_DISTRO': 'jazzy', '_': '/usr/bin/colcon', 'ROS_VERSION': '2', 'PKG_CONFIG_PATH': '/workspace/jazzy_ws/install/lib/x86_64-linux-gnu/pkgconfig:/workspace/jazzy_ws/install/lib/pkgconfig', 'PATH': '/workspace/jazzy_ws/install/opt/uncrustify_vendor/bin:/workspace/jazzy_ws/install/bin:/usr/local/sbin:/usr/local/bin:/usr/sbin:/usr/bin:/sbin:/bin', 'ROS_ROOT': 'jazzy_ws', 'AMENT_PREFIX_PATH': '/workspace/jazzy_ws/install', 'DEBIAN_FRONTEND': 'noninteractive', 'ROS_AUTOMATIC_DISCOVERY_RANGE': 'SUBNET', 'PWD': '/workspace/build_ws/build/isaacsim', 'PYTHONPATH': '/workspace/jazzy_ws/install/lib/python3.12/site-packages', 'COLCON': '1', 'CMAKE_PREFIX_PATH': '/workspace/jazzy_ws/install'}), 'shell': False}
[0.721406] (isaac_tutorials) CommandEnded: {'returncode': 0}
[0.721590] (isaac_tutorials) JobProgress: {'identifier': 'isaac_tutorials', 'progress': 'build'}
[0.721716] (isaac_tutorials) Command: {'cmd': ['/usr/bin/cmake', '--build', '/workspace/build_ws/build/isaac_tutorials', '--', '-j24', '-l24'], 'cwd': '/workspace/build_ws/build/isaac_tutorials', 'env': OrderedDict({'SHLVL': '0', 'LD_LIBRARY_PATH': '/workspace/jazzy_ws/install/opt/spdlog_vendor/lib:/workspace/jazzy_ws/install/opt/mimick_vendor/lib:/workspace/jazzy_ws/install/opt/libyaml_vendor/lib:/workspace/jazzy_ws/install/lib', 'HOME': '/root', 'OLDPWD': '/workspace', 'ROS_PYTHON_VERSION': '3', 'LC_CTYPE': 'C.UTF-8', 'COLCON_PREFIX_PATH': '/workspace/jazzy_ws/install', 'ROS_DISTRO': 'jazzy', '_': '/usr/bin/colcon', 'ROS_VERSION': '2', 'PKG_CONFIG_PATH': '/workspace/jazzy_ws/install/lib/x86_64-linux-gnu/pkgconfig:/workspace/jazzy_ws/install/lib/pkgconfig', 'PATH': '/workspace/jazzy_ws/install/opt/uncrustify_vendor/bin:/workspace/jazzy_ws/install/bin:/usr/local/sbin:/usr/local/bin:/usr/sbin:/usr/bin:/sbin:/bin', 'ROS_ROOT': 'jazzy_ws', 'AMENT_PREFIX_PATH': '/workspace/jazzy_ws/install', 'DEBIAN_FRONTEND': 'noninteractive', 'ROS_AUTOMATIC_DISCOVERY_RANGE': 'SUBNET', 'PWD': '/workspace/build_ws/build/isaac_tutorials', 'PYTHONPATH': '/workspace/jazzy_ws/install/lib/python3.12/site-packages', 'COLCON': '1', 'CMAKE_PREFIX_PATH': '/workspace/jazzy_ws/install'}), 'shell': False}
[0.722088] (iw_hub_navigation) CommandEnded: {'returncode': 0}
[0.722212] (iw_hub_navigation) JobProgress: {'identifier': 'iw_hub_navigation', 'progress': 'build'}
[0.722312] (iw_hub_navigation) Command: {'cmd': ['/usr/bin/cmake', '--build', '/workspace/build_ws/build/iw_hub_navigation', '--', '-j24', '-l24'], 'cwd': '/workspace/build_ws/build/iw_hub_navigation', 'env': OrderedDict({'SHLVL': '0', 'LD_LIBRARY_PATH': '/workspace/jazzy_ws/install/opt/spdlog_vendor/lib:/workspace/jazzy_ws/install/opt/mimick_vendor/lib:/workspace/jazzy_ws/install/opt/libyaml_vendor/lib:/workspace/jazzy_ws/install/lib', 'HOME': '/root', 'OLDPWD': '/workspace', 'ROS_PYTHON_VERSION': '3', 'LC_CTYPE': 'C.UTF-8', 'COLCON_PREFIX_PATH': '/workspace/jazzy_ws/install', 'ROS_DISTRO': 'jazzy', '_': '/usr/bin/colcon', 'ROS_VERSION': '2', 'PKG_CONFIG_PATH': '/workspace/jazzy_ws/install/lib/x86_64-linux-gnu/pkgconfig:/workspace/jazzy_ws/install/lib/pkgconfig', 'PATH': '/workspace/jazzy_ws/install/opt/uncrustify_vendor/bin:/workspace/jazzy_ws/install/bin:/usr/local/sbin:/usr/local/bin:/usr/sbin:/usr/bin:/sbin:/bin', 'ROS_ROOT': 'jazzy_ws', 'AMENT_PREFIX_PATH': '/workspace/jazzy_ws/install', 'DEBIAN_FRONTEND': 'noninteractive', 'ROS_AUTOMATIC_DISCOVERY_RANGE': 'SUBNET', 'PWD': '/workspace/build_ws/build/iw_hub_navigation', 'PYTHONPATH': '/workspace/jazzy_ws/install/lib/python3.12/site-packages', 'COLCON': '1', 'CMAKE_PREFIX_PATH': '/workspace/jazzy_ws/install'}), 'shell': False}
[0.738710] (isaacsim) CommandEnded: {'returncode': 0}
[0.739126] (isaacsim) JobProgress: {'identifier': 'isaacsim', 'progress': 'install'}
[0.739398] (isaacsim) Command: {'cmd': ['/usr/bin/cmake', '--install', '/workspace/build_ws/build/isaacsim'], 'cwd': '/workspace/build_ws/build/isaacsim', 'env': OrderedDict({'SHLVL': '0', 'LD_LIBRARY_PATH': '/workspace/jazzy_ws/install/opt/spdlog_vendor/lib:/workspace/jazzy_ws/install/opt/mimick_vendor/lib:/workspace/jazzy_ws/install/opt/libyaml_vendor/lib:/workspace/jazzy_ws/install/lib', 'HOME': '/root', 'OLDPWD': '/workspace', 'ROS_PYTHON_VERSION': '3', 'LC_CTYPE': 'C.UTF-8', 'COLCON_PREFIX_PATH': '/workspace/jazzy_ws/install', 'ROS_DISTRO': 'jazzy', '_': '/usr/bin/colcon', 'ROS_VERSION': '2', 'PKG_CONFIG_PATH': '/workspace/jazzy_ws/install/lib/x86_64-linux-gnu/pkgconfig:/workspace/jazzy_ws/install/lib/pkgconfig', 'PATH': '/workspace/jazzy_ws/install/opt/uncrustify_vendor/bin:/workspace/jazzy_ws/install/bin:/usr/local/sbin:/usr/local/bin:/usr/sbin:/usr/bin:/sbin:/bin', 'ROS_ROOT': 'jazzy_ws', 'AMENT_PREFIX_PATH': '/workspace/jazzy_ws/install', 'DEBIAN_FRONTEND': 'noninteractive', 'ROS_AUTOMATIC_DISCOVERY_RANGE': 'SUBNET', 'PWD': '/workspace/build_ws/build/isaacsim', 'PYTHONPATH': '/workspace/jazzy_ws/install/lib/python3.12/site-packages', 'COLCON': '1', 'CMAKE_PREFIX_PATH': '/workspace/jazzy_ws/install'}), 'shell': False}
[0.740035] (iw_hub_navigation) CommandEnded: {'returncode': 0}
[0.740185] (iw_hub_navigation) JobProgress: {'identifier': 'iw_hub_navigation', 'progress': 'install'}
[0.740195] (iw_hub_navigation) Command: {'cmd': ['/usr/bin/cmake', '--install', '/workspace/build_ws/build/iw_hub_navigation'], 'cwd': '/workspace/build_ws/build/iw_hub_navigation', 'env': OrderedDict({'SHLVL': '0', 'LD_LIBRARY_PATH': '/workspace/jazzy_ws/install/opt/spdlog_vendor/lib:/workspace/jazzy_ws/install/opt/mimick_vendor/lib:/workspace/jazzy_ws/install/opt/libyaml_vendor/lib:/workspace/jazzy_ws/install/lib', 'HOME': '/root', 'OLDPWD': '/workspace', 'ROS_PYTHON_VERSION': '3', 'LC_CTYPE': 'C.UTF-8', 'COLCON_PREFIX_PATH': '/workspace/jazzy_ws/install', 'ROS_DISTRO': 'jazzy', '_': '/usr/bin/colcon', 'ROS_VERSION': '2', 'PKG_CONFIG_PATH': '/workspace/jazzy_ws/install/lib/x86_64-linux-gnu/pkgconfig:/workspace/jazzy_ws/install/lib/pkgconfig', 'PATH': '/workspace/jazzy_ws/install/opt/uncrustify_vendor/bin:/workspace/jazzy_ws/install/bin:/usr/local/sbin:/usr/local/bin:/usr/sbin:/usr/bin:/sbin:/bin', 'ROS_ROOT': 'jazzy_ws', 'AMENT_PREFIX_PATH': '/workspace/jazzy_ws/install', 'DEBIAN_FRONTEND': 'noninteractive', 'ROS_AUTOMATIC_DISCOVERY_RANGE': 'SUBNET', 'PWD': '/workspace/build_ws/build/iw_hub_navigation', 'PYTHONPATH': '/workspace/jazzy_ws/install/lib/python3.12/site-packages', 'COLCON': '1', 'CMAKE_PREFIX_PATH': '/workspace/jazzy_ws/install'}), 'shell': False}
[0.740486] (isaac_tutorials) CommandEnded: {'returncode': 0}
[0.740655] (isaac_tutorials) JobProgress: {'identifier': 'isaac_tutorials', 'progress': 'install'}
[0.740753] (isaac_tutorials) Command: {'cmd': ['/usr/bin/cmake', '--install', '/workspace/build_ws/build/isaac_tutorials'], 'cwd': '/workspace/build_ws/build/isaac_tutorials', 'env': OrderedDict({'SHLVL': '0', 'LD_LIBRARY_PATH': '/workspace/jazzy_ws/install/opt/spdlog_vendor/lib:/workspace/jazzy_ws/install/opt/mimick_vendor/lib:/workspace/jazzy_ws/install/opt/libyaml_vendor/lib:/workspace/jazzy_ws/install/lib', 'HOME': '/root', 'OLDPWD': '/workspace', 'ROS_PYTHON_VERSION': '3', 'LC_CTYPE': 'C.UTF-8', 'COLCON_PREFIX_PATH': '/workspace/jazzy_ws/install', 'ROS_DISTRO': 'jazzy', '_': '/usr/bin/colcon', 'ROS_VERSION': '2', 'PKG_CONFIG_PATH': '/workspace/jazzy_ws/install/lib/x86_64-linux-gnu/pkgconfig:/workspace/jazzy_ws/install/lib/pkgconfig', 'PATH': '/workspace/jazzy_ws/install/opt/uncrustify_vendor/bin:/workspace/jazzy_ws/install/bin:/usr/local/sbin:/usr/local/bin:/usr/sbin:/usr/bin:/sbin:/bin', 'ROS_ROOT': 'jazzy_ws', 'AMENT_PREFIX_PATH': '/workspace/jazzy_ws/install', 'DEBIAN_FRONTEND': 'noninteractive', 'ROS_AUTOMATIC_DISCOVERY_RANGE': 'SUBNET', 'PWD': '/workspace/build_ws/build/isaac_tutorials', 'PYTHONPATH': '/workspace/jazzy_ws/install/lib/python3.12/site-packages', 'COLCON': '1', 'CMAKE_PREFIX_PATH': '/workspace/jazzy_ws/install'}), 'shell': False}
[0.742824] (isaacsim) StdoutLine: {'line': b'-- Install configuration: ""\n'}
[0.742970] (isaacsim) StdoutLine: {'line': b'-- Installing: /workspace/build_ws/install/isaacsim/share/isaacsim/scripts\n'}
[0.743146] (isaacsim) StdoutLine: {'line': b'-- Installing: /workspace/build_ws/install/isaacsim/share/isaacsim/scripts/run_isaacsim.py\n'}
[0.743224] (isaacsim) StdoutLine: {'line': b'-- Installing: /workspace/build_ws/install/isaacsim/share/isaacsim/scripts/open_isaacsim_stage.py\n'}
[0.743263] (isaacsim) StdoutLine: {'line': b'-- Installing: /workspace/build_ws/install/isaacsim/share/isaacsim/launch\n'}
[0.743301] (isaacsim) StdoutLine: {'line': b'-- Installing: /workspace/build_ws/install/isaacsim/share/isaacsim/launch/run_isaacsim.launch.py\n'}
[0.743336] (isaacsim) StdoutLine: {'line': b'-- Installing: /workspace/build_ws/install/isaacsim/lib/isaacsim/run_isaacsim.py\n'}
[0.743397] (isaacsim) StdoutLine: {'line': b'-- Installing: /workspace/build_ws/install/isaacsim/lib/isaacsim/open_isaacsim_stage.py\n'}
[0.743433] (isaacsim) StdoutLine: {'line': b'-- Installing: /workspace/build_ws/install/isaacsim/share/ament_index/resource_index/package_run_dependencies/isaacsim\n'}
[0.743489] (isaacsim) StdoutLine: {'line': b'-- Installing: /workspace/build_ws/install/isaacsim/share/ament_index/resource_index/parent_prefix_path/isaacsim\n'}
[0.743760] (isaacsim) StdoutLine: {'line': b'-- Installing: /workspace/build_ws/install/isaacsim/share/isaacsim/environment/ament_prefix_path.sh\n'}
[0.743905] (iw_hub_navigation) StdoutLine: {'line': b'-- Install configuration: ""\n'}
[0.744003] (iw_hub_navigation) StdoutLine: {'line': b'-- Installing: /workspace/build_ws/install/iw_hub_navigation/share/iw_hub_navigation/launch\n'}
[0.744095] (isaacsim) StdoutLine: {'line': b'-- Installing: /workspace/build_ws/install/isaacsim/share/isaacsim/environment/ament_prefix_path.dsv\n'}
[0.744145] (isaacsim) StdoutLine: {'line': b'-- Installing: /workspace/build_ws/install/isaacsim/share/isaacsim/environment/path.sh\n'}
[0.744185] (iw_hub_navigation) StdoutLine: {'line': b'-- Installing: /workspace/build_ws/install/iw_hub_navigation/share/iw_hub_navigation/launch/iw_hub_navigation_isaacsim.launch.py\n'}
[0.744263] (iw_hub_navigation) StdoutLine: {'line': b'-- Installing: /workspace/build_ws/install/iw_hub_navigation/share/iw_hub_navigation/launch/iw_hub_navigation.launch.py\n'}
[0.744303] (isaacsim) StdoutLine: {'line': b'-- Installing: /workspace/build_ws/install/isaacsim/share/isaacsim/environment/path.dsv\n'}
[0.744361] (isaacsim) StdoutLine: {'line': b'-- Installing: /workspace/build_ws/install/isaacsim/share/isaacsim/local_setup.bash\n'}
[0.744412] (isaacsim) StdoutLine: {'line': b'-- Installing: /workspace/build_ws/install/isaacsim/share/isaacsim/local_setup.sh\n'}
[0.744448] (iw_hub_navigation) StdoutLine: {'line': b'-- Installing: /workspace/build_ws/install/iw_hub_navigation/share/iw_hub_navigation/params\n'}
[0.744511] (iw_hub_navigation) StdoutLine: {'line': b'-- Installing: /workspace/build_ws/install/iw_hub_navigation/share/iw_hub_navigation/params/iw_hub_navigation_params.yaml\n'}
[0.744553] (isaacsim) StdoutLine: {'line': b'-- Installing: /workspace/build_ws/install/isaacsim/share/isaacsim/local_setup.zsh\n'}
[0.744591] (iw_hub_navigation) StdoutLine: {'line': b'-- Installing: /workspace/build_ws/install/iw_hub_navigation/share/iw_hub_navigation/maps\n'}
[0.744627] (iw_hub_navigation) StdoutLine: {'line': b'-- Installing: /workspace/build_ws/install/iw_hub_navigation/share/iw_hub_navigation/maps/iw_hub_warehouse_navigation.yaml\n'}
[0.744688] (iw_hub_navigation) StdoutLine: {'line': b'-- Installing: /workspace/build_ws/install/iw_hub_navigation/share/iw_hub_navigation/maps/iw_hub_warehouse_navigation.png\n'}
[0.744730] (isaacsim) StdoutLine: {'line': b'-- Installing: /workspace/build_ws/install/isaacsim/share/isaacsim/local_setup.dsv\n'}
[0.744773] (isaacsim) StdoutLine: {'line': b'-- Installing: /workspace/build_ws/install/isaacsim/share/isaacsim/package.dsv\n'}
[0.744813] (isaac_tutorials) StdoutLine: {'line': b'-- Install configuration: ""\n'}
[0.744897] (iw_hub_navigation) StdoutLine: {'line': b'-- Installing: /workspace/build_ws/install/iw_hub_navigation/share/iw_hub_navigation/rviz2\n'}
[0.744973] (iw_hub_navigation) StdoutLine: {'line': b'-- Installing: /workspace/build_ws/install/iw_hub_navigation/share/iw_hub_navigation/rviz2/iw_hub_navigation.rviz\n'}
[0.745026] (isaac_tutorials) StdoutLine: {'line': b'-- Installing: /workspace/build_ws/install/isaac_tutorials/share/isaac_tutorials/rviz2\n'}
[0.745065] (isaacsim) StdoutLine: {'line': b'-- Installing: /workspace/build_ws/install/isaacsim/share/ament_index/resource_index/packages/isaacsim\n'}
[0.745102] (isaacsim) StdoutLine: {'line': b'-- Installing: /workspace/build_ws/install/isaacsim/share/isaacsim/cmake/isaacsimConfig.cmake\n'}
[0.745138] (isaac_tutorials) StdoutLine: {'line': b'-- Installing: /workspace/build_ws/install/isaac_tutorials/share/isaac_tutorials/rviz2/rtx_lidar.rviz\n'}
[0.745181] (isaacsim) StdoutLine: {'line': b'-- Installing: /workspace/build_ws/install/isaacsim/share/isaacsim/cmake/isaacsimConfig-version.cmake\n'}
[0.745220] (iw_hub_navigation) StdoutLine: {'line': b'-- Installing: /workspace/build_ws/install/iw_hub_navigation/share/ament_index/resource_index/package_run_dependencies/iw_hub_navigation\n'}
[0.745266] (isaac_tutorials) StdoutLine: {'line': b'-- Installing: /workspace/build_ws/install/isaac_tutorials/share/isaac_tutorials/rviz2/turtle_stereo.rviz\n'}
[0.745318] (isaac_tutorials) StdoutLine: {'line': b'-- Installing: /workspace/build_ws/install/isaac_tutorials/share/isaac_tutorials/rviz2/camera_manual.rviz\n'}
[0.745368] (isaac_tutorials) StdoutLine: {'line': b'-- Installing: /workspace/build_ws/install/isaac_tutorials/share/isaac_tutorials/rviz2/camera_lidar.rviz\n'}
[0.745490] (isaacsim) StdoutLine: {'line': b'-- Installing: /workspace/build_ws/install/isaacsim/share/isaacsim/package.xml\n'}
[0.745601] (iw_hub_navigation) StdoutLine: {'line': b'-- Installing: /workspace/build_ws/install/iw_hub_navigation/share/ament_index/resource_index/parent_prefix_path/iw_hub_navigation\n'}
[0.745842] (iw_hub_navigation) StdoutLine: {'line': b'-- Installing: /workspace/build_ws/install/iw_hub_navigation/share/iw_hub_navigation/environment/ament_prefix_path.sh\n'}
[0.745901] (iw_hub_navigation) StdoutLine: {'line': b'-- Installing: /workspace/build_ws/install/iw_hub_navigation/share/iw_hub_navigation/environment/ament_prefix_path.dsv\n'}
[0.745953] (isaac_tutorials) StdoutLine: {'line': b'-- Installing: /workspace/build_ws/install/isaac_tutorials/share/isaac_tutorials/rviz2/carter_stereo.rviz\n'}
[0.746007] (isaac_tutorials) StdoutLine: {'line': b'-- Installing: /workspace/build_ws/install/isaac_tutorials/share/isaac_tutorials/scripts\n'}
[0.746060] (isaac_tutorials) StdoutLine: {'line': b'-- Installing: /workspace/build_ws/install/isaac_tutorials/share/isaac_tutorials/scripts/ros2_publisher.py\n'}
[0.746126] (iw_hub_navigation) StdoutLine: {'line': b'-- Installing: /workspace/build_ws/install/iw_hub_navigation/share/iw_hub_navigation/environment/path.sh\n'}
[0.746168] (iw_hub_navigation) StdoutLine: {'line': b'-- Installing: /workspace/build_ws/install/iw_hub_navigation/share/iw_hub_navigation/environment/path.dsv\n'}
[0.746216] (isaac_tutorials) StdoutLine: {'line': b'-- Installing: /workspace/build_ws/install/isaac_tutorials/share/isaac_tutorials/scripts/ros2_object_id_subscriber.py\n'}
[0.746257] (iw_hub_navigation) StdoutLine: {'line': b'-- Installing: /workspace/build_ws/install/iw_hub_navigation/share/iw_hub_navigation/local_setup.bash\n'}
[0.746302] (iw_hub_navigation) StdoutLine: {'line': b'-- Installing: /workspace/build_ws/install/iw_hub_navigation/share/iw_hub_navigation/local_setup.sh\n'}
[0.746353] (iw_hub_navigation) StdoutLine: {'line': b'-- Installing: /workspace/build_ws/install/iw_hub_navigation/share/iw_hub_navigation/local_setup.zsh\n'}
[0.746398] (iw_hub_navigation) StdoutLine: {'line': b'-- Installing: /workspace/build_ws/install/iw_hub_navigation/share/iw_hub_navigation/local_setup.dsv\n'}
[0.746434] (iw_hub_navigation) StdoutLine: {'line': b'-- Installing: /workspace/build_ws/install/iw_hub_navigation/share/iw_hub_navigation/package.dsv\n'}
[0.746469] (isaac_tutorials) StdoutLine: {'line': b'-- Installing: /workspace/build_ws/install/isaac_tutorials/share/isaac_tutorials/scripts/ros2_publisher_test.py\n'}
[0.746507] (isaac_tutorials) StdoutLine: {'line': b'-- Installing: /workspace/build_ws/install/isaac_tutorials/share/isaac_tutorials/scripts/ros2_publisher_multi_mode.py\n'}
[0.746541] (isaac_tutorials) StdoutLine: {'line': b'-- Installing: /workspace/build_ws/install/isaac_tutorials/share/isaac_tutorials/scripts/ros2_ackermann_publisher.py\n'}
[0.746588] (isaac_tutorials) StdoutLine: {'line': b'-- Installing: /workspace/build_ws/install/isaac_tutorials/lib/isaac_tutorials/ros2_publisher.py\n'}
[0.746631] (isaac_tutorials) StdoutLine: {'line': b'-- Installing: /workspace/build_ws/install/isaac_tutorials/lib/isaac_tutorials/ros2_ackermann_publisher.py\n'}
[0.746668] (isaac_tutorials) StdoutLine: {'line': b'-- Installing: /workspace/build_ws/install/isaac_tutorials/lib/isaac_tutorials/ros2_object_id_subscriber.py\n'}
[0.746700] (iw_hub_navigation) StdoutLine: {'line': b'-- Installing: /workspace/build_ws/install/iw_hub_navigation/share/ament_index/resource_index/packages/iw_hub_navigation\n'}
[0.746738] (isaacsim) CommandEnded: {'returncode': 0}
[0.752665] (isaacsim) JobEnded: {'identifier': 'isaacsim', 'rc': 0}
[0.752911] (iw_hub_navigation) StdoutLine: {'line': b'-- Installing: /workspace/build_ws/install/iw_hub_navigation/share/iw_hub_navigation/cmake/iw_hub_navigationConfig.cmake\n'}
[0.752946] (isaac_tutorials) StdoutLine: {'line': b'-- Installing: /workspace/build_ws/install/isaac_tutorials/share/ament_index/resource_index/package_run_dependencies/isaac_tutorials\n'}
[0.752973] (isaac_tutorials) StdoutLine: {'line': b'-- Installing: /workspace/build_ws/install/isaac_tutorials/share/ament_index/resource_index/parent_prefix_path/isaac_tutorials\n'}
[0.752997] (isaac_tutorials) StdoutLine: {'line': b'-- Installing: /workspace/build_ws/install/isaac_tutorials/share/isaac_tutorials/environment/ament_prefix_path.sh\n'}
[0.753021] (isaac_tutorials) StdoutLine: {'line': b'-- Installing: /workspace/build_ws/install/isaac_tutorials/share/isaac_tutorials/environment/ament_prefix_path.dsv\n'}
[0.753077] (isaac_tutorials) StdoutLine: {'line': b'-- Installing: /workspace/build_ws/install/isaac_tutorials/share/isaac_tutorials/environment/path.sh\n'}
[0.753104] (isaac_tutorials) StdoutLine: {'line': b'-- Installing: /workspace/build_ws/install/isaac_tutorials/share/isaac_tutorials/environment/path.dsv\n'}
[0.753131] (isaac_tutorials) StdoutLine: {'line': b'-- Installing: /workspace/build_ws/install/isaac_tutorials/share/isaac_tutorials/local_setup.bash\n'}
[0.753154] (isaac_tutorials) StdoutLine: {'line': b'-- Installing: /workspace/build_ws/install/isaac_tutorials/share/isaac_tutorials/local_setup.sh\n'}
[0.753176] (isaac_tutorials) StdoutLine: {'line': b'-- Installing: /workspace/build_ws/install/isaac_tutorials/share/isaac_tutorials/local_setup.zsh\n'}
[0.753197] (isaac_tutorials) StdoutLine: {'line': b'-- Installing: /workspace/build_ws/install/isaac_tutorials/share/isaac_tutorials/local_setup.dsv\n'}
[0.753219] (isaac_tutorials) StdoutLine: {'line': b'-- Installing: /workspace/build_ws/install/isaac_tutorials/share/isaac_tutorials/package.dsv\n'}
[0.753240] (isaac_tutorials) StdoutLine: {'line': b'-- Installing: /workspace/build_ws/install/isaac_tutorials/share/ament_index/resource_index/packages/isaac_tutorials\n'}
[0.753262] (isaac_tutorials) StdoutLine: {'line': b'-- Installing: /workspace/build_ws/install/isaac_tutorials/share/isaac_tutorials/cmake/isaac_tutorialsConfig.cmake\n'}
[0.753283] (isaac_tutorials) StdoutLine: {'line': b'-- Installing: /workspace/build_ws/install/isaac_tutorials/share/isaac_tutorials/cmake/isaac_tutorialsConfig-version.cmake\n'}
[0.753305] (isaac_tutorials) StdoutLine: {'line': b'-- Installing: /workspace/build_ws/install/isaac_tutorials/share/isaac_tutorials/package.xml\n'}
[0.753408] (iw_hub_navigation) StdoutLine: {'line': b'-- Installing: /workspace/build_ws/install/iw_hub_navigation/share/iw_hub_navigation/cmake/iw_hub_navigationConfig-version.cmake\n'}
[0.753434] (iw_hub_navigation) StdoutLine: {'line': b'-- Installing: /workspace/build_ws/install/iw_hub_navigation/share/iw_hub_navigation/package.xml\n'}
[0.753457] (isaac_tutorials) CommandEnded: {'returncode': 0}
[0.759054] (isaac_tutorials) JobEnded: {'identifier': 'isaac_tutorials', 'rc': 0}
[0.759268] (iw_hub_navigation) CommandEnded: {'returncode': 0}
[0.764458] (iw_hub_navigation) JobEnded: {'identifier': 'iw_hub_navigation', 'rc': 0}
[0.801088] (-) TimerEvent: {}
[0.901219] (-) TimerEvent: {}
[0.980910] (isaac_ros2_messages) StdoutLine: {'line': b'-- Found ament_cmake_ros: 0.12.0 (/workspace/jazzy_ws/install/share/ament_cmake_ros/cmake)\n'}
[1.001298] (-) TimerEvent: {}
[1.070223] (custom_message) StdoutLine: {'line': b'-- Using all available rosidl_typesupport_c: rosidl_typesupport_fastrtps_c;rosidl_typesupport_introspection_c\n'}
[1.101388] (-) TimerEvent: {}
[1.201621] (-) TimerEvent: {}
[1.211212] (custom_message) StdoutLine: {'line': b'-- Using all available rosidl_typesupport_cpp: rosidl_typesupport_fastrtps_cpp;rosidl_typesupport_introspection_cpp\n'}
[1.212689] (custom_message) StdoutLine: {'line': b'-- Found python_cmake_module: 0.11.1 (/workspace/jazzy_ws/install/share/python_cmake_module/cmake)\n'}
[1.279460] (custom_message) StdoutLine: {'line': b'-- Found PythonExtra: /usr/bin/python3  \n'}
[1.301694] (-) TimerEvent: {}
[1.383100] (isaac_ros2_messages) StdoutLine: {'line': b'-- Using all available rosidl_typesupport_c: rosidl_typesupport_fastrtps_c;rosidl_typesupport_introspection_c\n'}
[1.401976] (-) TimerEvent: {}
[1.502081] (-) TimerEvent: {}
[1.546816] (isaac_ros2_messages) StdoutLine: {'line': b'-- Using all available rosidl_typesupport_cpp: rosidl_typesupport_fastrtps_cpp;rosidl_typesupport_introspection_cpp\n'}
[1.546910] (isaac_ros2_messages) StdoutLine: {'line': b'-- Found python_cmake_module: 0.11.1 (/workspace/jazzy_ws/install/share/python_cmake_module/cmake)\n'}
[1.579427] (custom_message) StdoutLine: {'line': b'-- Found Python3: /usr/bin/python3 (found version "3.12.3") found components: Interpreter Development NumPy Development.Module Development.Embed \n'}
[1.602150] (-) TimerEvent: {}
[1.604877] (custom_message) StdoutLine: {'line': b'-- Found ament_lint_auto: 0.17.4 (/workspace/jazzy_ws/install/share/ament_lint_auto/cmake)\n'}
[1.608919] (isaac_ros2_messages) StdoutLine: {'line': b'-- Found PythonExtra: /usr/bin/python3  \n'}
[1.614584] (custom_message) StdoutLine: {'line': b"-- Added test 'copyright' to check source files copyright and LICENSE\n"}
[1.615413] (custom_message) StdoutLine: {'line': b"-- Added test 'lint_cmake' to check CMake code style\n"}
[1.616053] (custom_message) StdoutLine: {'line': b"-- Added test 'xmllint' to check XML markup files\n"}
[1.617606] (custom_message) StdoutLine: {'line': b'-- Configuring done (1.6s)\n'}
[1.637228] (custom_message) StdoutLine: {'line': b'-- Generating done (0.0s)\n'}
[1.643512] (custom_message) StdoutLine: {'line': b'-- Build files have been written to: /workspace/build_ws/build/custom_message\n'}
[1.648310] (custom_message) CommandEnded: {'returncode': 0}
[1.648582] (custom_message) JobProgress: {'identifier': 'custom_message', 'progress': 'build'}
[1.648604] (custom_message) Command: {'cmd': ['/usr/bin/cmake', '--build', '/workspace/build_ws/build/custom_message', '--', '-j24', '-l24'], 'cwd': '/workspace/build_ws/build/custom_message', 'env': OrderedDict({'SHLVL': '0', 'LD_LIBRARY_PATH': '/workspace/jazzy_ws/install/opt/spdlog_vendor/lib:/workspace/jazzy_ws/install/opt/mimick_vendor/lib:/workspace/jazzy_ws/install/opt/libyaml_vendor/lib:/workspace/jazzy_ws/install/lib', 'HOME': '/root', 'OLDPWD': '/workspace', 'ROS_PYTHON_VERSION': '3', 'LC_CTYPE': 'C.UTF-8', 'COLCON_PREFIX_PATH': '/workspace/jazzy_ws/install', 'ROS_DISTRO': 'jazzy', '_': '/usr/bin/colcon', 'ROS_VERSION': '2', 'PKG_CONFIG_PATH': '/workspace/jazzy_ws/install/lib/x86_64-linux-gnu/pkgconfig:/workspace/jazzy_ws/install/lib/pkgconfig', 'PATH': '/workspace/jazzy_ws/install/opt/uncrustify_vendor/bin:/workspace/jazzy_ws/install/bin:/usr/local/sbin:/usr/local/bin:/usr/sbin:/usr/bin:/sbin:/bin', 'ROS_ROOT': 'jazzy_ws', 'AMENT_PREFIX_PATH': '/workspace/jazzy_ws/install', 'DEBIAN_FRONTEND': 'noninteractive', 'ROS_AUTOMATIC_DISCOVERY_RANGE': 'SUBNET', 'PWD': '/workspace/build_ws/build/custom_message', 'PYTHONPATH': '/workspace/jazzy_ws/install/lib/python3.12/site-packages', 'COLCON': '1', 'CMAKE_PREFIX_PATH': '/workspace/jazzy_ws/install'}), 'shell': False}
[1.673935] (custom_message) StdoutLine: {'line': b'[  2%] Generating type hashes for ROS interfaces\n'}
[1.677983] (custom_message) StdoutLine: {'line': b'[  2%] Built target ament_cmake_python_copy_custom_message\n'}
[1.702247] (-) TimerEvent: {}
[1.765747] (custom_message) StdoutLine: {'line': b'[  2%] Built target custom_message__rosidl_generator_type_description\n'}
[1.773435] (custom_message) StdoutLine: {'line': b'[  5%] Generating C++ code for ROS interfaces\n'}
[1.775123] (custom_message) StdoutLine: {'line': b'[  8%] Generating C code for ROS interfaces\n'}
[1.787607] (custom_message) StdoutLine: {'line': b'running egg_info\n'}
[1.794768] (custom_message) StdoutLine: {'line': b'creating custom_message.egg-info\n'}
[1.794914] (custom_message) StdoutLine: {'line': b'writing custom_message.egg-info/PKG-INFO\n'}
[1.795186] (custom_message) StdoutLine: {'line': b'writing dependency_links to custom_message.egg-info/dependency_links.txt\n'}
[1.795360] (custom_message) StdoutLine: {'line': b'writing top-level names to custom_message.egg-info/top_level.txt\n'}
[1.795465] (custom_message) StdoutLine: {'line': b"writing manifest file 'custom_message.egg-info/SOURCES.txt'\n"}
[1.802298] (-) TimerEvent: {}
[1.817042] (custom_message) StdoutLine: {'line': b"reading manifest file 'custom_message.egg-info/SOURCES.txt'\n"}
[1.817361] (custom_message) StdoutLine: {'line': b"writing manifest file 'custom_message.egg-info/SOURCES.txt'\n"}
[1.833317] (custom_message) StdoutLine: {'line': b'[  8%] Built target ament_cmake_python_build_custom_message_egg\n'}
[1.899757] (custom_message) StdoutLine: {'line': b'[  8%] Built target custom_message__cpp\n'}
[1.902364] (-) TimerEvent: {}
[1.935486] (custom_message) StdoutLine: {'line': b'[ 14%] Building C object CMakeFiles/custom_message__rosidl_generator_c.dir/rosidl_generator_c/custom_message/msg/detail/sample_msg__functions.c.o\n'}
[1.935618] (custom_message) StdoutLine: {'line': b'[ 14%] Building C object CMakeFiles/custom_message__rosidl_generator_c.dir/rosidl_generator_c/custom_message/msg/detail/sample_msg__description.c.o\n'}
[1.935652] (custom_message) StdoutLine: {'line': b'[ 17%] Building C object CMakeFiles/custom_message__rosidl_generator_c.dir/rosidl_generator_c/custom_message/msg/detail/sample_msg__type_support.c.o\n'}
[1.945651] (isaac_ros2_messages) StdoutLine: {'line': b'-- Found Python3: /usr/bin/python3 (found version "3.12.3") found components: Interpreter Development NumPy Development.Module Development.Embed \n'}
[1.961411] (custom_message) StdoutLine: {'line': b'[ 20%] Linking C shared library libcustom_message__rosidl_generator_c.so\n'}
[1.979353] (isaac_ros2_messages) StdoutLine: {'line': b"-- Added test 'copyright' to check source files copyright and LICENSE\n"}
[1.980087] (isaac_ros2_messages) StdoutLine: {'line': b"-- Added test 'lint_cmake' to check CMake code style\n"}
[1.980494] (isaac_ros2_messages) StdoutLine: {'line': b"-- Added test 'xmllint' to check XML markup files\n"}
[1.981197] (custom_message) StdoutLine: {'line': b'[ 20%] Built target custom_message__rosidl_generator_c\n'}
[1.983137] (isaac_ros2_messages) StdoutLine: {'line': b'-- Configuring done (1.8s)\n'}
[1.986416] (custom_message) StdoutLine: {'line': b'[ 32%] Generating C type support for eProsima Fast-RTPS\n'}
[1.986533] (custom_message) StdoutLine: {'line': b'[ 32%] Generating C++ type support for eProsima Fast-RTPS\n'}
[1.986563] (custom_message) StdoutLine: {'line': b'[ 32%] Generating C++ type support dispatch for ROS interfaces\n'}
[1.986589] (custom_message) StdoutLine: {'line': b'[ 32%] Generating C introspection for ROS interfaces\n'}
[1.986611] (custom_message) StdoutLine: {'line': b'[ 35%] Generating C type support dispatch for ROS interfaces\n'}
[1.987338] (custom_message) StdoutLine: {'line': b'[ 38%] Generating C++ introspection for ROS interfaces\n'}
[2.002444] (-) TimerEvent: {}
[2.004335] (isaac_ros2_messages) StdoutLine: {'line': b'-- Generating done (0.0s)\n'}
[2.010143] (isaac_ros2_messages) StdoutLine: {'line': b'-- Build files have been written to: /workspace/build_ws/build/isaac_ros2_messages\n'}
[2.015880] (isaac_ros2_messages) CommandEnded: {'returncode': 0}
[2.016053] (isaac_ros2_messages) JobProgress: {'identifier': 'isaac_ros2_messages', 'progress': 'build'}
[2.016062] (isaac_ros2_messages) Command: {'cmd': ['/usr/bin/cmake', '--build', '/workspace/build_ws/build/isaac_ros2_messages', '--', '-j24', '-l24'], 'cwd': '/workspace/build_ws/build/isaac_ros2_messages', 'env': OrderedDict({'SHLVL': '0', 'LD_LIBRARY_PATH': '/workspace/jazzy_ws/install/opt/spdlog_vendor/lib:/workspace/jazzy_ws/install/opt/mimick_vendor/lib:/workspace/jazzy_ws/install/opt/libyaml_vendor/lib:/workspace/jazzy_ws/install/lib', 'HOME': '/root', 'OLDPWD': '/workspace', 'ROS_PYTHON_VERSION': '3', 'LC_CTYPE': 'C.UTF-8', 'COLCON_PREFIX_PATH': '/workspace/jazzy_ws/install', 'ROS_DISTRO': 'jazzy', '_': '/usr/bin/colcon', 'ROS_VERSION': '2', 'PKG_CONFIG_PATH': '/workspace/jazzy_ws/install/lib/x86_64-linux-gnu/pkgconfig:/workspace/jazzy_ws/install/lib/pkgconfig', 'PATH': '/workspace/jazzy_ws/install/opt/uncrustify_vendor/bin:/workspace/jazzy_ws/install/bin:/usr/local/sbin:/usr/local/bin:/usr/sbin:/usr/bin:/sbin:/bin', 'ROS_ROOT': 'jazzy_ws', 'AMENT_PREFIX_PATH': '/workspace/jazzy_ws/install', 'DEBIAN_FRONTEND': 'noninteractive', 'ROS_AUTOMATIC_DISCOVERY_RANGE': 'SUBNET', 'PWD': '/workspace/build_ws/build/isaac_ros2_messages', 'PYTHONPATH': '/workspace/jazzy_ws/install/lib/python3.12/site-packages', 'COLCON': '1', 'CMAKE_PREFIX_PATH': '/workspace/jazzy_ws/install'}), 'shell': False}
[2.043990] (isaac_ros2_messages) StdoutLine: {'line': b'[  1%] Generating type hashes for ROS interfaces\n'}
[2.047398] (isaac_ros2_messages) StdoutLine: {'line': b'[  1%] Built target ament_cmake_python_copy_isaac_ros2_messages\n'}
[2.085338] (custom_message) StdoutLine: {'line': b'[ 41%] Building CXX object CMakeFiles/custom_message__rosidl_typesupport_c.dir/rosidl_typesupport_c/custom_message/msg/sample_msg__type_support.cpp.o\n'}
[2.087036] (custom_message) StdoutLine: {'line': b'[ 44%] Building CXX object CMakeFiles/custom_message__rosidl_typesupport_cpp.dir/rosidl_typesupport_cpp/custom_message/msg/sample_msg__type_support.cpp.o\n'}
[2.092525] (custom_message) StdoutLine: {'line': b'[ 47%] Building CXX object CMakeFiles/custom_message__rosidl_typesupport_introspection_cpp.dir/rosidl_typesupport_introspection_cpp/custom_message/msg/detail/sample_msg__type_support.cpp.o\n'}
[2.097027] (custom_message) StdoutLine: {'line': b'[ 52%] Building CXX object CMakeFiles/custom_message__rosidl_typesupport_fastrtps_c.dir/rosidl_typesupport_fastrtps_c/custom_message/msg/detail/sample_msg__type_support_c.cpp.o\n'}
[2.097149] (custom_message) StdoutLine: {'line': b'[ 52%] Building C object CMakeFiles/custom_message__rosidl_typesupport_introspection_c.dir/rosidl_typesupport_introspection_c/custom_message/msg/detail/sample_msg__type_support.c.o\n'}
[2.102499] (custom_message) StdoutLine: {'line': b'[ 55%] Building CXX object CMakeFiles/custom_message__rosidl_typesupport_fastrtps_cpp.dir/rosidl_typesupport_fastrtps_cpp/custom_message/msg/detail/dds_fastrtps/sample_msg__type_support.cpp.o\n'}
[2.102584] (-) TimerEvent: {}
[2.110119] (custom_message) StdoutLine: {'line': b'[ 58%] Linking CXX shared library libcustom_message__rosidl_typesupport_c.so\n'}
[2.118856] (custom_message) StdoutLine: {'line': b'[ 61%] Linking C shared library libcustom_message__rosidl_typesupport_introspection_c.so\n'}
[2.132119] (custom_message) StdoutLine: {'line': b'[ 61%] Built target custom_message__rosidl_typesupport_c\n'}
[2.136434] (custom_message) StdoutLine: {'line': b'[ 61%] Built target custom_message__rosidl_typesupport_introspection_c\n'}
[2.149188] (isaac_ros2_messages) StdoutLine: {'line': b'running egg_info\n'}
[2.153956] (isaac_ros2_messages) StdoutLine: {'line': b'creating isaac_ros2_messages.egg-info\n'}
[2.154532] (isaac_ros2_messages) StdoutLine: {'line': b'writing isaac_ros2_messages.egg-info/PKG-INFO\n'}
[2.154574] (isaac_ros2_messages) StdoutLine: {'line': b'writing dependency_links to isaac_ros2_messages.egg-info/dependency_links.txt\n'}
[2.154608] (isaac_ros2_messages) StdoutLine: {'line': b'writing top-level names to isaac_ros2_messages.egg-info/top_level.txt\n'}
[2.154640] (isaac_ros2_messages) StdoutLine: {'line': b"writing manifest file 'isaac_ros2_messages.egg-info/SOURCES.txt'\n"}
[2.170324] (isaac_ros2_messages) StdoutLine: {'line': b"reading manifest file 'isaac_ros2_messages.egg-info/SOURCES.txt'\n"}
[2.170718] (isaac_ros2_messages) StdoutLine: {'line': b"writing manifest file 'isaac_ros2_messages.egg-info/SOURCES.txt'\n"}
[2.186560] (isaac_ros2_messages) StdoutLine: {'line': b'[  1%] Built target ament_cmake_python_build_isaac_ros2_messages_egg\n'}
[2.202780] (-) TimerEvent: {}
[2.225187] (custom_message) StdoutLine: {'line': b'[ 64%] Linking CXX shared library libcustom_message__rosidl_typesupport_cpp.so\n'}
[2.229443] (custom_message) StdoutLine: {'line': b'[ 67%] Linking CXX shared library libcustom_message__rosidl_typesupport_introspection_cpp.so\n'}
[2.247638] (custom_message) StdoutLine: {'line': b'[ 67%] Built target custom_message__rosidl_typesupport_cpp\n'}
[2.264025] (custom_message) StdoutLine: {'line': b'[ 67%] Built target custom_message__rosidl_typesupport_introspection_cpp\n'}
[2.269218] (isaac_ros2_messages) StdoutLine: {'line': b'[  1%] Built target isaac_ros2_messages__rosidl_generator_type_description\n'}
[2.274771] (isaac_ros2_messages) StdoutLine: {'line': b'[  2%] Generating C code for ROS interfaces\n'}
[2.280087] (isaac_ros2_messages) StdoutLine: {'line': b'[  4%] Generating C++ code for ROS interfaces\n'}
[2.285683] (custom_message) StdoutLine: {'line': b'[ 70%] Linking CXX shared library libcustom_message__rosidl_typesupport_fastrtps_c.so\n'}
[2.302842] (-) TimerEvent: {}
[2.304063] (custom_message) StdoutLine: {'line': b'[ 73%] Linking CXX shared library libcustom_message__rosidl_typesupport_fastrtps_cpp.so\n'}
[2.312187] (custom_message) StdoutLine: {'line': b'[ 73%] Built target custom_message__rosidl_typesupport_fastrtps_c\n'}
[2.330409] (custom_message) StdoutLine: {'line': b'[ 73%] Built target custom_message__rosidl_typesupport_fastrtps_cpp\n'}
[2.341661] (custom_message) StdoutLine: {'line': b'[ 73%] Built target custom_message\n'}
[2.352319] (custom_message) StdoutLine: {'line': b'[ 76%] Generating Python code for ROS interfaces\n'}
[2.402900] (-) TimerEvent: {}
[2.466689] (custom_message) StdoutLine: {'line': b'[ 76%] Built target custom_message__py\n'}
[2.477080] (custom_message) StdoutLine: {'line': b'[ 79%] Building C object CMakeFiles/custom_message__rosidl_generator_py.dir/rosidl_generator_py/custom_message/msg/_sample_msg_s.c.o\n'}
[2.503000] (-) TimerEvent: {}
[2.545636] (custom_message) StdoutLine: {'line': b'[ 82%] Linking C shared library libcustom_message__rosidl_generator_py.so\n'}
[2.568588] (custom_message) StdoutLine: {'line': b'[ 82%] Built target custom_message__rosidl_generator_py\n'}
[2.579245] (custom_message) StdoutLine: {'line': b'[ 91%] Building C object CMakeFiles/custom_message_s__rosidl_typesupport_c.dir/rosidl_generator_py/custom_message/_custom_message_s.ep.rosidl_typesupport_c.c.o\n'}
[2.579339] (custom_message) StdoutLine: {'line': b'[ 91%] Building C object CMakeFiles/custom_message_s__rosidl_typesupport_fastrtps_c.dir/rosidl_generator_py/custom_message/_custom_message_s.ep.rosidl_typesupport_fastrtps_c.c.o\n'}
[2.579377] (custom_message) StdoutLine: {'line': b'[ 91%] Building C object CMakeFiles/custom_message_s__rosidl_typesupport_introspection_c.dir/rosidl_generator_py/custom_message/_custom_message_s.ep.rosidl_typesupport_introspection_c.c.o\n'}
[2.603074] (-) TimerEvent: {}
[2.623423] (isaac_ros2_messages) StdoutLine: {'line': b'[  4%] Built target isaac_ros2_messages__cpp\n'}
[2.635177] (custom_message) StdoutLine: {'line': b'[ 94%] Linking C shared module rosidl_generator_py/custom_message/custom_message_s__rosidl_typesupport_c.so\n'}
[2.635671] (custom_message) StdoutLine: {'line': b'[100%] Linking C shared module rosidl_generator_py/custom_message/custom_message_s__rosidl_typesupport_fastrtps_c.so\n'}
[2.635765] (custom_message) StdoutLine: {'line': b'[100%] Linking C shared module rosidl_generator_py/custom_message/custom_message_s__rosidl_typesupport_introspection_c.so\n'}
[2.651240] (custom_message) StdoutLine: {'line': b'[100%] Built target custom_message_s__rosidl_typesupport_c\n'}
[2.653445] (custom_message) StdoutLine: {'line': b'[100%] Built target custom_message_s__rosidl_typesupport_fastrtps_c\n'}
[2.654960] (custom_message) StdoutLine: {'line': b'[100%] Built target custom_message_s__rosidl_typesupport_introspection_c\n'}
[2.656412] (isaac_ros2_messages) StdoutLine: {'line': b'[  5%] Building C object CMakeFiles/isaac_ros2_messages__rosidl_generator_c.dir/rosidl_generator_c/isaac_ros2_messages/srv/detail/get_prims__functions.c.o\n'}
[2.656697] (isaac_ros2_messages) StdoutLine: {'line': b'[  8%] Building C object CMakeFiles/isaac_ros2_messages__rosidl_generator_c.dir/rosidl_generator_c/isaac_ros2_messages/srv/detail/isaac_pose__functions.c.o\n'}
[2.656736] (isaac_ros2_messages) StdoutLine: {'line': b'[  8%] Building C object CMakeFiles/isaac_ros2_messages__rosidl_generator_c.dir/rosidl_generator_c/isaac_ros2_messages/srv/detail/isaac_pose__type_support.c.o\n'}
[2.656928] (isaac_ros2_messages) StdoutLine: {'line': b'[  9%] Building C object CMakeFiles/isaac_ros2_messages__rosidl_generator_c.dir/rosidl_generator_c/isaac_ros2_messages/srv/detail/get_prim_attributes__description.c.o\n'}
[2.657654] (isaac_ros2_messages) StdoutLine: {'line': b'[ 12%] Building C object CMakeFiles/isaac_ros2_messages__rosidl_generator_c.dir/rosidl_generator_c/isaac_ros2_messages/srv/detail/get_prim_attribute__type_support.c.o\n'}
[2.657691] (isaac_ros2_messages) StdoutLine: {'line': b'[ 12%] Building C object CMakeFiles/isaac_ros2_messages__rosidl_generator_c.dir/rosidl_generator_c/isaac_ros2_messages/srv/detail/isaac_pose__description.c.o\n'}
[2.657715] (isaac_ros2_messages) StdoutLine: {'line': b'[ 13%] Building C object CMakeFiles/isaac_ros2_messages__rosidl_generator_c.dir/rosidl_generator_c/isaac_ros2_messages/srv/detail/get_prim_attributes__functions.c.o\n'}
[2.657743] (isaac_ros2_messages) StdoutLine: {'line': b'[ 16%] Building C object CMakeFiles/isaac_ros2_messages__rosidl_generator_c.dir/rosidl_generator_c/isaac_ros2_messages/srv/detail/get_prims__description.c.o\n'}
[2.657773] (isaac_ros2_messages) StdoutLine: {'line': b'[ 16%] Building C object CMakeFiles/isaac_ros2_messages__rosidl_generator_c.dir/rosidl_generator_c/isaac_ros2_messages/srv/detail/get_prims__type_support.c.o\n'}
[2.657796] (isaac_ros2_messages) StdoutLine: {'line': b'[ 17%] Building C object CMakeFiles/isaac_ros2_messages__rosidl_generator_c.dir/rosidl_generator_c/isaac_ros2_messages/srv/detail/get_prim_attribute__functions.c.o\n'}
[2.657997] (isaac_ros2_messages) StdoutLine: {'line': b'[ 18%] Building C object CMakeFiles/isaac_ros2_messages__rosidl_generator_c.dir/rosidl_generator_c/isaac_ros2_messages/srv/detail/get_prim_attributes__type_support.c.o\n'}
[2.659243] (isaac_ros2_messages) StdoutLine: {'line': b'[ 21%] Building C object CMakeFiles/isaac_ros2_messages__rosidl_generator_c.dir/rosidl_generator_c/isaac_ros2_messages/srv/detail/set_prim_attribute__type_support.c.o\n'}
[2.659436] (isaac_ros2_messages) StdoutLine: {'line': b'[ 21%] Building C object CMakeFiles/isaac_ros2_messages__rosidl_generator_c.dir/rosidl_generator_c/isaac_ros2_messages/srv/detail/set_prim_attribute__description.c.o\n'}
[2.659513] (isaac_ros2_messages) StdoutLine: {'line': b'[ 24%] Building C object CMakeFiles/isaac_ros2_messages__rosidl_generator_c.dir/rosidl_generator_c/isaac_ros2_messages/srv/detail/get_prim_attribute__description.c.o\n'}
[2.659581] (isaac_ros2_messages) StdoutLine: {'line': b'[ 24%] Building C object CMakeFiles/isaac_ros2_messages__rosidl_generator_c.dir/rosidl_generator_c/isaac_ros2_messages/srv/detail/set_prim_attribute__functions.c.o\n'}
[2.662083] (custom_message) CommandEnded: {'returncode': 0}
[2.662359] (custom_message) JobProgress: {'identifier': 'custom_message', 'progress': 'install'}
[2.662383] (custom_message) Command: {'cmd': ['/usr/bin/cmake', '--install', '/workspace/build_ws/build/custom_message'], 'cwd': '/workspace/build_ws/build/custom_message', 'env': OrderedDict({'SHLVL': '0', 'LD_LIBRARY_PATH': '/workspace/jazzy_ws/install/opt/spdlog_vendor/lib:/workspace/jazzy_ws/install/opt/mimick_vendor/lib:/workspace/jazzy_ws/install/opt/libyaml_vendor/lib:/workspace/jazzy_ws/install/lib', 'HOME': '/root', 'OLDPWD': '/workspace', 'ROS_PYTHON_VERSION': '3', 'LC_CTYPE': 'C.UTF-8', 'COLCON_PREFIX_PATH': '/workspace/jazzy_ws/install', 'ROS_DISTRO': 'jazzy', '_': '/usr/bin/colcon', 'ROS_VERSION': '2', 'PKG_CONFIG_PATH': '/workspace/jazzy_ws/install/lib/x86_64-linux-gnu/pkgconfig:/workspace/jazzy_ws/install/lib/pkgconfig', 'PATH': '/workspace/jazzy_ws/install/opt/uncrustify_vendor/bin:/workspace/jazzy_ws/install/bin:/usr/local/sbin:/usr/local/bin:/usr/sbin:/usr/bin:/sbin:/bin', 'ROS_ROOT': 'jazzy_ws', 'AMENT_PREFIX_PATH': '/workspace/jazzy_ws/install', 'DEBIAN_FRONTEND': 'noninteractive', 'ROS_AUTOMATIC_DISCOVERY_RANGE': 'SUBNET', 'PWD': '/workspace/build_ws/build/custom_message', 'PYTHONPATH': '/workspace/jazzy_ws/install/lib/python3.12/site-packages', 'COLCON': '1', 'CMAKE_PREFIX_PATH': '/workspace/jazzy_ws/install'}), 'shell': False}
[2.668171] (custom_message) StdoutLine: {'line': b'-- Install configuration: ""\n'}
[2.668349] (custom_message) StdoutLine: {'line': b'-- Installing: /workspace/build_ws/install/custom_message/share/ament_index/resource_index/rosidl_interfaces/custom_message\n'}
[2.668437] (custom_message) StdoutLine: {'line': b'-- Installing: /workspace/build_ws/install/custom_message/share/custom_message/msg/SampleMsg.json\n'}
[2.668654] (custom_message) StdoutLine: {'line': b'-- Installing: /workspace/build_ws/install/custom_message/include/custom_message/custom_message\n'}
[2.668705] (custom_message) StdoutLine: {'line': b'-- Installing: /workspace/build_ws/install/custom_message/include/custom_message/custom_message/msg\n'}
[2.668731] (custom_message) StdoutLine: {'line': b'-- Installing: /workspace/build_ws/install/custom_message/include/custom_message/custom_message/msg/detail\n'}
[2.668753] (custom_message) StdoutLine: {'line': b'-- Installing: /workspace/build_ws/install/custom_message/include/custom_message/custom_message/msg/detail/sample_msg__functions.c\n'}
[2.668781] (custom_message) StdoutLine: {'line': b'-- Installing: /workspace/build_ws/install/custom_message/include/custom_message/custom_message/msg/detail/sample_msg__type_support.h\n'}
[2.668809] (custom_message) StdoutLine: {'line': b'-- Installing: /workspace/build_ws/install/custom_message/include/custom_message/custom_message/msg/detail/sample_msg__description.c\n'}
[2.668830] (custom_message) StdoutLine: {'line': b'-- Installing: /workspace/build_ws/install/custom_message/include/custom_message/custom_message/msg/detail/sample_msg__type_support.c\n'}
[2.668851] (custom_message) StdoutLine: {'line': b'-- Installing: /workspace/build_ws/install/custom_message/include/custom_message/custom_message/msg/detail/sample_msg__functions.h\n'}
[2.668872] (custom_message) StdoutLine: {'line': b'-- Installing: /workspace/build_ws/install/custom_message/include/custom_message/custom_message/msg/detail/sample_msg__struct.h\n'}
[2.668895] (custom_message) StdoutLine: {'line': b'-- Installing: /workspace/build_ws/install/custom_message/include/custom_message/custom_message/msg/sample_msg.h\n'}
[2.668918] (custom_message) StdoutLine: {'line': b'-- Installing: /workspace/build_ws/install/custom_message/include/custom_message/custom_message/msg/rosidl_generator_c__visibility_control.h\n'}
[2.668938] (custom_message) StdoutLine: {'line': b'-- Installing: /workspace/build_ws/install/custom_message/share/custom_message/environment/library_path.sh\n'}
[2.668960] (custom_message) StdoutLine: {'line': b'-- Installing: /workspace/build_ws/install/custom_message/share/custom_message/environment/library_path.dsv\n'}
[2.668982] (custom_message) StdoutLine: {'line': b'-- Installing: /workspace/build_ws/install/custom_message/lib/libcustom_message__rosidl_generator_c.so\n'}
[2.669004] (custom_message) StdoutLine: {'line': b'-- Set non-toolchain portion of runtime path of "/workspace/build_ws/install/custom_message/lib/libcustom_message__rosidl_generator_c.so" to ""\n'}
[2.669026] (custom_message) StdoutLine: {'line': b'-- Up-to-date: /workspace/build_ws/install/custom_message/include/custom_message/custom_message\n'}
[2.669048] (custom_message) StdoutLine: {'line': b'-- Up-to-date: /workspace/build_ws/install/custom_message/include/custom_message/custom_message/msg\n'}
[2.669068] (custom_message) StdoutLine: {'line': b'-- Up-to-date: /workspace/build_ws/install/custom_message/include/custom_message/custom_message/msg/detail\n'}
[2.669088] (custom_message) StdoutLine: {'line': b'-- Installing: /workspace/build_ws/install/custom_message/include/custom_message/custom_message/msg/detail/sample_msg__rosidl_typesupport_fastrtps_c.h\n'}
[2.669110] (custom_message) StdoutLine: {'line': b'-- Installing: /workspace/build_ws/install/custom_message/include/custom_message/custom_message/msg/rosidl_typesupport_fastrtps_c__visibility_control.h\n'}
[2.669131] (custom_message) StdoutLine: {'line': b'-- Installing: /workspace/build_ws/install/custom_message/lib/libcustom_message__rosidl_typesupport_fastrtps_c.so\n'}
[2.669152] (custom_message) StdoutLine: {'line': b'-- Set non-toolchain portion of runtime path of "/workspace/build_ws/install/custom_message/lib/libcustom_message__rosidl_typesupport_fastrtps_c.so" to ""\n'}
[2.669175] (custom_message) StdoutLine: {'line': b'-- Up-to-date: /workspace/build_ws/install/custom_message/include/custom_message/custom_message\n'}
[2.669195] (custom_message) StdoutLine: {'line': b'-- Up-to-date: /workspace/build_ws/install/custom_message/include/custom_message/custom_message/msg\n'}
[2.669218] (custom_message) StdoutLine: {'line': b'-- Up-to-date: /workspace/build_ws/install/custom_message/include/custom_message/custom_message/msg/detail\n'}
[2.669240] (custom_message) StdoutLine: {'line': b'-- Installing: /workspace/build_ws/install/custom_message/include/custom_message/custom_message/msg/detail/sample_msg__traits.hpp\n'}
[2.669260] (custom_message) StdoutLine: {'line': b'-- Installing: /workspace/build_ws/install/custom_message/include/custom_message/custom_message/msg/detail/sample_msg__builder.hpp\n'}
[2.669280] (custom_message) StdoutLine: {'line': b'-- Installing: /workspace/build_ws/install/custom_message/include/custom_message/custom_message/msg/detail/sample_msg__type_support.hpp\n'}
[2.669300] (custom_message) StdoutLine: {'line': b'-- Installing: /workspace/build_ws/install/custom_message/include/custom_message/custom_message/msg/detail/sample_msg__struct.hpp\n'}
[2.669324] (custom_message) StdoutLine: {'line': b'-- Installing: /workspace/build_ws/install/custom_message/include/custom_message/custom_message/msg/rosidl_generator_cpp__visibility_control.hpp\n'}
[2.669347] (custom_message) StdoutLine: {'line': b'-- Installing: /workspace/build_ws/install/custom_message/include/custom_message/custom_message/msg/sample_msg.hpp\n'}
[2.669371] (custom_message) StdoutLine: {'line': b'-- Up-to-date: /workspace/build_ws/install/custom_message/include/custom_message/custom_message\n'}
[2.669395] (custom_message) StdoutLine: {'line': b'-- Up-to-date: /workspace/build_ws/install/custom_message/include/custom_message/custom_message/msg\n'}
[2.669419] (custom_message) StdoutLine: {'line': b'-- Up-to-date: /workspace/build_ws/install/custom_message/include/custom_message/custom_message/msg/detail\n'}
[2.669442] (custom_message) StdoutLine: {'line': b'-- Installing: /workspace/build_ws/install/custom_message/include/custom_message/custom_message/msg/detail/dds_fastrtps\n'}
[2.669466] (custom_message) StdoutLine: {'line': b'-- Installing: /workspace/build_ws/install/custom_message/include/custom_message/custom_message/msg/detail/sample_msg__rosidl_typesupport_fastrtps_cpp.hpp\n'}
[2.669490] (custom_message) StdoutLine: {'line': b'-- Installing: /workspace/build_ws/install/custom_message/include/custom_message/custom_message/msg/rosidl_typesupport_fastrtps_cpp__visibility_control.h\n'}
[2.669513] (custom_message) StdoutLine: {'line': b'-- Installing: /workspace/build_ws/install/custom_message/lib/libcustom_message__rosidl_typesupport_fastrtps_cpp.so\n'}
[2.669741] (custom_message) StdoutLine: {'line': b'-- Set non-toolchain portion of runtime path of "/workspace/build_ws/install/custom_message/lib/libcustom_message__rosidl_typesupport_fastrtps_cpp.so" to ""\n'}
[2.669777] (custom_message) StdoutLine: {'line': b'-- Up-to-date: /workspace/build_ws/install/custom_message/include/custom_message/custom_message\n'}
[2.669804] (custom_message) StdoutLine: {'line': b'-- Up-to-date: /workspace/build_ws/install/custom_message/include/custom_message/custom_message/msg\n'}
[2.669830] (custom_message) StdoutLine: {'line': b'-- Up-to-date: /workspace/build_ws/install/custom_message/include/custom_message/custom_message/msg/detail\n'}
[2.669856] (custom_message) StdoutLine: {'line': b'-- Up-to-date: /workspace/build_ws/install/custom_message/include/custom_message/custom_message/msg/detail/sample_msg__type_support.c\n'}
[2.669883] (custom_message) StdoutLine: {'line': b'-- Installing: /workspace/build_ws/install/custom_message/include/custom_message/custom_message/msg/detail/sample_msg__rosidl_typesupport_introspection_c.h\n'}
[2.669909] (custom_message) StdoutLine: {'line': b'-- Installing: /workspace/build_ws/install/custom_message/include/custom_message/custom_message/msg/rosidl_typesupport_introspection_c__visibility_control.h\n'}
[2.669934] (custom_message) StdoutLine: {'line': b'-- Installing: /workspace/build_ws/install/custom_message/lib/libcustom_message__rosidl_typesupport_introspection_c.so\n'}
[2.669959] (custom_message) StdoutLine: {'line': b'-- Set non-toolchain portion of runtime path of "/workspace/build_ws/install/custom_message/lib/libcustom_message__rosidl_typesupport_introspection_c.so" to ""\n'}
[2.669986] (custom_message) StdoutLine: {'line': b'-- Installing: /workspace/build_ws/install/custom_message/lib/libcustom_message__rosidl_typesupport_c.so\n'}
[2.670011] (custom_message) StdoutLine: {'line': b'-- Set non-toolchain portion of runtime path of "/workspace/build_ws/install/custom_message/lib/libcustom_message__rosidl_typesupport_c.so" to ""\n'}
[2.670062] (custom_message) StdoutLine: {'line': b'-- Up-to-date: /workspace/build_ws/install/custom_message/include/custom_message/custom_message\n'}
[2.670089] (custom_message) StdoutLine: {'line': b'-- Up-to-date: /workspace/build_ws/install/custom_message/include/custom_message/custom_message/msg\n'}
[2.670115] (custom_message) StdoutLine: {'line': b'-- Up-to-date: /workspace/build_ws/install/custom_message/include/custom_message/custom_message/msg/detail\n'}
[2.670141] (custom_message) StdoutLine: {'line': b'-- Installing: /workspace/build_ws/install/custom_message/include/custom_message/custom_message/msg/detail/sample_msg__rosidl_typesupport_introspection_cpp.hpp\n'}
[2.670187] (custom_message) StdoutLine: {'line': b'-- Installing: /workspace/build_ws/install/custom_message/include/custom_message/custom_message/msg/detail/sample_msg__type_support.cpp\n'}
[2.670211] (custom_message) StdoutLine: {'line': b'-- Installing: /workspace/build_ws/install/custom_message/lib/libcustom_message__rosidl_typesupport_introspection_cpp.so\n'}
[2.670235] (custom_message) StdoutLine: {'line': b'-- Set non-toolchain portion of runtime path of "/workspace/build_ws/install/custom_message/lib/libcustom_message__rosidl_typesupport_introspection_cpp.so" to ""\n'}
[2.670260] (custom_message) StdoutLine: {'line': b'-- Installing: /workspace/build_ws/install/custom_message/lib/libcustom_message__rosidl_typesupport_cpp.so\n'}
[2.670286] (custom_message) StdoutLine: {'line': b'-- Set non-toolchain portion of runtime path of "/workspace/build_ws/install/custom_message/lib/libcustom_message__rosidl_typesupport_cpp.so" to ""\n'}
[2.670310] (custom_message) StdoutLine: {'line': b'-- Installing: /workspace/build_ws/install/custom_message/share/custom_message/environment/pythonpath.sh\n'}
[2.670335] (custom_message) StdoutLine: {'line': b'-- Installing: /workspace/build_ws/install/custom_message/share/custom_message/environment/pythonpath.dsv\n'}
[2.670359] (custom_message) StdoutLine: {'line': b'-- Installing: /workspace/build_ws/install/custom_message/lib/python3.12/site-packages/custom_message-0.0.0-py3.12.egg-info\n'}
[2.670383] (custom_message) StdoutLine: {'line': b'-- Installing: /workspace/build_ws/install/custom_message/lib/python3.12/site-packages/custom_message-0.0.0-py3.12.egg-info/PKG-INFO\n'}
[2.670407] (custom_message) StdoutLine: {'line': b'-- Installing: /workspace/build_ws/install/custom_message/lib/python3.12/site-packages/custom_message-0.0.0-py3.12.egg-info/SOURCES.txt\n'}
[2.670432] (custom_message) StdoutLine: {'line': b'-- Installing: /workspace/build_ws/install/custom_message/lib/python3.12/site-packages/custom_message-0.0.0-py3.12.egg-info/top_level.txt\n'}
[2.670455] (custom_message) StdoutLine: {'line': b'-- Installing: /workspace/build_ws/install/custom_message/lib/python3.12/site-packages/custom_message-0.0.0-py3.12.egg-info/dependency_links.txt\n'}
[2.670480] (custom_message) StdoutLine: {'line': b'-- Installing: /workspace/build_ws/install/custom_message/lib/python3.12/site-packages/custom_message\n'}
[2.670503] (custom_message) StdoutLine: {'line': b'-- Installing: /workspace/build_ws/install/custom_message/lib/python3.12/site-packages/custom_message/msg\n'}
[2.670527] (custom_message) StdoutLine: {'line': b'-- Installing: /workspace/build_ws/install/custom_message/lib/python3.12/site-packages/custom_message/msg/_sample_msg_s.c\n'}
[2.670551] (custom_message) StdoutLine: {'line': b'-- Installing: /workspace/build_ws/install/custom_message/lib/python3.12/site-packages/custom_message/msg/__init__.py\n'}
[2.670601] (custom_message) StdoutLine: {'line': b'-- Installing: /workspace/build_ws/install/custom_message/lib/python3.12/site-packages/custom_message/msg/_sample_msg.py\n'}
[2.670626] (custom_message) StdoutLine: {'line': b'-- Installing: /workspace/build_ws/install/custom_message/lib/python3.12/site-packages/custom_message/custom_message_s__rosidl_typesupport_c.so\n'}
[2.670652] (custom_message) StdoutLine: {'line': b'-- Installing: /workspace/build_ws/install/custom_message/lib/python3.12/site-packages/custom_message/__init__.py\n'}
[2.670674] (custom_message) StdoutLine: {'line': b'-- Installing: /workspace/build_ws/install/custom_message/lib/python3.12/site-packages/custom_message/custom_message_s__rosidl_typesupport_fastrtps_c.so\n'}
[2.670696] (custom_message) StdoutLine: {'line': b'-- Installing: /workspace/build_ws/install/custom_message/lib/python3.12/site-packages/custom_message/_custom_message_s.ep.rosidl_typesupport_introspection_c.c\n'}
[2.670717] (custom_message) StdoutLine: {'line': b'-- Installing: /workspace/build_ws/install/custom_message/lib/python3.12/site-packages/custom_message/_custom_message_s.ep.rosidl_typesupport_c.c\n'}
[2.670739] (custom_message) StdoutLine: {'line': b'-- Installing: /workspace/build_ws/install/custom_message/lib/python3.12/site-packages/custom_message/_custom_message_s.ep.rosidl_typesupport_fastrtps_c.c\n'}
[2.670760] (custom_message) StdoutLine: {'line': b'-- Installing: /workspace/build_ws/install/custom_message/lib/python3.12/site-packages/custom_message/custom_message_s__rosidl_typesupport_introspection_c.so\n'}
[2.690522] (custom_message) StdoutLine: {'line': b"Listing '/workspace/build_ws/install/custom_message/lib/python3.12/site-packages/custom_message'...\n"}
[2.690634] (custom_message) StdoutLine: {'line': b"Compiling '/workspace/build_ws/install/custom_message/lib/python3.12/site-packages/custom_message/__init__.py'...\n"}
[2.690666] (custom_message) StdoutLine: {'line': b"Listing '/workspace/build_ws/install/custom_message/lib/python3.12/site-packages/custom_message/msg'...\n"}
[2.690692] (custom_message) StdoutLine: {'line': b"Compiling '/workspace/build_ws/install/custom_message/lib/python3.12/site-packages/custom_message/msg/__init__.py'...\n"}
[2.690717] (custom_message) StdoutLine: {'line': b"Compiling '/workspace/build_ws/install/custom_message/lib/python3.12/site-packages/custom_message/msg/_sample_msg.py'...\n"}
[2.693703] (custom_message) StdoutLine: {'line': b'-- Installing: /workspace/build_ws/install/custom_message/lib/python3.12/site-packages/custom_message/custom_message_s__rosidl_typesupport_fastrtps_c.so\n'}
[2.693838] (custom_message) StdoutLine: {'line': b'-- Set non-toolchain portion of runtime path of "/workspace/build_ws/install/custom_message/lib/python3.12/site-packages/custom_message/custom_message_s__rosidl_typesupport_fastrtps_c.so" to ""\n'}
[2.693874] (custom_message) StdoutLine: {'line': b'-- Installing: /workspace/build_ws/install/custom_message/lib/python3.12/site-packages/custom_message/custom_message_s__rosidl_typesupport_introspection_c.so\n'}
[2.693903] (custom_message) StdoutLine: {'line': b'-- Set non-toolchain portion of runtime path of "/workspace/build_ws/install/custom_message/lib/python3.12/site-packages/custom_message/custom_message_s__rosidl_typesupport_introspection_c.so" to ""\n'}
[2.693929] (custom_message) StdoutLine: {'line': b'-- Installing: /workspace/build_ws/install/custom_message/lib/python3.12/site-packages/custom_message/custom_message_s__rosidl_typesupport_c.so\n'}
[2.693955] (custom_message) StdoutLine: {'line': b'-- Set non-toolchain portion of runtime path of "/workspace/build_ws/install/custom_message/lib/python3.12/site-packages/custom_message/custom_message_s__rosidl_typesupport_c.so" to ""\n'}
[2.693978] (custom_message) StdoutLine: {'line': b'-- Installing: /workspace/build_ws/install/custom_message/lib/libcustom_message__rosidl_generator_py.so\n'}
[2.694001] (custom_message) StdoutLine: {'line': b'-- Set non-toolchain portion of runtime path of "/workspace/build_ws/install/custom_message/lib/libcustom_message__rosidl_generator_py.so" to ""\n'}
[2.694024] (custom_message) StdoutLine: {'line': b'-- Installing: /workspace/build_ws/install/custom_message/share/custom_message/msg/SampleMsg.idl\n'}
[2.694047] (custom_message) StdoutLine: {'line': b'-- Installing: /workspace/build_ws/install/custom_message/share/custom_message/msg/SampleMsg.msg\n'}
[2.694070] (custom_message) StdoutLine: {'line': b'-- Installing: /workspace/build_ws/install/custom_message/share/ament_index/resource_index/package_run_dependencies/custom_message\n'}
[2.694235] (custom_message) StdoutLine: {'line': b'-- Installing: /workspace/build_ws/install/custom_message/share/ament_index/resource_index/parent_prefix_path/custom_message\n'}
[2.694263] (custom_message) StdoutLine: {'line': b'-- Installing: /workspace/build_ws/install/custom_message/share/custom_message/environment/ament_prefix_path.sh\n'}
[2.694288] (custom_message) StdoutLine: {'line': b'-- Installing: /workspace/build_ws/install/custom_message/share/custom_message/environment/ament_prefix_path.dsv\n'}
[2.694311] (custom_message) StdoutLine: {'line': b'-- Installing: /workspace/build_ws/install/custom_message/share/custom_message/environment/path.sh\n'}
[2.694334] (custom_message) StdoutLine: {'line': b'-- Installing: /workspace/build_ws/install/custom_message/share/custom_message/environment/path.dsv\n'}
[2.694358] (custom_message) StdoutLine: {'line': b'-- Installing: /workspace/build_ws/install/custom_message/share/custom_message/local_setup.bash\n'}
[2.694381] (custom_message) StdoutLine: {'line': b'-- Installing: /workspace/build_ws/install/custom_message/share/custom_message/local_setup.sh\n'}
[2.694404] (custom_message) StdoutLine: {'line': b'-- Installing: /workspace/build_ws/install/custom_message/share/custom_message/local_setup.zsh\n'}
[2.694427] (custom_message) StdoutLine: {'line': b'-- Installing: /workspace/build_ws/install/custom_message/share/custom_message/local_setup.dsv\n'}
[2.694471] (custom_message) StdoutLine: {'line': b'-- Installing: /workspace/build_ws/install/custom_message/share/custom_message/package.dsv\n'}
[2.694494] (custom_message) StdoutLine: {'line': b'-- Installing: /workspace/build_ws/install/custom_message/share/ament_index/resource_index/packages/custom_message\n'}
[2.694517] (custom_message) StdoutLine: {'line': b'-- Installing: /workspace/build_ws/install/custom_message/share/custom_message/cmake/export_custom_message__rosidl_generator_cExport.cmake\n'}
[2.694541] (custom_message) StdoutLine: {'line': b'-- Installing: /workspace/build_ws/install/custom_message/share/custom_message/cmake/export_custom_message__rosidl_generator_cExport-noconfig.cmake\n'}
[2.694562] (custom_message) StdoutLine: {'line': b'-- Installing: /workspace/build_ws/install/custom_message/share/custom_message/cmake/export_custom_message__rosidl_typesupport_fastrtps_cExport.cmake\n'}
[2.694611] (custom_message) StdoutLine: {'line': b'-- Installing: /workspace/build_ws/install/custom_message/share/custom_message/cmake/export_custom_message__rosidl_typesupport_fastrtps_cExport-noconfig.cmake\n'}
[2.694635] (custom_message) StdoutLine: {'line': b'-- Installing: /workspace/build_ws/install/custom_message/share/custom_message/cmake/export_custom_message__rosidl_generator_cppExport.cmake\n'}
[2.694657] (custom_message) StdoutLine: {'line': b'-- Installing: /workspace/build_ws/install/custom_message/share/custom_message/cmake/export_custom_message__rosidl_typesupport_fastrtps_cppExport.cmake\n'}
[2.694696] (custom_message) StdoutLine: {'line': b'-- Installing: /workspace/build_ws/install/custom_message/share/custom_message/cmake/export_custom_message__rosidl_typesupport_fastrtps_cppExport-noconfig.cmake\n'}
[2.694739] (custom_message) StdoutLine: {'line': b'-- Installing: /workspace/build_ws/install/custom_message/share/custom_message/cmake/custom_message__rosidl_typesupport_introspection_cExport.cmake\n'}
[2.694777] (custom_message) StdoutLine: {'line': b'-- Installing: /workspace/build_ws/install/custom_message/share/custom_message/cmake/custom_message__rosidl_typesupport_introspection_cExport-noconfig.cmake\n'}
[2.694831] (custom_message) StdoutLine: {'line': b'-- Installing: /workspace/build_ws/install/custom_message/share/custom_message/cmake/custom_message__rosidl_typesupport_cExport.cmake\n'}
[2.694884] (custom_message) StdoutLine: {'line': b'-- Installing: /workspace/build_ws/install/custom_message/share/custom_message/cmake/custom_message__rosidl_typesupport_cExport-noconfig.cmake\n'}
[2.694940] (custom_message) StdoutLine: {'line': b'-- Installing: /workspace/build_ws/install/custom_message/share/custom_message/cmake/custom_message__rosidl_typesupport_introspection_cppExport.cmake\n'}
[2.694993] (custom_message) StdoutLine: {'line': b'-- Installing: /workspace/build_ws/install/custom_message/share/custom_message/cmake/custom_message__rosidl_typesupport_introspection_cppExport-noconfig.cmake\n'}
[2.695048] (custom_message) StdoutLine: {'line': b'-- Installing: /workspace/build_ws/install/custom_message/share/custom_message/cmake/custom_message__rosidl_typesupport_cppExport.cmake\n'}
[2.695100] (custom_message) StdoutLine: {'line': b'-- Installing: /workspace/build_ws/install/custom_message/share/custom_message/cmake/custom_message__rosidl_typesupport_cppExport-noconfig.cmake\n'}
[2.695158] (custom_message) StdoutLine: {'line': b'-- Installing: /workspace/build_ws/install/custom_message/share/custom_message/cmake/export_custom_message__rosidl_generator_pyExport.cmake\n'}
[2.695217] (custom_message) StdoutLine: {'line': b'-- Installing: /workspace/build_ws/install/custom_message/share/custom_message/cmake/export_custom_message__rosidl_generator_pyExport-noconfig.cmake\n'}
[2.695267] (custom_message) StdoutLine: {'line': b'-- Installing: /workspace/build_ws/install/custom_message/share/custom_message/cmake/rosidl_cmake-extras.cmake\n'}
[2.695315] (custom_message) StdoutLine: {'line': b'-- Installing: /workspace/build_ws/install/custom_message/share/custom_message/cmake/ament_cmake_export_dependencies-extras.cmake\n'}
[2.695365] (custom_message) StdoutLine: {'line': b'-- Installing: /workspace/build_ws/install/custom_message/share/custom_message/cmake/ament_cmake_export_include_directories-extras.cmake\n'}
[2.695412] (custom_message) StdoutLine: {'line': b'-- Installing: /workspace/build_ws/install/custom_message/share/custom_message/cmake/ament_cmake_export_libraries-extras.cmake\n'}
[2.695463] (custom_message) StdoutLine: {'line': b'-- Installing: /workspace/build_ws/install/custom_message/share/custom_message/cmake/ament_cmake_export_targets-extras.cmake\n'}
[2.695510] (custom_message) StdoutLine: {'line': b'-- Installing: /workspace/build_ws/install/custom_message/share/custom_message/cmake/rosidl_cmake_export_typesupport_targets-extras.cmake\n'}
[2.695558] (custom_message) StdoutLine: {'line': b'-- Installing: /workspace/build_ws/install/custom_message/share/custom_message/cmake/rosidl_cmake_export_typesupport_libraries-extras.cmake\n'}
[2.695606] (custom_message) StdoutLine: {'line': b'-- Installing: /workspace/build_ws/install/custom_message/share/custom_message/cmake/custom_messageConfig.cmake\n'}
[2.695647] (custom_message) StdoutLine: {'line': b'-- Installing: /workspace/build_ws/install/custom_message/share/custom_message/cmake/custom_messageConfig-version.cmake\n'}
[2.695695] (custom_message) StdoutLine: {'line': b'-- Installing: /workspace/build_ws/install/custom_message/share/custom_message/package.xml\n'}
[2.696802] (custom_message) CommandEnded: {'returncode': 0}
[2.703187] (-) TimerEvent: {}
[2.704634] (custom_message) JobEnded: {'identifier': 'custom_message', 'rc': 0}
[2.707412] (isaac_ros2_messages) StdoutLine: {'line': b'[ 25%] Linking C shared library libisaac_ros2_messages__rosidl_generator_c.so\n'}
[2.730837] (isaac_ros2_messages) StdoutLine: {'line': b'[ 25%] Built target isaac_ros2_messages__rosidl_generator_c\n'}
[2.736516] (isaac_ros2_messages) StdoutLine: {'line': b'[ 32%] Generating C type support dispatch for ROS interfaces\n'}
[2.736689] (isaac_ros2_messages) StdoutLine: {'line': b'[ 32%] Generating C introspection for ROS interfaces\n'}
[2.736747] (isaac_ros2_messages) StdoutLine: {'line': b'[ 32%] Generating C++ type support dispatch for ROS interfaces\n'}
[2.736785] (isaac_ros2_messages) StdoutLine: {'line': b'[ 32%] Generating C type support for eProsima Fast-RTPS\n'}
[2.736820] (isaac_ros2_messages) StdoutLine: {'line': b'[ 32%] Generating C++ introspection for ROS interfaces\n'}
[2.736852] (isaac_ros2_messages) StdoutLine: {'line': b'[ 33%] Generating C++ type support for eProsima Fast-RTPS\n'}
[2.803388] (-) TimerEvent: {}
[2.903719] (-) TimerEvent: {}
[2.992707] (isaac_ros2_messages) StdoutLine: {'line': b'[ 35%] Building CXX object CMakeFiles/isaac_ros2_messages__rosidl_typesupport_c.dir/rosidl_typesupport_c/isaac_ros2_messages/srv/isaac_pose__type_support.cpp.o\n'}
[2.992938] (isaac_ros2_messages) StdoutLine: {'line': b'[ 37%] Building CXX object CMakeFiles/isaac_ros2_messages__rosidl_typesupport_c.dir/rosidl_typesupport_c/isaac_ros2_messages/srv/get_prim_attributes__type_support.cpp.o\n'}
[2.993022] (isaac_ros2_messages) StdoutLine: {'line': b'[ 39%] Building CXX object CMakeFiles/isaac_ros2_messages__rosidl_typesupport_c.dir/rosidl_typesupport_c/isaac_ros2_messages/srv/get_prim_attribute__type_support.cpp.o\n'}
[2.993055] (isaac_ros2_messages) StdoutLine: {'line': b'[ 37%] Building CXX object CMakeFiles/isaac_ros2_messages__rosidl_typesupport_c.dir/rosidl_typesupport_c/isaac_ros2_messages/srv/get_prims__type_support.cpp.o\n'}
[2.993080] (isaac_ros2_messages) StdoutLine: {'line': b'[ 40%] Building CXX object CMakeFiles/isaac_ros2_messages__rosidl_typesupport_c.dir/rosidl_typesupport_c/isaac_ros2_messages/srv/set_prim_attribute__type_support.cpp.o\n'}
[3.003782] (-) TimerEvent: {}
[3.016743] (isaac_ros2_messages) StdoutLine: {'line': b'[ 47%] Building CXX object CMakeFiles/isaac_ros2_messages__rosidl_typesupport_cpp.dir/rosidl_typesupport_cpp/isaac_ros2_messages/srv/isaac_pose__type_support.cpp.o\n'}
[3.016863] (isaac_ros2_messages) StdoutLine: {'line': b'[ 47%] Building CXX object CMakeFiles/isaac_ros2_messages__rosidl_typesupport_cpp.dir/rosidl_typesupport_cpp/isaac_ros2_messages/srv/set_prim_attribute__type_support.cpp.o\n'}
[3.016895] (isaac_ros2_messages) StdoutLine: {'line': b'[ 47%] Building CXX object CMakeFiles/isaac_ros2_messages__rosidl_typesupport_cpp.dir/rosidl_typesupport_cpp/isaac_ros2_messages/srv/get_prim_attribute__type_support.cpp.o\n'}
[3.016922] (isaac_ros2_messages) StdoutLine: {'line': b'[ 47%] Building CXX object CMakeFiles/isaac_ros2_messages__rosidl_typesupport_cpp.dir/rosidl_typesupport_cpp/isaac_ros2_messages/srv/get_prims__type_support.cpp.o\n'}
[3.016947] (isaac_ros2_messages) StdoutLine: {'line': b'[ 47%] Building CXX object CMakeFiles/isaac_ros2_messages__rosidl_typesupport_cpp.dir/rosidl_typesupport_cpp/isaac_ros2_messages/srv/get_prim_attributes__type_support.cpp.o\n'}
[3.023152] (isaac_ros2_messages) StdoutLine: {'line': b'[ 48%] Linking CXX shared library libisaac_ros2_messages__rosidl_typesupport_c.so\n'}
[3.032381] (isaac_ros2_messages) StdoutLine: {'line': b'[ 55%] Building CXX object CMakeFiles/isaac_ros2_messages__rosidl_typesupport_introspection_cpp.dir/rosidl_typesupport_introspection_cpp/isaac_ros2_messages/srv/detail/get_prims__type_support.cpp.o\n'}
[3.032520] (isaac_ros2_messages) StdoutLine: {'line': b'[ 55%] Building CXX object CMakeFiles/isaac_ros2_messages__rosidl_typesupport_introspection_cpp.dir/rosidl_typesupport_introspection_cpp/isaac_ros2_messages/srv/detail/get_prim_attribute__type_support.cpp.o\n'}
[3.032699] (isaac_ros2_messages) StdoutLine: {'line': b'[ 54%] Building CXX object CMakeFiles/isaac_ros2_messages__rosidl_typesupport_introspection_cpp.dir/rosidl_typesupport_introspection_cpp/isaac_ros2_messages/srv/detail/isaac_pose__type_support.cpp.o\n'}
[3.032734] (isaac_ros2_messages) StdoutLine: {'line': b'[ 55%] Building CXX object CMakeFiles/isaac_ros2_messages__rosidl_typesupport_introspection_cpp.dir/rosidl_typesupport_introspection_cpp/isaac_ros2_messages/srv/detail/get_prim_attributes__type_support.cpp.o\n'}
[3.032759] (isaac_ros2_messages) StdoutLine: {'line': b'[ 55%] Building CXX object CMakeFiles/isaac_ros2_messages__rosidl_typesupport_introspection_cpp.dir/rosidl_typesupport_introspection_cpp/isaac_ros2_messages/srv/detail/set_prim_attribute__type_support.cpp.o\n'}
[3.040156] (isaac_ros2_messages) StdoutLine: {'line': b'[ 58%] Building C object CMakeFiles/isaac_ros2_messages__rosidl_typesupport_introspection_c.dir/rosidl_typesupport_introspection_c/isaac_ros2_messages/srv/detail/isaac_pose__type_support.c.o\n'}
[3.040421] (isaac_ros2_messages) StdoutLine: {'line': b'[ 59%] Building C object CMakeFiles/isaac_ros2_messages__rosidl_typesupport_introspection_c.dir/rosidl_typesupport_introspection_c/isaac_ros2_messages/srv/detail/set_prim_attribute__type_support.c.o\n'}
[3.040516] (isaac_ros2_messages) StdoutLine: {'line': b'[ 60%] Building C object CMakeFiles/isaac_ros2_messages__rosidl_typesupport_introspection_c.dir/rosidl_typesupport_introspection_c/isaac_ros2_messages/srv/detail/get_prims__type_support.c.o\n'}
[3.041698] (isaac_ros2_messages) StdoutLine: {'line': b'[ 62%] Building C object CMakeFiles/isaac_ros2_messages__rosidl_typesupport_introspection_c.dir/rosidl_typesupport_introspection_c/isaac_ros2_messages/srv/detail/get_prim_attribute__type_support.c.o\n'}
[3.041738] (isaac_ros2_messages) StdoutLine: {'line': b'[ 62%] Building C object CMakeFiles/isaac_ros2_messages__rosidl_typesupport_introspection_c.dir/rosidl_typesupport_introspection_c/isaac_ros2_messages/srv/detail/get_prim_attributes__type_support.c.o\n'}
[3.049211] (isaac_ros2_messages) StdoutLine: {'line': b'[ 62%] Built target isaac_ros2_messages__rosidl_typesupport_c\n'}
[3.078143] (isaac_ros2_messages) StdoutLine: {'line': b'[ 63%] Linking C shared library libisaac_ros2_messages__rosidl_typesupport_introspection_c.so\n'}
[3.102265] (isaac_ros2_messages) StdoutLine: {'line': b'[ 63%] Built target isaac_ros2_messages__rosidl_typesupport_introspection_c\n'}
[3.104247] (-) TimerEvent: {}
[3.117954] (isaac_ros2_messages) StdoutLine: {'line': b'[ 64%] Building CXX object CMakeFiles/isaac_ros2_messages__rosidl_typesupport_fastrtps_cpp.dir/rosidl_typesupport_fastrtps_cpp/isaac_ros2_messages/srv/detail/dds_fastrtps/isaac_pose__type_support.cpp.o\n'}
[3.119956] (isaac_ros2_messages) StdoutLine: {'line': b'[ 70%] Building CXX object CMakeFiles/isaac_ros2_messages__rosidl_typesupport_fastrtps_cpp.dir/rosidl_typesupport_fastrtps_cpp/isaac_ros2_messages/srv/detail/dds_fastrtps/set_prim_attribute__type_support.cpp.o\n'}
[3.120082] (isaac_ros2_messages) StdoutLine: {'line': b'[ 70%] Building CXX object CMakeFiles/isaac_ros2_messages__rosidl_typesupport_fastrtps_cpp.dir/rosidl_typesupport_fastrtps_cpp/isaac_ros2_messages/srv/detail/dds_fastrtps/get_prims__type_support.cpp.o\n'}
[3.120120] (isaac_ros2_messages) StdoutLine: {'line': b'[ 70%] Building CXX object CMakeFiles/isaac_ros2_messages__rosidl_typesupport_fastrtps_cpp.dir/rosidl_typesupport_fastrtps_cpp/isaac_ros2_messages/srv/detail/dds_fastrtps/get_prim_attributes__type_support.cpp.o\n'}
[3.120154] (isaac_ros2_messages) StdoutLine: {'line': b'[ 70%] Building CXX object CMakeFiles/isaac_ros2_messages__rosidl_typesupport_fastrtps_cpp.dir/rosidl_typesupport_fastrtps_cpp/isaac_ros2_messages/srv/detail/dds_fastrtps/get_prim_attribute__type_support.cpp.o\n'}
[3.148231] (isaac_ros2_messages) StdoutLine: {'line': b'[ 75%] Building CXX object CMakeFiles/isaac_ros2_messages__rosidl_typesupport_fastrtps_c.dir/rosidl_typesupport_fastrtps_c/isaac_ros2_messages/srv/detail/get_prims__type_support_c.cpp.o\n'}
[3.148386] (isaac_ros2_messages) StdoutLine: {'line': b'[ 75%] Building CXX object CMakeFiles/isaac_ros2_messages__rosidl_typesupport_fastrtps_c.dir/rosidl_typesupport_fastrtps_c/isaac_ros2_messages/srv/detail/get_prim_attributes__type_support_c.cpp.o\n'}
[3.148428] (isaac_ros2_messages) StdoutLine: {'line': b'[ 75%] Building CXX object CMakeFiles/isaac_ros2_messages__rosidl_typesupport_fastrtps_c.dir/rosidl_typesupport_fastrtps_c/isaac_ros2_messages/srv/detail/get_prim_attribute__type_support_c.cpp.o\n'}
[3.148461] (isaac_ros2_messages) StdoutLine: {'line': b'[ 75%] Building CXX object CMakeFiles/isaac_ros2_messages__rosidl_typesupport_fastrtps_c.dir/rosidl_typesupport_fastrtps_c/isaac_ros2_messages/srv/detail/isaac_pose__type_support_c.cpp.o\n'}
[3.148585] (isaac_ros2_messages) StdoutLine: {'line': b'[ 77%] Building CXX object CMakeFiles/isaac_ros2_messages__rosidl_typesupport_fastrtps_c.dir/rosidl_typesupport_fastrtps_c/isaac_ros2_messages/srv/detail/set_prim_attribute__type_support_c.cpp.o\n'}
[3.204356] (-) TimerEvent: {}
[3.250709] (isaac_ros2_messages) StdoutLine: {'line': b'[ 78%] Linking CXX shared library libisaac_ros2_messages__rosidl_typesupport_cpp.so\n'}
[3.304066] (isaac_ros2_messages) StdoutLine: {'line': b'[ 78%] Built target isaac_ros2_messages__rosidl_typesupport_cpp\n'}
[3.304405] (-) TimerEvent: {}
[3.384716] (isaac_ros2_messages) StdoutLine: {'line': b'[ 79%] Linking CXX shared library libisaac_ros2_messages__rosidl_typesupport_introspection_cpp.so\n'}
[3.404513] (-) TimerEvent: {}
[3.437805] (isaac_ros2_messages) StdoutLine: {'line': b'[ 79%] Built target isaac_ros2_messages__rosidl_typesupport_introspection_cpp\n'}
[3.442429] (isaac_ros2_messages) StdoutLine: {'line': b'[ 81%] Linking CXX shared library libisaac_ros2_messages__rosidl_typesupport_fastrtps_c.so\n'}
[3.486661] (isaac_ros2_messages) StdoutLine: {'line': b'[ 81%] Built target isaac_ros2_messages__rosidl_typesupport_fastrtps_c\n'}
[3.504662] (-) TimerEvent: {}
[3.514096] (isaac_ros2_messages) StdoutLine: {'line': b'[ 82%] Linking CXX shared library libisaac_ros2_messages__rosidl_typesupport_fastrtps_cpp.so\n'}
[3.567576] (isaac_ros2_messages) StdoutLine: {'line': b'[ 82%] Built target isaac_ros2_messages__rosidl_typesupport_fastrtps_cpp\n'}
[3.577688] (isaac_ros2_messages) StdoutLine: {'line': b'[ 82%] Built target isaac_ros2_messages\n'}
[3.587316] (isaac_ros2_messages) StdoutLine: {'line': b'[ 83%] Generating Python code for ROS interfaces\n'}
[3.604746] (-) TimerEvent: {}
[3.705005] (-) TimerEvent: {}
[3.805226] (-) TimerEvent: {}
[3.905355] (-) TimerEvent: {}
[4.005595] (-) TimerEvent: {}
[4.105841] (-) TimerEvent: {}
[4.162543] (isaac_ros2_messages) StdoutLine: {'line': b'[ 83%] Built target isaac_ros2_messages__py\n'}
[4.173245] (isaac_ros2_messages) StdoutLine: {'line': b'[ 85%] Building C object CMakeFiles/isaac_ros2_messages__rosidl_generator_py.dir/rosidl_generator_py/isaac_ros2_messages/srv/_isaac_pose_s.c.o\n'}
[4.173427] (isaac_ros2_messages) StdoutLine: {'line': b'[ 86%] Building C object CMakeFiles/isaac_ros2_messages__rosidl_generator_py.dir/rosidl_generator_py/isaac_ros2_messages/srv/_get_prims_s.c.o\n'}
[4.173675] (isaac_ros2_messages) StdoutLine: {'line': b'[ 87%] Building C object CMakeFiles/isaac_ros2_messages__rosidl_generator_py.dir/rosidl_generator_py/isaac_ros2_messages/srv/_get_prim_attributes_s.c.o\n'}
[4.173966] (isaac_ros2_messages) StdoutLine: {'line': b'[ 89%] Building C object CMakeFiles/isaac_ros2_messages__rosidl_generator_py.dir/rosidl_generator_py/isaac_ros2_messages/srv/_get_prim_attribute_s.c.o\n'}
[4.174582] (isaac_ros2_messages) StdoutLine: {'line': b'[ 90%] Building C object CMakeFiles/isaac_ros2_messages__rosidl_generator_py.dir/rosidl_generator_py/isaac_ros2_messages/srv/_set_prim_attribute_s.c.o\n'}
[4.206152] (-) TimerEvent: {}
[4.260142] (isaac_ros2_messages) StdoutLine: {'line': b'[ 91%] Linking C shared library libisaac_ros2_messages__rosidl_generator_py.so\n'}
[4.286878] (isaac_ros2_messages) StdoutLine: {'line': b'[ 91%] Built target isaac_ros2_messages__rosidl_generator_py\n'}
[4.296432] (isaac_ros2_messages) StdoutLine: {'line': b'[ 94%] Building C object CMakeFiles/isaac_ros2_messages_s__rosidl_typesupport_introspection_c.dir/rosidl_generator_py/isaac_ros2_messages/_isaac_ros2_messages_s.ep.rosidl_typesupport_introspection_c.c.o\n'}
[4.296585] (isaac_ros2_messages) StdoutLine: {'line': b'[ 94%] Building C object CMakeFiles/isaac_ros2_messages_s__rosidl_typesupport_c.dir/rosidl_generator_py/isaac_ros2_messages/_isaac_ros2_messages_s.ep.rosidl_typesupport_c.c.o\n'}
[4.296620] (isaac_ros2_messages) StdoutLine: {'line': b'[ 95%] Building C object CMakeFiles/isaac_ros2_messages_s__rosidl_typesupport_fastrtps_c.dir/rosidl_generator_py/isaac_ros2_messages/_isaac_ros2_messages_s.ep.rosidl_typesupport_fastrtps_c.c.o\n'}
[4.306210] (-) TimerEvent: {}
[4.374337] (isaac_ros2_messages) StdoutLine: {'line': b'[ 98%] Linking C shared module rosidl_generator_py/isaac_ros2_messages/isaac_ros2_messages_s__rosidl_typesupport_fastrtps_c.so\n'}
[4.374472] (isaac_ros2_messages) StdoutLine: {'line': b'[ 98%] Linking C shared module rosidl_generator_py/isaac_ros2_messages/isaac_ros2_messages_s__rosidl_typesupport_c.so\n'}
[4.374509] (isaac_ros2_messages) StdoutLine: {'line': b'[100%] Linking C shared module rosidl_generator_py/isaac_ros2_messages/isaac_ros2_messages_s__rosidl_typesupport_introspection_c.so\n'}
[4.391637] (isaac_ros2_messages) StdoutLine: {'line': b'[100%] Built target isaac_ros2_messages_s__rosidl_typesupport_c\n'}
[4.391766] (isaac_ros2_messages) StdoutLine: {'line': b'[100%] Built target isaac_ros2_messages_s__rosidl_typesupport_introspection_c\n'}
[4.392231] (isaac_ros2_messages) StdoutLine: {'line': b'[100%] Built target isaac_ros2_messages_s__rosidl_typesupport_fastrtps_c\n'}
[4.397923] (isaac_ros2_messages) CommandEnded: {'returncode': 0}
[4.398632] (isaac_ros2_messages) JobProgress: {'identifier': 'isaac_ros2_messages', 'progress': 'install'}
[4.398650] (isaac_ros2_messages) Command: {'cmd': ['/usr/bin/cmake', '--install', '/workspace/build_ws/build/isaac_ros2_messages'], 'cwd': '/workspace/build_ws/build/isaac_ros2_messages', 'env': OrderedDict({'SHLVL': '0', 'LD_LIBRARY_PATH': '/workspace/jazzy_ws/install/opt/spdlog_vendor/lib:/workspace/jazzy_ws/install/opt/mimick_vendor/lib:/workspace/jazzy_ws/install/opt/libyaml_vendor/lib:/workspace/jazzy_ws/install/lib', 'HOME': '/root', 'OLDPWD': '/workspace', 'ROS_PYTHON_VERSION': '3', 'LC_CTYPE': 'C.UTF-8', 'COLCON_PREFIX_PATH': '/workspace/jazzy_ws/install', 'ROS_DISTRO': 'jazzy', '_': '/usr/bin/colcon', 'ROS_VERSION': '2', 'PKG_CONFIG_PATH': '/workspace/jazzy_ws/install/lib/x86_64-linux-gnu/pkgconfig:/workspace/jazzy_ws/install/lib/pkgconfig', 'PATH': '/workspace/jazzy_ws/install/opt/uncrustify_vendor/bin:/workspace/jazzy_ws/install/bin:/usr/local/sbin:/usr/local/bin:/usr/sbin:/usr/bin:/sbin:/bin', 'ROS_ROOT': 'jazzy_ws', 'AMENT_PREFIX_PATH': '/workspace/jazzy_ws/install', 'DEBIAN_FRONTEND': 'noninteractive', 'ROS_AUTOMATIC_DISCOVERY_RANGE': 'SUBNET', 'PWD': '/workspace/build_ws/build/isaac_ros2_messages', 'PYTHONPATH': '/workspace/jazzy_ws/install/lib/python3.12/site-packages', 'COLCON': '1', 'CMAKE_PREFIX_PATH': '/workspace/jazzy_ws/install'}), 'shell': False}
[4.403103] (isaac_ros2_messages) StdoutLine: {'line': b'-- Install configuration: ""\n'}
[4.403340] (isaac_ros2_messages) StdoutLine: {'line': b'-- Installing: /workspace/build_ws/install/isaac_ros2_messages/share/ament_index/resource_index/rosidl_interfaces/isaac_ros2_messages\n'}
[4.403384] (isaac_ros2_messages) StdoutLine: {'line': b'-- Installing: /workspace/build_ws/install/isaac_ros2_messages/share/isaac_ros2_messages/srv/IsaacPose.json\n'}
[4.403443] (isaac_ros2_messages) StdoutLine: {'line': b'-- Installing: /workspace/build_ws/install/isaac_ros2_messages/share/isaac_ros2_messages/srv/GetPrims.json\n'}
[4.403497] (isaac_ros2_messages) StdoutLine: {'line': b'-- Installing: /workspace/build_ws/install/isaac_ros2_messages/share/isaac_ros2_messages/srv/GetPrimAttributes.json\n'}
[4.403550] (isaac_ros2_messages) StdoutLine: {'line': b'-- Installing: /workspace/build_ws/install/isaac_ros2_messages/share/isaac_ros2_messages/srv/GetPrimAttribute.json\n'}
[4.403628] (isaac_ros2_messages) StdoutLine: {'line': b'-- Installing: /workspace/build_ws/install/isaac_ros2_messages/share/isaac_ros2_messages/srv/SetPrimAttribute.json\n'}
[4.403704] (isaac_ros2_messages) StdoutLine: {'line': b'-- Installing: /workspace/build_ws/install/isaac_ros2_messages/include/isaac_ros2_messages/isaac_ros2_messages\n'}
[4.403776] (isaac_ros2_messages) StdoutLine: {'line': b'-- Installing: /workspace/build_ws/install/isaac_ros2_messages/include/isaac_ros2_messages/isaac_ros2_messages/msg\n'}
[4.403824] (isaac_ros2_messages) StdoutLine: {'line': b'-- Installing: /workspace/build_ws/install/isaac_ros2_messages/include/isaac_ros2_messages/isaac_ros2_messages/msg/rosidl_generator_c__visibility_control.h\n'}
[4.403886] (isaac_ros2_messages) StdoutLine: {'line': b'-- Installing: /workspace/build_ws/install/isaac_ros2_messages/include/isaac_ros2_messages/isaac_ros2_messages/srv\n'}
[4.403944] (isaac_ros2_messages) StdoutLine: {'line': b'-- Installing: /workspace/build_ws/install/isaac_ros2_messages/include/isaac_ros2_messages/isaac_ros2_messages/srv/detail\n'}
[4.404001] (isaac_ros2_messages) StdoutLine: {'line': b'-- Installing: /workspace/build_ws/install/isaac_ros2_messages/include/isaac_ros2_messages/isaac_ros2_messages/srv/detail/isaac_pose__type_support.h\n'}
[4.404053] (isaac_ros2_messages) StdoutLine: {'line': b'-- Installing: /workspace/build_ws/install/isaac_ros2_messages/include/isaac_ros2_messages/isaac_ros2_messages/srv/detail/get_prims__type_support.c\n'}
[4.404105] (isaac_ros2_messages) StdoutLine: {'line': b'-- Installing: /workspace/build_ws/install/isaac_ros2_messages/include/isaac_ros2_messages/isaac_ros2_messages/srv/detail/set_prim_attribute__functions.h\n'}
[4.404174] (isaac_ros2_messages) StdoutLine: {'line': b'-- Installing: /workspace/build_ws/install/isaac_ros2_messages/include/isaac_ros2_messages/isaac_ros2_messages/srv/detail/get_prim_attributes__functions.c\n'}
[4.404249] (isaac_ros2_messages) StdoutLine: {'line': b'-- Installing: /workspace/build_ws/install/isaac_ros2_messages/include/isaac_ros2_messages/isaac_ros2_messages/srv/detail/get_prim_attribute__type_support.c\n'}
[4.404316] (isaac_ros2_messages) StdoutLine: {'line': b'-- Installing: /workspace/build_ws/install/isaac_ros2_messages/include/isaac_ros2_messages/isaac_ros2_messages/srv/detail/get_prim_attribute__functions.h\n'}
[4.404413] (isaac_ros2_messages) StdoutLine: {'line': b'-- Installing: /workspace/build_ws/install/isaac_ros2_messages/include/isaac_ros2_messages/isaac_ros2_messages/srv/detail/get_prim_attribute__type_support.h\n'}
[4.404498] (isaac_ros2_messages) StdoutLine: {'line': b'-- Installing: /workspace/build_ws/install/isaac_ros2_messages/include/isaac_ros2_messages/isaac_ros2_messages/srv/detail/get_prims__functions.h\n'}
[4.404551] (isaac_ros2_messages) StdoutLine: {'line': b'-- Installing: /workspace/build_ws/install/isaac_ros2_messages/include/isaac_ros2_messages/isaac_ros2_messages/srv/detail/get_prims__functions.c\n'}
[4.404604] (isaac_ros2_messages) StdoutLine: {'line': b'-- Installing: /workspace/build_ws/install/isaac_ros2_messages/include/isaac_ros2_messages/isaac_ros2_messages/srv/detail/isaac_pose__functions.c\n'}
[4.404676] (isaac_ros2_messages) StdoutLine: {'line': b'-- Installing: /workspace/build_ws/install/isaac_ros2_messages/include/isaac_ros2_messages/isaac_ros2_messages/srv/detail/get_prims__description.c\n'}
[4.404751] (isaac_ros2_messages) StdoutLine: {'line': b'-- Installing: /workspace/build_ws/install/isaac_ros2_messages/include/isaac_ros2_messages/isaac_ros2_messages/srv/detail/get_prim_attributes__description.c\n'}
[4.404826] (isaac_ros2_messages) StdoutLine: {'line': b'-- Installing: /workspace/build_ws/install/isaac_ros2_messages/include/isaac_ros2_messages/isaac_ros2_messages/srv/detail/get_prim_attributes__functions.h\n'}
[4.404905] (isaac_ros2_messages) StdoutLine: {'line': b'-- Installing: /workspace/build_ws/install/isaac_ros2_messages/include/isaac_ros2_messages/isaac_ros2_messages/srv/detail/get_prim_attributes__type_support.h\n'}
[4.404969] (isaac_ros2_messages) StdoutLine: {'line': b'-- Installing: /workspace/build_ws/install/isaac_ros2_messages/include/isaac_ros2_messages/isaac_ros2_messages/srv/detail/set_prim_attribute__struct.h\n'}
[4.405033] (isaac_ros2_messages) StdoutLine: {'line': b'-- Installing: /workspace/build_ws/install/isaac_ros2_messages/include/isaac_ros2_messages/isaac_ros2_messages/srv/detail/get_prim_attributes__struct.h\n'}
[4.405097] (isaac_ros2_messages) StdoutLine: {'line': b'-- Installing: /workspace/build_ws/install/isaac_ros2_messages/include/isaac_ros2_messages/isaac_ros2_messages/srv/detail/set_prim_attribute__functions.c\n'}
[4.405175] (isaac_ros2_messages) StdoutLine: {'line': b'-- Installing: /workspace/build_ws/install/isaac_ros2_messages/include/isaac_ros2_messages/isaac_ros2_messages/srv/detail/set_prim_attribute__type_support.c\n'}
[4.405239] (isaac_ros2_messages) StdoutLine: {'line': b'-- Installing: /workspace/build_ws/install/isaac_ros2_messages/include/isaac_ros2_messages/isaac_ros2_messages/srv/detail/isaac_pose__type_support.c\n'}
[4.405305] (isaac_ros2_messages) StdoutLine: {'line': b'-- Installing: /workspace/build_ws/install/isaac_ros2_messages/include/isaac_ros2_messages/isaac_ros2_messages/srv/detail/set_prim_attribute__type_support.h\n'}
[4.405370] (isaac_ros2_messages) StdoutLine: {'line': b'-- Installing: /workspace/build_ws/install/isaac_ros2_messages/include/isaac_ros2_messages/isaac_ros2_messages/srv/detail/get_prims__struct.h\n'}
[4.405440] (isaac_ros2_messages) StdoutLine: {'line': b'-- Installing: /workspace/build_ws/install/isaac_ros2_messages/include/isaac_ros2_messages/isaac_ros2_messages/srv/detail/get_prim_attribute__functions.c\n'}
[4.405515] (isaac_ros2_messages) StdoutLine: {'line': b'-- Installing: /workspace/build_ws/install/isaac_ros2_messages/include/isaac_ros2_messages/isaac_ros2_messages/srv/detail/get_prim_attribute__struct.h\n'}
[4.405585] (isaac_ros2_messages) StdoutLine: {'line': b'-- Installing: /workspace/build_ws/install/isaac_ros2_messages/include/isaac_ros2_messages/isaac_ros2_messages/srv/detail/isaac_pose__functions.h\n'}
[4.405661] (isaac_ros2_messages) StdoutLine: {'line': b'-- Installing: /workspace/build_ws/install/isaac_ros2_messages/include/isaac_ros2_messages/isaac_ros2_messages/srv/detail/isaac_pose__struct.h\n'}
[4.405727] (isaac_ros2_messages) StdoutLine: {'line': b'-- Installing: /workspace/build_ws/install/isaac_ros2_messages/include/isaac_ros2_messages/isaac_ros2_messages/srv/detail/get_prim_attributes__type_support.c\n'}
[4.405793] (isaac_ros2_messages) StdoutLine: {'line': b'-- Installing: /workspace/build_ws/install/isaac_ros2_messages/include/isaac_ros2_messages/isaac_ros2_messages/srv/detail/get_prims__type_support.h\n'}
[4.405859] (isaac_ros2_messages) StdoutLine: {'line': b'-- Installing: /workspace/build_ws/install/isaac_ros2_messages/include/isaac_ros2_messages/isaac_ros2_messages/srv/detail/isaac_pose__description.c\n'}
[4.405936] (isaac_ros2_messages) StdoutLine: {'line': b'-- Installing: /workspace/build_ws/install/isaac_ros2_messages/include/isaac_ros2_messages/isaac_ros2_messages/srv/detail/get_prim_attribute__description.c\n'}
[4.406015] (isaac_ros2_messages) StdoutLine: {'line': b'-- Installing: /workspace/build_ws/install/isaac_ros2_messages/include/isaac_ros2_messages/isaac_ros2_messages/srv/detail/set_prim_attribute__description.c\n'}
[4.406092] (isaac_ros2_messages) StdoutLine: {'line': b'-- Installing: /workspace/build_ws/install/isaac_ros2_messages/include/isaac_ros2_messages/isaac_ros2_messages/srv/isaac_pose.h\n'}
[4.406155] (isaac_ros2_messages) StdoutLine: {'line': b'-- Installing: /workspace/build_ws/install/isaac_ros2_messages/include/isaac_ros2_messages/isaac_ros2_messages/srv/get_prim_attributes.h\n'}
[4.406215] (isaac_ros2_messages) StdoutLine: {'line': b'-- Installing: /workspace/build_ws/install/isaac_ros2_messages/include/isaac_ros2_messages/isaac_ros2_messages/srv/get_prim_attribute.h\n'}
[4.406247] (-) TimerEvent: {}
[4.406275] (isaac_ros2_messages) StdoutLine: {'line': b'-- Installing: /workspace/build_ws/install/isaac_ros2_messages/include/isaac_ros2_messages/isaac_ros2_messages/srv/get_prims.h\n'}
[4.406335] (isaac_ros2_messages) StdoutLine: {'line': b'-- Installing: /workspace/build_ws/install/isaac_ros2_messages/include/isaac_ros2_messages/isaac_ros2_messages/srv/set_prim_attribute.h\n'}
[4.406438] (isaac_ros2_messages) StdoutLine: {'line': b'-- Installing: /workspace/build_ws/install/isaac_ros2_messages/share/isaac_ros2_messages/environment/library_path.sh\n'}
[4.406518] (isaac_ros2_messages) StdoutLine: {'line': b'-- Installing: /workspace/build_ws/install/isaac_ros2_messages/share/isaac_ros2_messages/environment/library_path.dsv\n'}
[4.406638] (isaac_ros2_messages) StdoutLine: {'line': b'-- Installing: /workspace/build_ws/install/isaac_ros2_messages/lib/libisaac_ros2_messages__rosidl_generator_c.so\n'}
[4.407066] (isaac_ros2_messages) StdoutLine: {'line': b'-- Set non-toolchain portion of runtime path of "/workspace/build_ws/install/isaac_ros2_messages/lib/libisaac_ros2_messages__rosidl_generator_c.so" to ""\n'}
[4.407166] (isaac_ros2_messages) StdoutLine: {'line': b'-- Up-to-date: /workspace/build_ws/install/isaac_ros2_messages/include/isaac_ros2_messages/isaac_ros2_messages\n'}
[4.407208] (isaac_ros2_messages) StdoutLine: {'line': b'-- Up-to-date: /workspace/build_ws/install/isaac_ros2_messages/include/isaac_ros2_messages/isaac_ros2_messages/msg\n'}
[4.407242] (isaac_ros2_messages) StdoutLine: {'line': b'-- Installing: /workspace/build_ws/install/isaac_ros2_messages/include/isaac_ros2_messages/isaac_ros2_messages/msg/rosidl_typesupport_fastrtps_c__visibility_control.h\n'}
[4.407284] (isaac_ros2_messages) StdoutLine: {'line': b'-- Up-to-date: /workspace/build_ws/install/isaac_ros2_messages/include/isaac_ros2_messages/isaac_ros2_messages/srv\n'}
[4.407340] (isaac_ros2_messages) StdoutLine: {'line': b'-- Up-to-date: /workspace/build_ws/install/isaac_ros2_messages/include/isaac_ros2_messages/isaac_ros2_messages/srv/detail\n'}
[4.407373] (isaac_ros2_messages) StdoutLine: {'line': b'-- Installing: /workspace/build_ws/install/isaac_ros2_messages/include/isaac_ros2_messages/isaac_ros2_messages/srv/detail/get_prim_attributes__rosidl_typesupport_fastrtps_c.h\n'}
[4.407407] (isaac_ros2_messages) StdoutLine: {'line': b'-- Installing: /workspace/build_ws/install/isaac_ros2_messages/include/isaac_ros2_messages/isaac_ros2_messages/srv/detail/get_prims__rosidl_typesupport_fastrtps_c.h\n'}
[4.407441] (isaac_ros2_messages) StdoutLine: {'line': b'-- Installing: /workspace/build_ws/install/isaac_ros2_messages/include/isaac_ros2_messages/isaac_ros2_messages/srv/detail/get_prim_attribute__rosidl_typesupport_fastrtps_c.h\n'}
[4.407493] (isaac_ros2_messages) StdoutLine: {'line': b'-- Installing: /workspace/build_ws/install/isaac_ros2_messages/include/isaac_ros2_messages/isaac_ros2_messages/srv/detail/set_prim_attribute__rosidl_typesupport_fastrtps_c.h\n'}
[4.407540] (isaac_ros2_messages) StdoutLine: {'line': b'-- Installing: /workspace/build_ws/install/isaac_ros2_messages/include/isaac_ros2_messages/isaac_ros2_messages/srv/detail/isaac_pose__rosidl_typesupport_fastrtps_c.h\n'}
[4.407570] (isaac_ros2_messages) StdoutLine: {'line': b'-- Installing: /workspace/build_ws/install/isaac_ros2_messages/lib/libisaac_ros2_messages__rosidl_typesupport_fastrtps_c.so\n'}
[4.407774] (isaac_ros2_messages) StdoutLine: {'line': b'-- Set non-toolchain portion of runtime path of "/workspace/build_ws/install/isaac_ros2_messages/lib/libisaac_ros2_messages__rosidl_typesupport_fastrtps_c.so" to ""\n'}
[4.407829] (isaac_ros2_messages) StdoutLine: {'line': b'-- Up-to-date: /workspace/build_ws/install/isaac_ros2_messages/include/isaac_ros2_messages/isaac_ros2_messages\n'}
[4.407879] (isaac_ros2_messages) StdoutLine: {'line': b'-- Up-to-date: /workspace/build_ws/install/isaac_ros2_messages/include/isaac_ros2_messages/isaac_ros2_messages/msg\n'}
[4.407911] (isaac_ros2_messages) StdoutLine: {'line': b'-- Installing: /workspace/build_ws/install/isaac_ros2_messages/include/isaac_ros2_messages/isaac_ros2_messages/msg/rosidl_generator_cpp__visibility_control.hpp\n'}
[4.407972] (isaac_ros2_messages) StdoutLine: {'line': b'-- Up-to-date: /workspace/build_ws/install/isaac_ros2_messages/include/isaac_ros2_messages/isaac_ros2_messages/srv\n'}
[4.408004] (isaac_ros2_messages) StdoutLine: {'line': b'-- Up-to-date: /workspace/build_ws/install/isaac_ros2_messages/include/isaac_ros2_messages/isaac_ros2_messages/srv/detail\n'}
[4.408038] (isaac_ros2_messages) StdoutLine: {'line': b'-- Installing: /workspace/build_ws/install/isaac_ros2_messages/include/isaac_ros2_messages/isaac_ros2_messages/srv/detail/get_prims__builder.hpp\n'}
[4.408090] (isaac_ros2_messages) StdoutLine: {'line': b'-- Installing: /workspace/build_ws/install/isaac_ros2_messages/include/isaac_ros2_messages/isaac_ros2_messages/srv/detail/get_prims__type_support.hpp\n'}
[4.408140] (isaac_ros2_messages) StdoutLine: {'line': b'-- Installing: /workspace/build_ws/install/isaac_ros2_messages/include/isaac_ros2_messages/isaac_ros2_messages/srv/detail/get_prim_attribute__traits.hpp\n'}
[4.408187] (isaac_ros2_messages) StdoutLine: {'line': b'-- Installing: /workspace/build_ws/install/isaac_ros2_messages/include/isaac_ros2_messages/isaac_ros2_messages/srv/detail/get_prim_attribute__builder.hpp\n'}
[4.408256] (isaac_ros2_messages) StdoutLine: {'line': b'-- Installing: /workspace/build_ws/install/isaac_ros2_messages/include/isaac_ros2_messages/isaac_ros2_messages/srv/detail/set_prim_attribute__struct.hpp\n'}
[4.408328] (isaac_ros2_messages) StdoutLine: {'line': b'-- Installing: /workspace/build_ws/install/isaac_ros2_messages/include/isaac_ros2_messages/isaac_ros2_messages/srv/detail/get_prims__traits.hpp\n'}
[4.408400] (isaac_ros2_messages) StdoutLine: {'line': b'-- Installing: /workspace/build_ws/install/isaac_ros2_messages/include/isaac_ros2_messages/isaac_ros2_messages/srv/detail/set_prim_attribute__builder.hpp\n'}
[4.408469] (isaac_ros2_messages) StdoutLine: {'line': b'-- Installing: /workspace/build_ws/install/isaac_ros2_messages/include/isaac_ros2_messages/isaac_ros2_messages/srv/detail/get_prim_attributes__traits.hpp\n'}
[4.408546] (isaac_ros2_messages) StdoutLine: {'line': b'-- Installing: /workspace/build_ws/install/isaac_ros2_messages/include/isaac_ros2_messages/isaac_ros2_messages/srv/detail/isaac_pose__builder.hpp\n'}
[4.408615] (isaac_ros2_messages) StdoutLine: {'line': b'-- Installing: /workspace/build_ws/install/isaac_ros2_messages/include/isaac_ros2_messages/isaac_ros2_messages/srv/detail/set_prim_attribute__type_support.hpp\n'}
[4.408683] (isaac_ros2_messages) StdoutLine: {'line': b'-- Installing: /workspace/build_ws/install/isaac_ros2_messages/include/isaac_ros2_messages/isaac_ros2_messages/srv/detail/get_prim_attributes__builder.hpp\n'}
[4.408755] (isaac_ros2_messages) StdoutLine: {'line': b'-- Installing: /workspace/build_ws/install/isaac_ros2_messages/include/isaac_ros2_messages/isaac_ros2_messages/srv/detail/isaac_pose__traits.hpp\n'}
[4.408831] (isaac_ros2_messages) StdoutLine: {'line': b'-- Installing: /workspace/build_ws/install/isaac_ros2_messages/include/isaac_ros2_messages/isaac_ros2_messages/srv/detail/get_prim_attribute__struct.hpp\n'}
[4.408906] (isaac_ros2_messages) StdoutLine: {'line': b'-- Installing: /workspace/build_ws/install/isaac_ros2_messages/include/isaac_ros2_messages/isaac_ros2_messages/srv/detail/get_prim_attributes__type_support.hpp\n'}
[4.408975] (isaac_ros2_messages) StdoutLine: {'line': b'-- Installing: /workspace/build_ws/install/isaac_ros2_messages/include/isaac_ros2_messages/isaac_ros2_messages/srv/detail/set_prim_attribute__traits.hpp\n'}
[4.409045] (isaac_ros2_messages) StdoutLine: {'line': b'-- Installing: /workspace/build_ws/install/isaac_ros2_messages/include/isaac_ros2_messages/isaac_ros2_messages/srv/detail/get_prims__struct.hpp\n'}
[4.409119] (isaac_ros2_messages) StdoutLine: {'line': b'-- Installing: /workspace/build_ws/install/isaac_ros2_messages/include/isaac_ros2_messages/isaac_ros2_messages/srv/detail/get_prim_attribute__type_support.hpp\n'}
[4.409191] (isaac_ros2_messages) StdoutLine: {'line': b'-- Installing: /workspace/build_ws/install/isaac_ros2_messages/include/isaac_ros2_messages/isaac_ros2_messages/srv/detail/isaac_pose__struct.hpp\n'}
[4.409264] (isaac_ros2_messages) StdoutLine: {'line': b'-- Installing: /workspace/build_ws/install/isaac_ros2_messages/include/isaac_ros2_messages/isaac_ros2_messages/srv/detail/isaac_pose__type_support.hpp\n'}
[4.409332] (isaac_ros2_messages) StdoutLine: {'line': b'-- Installing: /workspace/build_ws/install/isaac_ros2_messages/include/isaac_ros2_messages/isaac_ros2_messages/srv/detail/get_prim_attributes__struct.hpp\n'}
[4.409408] (isaac_ros2_messages) StdoutLine: {'line': b'-- Installing: /workspace/build_ws/install/isaac_ros2_messages/include/isaac_ros2_messages/isaac_ros2_messages/srv/get_prim_attributes.hpp\n'}
[4.409471] (isaac_ros2_messages) StdoutLine: {'line': b'-- Installing: /workspace/build_ws/install/isaac_ros2_messages/include/isaac_ros2_messages/isaac_ros2_messages/srv/isaac_pose.hpp\n'}
[4.409532] (isaac_ros2_messages) StdoutLine: {'line': b'-- Installing: /workspace/build_ws/install/isaac_ros2_messages/include/isaac_ros2_messages/isaac_ros2_messages/srv/set_prim_attribute.hpp\n'}
[4.409594] (isaac_ros2_messages) StdoutLine: {'line': b'-- Installing: /workspace/build_ws/install/isaac_ros2_messages/include/isaac_ros2_messages/isaac_ros2_messages/srv/get_prims.hpp\n'}
[4.409660] (isaac_ros2_messages) StdoutLine: {'line': b'-- Installing: /workspace/build_ws/install/isaac_ros2_messages/include/isaac_ros2_messages/isaac_ros2_messages/srv/get_prim_attribute.hpp\n'}
[4.409739] (isaac_ros2_messages) StdoutLine: {'line': b'-- Up-to-date: /workspace/build_ws/install/isaac_ros2_messages/include/isaac_ros2_messages/isaac_ros2_messages\n'}
[4.409793] (isaac_ros2_messages) StdoutLine: {'line': b'-- Up-to-date: /workspace/build_ws/install/isaac_ros2_messages/include/isaac_ros2_messages/isaac_ros2_messages/msg\n'}
[4.409824] (isaac_ros2_messages) StdoutLine: {'line': b'-- Installing: /workspace/build_ws/install/isaac_ros2_messages/include/isaac_ros2_messages/isaac_ros2_messages/msg/rosidl_typesupport_fastrtps_cpp__visibility_control.h\n'}
[4.409875] (isaac_ros2_messages) StdoutLine: {'line': b'-- Up-to-date: /workspace/build_ws/install/isaac_ros2_messages/include/isaac_ros2_messages/isaac_ros2_messages/srv\n'}
[4.409928] (isaac_ros2_messages) StdoutLine: {'line': b'-- Up-to-date: /workspace/build_ws/install/isaac_ros2_messages/include/isaac_ros2_messages/isaac_ros2_messages/srv/detail\n'}
[4.409959] (isaac_ros2_messages) StdoutLine: {'line': b'-- Installing: /workspace/build_ws/install/isaac_ros2_messages/include/isaac_ros2_messages/isaac_ros2_messages/srv/detail/set_prim_attribute__rosidl_typesupport_fastrtps_cpp.hpp\n'}
[4.410010] (isaac_ros2_messages) StdoutLine: {'line': b'-- Installing: /workspace/build_ws/install/isaac_ros2_messages/include/isaac_ros2_messages/isaac_ros2_messages/srv/detail/isaac_pose__rosidl_typesupport_fastrtps_cpp.hpp\n'}
[4.410060] (isaac_ros2_messages) StdoutLine: {'line': b'-- Installing: /workspace/build_ws/install/isaac_ros2_messages/include/isaac_ros2_messages/isaac_ros2_messages/srv/detail/dds_fastrtps\n'}
[4.410109] (isaac_ros2_messages) StdoutLine: {'line': b'-- Installing: /workspace/build_ws/install/isaac_ros2_messages/include/isaac_ros2_messages/isaac_ros2_messages/srv/detail/get_prim_attributes__rosidl_typesupport_fastrtps_cpp.hpp\n'}
[4.410181] (isaac_ros2_messages) StdoutLine: {'line': b'-- Installing: /workspace/build_ws/install/isaac_ros2_messages/include/isaac_ros2_messages/isaac_ros2_messages/srv/detail/get_prims__rosidl_typesupport_fastrtps_cpp.hpp\n'}
[4.410257] (isaac_ros2_messages) StdoutLine: {'line': b'-- Installing: /workspace/build_ws/install/isaac_ros2_messages/include/isaac_ros2_messages/isaac_ros2_messages/srv/detail/get_prim_attribute__rosidl_typesupport_fastrtps_cpp.hpp\n'}
[4.410357] (isaac_ros2_messages) StdoutLine: {'line': b'-- Installing: /workspace/build_ws/install/isaac_ros2_messages/lib/libisaac_ros2_messages__rosidl_typesupport_fastrtps_cpp.so\n'}
[4.410844] (isaac_ros2_messages) StdoutLine: {'line': b'-- Set non-toolchain portion of runtime path of "/workspace/build_ws/install/isaac_ros2_messages/lib/libisaac_ros2_messages__rosidl_typesupport_fastrtps_cpp.so" to ""\n'}
[4.411037] (isaac_ros2_messages) StdoutLine: {'line': b'-- Up-to-date: /workspace/build_ws/install/isaac_ros2_messages/include/isaac_ros2_messages/isaac_ros2_messages\n'}
[4.411120] (isaac_ros2_messages) StdoutLine: {'line': b'-- Up-to-date: /workspace/build_ws/install/isaac_ros2_messages/include/isaac_ros2_messages/isaac_ros2_messages/msg\n'}
[4.411166] (isaac_ros2_messages) StdoutLine: {'line': b'-- Installing: /workspace/build_ws/install/isaac_ros2_messages/include/isaac_ros2_messages/isaac_ros2_messages/msg/rosidl_typesupport_introspection_c__visibility_control.h\n'}
[4.411221] (isaac_ros2_messages) StdoutLine: {'line': b'-- Up-to-date: /workspace/build_ws/install/isaac_ros2_messages/include/isaac_ros2_messages/isaac_ros2_messages/srv\n'}
[4.411254] (isaac_ros2_messages) StdoutLine: {'line': b'-- Up-to-date: /workspace/build_ws/install/isaac_ros2_messages/include/isaac_ros2_messages/isaac_ros2_messages/srv/detail\n'}
[4.411313] (isaac_ros2_messages) StdoutLine: {'line': b'-- Up-to-date: /workspace/build_ws/install/isaac_ros2_messages/include/isaac_ros2_messages/isaac_ros2_messages/srv/detail/get_prims__type_support.c\n'}
[4.411362] (isaac_ros2_messages) StdoutLine: {'line': b'-- Up-to-date: /workspace/build_ws/install/isaac_ros2_messages/include/isaac_ros2_messages/isaac_ros2_messages/srv/detail/get_prim_attribute__type_support.c\n'}
[4.411396] (isaac_ros2_messages) StdoutLine: {'line': b'-- Installing: /workspace/build_ws/install/isaac_ros2_messages/include/isaac_ros2_messages/isaac_ros2_messages/srv/detail/get_prim_attributes__rosidl_typesupport_introspection_c.h\n'}
[4.411429] (isaac_ros2_messages) StdoutLine: {'line': b'-- Installing: /workspace/build_ws/install/isaac_ros2_messages/include/isaac_ros2_messages/isaac_ros2_messages/srv/detail/isaac_pose__rosidl_typesupport_introspection_c.h\n'}
[4.411462] (isaac_ros2_messages) StdoutLine: {'line': b'-- Up-to-date: /workspace/build_ws/install/isaac_ros2_messages/include/isaac_ros2_messages/isaac_ros2_messages/srv/detail/set_prim_attribute__type_support.c\n'}
[4.411494] (isaac_ros2_messages) StdoutLine: {'line': b'-- Up-to-date: /workspace/build_ws/install/isaac_ros2_messages/include/isaac_ros2_messages/isaac_ros2_messages/srv/detail/isaac_pose__type_support.c\n'}
[4.411526] (isaac_ros2_messages) StdoutLine: {'line': b'-- Installing: /workspace/build_ws/install/isaac_ros2_messages/include/isaac_ros2_messages/isaac_ros2_messages/srv/detail/set_prim_attribute__rosidl_typesupport_introspection_c.h\n'}
[4.411557] (isaac_ros2_messages) StdoutLine: {'line': b'-- Installing: /workspace/build_ws/install/isaac_ros2_messages/include/isaac_ros2_messages/isaac_ros2_messages/srv/detail/get_prims__rosidl_typesupport_introspection_c.h\n'}
[4.411613] (isaac_ros2_messages) StdoutLine: {'line': b'-- Up-to-date: /workspace/build_ws/install/isaac_ros2_messages/include/isaac_ros2_messages/isaac_ros2_messages/srv/detail/get_prim_attributes__type_support.c\n'}
[4.411644] (isaac_ros2_messages) StdoutLine: {'line': b'-- Installing: /workspace/build_ws/install/isaac_ros2_messages/include/isaac_ros2_messages/isaac_ros2_messages/srv/detail/get_prim_attribute__rosidl_typesupport_introspection_c.h\n'}
[4.411673] (isaac_ros2_messages) StdoutLine: {'line': b'-- Installing: /workspace/build_ws/install/isaac_ros2_messages/lib/libisaac_ros2_messages__rosidl_typesupport_introspection_c.so\n'}
[4.411725] (isaac_ros2_messages) StdoutLine: {'line': b'-- Set non-toolchain portion of runtime path of "/workspace/build_ws/install/isaac_ros2_messages/lib/libisaac_ros2_messages__rosidl_typesupport_introspection_c.so" to ""\n'}
[4.411776] (isaac_ros2_messages) StdoutLine: {'line': b'-- Installing: /workspace/build_ws/install/isaac_ros2_messages/lib/libisaac_ros2_messages__rosidl_typesupport_c.so\n'}
[4.411911] (isaac_ros2_messages) StdoutLine: {'line': b'-- Set non-toolchain portion of runtime path of "/workspace/build_ws/install/isaac_ros2_messages/lib/libisaac_ros2_messages__rosidl_typesupport_c.so" to ""\n'}
[4.411966] (isaac_ros2_messages) StdoutLine: {'line': b'-- Up-to-date: /workspace/build_ws/install/isaac_ros2_messages/include/isaac_ros2_messages/isaac_ros2_messages\n'}
[4.411998] (isaac_ros2_messages) StdoutLine: {'line': b'-- Up-to-date: /workspace/build_ws/install/isaac_ros2_messages/include/isaac_ros2_messages/isaac_ros2_messages/srv\n'}
[4.412053] (isaac_ros2_messages) StdoutLine: {'line': b'-- Up-to-date: /workspace/build_ws/install/isaac_ros2_messages/include/isaac_ros2_messages/isaac_ros2_messages/srv/detail\n'}
[4.412085] (isaac_ros2_messages) StdoutLine: {'line': b'-- Installing: /workspace/build_ws/install/isaac_ros2_messages/include/isaac_ros2_messages/isaac_ros2_messages/srv/detail/get_prims__type_support.cpp\n'}
[4.412139] (isaac_ros2_messages) StdoutLine: {'line': b'-- Installing: /workspace/build_ws/install/isaac_ros2_messages/include/isaac_ros2_messages/isaac_ros2_messages/srv/detail/isaac_pose__type_support.cpp\n'}
[4.412191] (isaac_ros2_messages) StdoutLine: {'line': b'-- Installing: /workspace/build_ws/install/isaac_ros2_messages/include/isaac_ros2_messages/isaac_ros2_messages/srv/detail/set_prim_attribute__rosidl_typesupport_introspection_cpp.hpp\n'}
[4.412248] (isaac_ros2_messages) StdoutLine: {'line': b'-- Installing: /workspace/build_ws/install/isaac_ros2_messages/include/isaac_ros2_messages/isaac_ros2_messages/srv/detail/get_prim_attribute__type_support.cpp\n'}
[4.412330] (isaac_ros2_messages) StdoutLine: {'line': b'-- Installing: /workspace/build_ws/install/isaac_ros2_messages/include/isaac_ros2_messages/isaac_ros2_messages/srv/detail/set_prim_attribute__type_support.cpp\n'}
[4.412416] (isaac_ros2_messages) StdoutLine: {'line': b'-- Installing: /workspace/build_ws/install/isaac_ros2_messages/include/isaac_ros2_messages/isaac_ros2_messages/srv/detail/isaac_pose__rosidl_typesupport_introspection_cpp.hpp\n'}
[4.412490] (isaac_ros2_messages) StdoutLine: {'line': b'-- Installing: /workspace/build_ws/install/isaac_ros2_messages/include/isaac_ros2_messages/isaac_ros2_messages/srv/detail/get_prim_attributes__type_support.cpp\n'}
[4.412576] (isaac_ros2_messages) StdoutLine: {'line': b'-- Installing: /workspace/build_ws/install/isaac_ros2_messages/include/isaac_ros2_messages/isaac_ros2_messages/srv/detail/get_prim_attribute__rosidl_typesupport_introspection_cpp.hpp\n'}
[4.412652] (isaac_ros2_messages) StdoutLine: {'line': b'-- Installing: /workspace/build_ws/install/isaac_ros2_messages/include/isaac_ros2_messages/isaac_ros2_messages/srv/detail/get_prim_attributes__rosidl_typesupport_introspection_cpp.hpp\n'}
[4.412731] (isaac_ros2_messages) StdoutLine: {'line': b'-- Installing: /workspace/build_ws/install/isaac_ros2_messages/include/isaac_ros2_messages/isaac_ros2_messages/srv/detail/get_prims__rosidl_typesupport_introspection_cpp.hpp\n'}
[4.412823] (isaac_ros2_messages) StdoutLine: {'line': b'-- Installing: /workspace/build_ws/install/isaac_ros2_messages/lib/libisaac_ros2_messages__rosidl_typesupport_introspection_cpp.so\n'}
[4.413277] (isaac_ros2_messages) StdoutLine: {'line': b'-- Set non-toolchain portion of runtime path of "/workspace/build_ws/install/isaac_ros2_messages/lib/libisaac_ros2_messages__rosidl_typesupport_introspection_cpp.so" to ""\n'}
[4.413446] (isaac_ros2_messages) StdoutLine: {'line': b'-- Installing: /workspace/build_ws/install/isaac_ros2_messages/lib/libisaac_ros2_messages__rosidl_typesupport_cpp.so\n'}
[4.413817] (isaac_ros2_messages) StdoutLine: {'line': b'-- Set non-toolchain portion of runtime path of "/workspace/build_ws/install/isaac_ros2_messages/lib/libisaac_ros2_messages__rosidl_typesupport_cpp.so" to ""\n'}
[4.413901] (isaac_ros2_messages) StdoutLine: {'line': b'-- Installing: /workspace/build_ws/install/isaac_ros2_messages/share/isaac_ros2_messages/environment/pythonpath.sh\n'}
[4.413952] (isaac_ros2_messages) StdoutLine: {'line': b'-- Installing: /workspace/build_ws/install/isaac_ros2_messages/share/isaac_ros2_messages/environment/pythonpath.dsv\n'}
[4.414004] (isaac_ros2_messages) StdoutLine: {'line': b'-- Installing: /workspace/build_ws/install/isaac_ros2_messages/lib/python3.12/site-packages/isaac_ros2_messages-0.2.0-py3.12.egg-info\n'}
[4.414038] (isaac_ros2_messages) StdoutLine: {'line': b'-- Installing: /workspace/build_ws/install/isaac_ros2_messages/lib/python3.12/site-packages/isaac_ros2_messages-0.2.0-py3.12.egg-info/PKG-INFO\n'}
[4.414072] (isaac_ros2_messages) StdoutLine: {'line': b'-- Installing: /workspace/build_ws/install/isaac_ros2_messages/lib/python3.12/site-packages/isaac_ros2_messages-0.2.0-py3.12.egg-info/SOURCES.txt\n'}
[4.414126] (isaac_ros2_messages) StdoutLine: {'line': b'-- Installing: /workspace/build_ws/install/isaac_ros2_messages/lib/python3.12/site-packages/isaac_ros2_messages-0.2.0-py3.12.egg-info/top_level.txt\n'}
[4.414159] (isaac_ros2_messages) StdoutLine: {'line': b'-- Installing: /workspace/build_ws/install/isaac_ros2_messages/lib/python3.12/site-packages/isaac_ros2_messages-0.2.0-py3.12.egg-info/dependency_links.txt\n'}
[4.414213] (isaac_ros2_messages) StdoutLine: {'line': b'-- Installing: /workspace/build_ws/install/isaac_ros2_messages/lib/python3.12/site-packages/isaac_ros2_messages\n'}
[4.414246] (isaac_ros2_messages) StdoutLine: {'line': b'-- Installing: /workspace/build_ws/install/isaac_ros2_messages/lib/python3.12/site-packages/isaac_ros2_messages/_isaac_ros2_messages_s.ep.rosidl_typesupport_introspection_c.c\n'}
[4.414312] (isaac_ros2_messages) StdoutLine: {'line': b'-- Installing: /workspace/build_ws/install/isaac_ros2_messages/lib/python3.12/site-packages/isaac_ros2_messages/isaac_ros2_messages_s__rosidl_typesupport_c.so\n'}
[4.414398] (isaac_ros2_messages) StdoutLine: {'line': b'-- Installing: /workspace/build_ws/install/isaac_ros2_messages/lib/python3.12/site-packages/isaac_ros2_messages/__init__.py\n'}
[4.414461] (isaac_ros2_messages) StdoutLine: {'line': b'-- Installing: /workspace/build_ws/install/isaac_ros2_messages/lib/python3.12/site-packages/isaac_ros2_messages/_isaac_ros2_messages_s.ep.rosidl_typesupport_c.c\n'}
[4.414560] (isaac_ros2_messages) StdoutLine: {'line': b'-- Installing: /workspace/build_ws/install/isaac_ros2_messages/lib/python3.12/site-packages/isaac_ros2_messages/isaac_ros2_messages_s__rosidl_typesupport_introspection_c.so\n'}
[4.414647] (isaac_ros2_messages) StdoutLine: {'line': b'-- Installing: /workspace/build_ws/install/isaac_ros2_messages/lib/python3.12/site-packages/isaac_ros2_messages/_isaac_ros2_messages_s.ep.rosidl_typesupport_fastrtps_c.c\n'}
[4.414743] (isaac_ros2_messages) StdoutLine: {'line': b'-- Installing: /workspace/build_ws/install/isaac_ros2_messages/lib/python3.12/site-packages/isaac_ros2_messages/srv\n'}
[4.414793] (isaac_ros2_messages) StdoutLine: {'line': b'-- Installing: /workspace/build_ws/install/isaac_ros2_messages/lib/python3.12/site-packages/isaac_ros2_messages/srv/_isaac_pose.py\n'}
[4.414864] (isaac_ros2_messages) StdoutLine: {'line': b'-- Installing: /workspace/build_ws/install/isaac_ros2_messages/lib/python3.12/site-packages/isaac_ros2_messages/srv/_isaac_pose_s.c\n'}
[4.414937] (isaac_ros2_messages) StdoutLine: {'line': b'-- Installing: /workspace/build_ws/install/isaac_ros2_messages/lib/python3.12/site-packages/isaac_ros2_messages/srv/_get_prim_attribute.py\n'}
[4.415009] (isaac_ros2_messages) StdoutLine: {'line': b'-- Installing: /workspace/build_ws/install/isaac_ros2_messages/lib/python3.12/site-packages/isaac_ros2_messages/srv/_set_prim_attribute.py\n'}
[4.415081] (isaac_ros2_messages) StdoutLine: {'line': b'-- Installing: /workspace/build_ws/install/isaac_ros2_messages/lib/python3.12/site-packages/isaac_ros2_messages/srv/__init__.py\n'}
[4.415143] (isaac_ros2_messages) StdoutLine: {'line': b'-- Installing: /workspace/build_ws/install/isaac_ros2_messages/lib/python3.12/site-packages/isaac_ros2_messages/srv/_get_prims.py\n'}
[4.415220] (isaac_ros2_messages) StdoutLine: {'line': b'-- Installing: /workspace/build_ws/install/isaac_ros2_messages/lib/python3.12/site-packages/isaac_ros2_messages/srv/_get_prim_attributes_s.c\n'}
[4.415309] (isaac_ros2_messages) StdoutLine: {'line': b'-- Installing: /workspace/build_ws/install/isaac_ros2_messages/lib/python3.12/site-packages/isaac_ros2_messages/srv/_set_prim_attribute_s.c\n'}
[4.415384] (isaac_ros2_messages) StdoutLine: {'line': b'-- Installing: /workspace/build_ws/install/isaac_ros2_messages/lib/python3.12/site-packages/isaac_ros2_messages/srv/_get_prim_attributes.py\n'}
[4.415460] (isaac_ros2_messages) StdoutLine: {'line': b'-- Installing: /workspace/build_ws/install/isaac_ros2_messages/lib/python3.12/site-packages/isaac_ros2_messages/srv/_get_prims_s.c\n'}
[4.415530] (isaac_ros2_messages) StdoutLine: {'line': b'-- Installing: /workspace/build_ws/install/isaac_ros2_messages/lib/python3.12/site-packages/isaac_ros2_messages/srv/_get_prim_attribute_s.c\n'}
[4.415604] (isaac_ros2_messages) StdoutLine: {'line': b'-- Installing: /workspace/build_ws/install/isaac_ros2_messages/lib/python3.12/site-packages/isaac_ros2_messages/isaac_ros2_messages_s__rosidl_typesupport_fastrtps_c.so\n'}
[4.446474] (isaac_ros2_messages) StdoutLine: {'line': b"Listing '/workspace/build_ws/install/isaac_ros2_messages/lib/python3.12/site-packages/isaac_ros2_messages'...\n"}
[4.446541] (isaac_ros2_messages) StdoutLine: {'line': b"Compiling '/workspace/build_ws/install/isaac_ros2_messages/lib/python3.12/site-packages/isaac_ros2_messages/__init__.py'...\n"}
[4.446580] (isaac_ros2_messages) StdoutLine: {'line': b"Listing '/workspace/build_ws/install/isaac_ros2_messages/lib/python3.12/site-packages/isaac_ros2_messages/srv'...\n"}
[4.446610] (isaac_ros2_messages) StdoutLine: {'line': b"Compiling '/workspace/build_ws/install/isaac_ros2_messages/lib/python3.12/site-packages/isaac_ros2_messages/srv/__init__.py'...\n"}
[4.446640] (isaac_ros2_messages) StdoutLine: {'line': b"Compiling '/workspace/build_ws/install/isaac_ros2_messages/lib/python3.12/site-packages/isaac_ros2_messages/srv/_get_prim_attribute.py'...\n"}
[4.446670] (isaac_ros2_messages) StdoutLine: {'line': b"Compiling '/workspace/build_ws/install/isaac_ros2_messages/lib/python3.12/site-packages/isaac_ros2_messages/srv/_get_prim_attributes.py'...\n"}
[4.446698] (isaac_ros2_messages) StdoutLine: {'line': b"Compiling '/workspace/build_ws/install/isaac_ros2_messages/lib/python3.12/site-packages/isaac_ros2_messages/srv/_get_prims.py'...\n"}
[4.446733] (isaac_ros2_messages) StdoutLine: {'line': b"Compiling '/workspace/build_ws/install/isaac_ros2_messages/lib/python3.12/site-packages/isaac_ros2_messages/srv/_isaac_pose.py'...\n"}
[4.446762] (isaac_ros2_messages) StdoutLine: {'line': b"Compiling '/workspace/build_ws/install/isaac_ros2_messages/lib/python3.12/site-packages/isaac_ros2_messages/srv/_set_prim_attribute.py'...\n"}
[4.452030] (isaac_ros2_messages) StdoutLine: {'line': b'-- Installing: /workspace/build_ws/install/isaac_ros2_messages/lib/python3.12/site-packages/isaac_ros2_messages/isaac_ros2_messages_s__rosidl_typesupport_fastrtps_c.so\n'}
[4.452351] (isaac_ros2_messages) StdoutLine: {'line': b'-- Set non-toolchain portion of runtime path of "/workspace/build_ws/install/isaac_ros2_messages/lib/python3.12/site-packages/isaac_ros2_messages/isaac_ros2_messages_s__rosidl_typesupport_fastrtps_c.so" to ""\n'}
[4.452400] (isaac_ros2_messages) StdoutLine: {'line': b'-- Installing: /workspace/build_ws/install/isaac_ros2_messages/lib/python3.12/site-packages/isaac_ros2_messages/isaac_ros2_messages_s__rosidl_typesupport_introspection_c.so\n'}
[4.452527] (isaac_ros2_messages) StdoutLine: {'line': b'-- Set non-toolchain portion of runtime path of "/workspace/build_ws/install/isaac_ros2_messages/lib/python3.12/site-packages/isaac_ros2_messages/isaac_ros2_messages_s__rosidl_typesupport_introspection_c.so" to ""\n'}
[4.452627] (isaac_ros2_messages) StdoutLine: {'line': b'-- Installing: /workspace/build_ws/install/isaac_ros2_messages/lib/python3.12/site-packages/isaac_ros2_messages/isaac_ros2_messages_s__rosidl_typesupport_c.so\n'}
[4.452805] (isaac_ros2_messages) StdoutLine: {'line': b'-- Set non-toolchain portion of runtime path of "/workspace/build_ws/install/isaac_ros2_messages/lib/python3.12/site-packages/isaac_ros2_messages/isaac_ros2_messages_s__rosidl_typesupport_c.so" to ""\n'}
[4.452856] (isaac_ros2_messages) StdoutLine: {'line': b'-- Installing: /workspace/build_ws/install/isaac_ros2_messages/lib/libisaac_ros2_messages__rosidl_generator_py.so\n'}
[4.453071] (isaac_ros2_messages) StdoutLine: {'line': b'-- Set non-toolchain portion of runtime path of "/workspace/build_ws/install/isaac_ros2_messages/lib/libisaac_ros2_messages__rosidl_generator_py.so" to ""\n'}
[4.453117] (isaac_ros2_messages) StdoutLine: {'line': b'-- Installing: /workspace/build_ws/install/isaac_ros2_messages/share/isaac_ros2_messages/srv/IsaacPose.idl\n'}
[4.453177] (isaac_ros2_messages) StdoutLine: {'line': b'-- Installing: /workspace/build_ws/install/isaac_ros2_messages/share/isaac_ros2_messages/srv/GetPrims.idl\n'}
[4.453252] (isaac_ros2_messages) StdoutLine: {'line': b'-- Installing: /workspace/build_ws/install/isaac_ros2_messages/share/isaac_ros2_messages/srv/GetPrimAttributes.idl\n'}
[4.453328] (isaac_ros2_messages) StdoutLine: {'line': b'-- Installing: /workspace/build_ws/install/isaac_ros2_messages/share/isaac_ros2_messages/srv/GetPrimAttribute.idl\n'}
[4.453404] (isaac_ros2_messages) StdoutLine: {'line': b'-- Installing: /workspace/build_ws/install/isaac_ros2_messages/share/isaac_ros2_messages/srv/SetPrimAttribute.idl\n'}
[4.453480] (isaac_ros2_messages) StdoutLine: {'line': b'-- Installing: /workspace/build_ws/install/isaac_ros2_messages/share/isaac_ros2_messages/srv/IsaacPose.srv\n'}
[4.453553] (isaac_ros2_messages) StdoutLine: {'line': b'-- Installing: /workspace/build_ws/install/isaac_ros2_messages/share/isaac_ros2_messages/srv/GetPrims.srv\n'}
[4.453628] (isaac_ros2_messages) StdoutLine: {'line': b'-- Installing: /workspace/build_ws/install/isaac_ros2_messages/share/isaac_ros2_messages/srv/GetPrimAttributes.srv\n'}
[4.453701] (isaac_ros2_messages) StdoutLine: {'line': b'-- Installing: /workspace/build_ws/install/isaac_ros2_messages/share/isaac_ros2_messages/srv/GetPrimAttribute.srv\n'}
[4.453780] (isaac_ros2_messages) StdoutLine: {'line': b'-- Installing: /workspace/build_ws/install/isaac_ros2_messages/share/isaac_ros2_messages/srv/SetPrimAttribute.srv\n'}
[4.453885] (isaac_ros2_messages) StdoutLine: {'line': b'-- Installing: /workspace/build_ws/install/isaac_ros2_messages/share/ament_index/resource_index/package_run_dependencies/isaac_ros2_messages\n'}
[4.453985] (isaac_ros2_messages) StdoutLine: {'line': b'-- Installing: /workspace/build_ws/install/isaac_ros2_messages/share/ament_index/resource_index/parent_prefix_path/isaac_ros2_messages\n'}
[4.454069] (isaac_ros2_messages) StdoutLine: {'line': b'-- Installing: /workspace/build_ws/install/isaac_ros2_messages/share/isaac_ros2_messages/environment/ament_prefix_path.sh\n'}
[4.454147] (isaac_ros2_messages) StdoutLine: {'line': b'-- Installing: /workspace/build_ws/install/isaac_ros2_messages/share/isaac_ros2_messages/environment/ament_prefix_path.dsv\n'}
[4.454222] (isaac_ros2_messages) StdoutLine: {'line': b'-- Installing: /workspace/build_ws/install/isaac_ros2_messages/share/isaac_ros2_messages/environment/path.sh\n'}
[4.454322] (isaac_ros2_messages) StdoutLine: {'line': b'-- Installing: /workspace/build_ws/install/isaac_ros2_messages/share/isaac_ros2_messages/environment/path.dsv\n'}
[4.454398] (isaac_ros2_messages) StdoutLine: {'line': b'-- Installing: /workspace/build_ws/install/isaac_ros2_messages/share/isaac_ros2_messages/local_setup.bash\n'}
[4.454480] (isaac_ros2_messages) StdoutLine: {'line': b'-- Installing: /workspace/build_ws/install/isaac_ros2_messages/share/isaac_ros2_messages/local_setup.sh\n'}
[4.454557] (isaac_ros2_messages) StdoutLine: {'line': b'-- Installing: /workspace/build_ws/install/isaac_ros2_messages/share/isaac_ros2_messages/local_setup.zsh\n'}
[4.454631] (isaac_ros2_messages) StdoutLine: {'line': b'-- Installing: /workspace/build_ws/install/isaac_ros2_messages/share/isaac_ros2_messages/local_setup.dsv\n'}
[4.454702] (isaac_ros2_messages) StdoutLine: {'line': b'-- Installing: /workspace/build_ws/install/isaac_ros2_messages/share/isaac_ros2_messages/package.dsv\n'}
[4.454803] (isaac_ros2_messages) StdoutLine: {'line': b'-- Installing: /workspace/build_ws/install/isaac_ros2_messages/share/ament_index/resource_index/packages/isaac_ros2_messages\n'}
[4.454907] (isaac_ros2_messages) StdoutLine: {'line': b'-- Installing: /workspace/build_ws/install/isaac_ros2_messages/share/isaac_ros2_messages/cmake/export_isaac_ros2_messages__rosidl_generator_cExport.cmake\n'}
[4.454997] (isaac_ros2_messages) StdoutLine: {'line': b'-- Installing: /workspace/build_ws/install/isaac_ros2_messages/share/isaac_ros2_messages/cmake/export_isaac_ros2_messages__rosidl_generator_cExport-noconfig.cmake\n'}
[4.455086] (isaac_ros2_messages) StdoutLine: {'line': b'-- Installing: /workspace/build_ws/install/isaac_ros2_messages/share/isaac_ros2_messages/cmake/export_isaac_ros2_messages__rosidl_typesupport_fastrtps_cExport.cmake\n'}
[4.455169] (isaac_ros2_messages) StdoutLine: {'line': b'-- Installing: /workspace/build_ws/install/isaac_ros2_messages/share/isaac_ros2_messages/cmake/export_isaac_ros2_messages__rosidl_typesupport_fastrtps_cExport-noconfig.cmake\n'}
[4.455255] (isaac_ros2_messages) StdoutLine: {'line': b'-- Installing: /workspace/build_ws/install/isaac_ros2_messages/share/isaac_ros2_messages/cmake/export_isaac_ros2_messages__rosidl_generator_cppExport.cmake\n'}
[4.455343] (isaac_ros2_messages) StdoutLine: {'line': b'-- Installing: /workspace/build_ws/install/isaac_ros2_messages/share/isaac_ros2_messages/cmake/export_isaac_ros2_messages__rosidl_typesupport_fastrtps_cppExport.cmake\n'}
[4.455423] (isaac_ros2_messages) StdoutLine: {'line': b'-- Installing: /workspace/build_ws/install/isaac_ros2_messages/share/isaac_ros2_messages/cmake/export_isaac_ros2_messages__rosidl_typesupport_fastrtps_cppExport-noconfig.cmake\n'}
[4.455510] (isaac_ros2_messages) StdoutLine: {'line': b'-- Installing: /workspace/build_ws/install/isaac_ros2_messages/share/isaac_ros2_messages/cmake/isaac_ros2_messages__rosidl_typesupport_introspection_cExport.cmake\n'}
[4.455591] (isaac_ros2_messages) StdoutLine: {'line': b'-- Installing: /workspace/build_ws/install/isaac_ros2_messages/share/isaac_ros2_messages/cmake/isaac_ros2_messages__rosidl_typesupport_introspection_cExport-noconfig.cmake\n'}
[4.455680] (isaac_ros2_messages) StdoutLine: {'line': b'-- Installing: /workspace/build_ws/install/isaac_ros2_messages/share/isaac_ros2_messages/cmake/isaac_ros2_messages__rosidl_typesupport_cExport.cmake\n'}
[4.455765] (isaac_ros2_messages) StdoutLine: {'line': b'-- Installing: /workspace/build_ws/install/isaac_ros2_messages/share/isaac_ros2_messages/cmake/isaac_ros2_messages__rosidl_typesupport_cExport-noconfig.cmake\n'}
[4.455850] (isaac_ros2_messages) StdoutLine: {'line': b'-- Installing: /workspace/build_ws/install/isaac_ros2_messages/share/isaac_ros2_messages/cmake/isaac_ros2_messages__rosidl_typesupport_introspection_cppExport.cmake\n'}
[4.455933] (isaac_ros2_messages) StdoutLine: {'line': b'-- Installing: /workspace/build_ws/install/isaac_ros2_messages/share/isaac_ros2_messages/cmake/isaac_ros2_messages__rosidl_typesupport_introspection_cppExport-noconfig.cmake\n'}
[4.456021] (isaac_ros2_messages) StdoutLine: {'line': b'-- Installing: /workspace/build_ws/install/isaac_ros2_messages/share/isaac_ros2_messages/cmake/isaac_ros2_messages__rosidl_typesupport_cppExport.cmake\n'}
[4.456104] (isaac_ros2_messages) StdoutLine: {'line': b'-- Installing: /workspace/build_ws/install/isaac_ros2_messages/share/isaac_ros2_messages/cmake/isaac_ros2_messages__rosidl_typesupport_cppExport-noconfig.cmake\n'}
[4.456190] (isaac_ros2_messages) StdoutLine: {'line': b'-- Installing: /workspace/build_ws/install/isaac_ros2_messages/share/isaac_ros2_messages/cmake/export_isaac_ros2_messages__rosidl_generator_pyExport.cmake\n'}
[4.456269] (isaac_ros2_messages) StdoutLine: {'line': b'-- Installing: /workspace/build_ws/install/isaac_ros2_messages/share/isaac_ros2_messages/cmake/export_isaac_ros2_messages__rosidl_generator_pyExport-noconfig.cmake\n'}
[4.456348] (isaac_ros2_messages) StdoutLine: {'line': b'-- Installing: /workspace/build_ws/install/isaac_ros2_messages/share/isaac_ros2_messages/cmake/rosidl_cmake-extras.cmake\n'}
[4.456423] (isaac_ros2_messages) StdoutLine: {'line': b'-- Installing: /workspace/build_ws/install/isaac_ros2_messages/share/isaac_ros2_messages/cmake/ament_cmake_export_dependencies-extras.cmake\n'}
[4.456505] (isaac_ros2_messages) StdoutLine: {'line': b'-- Installing: /workspace/build_ws/install/isaac_ros2_messages/share/isaac_ros2_messages/cmake/ament_cmake_export_include_directories-extras.cmake\n'}
[4.456582] (isaac_ros2_messages) StdoutLine: {'line': b'-- Installing: /workspace/build_ws/install/isaac_ros2_messages/share/isaac_ros2_messages/cmake/ament_cmake_export_libraries-extras.cmake\n'}
[4.456661] (isaac_ros2_messages) StdoutLine: {'line': b'-- Installing: /workspace/build_ws/install/isaac_ros2_messages/share/isaac_ros2_messages/cmake/ament_cmake_export_targets-extras.cmake\n'}
[4.456741] (isaac_ros2_messages) StdoutLine: {'line': b'-- Installing: /workspace/build_ws/install/isaac_ros2_messages/share/isaac_ros2_messages/cmake/rosidl_cmake_export_typesupport_targets-extras.cmake\n'}
[4.456820] (isaac_ros2_messages) StdoutLine: {'line': b'-- Installing: /workspace/build_ws/install/isaac_ros2_messages/share/isaac_ros2_messages/cmake/rosidl_cmake_export_typesupport_libraries-extras.cmake\n'}
[4.456898] (isaac_ros2_messages) StdoutLine: {'line': b'-- Installing: /workspace/build_ws/install/isaac_ros2_messages/share/isaac_ros2_messages/cmake/isaac_ros2_messagesConfig.cmake\n'}
[4.456966] (isaac_ros2_messages) StdoutLine: {'line': b'-- Installing: /workspace/build_ws/install/isaac_ros2_messages/share/isaac_ros2_messages/cmake/isaac_ros2_messagesConfig-version.cmake\n'}
[4.457042] (isaac_ros2_messages) StdoutLine: {'line': b'-- Installing: /workspace/build_ws/install/isaac_ros2_messages/share/isaac_ros2_messages/package.xml\n'}
[4.457904] (isaac_ros2_messages) CommandEnded: {'returncode': 0}
[4.466688] (isaac_ros2_messages) JobEnded: {'identifier': 'isaac_ros2_messages', 'rc': 0}
[4.466953] (-) EventReactorShutdown: {}
