[0.059s] DEBUG:colcon:Command line arguments: ['/usr/bin/colcon', 'build']
[0.060s] DEBUG:colcon:Parsed command line arguments: Namespace(log_base=None, log_level=None, verb_name='build', build_base='build', install_base='install', merge_install=False, symlink_install=False, test_result_base=None, continue_on_error=False, executor='parallel', parallel_workers=24, event_handlers=None, ignore_user_meta=False, metas=['./colcon.meta'], base_paths=['.'], packages_ignore=None, packages_ignore_regex=None, paths=None, packages_up_to=None, packages_up_to_regex=None, packages_above=None, packages_above_and_dependencies=None, packages_above_depth=None, packages_select_by_dep=None, packages_skip_by_dep=None, packages_skip_up_to=None, packages_select_build_failed=False, packages_skip_build_finished=False, packages_select_test_failures=False, packages_skip_test_passed=False, packages_select=None, packages_skip=None, packages_select_regex=None, packages_skip_regex=None, packages_start=None, packages_end=None, allow_overriding=[], cmake_args=None, cmake_target=None, cmake_target_skip_unavailable=False, cmake_clean_cache=False, cmake_clean_first=False, cmake_force_configure=False, ament_cmake_args=None, catkin_cmake_args=None, catkin_skip_building_tests=False, mixin_files=None, mixin=None, verb_parser=<colcon_mixin.mixin.mixin_argument.MixinArgumentDecorator object at 0x7975a2e87050>, verb_extension=<colcon_core.verb.build.BuildVerb object at 0x7975a2e86c60>, main=<bound method BuildVerb.main of <colcon_core.verb.build.BuildVerb object at 0x7975a2e86c60>>, mixin_verb=('build',))
[0.078s] Level 1:colcon.colcon_core.package_discovery:discover_packages(colcon_meta) check parameters
[0.078s] Level 1:colcon.colcon_core.package_discovery:discover_packages(recursive) check parameters
[0.078s] Level 1:colcon.colcon_core.package_discovery:discover_packages(ignore) check parameters
[0.078s] Level 1:colcon.colcon_core.package_discovery:discover_packages(path) check parameters
[0.078s] Level 1:colcon.colcon_core.package_discovery:discover_packages(colcon_meta) discover
[0.078s] Level 1:colcon.colcon_core.package_discovery:discover_packages(recursive) discover
[0.078s] INFO:colcon.colcon_core.package_discovery:Crawling recursively for packages in '/workspace/build_ws'
[0.078s] Level 1:colcon.colcon_core.package_identification:_identify(.) by extensions ['ignore', 'ignore_ament_install']
[0.078s] Level 1:colcon.colcon_core.package_identification:_identify(.) by extension 'ignore'
[0.078s] Level 1:colcon.colcon_core.package_identification:_identify(.) by extension 'ignore_ament_install'
[0.078s] Level 1:colcon.colcon_core.package_identification:_identify(.) by extensions ['colcon_pkg']
[0.078s] Level 1:colcon.colcon_core.package_identification:_identify(.) by extension 'colcon_pkg'
[0.078s] Level 1:colcon.colcon_core.package_identification:_identify(.) by extensions ['colcon_meta']
[0.078s] Level 1:colcon.colcon_core.package_identification:_identify(.) by extension 'colcon_meta'
[0.078s] Level 1:colcon.colcon_core.package_identification:_identify(.) by extensions ['ros']
[0.078s] Level 1:colcon.colcon_core.package_identification:_identify(.) by extension 'ros'
[0.090s] Level 1:colcon.colcon_core.package_identification:_identify(.) by extensions ['cmake', 'python']
[0.090s] Level 1:colcon.colcon_core.package_identification:_identify(.) by extension 'cmake'
[0.090s] Level 1:colcon.colcon_core.package_identification:_identify(.) by extension 'python'
[0.090s] Level 1:colcon.colcon_core.package_identification:_identify(.) by extensions ['python_setup_py']
[0.090s] Level 1:colcon.colcon_core.package_identification:_identify(.) by extension 'python_setup_py'
[0.090s] Level 1:colcon.colcon_core.package_identification:_identify(build) by extensions ['ignore', 'ignore_ament_install']
[0.090s] Level 1:colcon.colcon_core.package_identification:_identify(build) by extension 'ignore'
[0.090s] Level 1:colcon.colcon_core.package_identification:_identify(build) ignored
[0.090s] Level 1:colcon.colcon_core.package_identification:_identify(install) by extensions ['ignore', 'ignore_ament_install']
[0.090s] Level 1:colcon.colcon_core.package_identification:_identify(install) by extension 'ignore'
[0.090s] Level 1:colcon.colcon_core.package_identification:_identify(install) ignored
[0.090s] Level 1:colcon.colcon_core.package_identification:_identify(log) by extensions ['ignore', 'ignore_ament_install']
[0.090s] Level 1:colcon.colcon_core.package_identification:_identify(log) by extension 'ignore'
[0.090s] Level 1:colcon.colcon_core.package_identification:_identify(log) ignored
[0.090s] Level 1:colcon.colcon_core.package_identification:_identify(src) by extensions ['ignore', 'ignore_ament_install']
[0.090s] Level 1:colcon.colcon_core.package_identification:_identify(src) by extension 'ignore'
[0.090s] Level 1:colcon.colcon_core.package_identification:_identify(src) by extension 'ignore_ament_install'
[0.090s] Level 1:colcon.colcon_core.package_identification:_identify(src) by extensions ['colcon_pkg']
[0.090s] Level 1:colcon.colcon_core.package_identification:_identify(src) by extension 'colcon_pkg'
[0.090s] Level 1:colcon.colcon_core.package_identification:_identify(src) by extensions ['colcon_meta']
[0.090s] Level 1:colcon.colcon_core.package_identification:_identify(src) by extension 'colcon_meta'
[0.090s] Level 1:colcon.colcon_core.package_identification:_identify(src) by extensions ['ros']
[0.090s] Level 1:colcon.colcon_core.package_identification:_identify(src) by extension 'ros'
[0.090s] Level 1:colcon.colcon_core.package_identification:_identify(src) by extensions ['cmake', 'python']
[0.090s] Level 1:colcon.colcon_core.package_identification:_identify(src) by extension 'cmake'
[0.090s] Level 1:colcon.colcon_core.package_identification:_identify(src) by extension 'python'
[0.090s] Level 1:colcon.colcon_core.package_identification:_identify(src) by extensions ['python_setup_py']
[0.090s] Level 1:colcon.colcon_core.package_identification:_identify(src) by extension 'python_setup_py'
[0.090s] Level 1:colcon.colcon_core.package_identification:_identify(src/ackermann_control) by extensions ['ignore', 'ignore_ament_install']
[0.090s] Level 1:colcon.colcon_core.package_identification:_identify(src/ackermann_control) by extension 'ignore'
[0.091s] Level 1:colcon.colcon_core.package_identification:_identify(src/ackermann_control) by extension 'ignore_ament_install'
[0.091s] Level 1:colcon.colcon_core.package_identification:_identify(src/ackermann_control) by extensions ['colcon_pkg']
[0.091s] Level 1:colcon.colcon_core.package_identification:_identify(src/ackermann_control) by extension 'colcon_pkg'
[0.091s] Level 1:colcon.colcon_core.package_identification:_identify(src/ackermann_control) by extensions ['colcon_meta']
[0.091s] Level 1:colcon.colcon_core.package_identification:_identify(src/ackermann_control) by extension 'colcon_meta'
[0.091s] Level 1:colcon.colcon_core.package_identification:_identify(src/ackermann_control) by extensions ['ros']
[0.091s] Level 1:colcon.colcon_core.package_identification:_identify(src/ackermann_control) by extension 'ros'
[0.091s] Level 1:colcon.colcon_core.package_identification:_identify(src/ackermann_control) by extensions ['cmake', 'python']
[0.091s] Level 1:colcon.colcon_core.package_identification:_identify(src/ackermann_control) by extension 'cmake'
[0.091s] Level 1:colcon.colcon_core.package_identification:_identify(src/ackermann_control) by extension 'python'
[0.091s] Level 1:colcon.colcon_core.package_identification:_identify(src/ackermann_control) by extensions ['python_setup_py']
[0.091s] Level 1:colcon.colcon_core.package_identification:_identify(src/ackermann_control) by extension 'python_setup_py'
[0.091s] Level 1:colcon.colcon_core.package_identification:_identify(src/ackermann_control/cmdvel_to_ackermann) by extensions ['ignore', 'ignore_ament_install']
[0.091s] Level 1:colcon.colcon_core.package_identification:_identify(src/ackermann_control/cmdvel_to_ackermann) by extension 'ignore'
[0.091s] Level 1:colcon.colcon_core.package_identification:_identify(src/ackermann_control/cmdvel_to_ackermann) by extension 'ignore_ament_install'
[0.091s] Level 1:colcon.colcon_core.package_identification:_identify(src/ackermann_control/cmdvel_to_ackermann) by extensions ['colcon_pkg']
[0.091s] Level 1:colcon.colcon_core.package_identification:_identify(src/ackermann_control/cmdvel_to_ackermann) by extension 'colcon_pkg'
[0.091s] Level 1:colcon.colcon_core.package_identification:_identify(src/ackermann_control/cmdvel_to_ackermann) by extensions ['colcon_meta']
[0.091s] Level 1:colcon.colcon_core.package_identification:_identify(src/ackermann_control/cmdvel_to_ackermann) by extension 'colcon_meta'
[0.091s] Level 1:colcon.colcon_core.package_identification:_identify(src/ackermann_control/cmdvel_to_ackermann) by extensions ['ros']
[0.091s] Level 1:colcon.colcon_core.package_identification:_identify(src/ackermann_control/cmdvel_to_ackermann) by extension 'ros'
[0.092s] DEBUG:colcon.colcon_core.package_identification:Package 'src/ackermann_control/cmdvel_to_ackermann' with type 'ros.ament_cmake' and name 'cmdvel_to_ackermann'
[0.092s] Level 1:colcon.colcon_core.package_identification:_identify(src/custom_message) by extensions ['ignore', 'ignore_ament_install']
[0.092s] Level 1:colcon.colcon_core.package_identification:_identify(src/custom_message) by extension 'ignore'
[0.092s] Level 1:colcon.colcon_core.package_identification:_identify(src/custom_message) by extension 'ignore_ament_install'
[0.092s] Level 1:colcon.colcon_core.package_identification:_identify(src/custom_message) by extensions ['colcon_pkg']
[0.092s] Level 1:colcon.colcon_core.package_identification:_identify(src/custom_message) by extension 'colcon_pkg'
[0.092s] Level 1:colcon.colcon_core.package_identification:_identify(src/custom_message) by extensions ['colcon_meta']
[0.092s] Level 1:colcon.colcon_core.package_identification:_identify(src/custom_message) by extension 'colcon_meta'
[0.092s] Level 1:colcon.colcon_core.package_identification:_identify(src/custom_message) by extensions ['ros']
[0.092s] Level 1:colcon.colcon_core.package_identification:_identify(src/custom_message) by extension 'ros'
[0.092s] DEBUG:colcon.colcon_core.package_identification:Package 'src/custom_message' with type 'ros.ament_cmake' and name 'custom_message'
[0.092s] Level 1:colcon.colcon_core.package_identification:_identify(src/es165_moveit) by extensions ['ignore', 'ignore_ament_install']
[0.092s] Level 1:colcon.colcon_core.package_identification:_identify(src/es165_moveit) by extension 'ignore'
[0.093s] Level 1:colcon.colcon_core.package_identification:_identify(src/es165_moveit) by extension 'ignore_ament_install'
[0.093s] Level 1:colcon.colcon_core.package_identification:_identify(src/es165_moveit) by extensions ['colcon_pkg']
[0.093s] Level 1:colcon.colcon_core.package_identification:_identify(src/es165_moveit) by extension 'colcon_pkg'
[0.093s] Level 1:colcon.colcon_core.package_identification:_identify(src/es165_moveit) by extensions ['colcon_meta']
[0.093s] Level 1:colcon.colcon_core.package_identification:_identify(src/es165_moveit) by extension 'colcon_meta'
[0.093s] Level 1:colcon.colcon_core.package_identification:_identify(src/es165_moveit) by extensions ['ros']
[0.093s] Level 1:colcon.colcon_core.package_identification:_identify(src/es165_moveit) by extension 'ros'
[0.093s] DEBUG:colcon.colcon_core.package_identification:Package 'src/es165_moveit' with type 'ros.ament_python' and name 'es165_moveit'
[0.093s] Level 1:colcon.colcon_core.package_identification:_identify(src/es165_moveit_moveit_config) by extensions ['ignore', 'ignore_ament_install']
[0.093s] Level 1:colcon.colcon_core.package_identification:_identify(src/es165_moveit_moveit_config) by extension 'ignore'
[0.093s] Level 1:colcon.colcon_core.package_identification:_identify(src/es165_moveit_moveit_config) by extension 'ignore_ament_install'
[0.093s] Level 1:colcon.colcon_core.package_identification:_identify(src/es165_moveit_moveit_config) by extensions ['colcon_pkg']
[0.093s] Level 1:colcon.colcon_core.package_identification:_identify(src/es165_moveit_moveit_config) by extension 'colcon_pkg'
[0.093s] Level 1:colcon.colcon_core.package_identification:_identify(src/es165_moveit_moveit_config) by extensions ['colcon_meta']
[0.093s] Level 1:colcon.colcon_core.package_identification:_identify(src/es165_moveit_moveit_config) by extension 'colcon_meta'
[0.093s] Level 1:colcon.colcon_core.package_identification:_identify(src/es165_moveit_moveit_config) by extensions ['ros']
[0.093s] Level 1:colcon.colcon_core.package_identification:_identify(src/es165_moveit_moveit_config) by extension 'ros'
[0.093s] DEBUG:colcon.colcon_core.package_identification:Package 'src/es165_moveit_moveit_config' with type 'ros.ament_python' and name 'es165_moveit_moveit_config'
[0.093s] Level 1:colcon.colcon_core.package_identification:_identify(src/humanoid_locomotion_policy_example) by extensions ['ignore', 'ignore_ament_install']
[0.093s] Level 1:colcon.colcon_core.package_identification:_identify(src/humanoid_locomotion_policy_example) by extension 'ignore'
[0.093s] Level 1:colcon.colcon_core.package_identification:_identify(src/humanoid_locomotion_policy_example) by extension 'ignore_ament_install'
[0.093s] Level 1:colcon.colcon_core.package_identification:_identify(src/humanoid_locomotion_policy_example) by extensions ['colcon_pkg']
[0.093s] Level 1:colcon.colcon_core.package_identification:_identify(src/humanoid_locomotion_policy_example) by extension 'colcon_pkg'
[0.093s] Level 1:colcon.colcon_core.package_identification:_identify(src/humanoid_locomotion_policy_example) by extensions ['colcon_meta']
[0.093s] Level 1:colcon.colcon_core.package_identification:_identify(src/humanoid_locomotion_policy_example) by extension 'colcon_meta'
[0.093s] Level 1:colcon.colcon_core.package_identification:_identify(src/humanoid_locomotion_policy_example) by extensions ['ros']
[0.093s] Level 1:colcon.colcon_core.package_identification:_identify(src/humanoid_locomotion_policy_example) by extension 'ros'
[0.093s] Level 1:colcon.colcon_core.package_identification:_identify(src/humanoid_locomotion_policy_example) by extensions ['cmake', 'python']
[0.093s] Level 1:colcon.colcon_core.package_identification:_identify(src/humanoid_locomotion_policy_example) by extension 'cmake'
[0.093s] Level 1:colcon.colcon_core.package_identification:_identify(src/humanoid_locomotion_policy_example) by extension 'python'
[0.093s] Level 1:colcon.colcon_core.package_identification:_identify(src/humanoid_locomotion_policy_example) by extensions ['python_setup_py']
[0.093s] Level 1:colcon.colcon_core.package_identification:_identify(src/humanoid_locomotion_policy_example) by extension 'python_setup_py'
[0.093s] Level 1:colcon.colcon_core.package_identification:_identify(src/humanoid_locomotion_policy_example/h1_fullbody_controller) by extensions ['ignore', 'ignore_ament_install']
[0.093s] Level 1:colcon.colcon_core.package_identification:_identify(src/humanoid_locomotion_policy_example/h1_fullbody_controller) by extension 'ignore'
[0.094s] Level 1:colcon.colcon_core.package_identification:_identify(src/humanoid_locomotion_policy_example/h1_fullbody_controller) by extension 'ignore_ament_install'
[0.094s] Level 1:colcon.colcon_core.package_identification:_identify(src/humanoid_locomotion_policy_example/h1_fullbody_controller) by extensions ['colcon_pkg']
[0.094s] Level 1:colcon.colcon_core.package_identification:_identify(src/humanoid_locomotion_policy_example/h1_fullbody_controller) by extension 'colcon_pkg'
[0.094s] Level 1:colcon.colcon_core.package_identification:_identify(src/humanoid_locomotion_policy_example/h1_fullbody_controller) by extensions ['colcon_meta']
[0.094s] Level 1:colcon.colcon_core.package_identification:_identify(src/humanoid_locomotion_policy_example/h1_fullbody_controller) by extension 'colcon_meta'
[0.094s] Level 1:colcon.colcon_core.package_identification:_identify(src/humanoid_locomotion_policy_example/h1_fullbody_controller) by extensions ['ros']
[0.094s] Level 1:colcon.colcon_core.package_identification:_identify(src/humanoid_locomotion_policy_example/h1_fullbody_controller) by extension 'ros'
[0.094s] DEBUG:colcon.colcon_core.package_identification:Package 'src/humanoid_locomotion_policy_example/h1_fullbody_controller' with type 'ros.ament_cmake' and name 'h1_fullbody_controller'
[0.094s] Level 1:colcon.colcon_core.package_identification:_identify(src/isaac_ros2_messages) by extensions ['ignore', 'ignore_ament_install']
[0.094s] Level 1:colcon.colcon_core.package_identification:_identify(src/isaac_ros2_messages) by extension 'ignore'
[0.094s] Level 1:colcon.colcon_core.package_identification:_identify(src/isaac_ros2_messages) by extension 'ignore_ament_install'
[0.094s] Level 1:colcon.colcon_core.package_identification:_identify(src/isaac_ros2_messages) by extensions ['colcon_pkg']
[0.094s] Level 1:colcon.colcon_core.package_identification:_identify(src/isaac_ros2_messages) by extension 'colcon_pkg'
[0.094s] Level 1:colcon.colcon_core.package_identification:_identify(src/isaac_ros2_messages) by extensions ['colcon_meta']
[0.094s] Level 1:colcon.colcon_core.package_identification:_identify(src/isaac_ros2_messages) by extension 'colcon_meta'
[0.094s] Level 1:colcon.colcon_core.package_identification:_identify(src/isaac_ros2_messages) by extensions ['ros']
[0.094s] Level 1:colcon.colcon_core.package_identification:_identify(src/isaac_ros2_messages) by extension 'ros'
[0.094s] DEBUG:colcon.colcon_core.package_identification:Package 'src/isaac_ros2_messages' with type 'ros.ament_cmake' and name 'isaac_ros2_messages'
[0.094s] Level 1:colcon.colcon_core.package_identification:_identify(src/isaac_tutorials) by extensions ['ignore', 'ignore_ament_install']
[0.094s] Level 1:colcon.colcon_core.package_identification:_identify(src/isaac_tutorials) by extension 'ignore'
[0.094s] Level 1:colcon.colcon_core.package_identification:_identify(src/isaac_tutorials) by extension 'ignore_ament_install'
[0.094s] Level 1:colcon.colcon_core.package_identification:_identify(src/isaac_tutorials) by extensions ['colcon_pkg']
[0.094s] Level 1:colcon.colcon_core.package_identification:_identify(src/isaac_tutorials) by extension 'colcon_pkg'
[0.094s] Level 1:colcon.colcon_core.package_identification:_identify(src/isaac_tutorials) by extensions ['colcon_meta']
[0.094s] Level 1:colcon.colcon_core.package_identification:_identify(src/isaac_tutorials) by extension 'colcon_meta'
[0.094s] Level 1:colcon.colcon_core.package_identification:_identify(src/isaac_tutorials) by extensions ['ros']
[0.094s] Level 1:colcon.colcon_core.package_identification:_identify(src/isaac_tutorials) by extension 'ros'
[0.095s] DEBUG:colcon.colcon_core.package_identification:Package 'src/isaac_tutorials' with type 'ros.ament_cmake' and name 'isaac_tutorials'
[0.095s] Level 1:colcon.colcon_core.package_identification:_identify(src/isaacsim) by extensions ['ignore', 'ignore_ament_install']
[0.095s] Level 1:colcon.colcon_core.package_identification:_identify(src/isaacsim) by extension 'ignore'
[0.095s] Level 1:colcon.colcon_core.package_identification:_identify(src/isaacsim) by extension 'ignore_ament_install'
[0.095s] Level 1:colcon.colcon_core.package_identification:_identify(src/isaacsim) by extensions ['colcon_pkg']
[0.095s] Level 1:colcon.colcon_core.package_identification:_identify(src/isaacsim) by extension 'colcon_pkg'
[0.095s] Level 1:colcon.colcon_core.package_identification:_identify(src/isaacsim) by extensions ['colcon_meta']
[0.095s] Level 1:colcon.colcon_core.package_identification:_identify(src/isaacsim) by extension 'colcon_meta'
[0.095s] Level 1:colcon.colcon_core.package_identification:_identify(src/isaacsim) by extensions ['ros']
[0.095s] Level 1:colcon.colcon_core.package_identification:_identify(src/isaacsim) by extension 'ros'
[0.095s] DEBUG:colcon.colcon_core.package_identification:Package 'src/isaacsim' with type 'ros.ament_cmake' and name 'isaacsim'
[0.095s] Level 1:colcon.colcon_core.package_identification:_identify(src/navigation) by extensions ['ignore', 'ignore_ament_install']
[0.095s] Level 1:colcon.colcon_core.package_identification:_identify(src/navigation) by extension 'ignore'
[0.095s] Level 1:colcon.colcon_core.package_identification:_identify(src/navigation) by extension 'ignore_ament_install'
[0.095s] Level 1:colcon.colcon_core.package_identification:_identify(src/navigation) by extensions ['colcon_pkg']
[0.095s] Level 1:colcon.colcon_core.package_identification:_identify(src/navigation) by extension 'colcon_pkg'
[0.095s] Level 1:colcon.colcon_core.package_identification:_identify(src/navigation) by extensions ['colcon_meta']
[0.095s] Level 1:colcon.colcon_core.package_identification:_identify(src/navigation) by extension 'colcon_meta'
[0.095s] Level 1:colcon.colcon_core.package_identification:_identify(src/navigation) by extensions ['ros']
[0.095s] Level 1:colcon.colcon_core.package_identification:_identify(src/navigation) by extension 'ros'
[0.095s] Level 1:colcon.colcon_core.package_identification:_identify(src/navigation) by extensions ['cmake', 'python']
[0.095s] Level 1:colcon.colcon_core.package_identification:_identify(src/navigation) by extension 'cmake'
[0.095s] Level 1:colcon.colcon_core.package_identification:_identify(src/navigation) by extension 'python'
[0.095s] Level 1:colcon.colcon_core.package_identification:_identify(src/navigation) by extensions ['python_setup_py']
[0.095s] Level 1:colcon.colcon_core.package_identification:_identify(src/navigation) by extension 'python_setup_py'
[0.095s] Level 1:colcon.colcon_core.package_identification:_identify(src/navigation/carter_navigation) by extensions ['ignore', 'ignore_ament_install']
[0.095s] Level 1:colcon.colcon_core.package_identification:_identify(src/navigation/carter_navigation) by extension 'ignore'
[0.095s] Level 1:colcon.colcon_core.package_identification:_identify(src/navigation/carter_navigation) by extension 'ignore_ament_install'
[0.095s] Level 1:colcon.colcon_core.package_identification:_identify(src/navigation/carter_navigation) by extensions ['colcon_pkg']
[0.095s] Level 1:colcon.colcon_core.package_identification:_identify(src/navigation/carter_navigation) by extension 'colcon_pkg'
[0.095s] Level 1:colcon.colcon_core.package_identification:_identify(src/navigation/carter_navigation) by extensions ['colcon_meta']
[0.095s] Level 1:colcon.colcon_core.package_identification:_identify(src/navigation/carter_navigation) by extension 'colcon_meta'
[0.095s] Level 1:colcon.colcon_core.package_identification:_identify(src/navigation/carter_navigation) by extensions ['ros']
[0.095s] Level 1:colcon.colcon_core.package_identification:_identify(src/navigation/carter_navigation) by extension 'ros'
[0.096s] DEBUG:colcon.colcon_core.package_identification:Package 'src/navigation/carter_navigation' with type 'ros.ament_cmake' and name 'carter_navigation'
[0.096s] Level 1:colcon.colcon_core.package_identification:_identify(src/navigation/isaac_ros_navigation_goal) by extensions ['ignore', 'ignore_ament_install']
[0.096s] Level 1:colcon.colcon_core.package_identification:_identify(src/navigation/isaac_ros_navigation_goal) by extension 'ignore'
[0.096s] Level 1:colcon.colcon_core.package_identification:_identify(src/navigation/isaac_ros_navigation_goal) by extension 'ignore_ament_install'
[0.096s] Level 1:colcon.colcon_core.package_identification:_identify(src/navigation/isaac_ros_navigation_goal) by extensions ['colcon_pkg']
[0.096s] Level 1:colcon.colcon_core.package_identification:_identify(src/navigation/isaac_ros_navigation_goal) by extension 'colcon_pkg'
[0.096s] Level 1:colcon.colcon_core.package_identification:_identify(src/navigation/isaac_ros_navigation_goal) by extensions ['colcon_meta']
[0.096s] Level 1:colcon.colcon_core.package_identification:_identify(src/navigation/isaac_ros_navigation_goal) by extension 'colcon_meta'
[0.096s] Level 1:colcon.colcon_core.package_identification:_identify(src/navigation/isaac_ros_navigation_goal) by extensions ['ros']
[0.096s] Level 1:colcon.colcon_core.package_identification:_identify(src/navigation/isaac_ros_navigation_goal) by extension 'ros'
[0.096s] DEBUG:colcon.colcon_core.package_identification:Package 'src/navigation/isaac_ros_navigation_goal' with type 'ros.ament_python' and name 'isaac_ros_navigation_goal'
[0.096s] Level 1:colcon.colcon_core.package_identification:_identify(src/navigation/iw_hub_navigation) by extensions ['ignore', 'ignore_ament_install']
[0.096s] Level 1:colcon.colcon_core.package_identification:_identify(src/navigation/iw_hub_navigation) by extension 'ignore'
[0.096s] Level 1:colcon.colcon_core.package_identification:_identify(src/navigation/iw_hub_navigation) by extension 'ignore_ament_install'
[0.096s] Level 1:colcon.colcon_core.package_identification:_identify(src/navigation/iw_hub_navigation) by extensions ['colcon_pkg']
[0.096s] Level 1:colcon.colcon_core.package_identification:_identify(src/navigation/iw_hub_navigation) by extension 'colcon_pkg'
[0.096s] Level 1:colcon.colcon_core.package_identification:_identify(src/navigation/iw_hub_navigation) by extensions ['colcon_meta']
[0.096s] Level 1:colcon.colcon_core.package_identification:_identify(src/navigation/iw_hub_navigation) by extension 'colcon_meta'
[0.096s] Level 1:colcon.colcon_core.package_identification:_identify(src/navigation/iw_hub_navigation) by extensions ['ros']
[0.096s] Level 1:colcon.colcon_core.package_identification:_identify(src/navigation/iw_hub_navigation) by extension 'ros'
[0.096s] DEBUG:colcon.colcon_core.package_identification:Package 'src/navigation/iw_hub_navigation' with type 'ros.ament_cmake' and name 'iw_hub_navigation'
[0.096s] Level 1:colcon.colcon_core.package_discovery:discover_packages(recursive) using defaults
[0.096s] Level 1:colcon.colcon_core.package_discovery:discover_packages(ignore) discover
[0.096s] Level 1:colcon.colcon_core.package_discovery:discover_packages(ignore) using defaults
[0.096s] Level 1:colcon.colcon_core.package_discovery:discover_packages(path) discover
[0.096s] Level 1:colcon.colcon_core.package_discovery:discover_packages(path) using defaults
[0.105s] Level 1:colcon.colcon_core.package_discovery:discover_packages(prefix_path) check parameters
[0.105s] Level 1:colcon.colcon_core.package_discovery:discover_packages(prefix_path) discover
[0.107s] DEBUG:colcon.colcon_installed_package_information.package_discovery:Found 156 installed packages in /workspace/jazzy_ws/install
[0.107s] Level 1:colcon.colcon_core.package_discovery:discover_packages(prefix_path) using defaults
[0.112s] Level 5:colcon.colcon_core.verb:set package 'carter_navigation' build argument 'cmake_args' from command line to 'None'
[0.112s] Level 5:colcon.colcon_core.verb:set package 'carter_navigation' build argument 'cmake_target' from command line to 'None'
[0.112s] Level 5:colcon.colcon_core.verb:set package 'carter_navigation' build argument 'cmake_target_skip_unavailable' from command line to 'False'
[0.112s] Level 5:colcon.colcon_core.verb:set package 'carter_navigation' build argument 'cmake_clean_cache' from command line to 'False'
[0.112s] Level 5:colcon.colcon_core.verb:set package 'carter_navigation' build argument 'cmake_clean_first' from command line to 'False'
[0.112s] Level 5:colcon.colcon_core.verb:set package 'carter_navigation' build argument 'cmake_force_configure' from command line to 'False'
[0.112s] Level 5:colcon.colcon_core.verb:set package 'carter_navigation' build argument 'ament_cmake_args' from command line to 'None'
[0.112s] Level 5:colcon.colcon_core.verb:set package 'carter_navigation' build argument 'catkin_cmake_args' from command line to 'None'
[0.112s] Level 5:colcon.colcon_core.verb:set package 'carter_navigation' build argument 'catkin_skip_building_tests' from command line to 'False'
[0.112s] DEBUG:colcon.colcon_core.verb:Building package 'carter_navigation' with the following arguments: {'ament_cmake_args': None, 'build_base': '/workspace/build_ws/build/carter_navigation', 'catkin_cmake_args': None, 'catkin_skip_building_tests': False, 'cmake_args': None, 'cmake_clean_cache': False, 'cmake_clean_first': False, 'cmake_force_configure': False, 'cmake_target': None, 'cmake_target_skip_unavailable': False, 'install_base': '/workspace/build_ws/install/carter_navigation', 'merge_install': False, 'path': '/workspace/build_ws/src/navigation/carter_navigation', 'symlink_install': False, 'test_result_base': None}
[0.112s] Level 5:colcon.colcon_core.verb:set package 'cmdvel_to_ackermann' build argument 'cmake_args' from command line to 'None'
[0.112s] Level 5:colcon.colcon_core.verb:set package 'cmdvel_to_ackermann' build argument 'cmake_target' from command line to 'None'
[0.112s] Level 5:colcon.colcon_core.verb:set package 'cmdvel_to_ackermann' build argument 'cmake_target_skip_unavailable' from command line to 'False'
[0.112s] Level 5:colcon.colcon_core.verb:set package 'cmdvel_to_ackermann' build argument 'cmake_clean_cache' from command line to 'False'
[0.112s] Level 5:colcon.colcon_core.verb:set package 'cmdvel_to_ackermann' build argument 'cmake_clean_first' from command line to 'False'
[0.112s] Level 5:colcon.colcon_core.verb:set package 'cmdvel_to_ackermann' build argument 'cmake_force_configure' from command line to 'False'
[0.112s] Level 5:colcon.colcon_core.verb:set package 'cmdvel_to_ackermann' build argument 'ament_cmake_args' from command line to 'None'
[0.112s] Level 5:colcon.colcon_core.verb:set package 'cmdvel_to_ackermann' build argument 'catkin_cmake_args' from command line to 'None'
[0.112s] Level 5:colcon.colcon_core.verb:set package 'cmdvel_to_ackermann' build argument 'catkin_skip_building_tests' from command line to 'False'
[0.112s] DEBUG:colcon.colcon_core.verb:Building package 'cmdvel_to_ackermann' with the following arguments: {'ament_cmake_args': None, 'build_base': '/workspace/build_ws/build/cmdvel_to_ackermann', 'catkin_cmake_args': None, 'catkin_skip_building_tests': False, 'cmake_args': None, 'cmake_clean_cache': False, 'cmake_clean_first': False, 'cmake_force_configure': False, 'cmake_target': None, 'cmake_target_skip_unavailable': False, 'install_base': '/workspace/build_ws/install/cmdvel_to_ackermann', 'merge_install': False, 'path': '/workspace/build_ws/src/ackermann_control/cmdvel_to_ackermann', 'symlink_install': False, 'test_result_base': None}
[0.112s] Level 5:colcon.colcon_core.verb:set package 'custom_message' build argument 'cmake_args' from command line to 'None'
[0.112s] Level 5:colcon.colcon_core.verb:set package 'custom_message' build argument 'cmake_target' from command line to 'None'
[0.112s] Level 5:colcon.colcon_core.verb:set package 'custom_message' build argument 'cmake_target_skip_unavailable' from command line to 'False'
[0.112s] Level 5:colcon.colcon_core.verb:set package 'custom_message' build argument 'cmake_clean_cache' from command line to 'False'
[0.112s] Level 5:colcon.colcon_core.verb:set package 'custom_message' build argument 'cmake_clean_first' from command line to 'False'
[0.112s] Level 5:colcon.colcon_core.verb:set package 'custom_message' build argument 'cmake_force_configure' from command line to 'False'
[0.112s] Level 5:colcon.colcon_core.verb:set package 'custom_message' build argument 'ament_cmake_args' from command line to 'None'
[0.112s] Level 5:colcon.colcon_core.verb:set package 'custom_message' build argument 'catkin_cmake_args' from command line to 'None'
[0.112s] Level 5:colcon.colcon_core.verb:set package 'custom_message' build argument 'catkin_skip_building_tests' from command line to 'False'
[0.112s] DEBUG:colcon.colcon_core.verb:Building package 'custom_message' with the following arguments: {'ament_cmake_args': None, 'build_base': '/workspace/build_ws/build/custom_message', 'catkin_cmake_args': None, 'catkin_skip_building_tests': False, 'cmake_args': None, 'cmake_clean_cache': False, 'cmake_clean_first': False, 'cmake_force_configure': False, 'cmake_target': None, 'cmake_target_skip_unavailable': False, 'install_base': '/workspace/build_ws/install/custom_message', 'merge_install': False, 'path': '/workspace/build_ws/src/custom_message', 'symlink_install': False, 'test_result_base': None}
[0.112s] Level 5:colcon.colcon_core.verb:set package 'es165_moveit' build argument 'cmake_args' from command line to 'None'
[0.112s] Level 5:colcon.colcon_core.verb:set package 'es165_moveit' build argument 'cmake_target' from command line to 'None'
[0.112s] Level 5:colcon.colcon_core.verb:set package 'es165_moveit' build argument 'cmake_target_skip_unavailable' from command line to 'False'
[0.112s] Level 5:colcon.colcon_core.verb:set package 'es165_moveit' build argument 'cmake_clean_cache' from command line to 'False'
[0.112s] Level 5:colcon.colcon_core.verb:set package 'es165_moveit' build argument 'cmake_clean_first' from command line to 'False'
[0.112s] Level 5:colcon.colcon_core.verb:set package 'es165_moveit' build argument 'cmake_force_configure' from command line to 'False'
[0.112s] Level 5:colcon.colcon_core.verb:set package 'es165_moveit' build argument 'ament_cmake_args' from command line to 'None'
[0.112s] Level 5:colcon.colcon_core.verb:set package 'es165_moveit' build argument 'catkin_cmake_args' from command line to 'None'
[0.112s] Level 5:colcon.colcon_core.verb:set package 'es165_moveit' build argument 'catkin_skip_building_tests' from command line to 'False'
[0.112s] DEBUG:colcon.colcon_core.verb:Building package 'es165_moveit' with the following arguments: {'ament_cmake_args': None, 'build_base': '/workspace/build_ws/build/es165_moveit', 'catkin_cmake_args': None, 'catkin_skip_building_tests': False, 'cmake_args': None, 'cmake_clean_cache': False, 'cmake_clean_first': False, 'cmake_force_configure': False, 'cmake_target': None, 'cmake_target_skip_unavailable': False, 'install_base': '/workspace/build_ws/install/es165_moveit', 'merge_install': False, 'path': '/workspace/build_ws/src/es165_moveit', 'symlink_install': False, 'test_result_base': None}
[0.112s] Level 5:colcon.colcon_core.verb:set package 'es165_moveit_moveit_config' build argument 'cmake_args' from command line to 'None'
[0.112s] Level 5:colcon.colcon_core.verb:set package 'es165_moveit_moveit_config' build argument 'cmake_target' from command line to 'None'
[0.112s] Level 5:colcon.colcon_core.verb:set package 'es165_moveit_moveit_config' build argument 'cmake_target_skip_unavailable' from command line to 'False'
[0.112s] Level 5:colcon.colcon_core.verb:set package 'es165_moveit_moveit_config' build argument 'cmake_clean_cache' from command line to 'False'
[0.112s] Level 5:colcon.colcon_core.verb:set package 'es165_moveit_moveit_config' build argument 'cmake_clean_first' from command line to 'False'
[0.112s] Level 5:colcon.colcon_core.verb:set package 'es165_moveit_moveit_config' build argument 'cmake_force_configure' from command line to 'False'
[0.112s] Level 5:colcon.colcon_core.verb:set package 'es165_moveit_moveit_config' build argument 'ament_cmake_args' from command line to 'None'
[0.112s] Level 5:colcon.colcon_core.verb:set package 'es165_moveit_moveit_config' build argument 'catkin_cmake_args' from command line to 'None'
[0.112s] Level 5:colcon.colcon_core.verb:set package 'es165_moveit_moveit_config' build argument 'catkin_skip_building_tests' from command line to 'False'
[0.112s] DEBUG:colcon.colcon_core.verb:Building package 'es165_moveit_moveit_config' with the following arguments: {'ament_cmake_args': None, 'build_base': '/workspace/build_ws/build/es165_moveit_moveit_config', 'catkin_cmake_args': None, 'catkin_skip_building_tests': False, 'cmake_args': None, 'cmake_clean_cache': False, 'cmake_clean_first': False, 'cmake_force_configure': False, 'cmake_target': None, 'cmake_target_skip_unavailable': False, 'install_base': '/workspace/build_ws/install/es165_moveit_moveit_config', 'merge_install': False, 'path': '/workspace/build_ws/src/es165_moveit_moveit_config', 'symlink_install': False, 'test_result_base': None}
[0.112s] Level 5:colcon.colcon_core.verb:set package 'h1_fullbody_controller' build argument 'cmake_args' from command line to 'None'
[0.112s] Level 5:colcon.colcon_core.verb:set package 'h1_fullbody_controller' build argument 'cmake_target' from command line to 'None'
[0.112s] Level 5:colcon.colcon_core.verb:set package 'h1_fullbody_controller' build argument 'cmake_target_skip_unavailable' from command line to 'False'
[0.112s] Level 5:colcon.colcon_core.verb:set package 'h1_fullbody_controller' build argument 'cmake_clean_cache' from command line to 'False'
[0.112s] Level 5:colcon.colcon_core.verb:set package 'h1_fullbody_controller' build argument 'cmake_clean_first' from command line to 'False'
[0.112s] Level 5:colcon.colcon_core.verb:set package 'h1_fullbody_controller' build argument 'cmake_force_configure' from command line to 'False'
[0.112s] Level 5:colcon.colcon_core.verb:set package 'h1_fullbody_controller' build argument 'ament_cmake_args' from command line to 'None'
[0.112s] Level 5:colcon.colcon_core.verb:set package 'h1_fullbody_controller' build argument 'catkin_cmake_args' from command line to 'None'
[0.112s] Level 5:colcon.colcon_core.verb:set package 'h1_fullbody_controller' build argument 'catkin_skip_building_tests' from command line to 'False'
[0.112s] DEBUG:colcon.colcon_core.verb:Building package 'h1_fullbody_controller' with the following arguments: {'ament_cmake_args': None, 'build_base': '/workspace/build_ws/build/h1_fullbody_controller', 'catkin_cmake_args': None, 'catkin_skip_building_tests': False, 'cmake_args': None, 'cmake_clean_cache': False, 'cmake_clean_first': False, 'cmake_force_configure': False, 'cmake_target': None, 'cmake_target_skip_unavailable': False, 'install_base': '/workspace/build_ws/install/h1_fullbody_controller', 'merge_install': False, 'path': '/workspace/build_ws/src/humanoid_locomotion_policy_example/h1_fullbody_controller', 'symlink_install': False, 'test_result_base': None}
[0.112s] Level 5:colcon.colcon_core.verb:set package 'isaac_ros2_messages' build argument 'cmake_args' from command line to 'None'
[0.112s] Level 5:colcon.colcon_core.verb:set package 'isaac_ros2_messages' build argument 'cmake_target' from command line to 'None'
[0.113s] Level 5:colcon.colcon_core.verb:set package 'isaac_ros2_messages' build argument 'cmake_target_skip_unavailable' from command line to 'False'
[0.113s] Level 5:colcon.colcon_core.verb:set package 'isaac_ros2_messages' build argument 'cmake_clean_cache' from command line to 'False'
[0.113s] Level 5:colcon.colcon_core.verb:set package 'isaac_ros2_messages' build argument 'cmake_clean_first' from command line to 'False'
[0.113s] Level 5:colcon.colcon_core.verb:set package 'isaac_ros2_messages' build argument 'cmake_force_configure' from command line to 'False'
[0.113s] Level 5:colcon.colcon_core.verb:set package 'isaac_ros2_messages' build argument 'ament_cmake_args' from command line to 'None'
[0.113s] Level 5:colcon.colcon_core.verb:set package 'isaac_ros2_messages' build argument 'catkin_cmake_args' from command line to 'None'
[0.113s] Level 5:colcon.colcon_core.verb:set package 'isaac_ros2_messages' build argument 'catkin_skip_building_tests' from command line to 'False'
[0.113s] DEBUG:colcon.colcon_core.verb:Building package 'isaac_ros2_messages' with the following arguments: {'ament_cmake_args': None, 'build_base': '/workspace/build_ws/build/isaac_ros2_messages', 'catkin_cmake_args': None, 'catkin_skip_building_tests': False, 'cmake_args': None, 'cmake_clean_cache': False, 'cmake_clean_first': False, 'cmake_force_configure': False, 'cmake_target': None, 'cmake_target_skip_unavailable': False, 'install_base': '/workspace/build_ws/install/isaac_ros2_messages', 'merge_install': False, 'path': '/workspace/build_ws/src/isaac_ros2_messages', 'symlink_install': False, 'test_result_base': None}
[0.113s] Level 5:colcon.colcon_core.verb:set package 'isaac_ros_navigation_goal' build argument 'cmake_args' from command line to 'None'
[0.113s] Level 5:colcon.colcon_core.verb:set package 'isaac_ros_navigation_goal' build argument 'cmake_target' from command line to 'None'
[0.113s] Level 5:colcon.colcon_core.verb:set package 'isaac_ros_navigation_goal' build argument 'cmake_target_skip_unavailable' from command line to 'False'
[0.113s] Level 5:colcon.colcon_core.verb:set package 'isaac_ros_navigation_goal' build argument 'cmake_clean_cache' from command line to 'False'
[0.113s] Level 5:colcon.colcon_core.verb:set package 'isaac_ros_navigation_goal' build argument 'cmake_clean_first' from command line to 'False'
[0.113s] Level 5:colcon.colcon_core.verb:set package 'isaac_ros_navigation_goal' build argument 'cmake_force_configure' from command line to 'False'
[0.113s] Level 5:colcon.colcon_core.verb:set package 'isaac_ros_navigation_goal' build argument 'ament_cmake_args' from command line to 'None'
[0.113s] Level 5:colcon.colcon_core.verb:set package 'isaac_ros_navigation_goal' build argument 'catkin_cmake_args' from command line to 'None'
[0.113s] Level 5:colcon.colcon_core.verb:set package 'isaac_ros_navigation_goal' build argument 'catkin_skip_building_tests' from command line to 'False'
[0.113s] DEBUG:colcon.colcon_core.verb:Building package 'isaac_ros_navigation_goal' with the following arguments: {'ament_cmake_args': None, 'build_base': '/workspace/build_ws/build/isaac_ros_navigation_goal', 'catkin_cmake_args': None, 'catkin_skip_building_tests': False, 'cmake_args': None, 'cmake_clean_cache': False, 'cmake_clean_first': False, 'cmake_force_configure': False, 'cmake_target': None, 'cmake_target_skip_unavailable': False, 'install_base': '/workspace/build_ws/install/isaac_ros_navigation_goal', 'merge_install': False, 'path': '/workspace/build_ws/src/navigation/isaac_ros_navigation_goal', 'symlink_install': False, 'test_result_base': None}
[0.113s] Level 5:colcon.colcon_core.verb:set package 'isaac_tutorials' build argument 'cmake_args' from command line to 'None'
[0.113s] Level 5:colcon.colcon_core.verb:set package 'isaac_tutorials' build argument 'cmake_target' from command line to 'None'
[0.113s] Level 5:colcon.colcon_core.verb:set package 'isaac_tutorials' build argument 'cmake_target_skip_unavailable' from command line to 'False'
[0.113s] Level 5:colcon.colcon_core.verb:set package 'isaac_tutorials' build argument 'cmake_clean_cache' from command line to 'False'
[0.113s] Level 5:colcon.colcon_core.verb:set package 'isaac_tutorials' build argument 'cmake_clean_first' from command line to 'False'
[0.113s] Level 5:colcon.colcon_core.verb:set package 'isaac_tutorials' build argument 'cmake_force_configure' from command line to 'False'
[0.113s] Level 5:colcon.colcon_core.verb:set package 'isaac_tutorials' build argument 'ament_cmake_args' from command line to 'None'
[0.113s] Level 5:colcon.colcon_core.verb:set package 'isaac_tutorials' build argument 'catkin_cmake_args' from command line to 'None'
[0.113s] Level 5:colcon.colcon_core.verb:set package 'isaac_tutorials' build argument 'catkin_skip_building_tests' from command line to 'False'
[0.113s] DEBUG:colcon.colcon_core.verb:Building package 'isaac_tutorials' with the following arguments: {'ament_cmake_args': None, 'build_base': '/workspace/build_ws/build/isaac_tutorials', 'catkin_cmake_args': None, 'catkin_skip_building_tests': False, 'cmake_args': None, 'cmake_clean_cache': False, 'cmake_clean_first': False, 'cmake_force_configure': False, 'cmake_target': None, 'cmake_target_skip_unavailable': False, 'install_base': '/workspace/build_ws/install/isaac_tutorials', 'merge_install': False, 'path': '/workspace/build_ws/src/isaac_tutorials', 'symlink_install': False, 'test_result_base': None}
[0.113s] Level 5:colcon.colcon_core.verb:set package 'isaacsim' build argument 'cmake_args' from command line to 'None'
[0.113s] Level 5:colcon.colcon_core.verb:set package 'isaacsim' build argument 'cmake_target' from command line to 'None'
[0.113s] Level 5:colcon.colcon_core.verb:set package 'isaacsim' build argument 'cmake_target_skip_unavailable' from command line to 'False'
[0.113s] Level 5:colcon.colcon_core.verb:set package 'isaacsim' build argument 'cmake_clean_cache' from command line to 'False'
[0.113s] Level 5:colcon.colcon_core.verb:set package 'isaacsim' build argument 'cmake_clean_first' from command line to 'False'
[0.113s] Level 5:colcon.colcon_core.verb:set package 'isaacsim' build argument 'cmake_force_configure' from command line to 'False'
[0.113s] Level 5:colcon.colcon_core.verb:set package 'isaacsim' build argument 'ament_cmake_args' from command line to 'None'
[0.113s] Level 5:colcon.colcon_core.verb:set package 'isaacsim' build argument 'catkin_cmake_args' from command line to 'None'
[0.113s] Level 5:colcon.colcon_core.verb:set package 'isaacsim' build argument 'catkin_skip_building_tests' from command line to 'False'
[0.113s] DEBUG:colcon.colcon_core.verb:Building package 'isaacsim' with the following arguments: {'ament_cmake_args': None, 'build_base': '/workspace/build_ws/build/isaacsim', 'catkin_cmake_args': None, 'catkin_skip_building_tests': False, 'cmake_args': None, 'cmake_clean_cache': False, 'cmake_clean_first': False, 'cmake_force_configure': False, 'cmake_target': None, 'cmake_target_skip_unavailable': False, 'install_base': '/workspace/build_ws/install/isaacsim', 'merge_install': False, 'path': '/workspace/build_ws/src/isaacsim', 'symlink_install': False, 'test_result_base': None}
[0.113s] Level 5:colcon.colcon_core.verb:set package 'iw_hub_navigation' build argument 'cmake_args' from command line to 'None'
[0.113s] Level 5:colcon.colcon_core.verb:set package 'iw_hub_navigation' build argument 'cmake_target' from command line to 'None'
[0.113s] Level 5:colcon.colcon_core.verb:set package 'iw_hub_navigation' build argument 'cmake_target_skip_unavailable' from command line to 'False'
[0.113s] Level 5:colcon.colcon_core.verb:set package 'iw_hub_navigation' build argument 'cmake_clean_cache' from command line to 'False'
[0.113s] Level 5:colcon.colcon_core.verb:set package 'iw_hub_navigation' build argument 'cmake_clean_first' from command line to 'False'
[0.113s] Level 5:colcon.colcon_core.verb:set package 'iw_hub_navigation' build argument 'cmake_force_configure' from command line to 'False'
[0.113s] Level 5:colcon.colcon_core.verb:set package 'iw_hub_navigation' build argument 'ament_cmake_args' from command line to 'None'
[0.113s] Level 5:colcon.colcon_core.verb:set package 'iw_hub_navigation' build argument 'catkin_cmake_args' from command line to 'None'
[0.113s] Level 5:colcon.colcon_core.verb:set package 'iw_hub_navigation' build argument 'catkin_skip_building_tests' from command line to 'False'
[0.113s] DEBUG:colcon.colcon_core.verb:Building package 'iw_hub_navigation' with the following arguments: {'ament_cmake_args': None, 'build_base': '/workspace/build_ws/build/iw_hub_navigation', 'catkin_cmake_args': None, 'catkin_skip_building_tests': False, 'cmake_args': None, 'cmake_clean_cache': False, 'cmake_clean_first': False, 'cmake_force_configure': False, 'cmake_target': None, 'cmake_target_skip_unavailable': False, 'install_base': '/workspace/build_ws/install/iw_hub_navigation', 'merge_install': False, 'path': '/workspace/build_ws/src/navigation/iw_hub_navigation', 'symlink_install': False, 'test_result_base': None}
[0.113s] INFO:colcon.colcon_core.executor:Executing jobs using 'parallel' executor
[0.114s] DEBUG:colcon.colcon_parallel_executor.executor.parallel:run_until_complete
[0.114s] INFO:colcon.colcon_ros.task.ament_cmake.build:Building ROS package in '/workspace/build_ws/src/navigation/carter_navigation' with build type 'ament_cmake'
[0.114s] INFO:colcon.colcon_cmake.task.cmake.build:Building CMake package in '/workspace/build_ws/src/navigation/carter_navigation'
[0.115s] INFO:colcon.colcon_core.plugin_system:Skipping extension 'colcon_core.shell.bat': Not used on non-Windows systems
[0.115s] INFO:colcon.colcon_core.shell:Skip shell extension 'powershell' for command environment: Not usable outside of PowerShell
[0.115s] DEBUG:colcon.colcon_core.shell:Skip shell extension 'dsv' for command environment
[0.117s] INFO:colcon.colcon_ros.task.ament_cmake.build:Building ROS package in '/workspace/build_ws/src/ackermann_control/cmdvel_to_ackermann' with build type 'ament_cmake'
[0.117s] INFO:colcon.colcon_cmake.task.cmake.build:Building CMake package in '/workspace/build_ws/src/ackermann_control/cmdvel_to_ackermann'
[0.117s] INFO:colcon.colcon_core.shell:Skip shell extension 'powershell' for command environment: Not usable outside of PowerShell
[0.117s] DEBUG:colcon.colcon_core.shell:Skip shell extension 'dsv' for command environment
[0.119s] INFO:colcon.colcon_ros.task.ament_cmake.build:Building ROS package in '/workspace/build_ws/src/custom_message' with build type 'ament_cmake'
[0.119s] INFO:colcon.colcon_cmake.task.cmake.build:Building CMake package in '/workspace/build_ws/src/custom_message'
[0.119s] INFO:colcon.colcon_core.shell:Skip shell extension 'powershell' for command environment: Not usable outside of PowerShell
[0.119s] DEBUG:colcon.colcon_core.shell:Skip shell extension 'dsv' for command environment
[0.121s] INFO:colcon.colcon_ros.task.ament_python.build:Building ROS package in '/workspace/build_ws/src/es165_moveit' with build type 'ament_python'
[0.121s] Level 1:colcon.colcon_core.shell:create_environment_hook('es165_moveit', 'ament_prefix_path')
[0.121s] INFO:colcon.colcon_core.shell:Creating environment hook '/workspace/build_ws/install/es165_moveit/share/es165_moveit/hook/ament_prefix_path.ps1'
[0.121s] INFO:colcon.colcon_core.shell:Creating environment descriptor '/workspace/build_ws/install/es165_moveit/share/es165_moveit/hook/ament_prefix_path.dsv'
[0.121s] INFO:colcon.colcon_core.shell:Creating environment hook '/workspace/build_ws/install/es165_moveit/share/es165_moveit/hook/ament_prefix_path.sh'
[0.122s] INFO:colcon.colcon_core.shell:Skip shell extension 'powershell' for command environment: Not usable outside of PowerShell
[0.122s] DEBUG:colcon.colcon_core.shell:Skip shell extension 'dsv' for command environment
[0.123s] INFO:colcon.colcon_ros.task.ament_python.build:Building ROS package in '/workspace/build_ws/src/es165_moveit_moveit_config' with build type 'ament_python'
[0.123s] Level 1:colcon.colcon_core.shell:create_environment_hook('es165_moveit_moveit_config', 'ament_prefix_path')
[0.123s] INFO:colcon.colcon_core.shell:Creating environment hook '/workspace/build_ws/install/es165_moveit_moveit_config/share/es165_moveit_moveit_config/hook/ament_prefix_path.ps1'
[0.124s] INFO:colcon.colcon_core.shell:Creating environment descriptor '/workspace/build_ws/install/es165_moveit_moveit_config/share/es165_moveit_moveit_config/hook/ament_prefix_path.dsv'
[0.124s] INFO:colcon.colcon_core.shell:Creating environment hook '/workspace/build_ws/install/es165_moveit_moveit_config/share/es165_moveit_moveit_config/hook/ament_prefix_path.sh'
[0.124s] INFO:colcon.colcon_core.shell:Skip shell extension 'powershell' for command environment: Not usable outside of PowerShell
[0.124s] DEBUG:colcon.colcon_core.shell:Skip shell extension 'dsv' for command environment
[0.125s] INFO:colcon.colcon_ros.task.ament_cmake.build:Building ROS package in '/workspace/build_ws/src/humanoid_locomotion_policy_example/h1_fullbody_controller' with build type 'ament_cmake'
[0.126s] INFO:colcon.colcon_cmake.task.cmake.build:Building CMake package in '/workspace/build_ws/src/humanoid_locomotion_policy_example/h1_fullbody_controller'
[0.126s] INFO:colcon.colcon_core.shell:Skip shell extension 'powershell' for command environment: Not usable outside of PowerShell
[0.126s] DEBUG:colcon.colcon_core.shell:Skip shell extension 'dsv' for command environment
[0.127s] INFO:colcon.colcon_ros.task.ament_cmake.build:Building ROS package in '/workspace/build_ws/src/isaac_ros2_messages' with build type 'ament_cmake'
[0.127s] INFO:colcon.colcon_cmake.task.cmake.build:Building CMake package in '/workspace/build_ws/src/isaac_ros2_messages'
[0.127s] INFO:colcon.colcon_core.shell:Skip shell extension 'powershell' for command environment: Not usable outside of PowerShell
[0.127s] DEBUG:colcon.colcon_core.shell:Skip shell extension 'dsv' for command environment
[0.129s] INFO:colcon.colcon_ros.task.ament_python.build:Building ROS package in '/workspace/build_ws/src/navigation/isaac_ros_navigation_goal' with build type 'ament_python'
[0.129s] Level 1:colcon.colcon_core.shell:create_environment_hook('isaac_ros_navigation_goal', 'ament_prefix_path')
[0.129s] INFO:colcon.colcon_core.shell:Creating environment hook '/workspace/build_ws/install/isaac_ros_navigation_goal/share/isaac_ros_navigation_goal/hook/ament_prefix_path.ps1'
[0.129s] INFO:colcon.colcon_core.shell:Creating environment descriptor '/workspace/build_ws/install/isaac_ros_navigation_goal/share/isaac_ros_navigation_goal/hook/ament_prefix_path.dsv'
[0.130s] INFO:colcon.colcon_core.shell:Creating environment hook '/workspace/build_ws/install/isaac_ros_navigation_goal/share/isaac_ros_navigation_goal/hook/ament_prefix_path.sh'
[0.130s] INFO:colcon.colcon_core.shell:Skip shell extension 'powershell' for command environment: Not usable outside of PowerShell
[0.130s] DEBUG:colcon.colcon_core.shell:Skip shell extension 'dsv' for command environment
[0.131s] INFO:colcon.colcon_ros.task.ament_cmake.build:Building ROS package in '/workspace/build_ws/src/isaac_tutorials' with build type 'ament_cmake'
[0.131s] INFO:colcon.colcon_cmake.task.cmake.build:Building CMake package in '/workspace/build_ws/src/isaac_tutorials'
[0.131s] INFO:colcon.colcon_core.shell:Skip shell extension 'powershell' for command environment: Not usable outside of PowerShell
[0.131s] DEBUG:colcon.colcon_core.shell:Skip shell extension 'dsv' for command environment
[0.133s] INFO:colcon.colcon_ros.task.ament_cmake.build:Building ROS package in '/workspace/build_ws/src/isaacsim' with build type 'ament_cmake'
[0.133s] INFO:colcon.colcon_cmake.task.cmake.build:Building CMake package in '/workspace/build_ws/src/isaacsim'
[0.133s] INFO:colcon.colcon_core.shell:Skip shell extension 'powershell' for command environment: Not usable outside of PowerShell
[0.133s] DEBUG:colcon.colcon_core.shell:Skip shell extension 'dsv' for command environment
[0.135s] INFO:colcon.colcon_ros.task.ament_cmake.build:Building ROS package in '/workspace/build_ws/src/navigation/iw_hub_navigation' with build type 'ament_cmake'
[0.135s] INFO:colcon.colcon_cmake.task.cmake.build:Building CMake package in '/workspace/build_ws/src/navigation/iw_hub_navigation'
[0.135s] INFO:colcon.colcon_core.shell:Skip shell extension 'powershell' for command environment: Not usable outside of PowerShell
[0.135s] DEBUG:colcon.colcon_core.shell:Skip shell extension 'dsv' for command environment
[0.138s] DEBUG:colcon.colcon_core.event_handler.log_command:Invoking command in '/workspace/build_ws/build/carter_navigation': /usr/bin/cmake /workspace/build_ws/src/navigation/carter_navigation -DCMAKE_INSTALL_PREFIX=/workspace/build_ws/install/carter_navigation
[0.139s] DEBUG:colcon.colcon_core.event_handler.log_command:Invoking command in '/workspace/build_ws/build/cmdvel_to_ackermann': /usr/bin/cmake /workspace/build_ws/src/ackermann_control/cmdvel_to_ackermann -DCMAKE_INSTALL_PREFIX=/workspace/build_ws/install/cmdvel_to_ackermann
[0.139s] DEBUG:colcon.colcon_core.event_handler.log_command:Invoking command in '/workspace/build_ws/build/custom_message': /usr/bin/cmake /workspace/build_ws/src/custom_message -DCMAKE_INSTALL_PREFIX=/workspace/build_ws/install/custom_message
[0.242s] INFO:colcon.colcon_core.task.python.build:Building Python package in '/workspace/build_ws/src/es165_moveit'
[0.243s] INFO:colcon.colcon_core.shell:Skip shell extension 'powershell' for command environment: Not usable outside of PowerShell
[0.243s] DEBUG:colcon.colcon_core.shell:Skip shell extension 'dsv' for command environment
[0.339s] INFO:colcon.colcon_core.task.python.build:Building Python package in '/workspace/build_ws/src/es165_moveit_moveit_config'
[0.339s] INFO:colcon.colcon_core.shell:Skip shell extension 'powershell' for command environment: Not usable outside of PowerShell
[0.339s] DEBUG:colcon.colcon_core.shell:Skip shell extension 'dsv' for command environment
[0.342s] DEBUG:colcon.colcon_core.event_handler.log_command:Invoking command in '/workspace/build_ws/build/h1_fullbody_controller': /usr/bin/cmake /workspace/build_ws/src/humanoid_locomotion_policy_example/h1_fullbody_controller -DCMAKE_INSTALL_PREFIX=/workspace/build_ws/install/h1_fullbody_controller
[0.342s] DEBUG:colcon.colcon_core.event_handler.log_command:Invoking command in '/workspace/build_ws/build/isaac_ros2_messages': /usr/bin/cmake /workspace/build_ws/src/isaac_ros2_messages -DCMAKE_INSTALL_PREFIX=/workspace/build_ws/install/isaac_ros2_messages
[0.444s] INFO:colcon.colcon_core.task.python.build:Building Python package in '/workspace/build_ws/src/navigation/isaac_ros_navigation_goal'
[0.444s] INFO:colcon.colcon_core.shell:Skip shell extension 'powershell' for command environment: Not usable outside of PowerShell
[0.444s] DEBUG:colcon.colcon_core.shell:Skip shell extension 'dsv' for command environment
[0.457s] DEBUG:colcon.colcon_core.event_handler.log_command:Invoking command in '/workspace/build_ws/build/isaac_tutorials': /usr/bin/cmake /workspace/build_ws/src/isaac_tutorials -DCMAKE_INSTALL_PREFIX=/workspace/build_ws/install/isaac_tutorials
[0.457s] DEBUG:colcon.colcon_core.event_handler.log_command:Invoking command in '/workspace/build_ws/build/isaacsim': /usr/bin/cmake /workspace/build_ws/src/isaacsim -DCMAKE_INSTALL_PREFIX=/workspace/build_ws/install/isaacsim
[0.463s] DEBUG:colcon.colcon_core.event_handler.log_command:Invoking command in '/workspace/build_ws/build/iw_hub_navigation': /usr/bin/cmake /workspace/build_ws/src/navigation/iw_hub_navigation -DCMAKE_INSTALL_PREFIX=/workspace/build_ws/install/iw_hub_navigation
[0.507s] DEBUG:colcon.colcon_core.event_handler.log_command:Invoked command in '/workspace/build_ws/build/carter_navigation' returned '0': /usr/bin/cmake /workspace/build_ws/src/navigation/carter_navigation -DCMAKE_INSTALL_PREFIX=/workspace/build_ws/install/carter_navigation
[0.507s] DEBUG:colcon.colcon_core.event_handler.log_command:Invoking command in '/workspace/build_ws/build/carter_navigation': /usr/bin/cmake --build /workspace/build_ws/build/carter_navigation -- -j24 -l24
[0.531s] DEBUG:colcon.colcon_core.event_handler.log_command:Invoked command in '/workspace/build_ws/build/carter_navigation' returned '0': /usr/bin/cmake --build /workspace/build_ws/build/carter_navigation -- -j24 -l24
[0.536s] DEBUG:colcon.colcon_core.event_handler.log_command:Invoking command in '/workspace/build_ws/build/carter_navigation': /usr/bin/cmake --install /workspace/build_ws/build/carter_navigation
[0.544s] Level 1:colcon.colcon_core.environment:create_environment_scripts_only(carter_navigation)
[0.544s] DEBUG:colcon.colcon_core.event_handler.log_command:Invoked command in '/workspace/build_ws/build/carter_navigation' returned '0': /usr/bin/cmake --install /workspace/build_ws/build/carter_navigation
[0.545s] Level 1:colcon.colcon_core.environment:checking '/workspace/build_ws/install/carter_navigation' for CMake module files
[0.546s] Level 1:colcon.colcon_core.environment:checking '/workspace/build_ws/install/carter_navigation' for CMake config files
[0.546s] Level 1:colcon.colcon_core.shell:create_environment_hook('carter_navigation', 'cmake_prefix_path')
[0.546s] INFO:colcon.colcon_core.shell:Creating environment hook '/workspace/build_ws/install/carter_navigation/share/carter_navigation/hook/cmake_prefix_path.ps1'
[0.546s] INFO:colcon.colcon_core.shell:Creating environment descriptor '/workspace/build_ws/install/carter_navigation/share/carter_navigation/hook/cmake_prefix_path.dsv'
[0.546s] INFO:colcon.colcon_core.shell:Creating environment hook '/workspace/build_ws/install/carter_navigation/share/carter_navigation/hook/cmake_prefix_path.sh'
[0.547s] Level 1:colcon.colcon_core.environment:checking '/workspace/build_ws/install/carter_navigation/bin'
[0.547s] Level 1:colcon.colcon_core.environment:checking '/workspace/build_ws/install/carter_navigation/lib/pkgconfig/carter_navigation.pc'
[0.547s] Level 1:colcon.colcon_core.environment:checking '/workspace/build_ws/install/carter_navigation/lib/python3.12/site-packages'
[0.547s] Level 1:colcon.colcon_core.environment:checking '/workspace/build_ws/install/carter_navigation/bin'
[0.547s] INFO:colcon.colcon_core.shell:Creating package script '/workspace/build_ws/install/carter_navigation/share/carter_navigation/package.ps1'
[0.548s] INFO:colcon.colcon_core.shell:Creating package descriptor '/workspace/build_ws/install/carter_navigation/share/carter_navigation/package.dsv'
[0.548s] INFO:colcon.colcon_core.shell:Creating package script '/workspace/build_ws/install/carter_navigation/share/carter_navigation/package.sh'
[0.548s] INFO:colcon.colcon_core.shell:Creating package script '/workspace/build_ws/install/carter_navigation/share/carter_navigation/package.bash'
[0.548s] INFO:colcon.colcon_core.shell:Creating package script '/workspace/build_ws/install/carter_navigation/share/carter_navigation/package.zsh'
[0.549s] Level 1:colcon.colcon_core.environment:create_file_with_runtime_dependencies(/workspace/build_ws/install/carter_navigation/share/colcon-core/packages/carter_navigation)
[0.549s] Level 1:colcon.colcon_core.environment:create_environment_scripts_only(carter_navigation)
[0.549s] Level 1:colcon.colcon_core.environment:checking '/workspace/build_ws/install/carter_navigation' for CMake module files
[0.549s] Level 1:colcon.colcon_core.environment:checking '/workspace/build_ws/install/carter_navigation' for CMake config files
[0.550s] Level 1:colcon.colcon_core.shell:create_environment_hook('carter_navigation', 'cmake_prefix_path')
[0.550s] INFO:colcon.colcon_core.shell:Creating environment hook '/workspace/build_ws/install/carter_navigation/share/carter_navigation/hook/cmake_prefix_path.ps1'
[0.550s] INFO:colcon.colcon_core.shell:Creating environment descriptor '/workspace/build_ws/install/carter_navigation/share/carter_navigation/hook/cmake_prefix_path.dsv'
[0.550s] INFO:colcon.colcon_core.shell:Creating environment hook '/workspace/build_ws/install/carter_navigation/share/carter_navigation/hook/cmake_prefix_path.sh'
[0.550s] Level 1:colcon.colcon_core.environment:checking '/workspace/build_ws/install/carter_navigation/bin'
[0.550s] Level 1:colcon.colcon_core.environment:checking '/workspace/build_ws/install/carter_navigation/lib/pkgconfig/carter_navigation.pc'
[0.551s] Level 1:colcon.colcon_core.environment:checking '/workspace/build_ws/install/carter_navigation/lib/python3.12/site-packages'
[0.551s] Level 1:colcon.colcon_core.environment:checking '/workspace/build_ws/install/carter_navigation/bin'
[0.551s] INFO:colcon.colcon_core.shell:Creating package script '/workspace/build_ws/install/carter_navigation/share/carter_navigation/package.ps1'
[0.551s] INFO:colcon.colcon_core.shell:Creating package descriptor '/workspace/build_ws/install/carter_navigation/share/carter_navigation/package.dsv'
[0.552s] INFO:colcon.colcon_core.shell:Creating package script '/workspace/build_ws/install/carter_navigation/share/carter_navigation/package.sh'
[0.552s] INFO:colcon.colcon_core.shell:Creating package script '/workspace/build_ws/install/carter_navigation/share/carter_navigation/package.bash'
[0.552s] INFO:colcon.colcon_core.shell:Creating package script '/workspace/build_ws/install/carter_navigation/share/carter_navigation/package.zsh'
[0.552s] Level 1:colcon.colcon_core.environment:create_file_with_runtime_dependencies(/workspace/build_ws/install/carter_navigation/share/colcon-core/packages/carter_navigation)
[0.591s] DEBUG:colcon.colcon_core.event_handler.log_command:Invoked command in '/workspace/build_ws/build/cmdvel_to_ackermann' returned '0': /usr/bin/cmake /workspace/build_ws/src/ackermann_control/cmdvel_to_ackermann -DCMAKE_INSTALL_PREFIX=/workspace/build_ws/install/cmdvel_to_ackermann
[0.591s] DEBUG:colcon.colcon_core.event_handler.log_command:Invoking command in '/workspace/build_ws/build/cmdvel_to_ackermann': /usr/bin/cmake --build /workspace/build_ws/build/cmdvel_to_ackermann -- -j24 -l24
[0.612s] DEBUG:colcon.colcon_core.event_handler.log_command:Invoked command in '/workspace/build_ws/build/cmdvel_to_ackermann' returned '0': /usr/bin/cmake --build /workspace/build_ws/build/cmdvel_to_ackermann -- -j24 -l24
[0.613s] DEBUG:colcon.colcon_core.event_handler.log_command:Invoking command in '/workspace/build_ws/build/cmdvel_to_ackermann': /usr/bin/cmake --install /workspace/build_ws/build/cmdvel_to_ackermann
[0.619s] Level 1:colcon.colcon_core.environment:create_environment_scripts_only(cmdvel_to_ackermann)
[0.619s] Level 1:colcon.colcon_core.environment:checking '/workspace/build_ws/install/cmdvel_to_ackermann' for CMake module files
[0.620s] DEBUG:colcon.colcon_core.event_handler.log_command:Invoked command in '/workspace/build_ws/build/cmdvel_to_ackermann' returned '0': /usr/bin/cmake --install /workspace/build_ws/build/cmdvel_to_ackermann
[0.620s] Level 1:colcon.colcon_core.environment:checking '/workspace/build_ws/install/cmdvel_to_ackermann' for CMake config files
[0.620s] Level 1:colcon.colcon_core.shell:create_environment_hook('cmdvel_to_ackermann', 'cmake_prefix_path')
[0.620s] INFO:colcon.colcon_core.shell:Creating environment hook '/workspace/build_ws/install/cmdvel_to_ackermann/share/cmdvel_to_ackermann/hook/cmake_prefix_path.ps1'
[0.621s] INFO:colcon.colcon_core.shell:Creating environment descriptor '/workspace/build_ws/install/cmdvel_to_ackermann/share/cmdvel_to_ackermann/hook/cmake_prefix_path.dsv'
[0.621s] INFO:colcon.colcon_core.shell:Creating environment hook '/workspace/build_ws/install/cmdvel_to_ackermann/share/cmdvel_to_ackermann/hook/cmake_prefix_path.sh'
[0.621s] Level 1:colcon.colcon_core.environment:checking '/workspace/build_ws/install/cmdvel_to_ackermann/lib'
[0.621s] Level 1:colcon.colcon_core.environment:checking '/workspace/build_ws/install/cmdvel_to_ackermann/bin'
[0.621s] Level 1:colcon.colcon_core.environment:checking '/workspace/build_ws/install/cmdvel_to_ackermann/lib/pkgconfig/cmdvel_to_ackermann.pc'
[0.621s] Level 1:colcon.colcon_core.environment:checking '/workspace/build_ws/install/cmdvel_to_ackermann/lib/python3.12/site-packages'
[0.622s] Level 1:colcon.colcon_core.environment:checking '/workspace/build_ws/install/cmdvel_to_ackermann/bin'
[0.622s] INFO:colcon.colcon_core.shell:Creating package script '/workspace/build_ws/install/cmdvel_to_ackermann/share/cmdvel_to_ackermann/package.ps1'
[0.622s] INFO:colcon.colcon_core.shell:Creating package descriptor '/workspace/build_ws/install/cmdvel_to_ackermann/share/cmdvel_to_ackermann/package.dsv'
[0.622s] INFO:colcon.colcon_core.shell:Creating package script '/workspace/build_ws/install/cmdvel_to_ackermann/share/cmdvel_to_ackermann/package.sh'
[0.623s] INFO:colcon.colcon_core.shell:Creating package script '/workspace/build_ws/install/cmdvel_to_ackermann/share/cmdvel_to_ackermann/package.bash'
[0.623s] INFO:colcon.colcon_core.shell:Creating package script '/workspace/build_ws/install/cmdvel_to_ackermann/share/cmdvel_to_ackermann/package.zsh'
[0.623s] Level 1:colcon.colcon_core.environment:create_file_with_runtime_dependencies(/workspace/build_ws/install/cmdvel_to_ackermann/share/colcon-core/packages/cmdvel_to_ackermann)
[0.623s] Level 1:colcon.colcon_core.environment:create_environment_scripts_only(cmdvel_to_ackermann)
[0.623s] Level 1:colcon.colcon_core.environment:checking '/workspace/build_ws/install/cmdvel_to_ackermann' for CMake module files
[0.624s] Level 1:colcon.colcon_core.environment:checking '/workspace/build_ws/install/cmdvel_to_ackermann' for CMake config files
[0.624s] Level 1:colcon.colcon_core.shell:create_environment_hook('cmdvel_to_ackermann', 'cmake_prefix_path')
[0.624s] INFO:colcon.colcon_core.shell:Creating environment hook '/workspace/build_ws/install/cmdvel_to_ackermann/share/cmdvel_to_ackermann/hook/cmake_prefix_path.ps1'
[0.624s] INFO:colcon.colcon_core.shell:Creating environment descriptor '/workspace/build_ws/install/cmdvel_to_ackermann/share/cmdvel_to_ackermann/hook/cmake_prefix_path.dsv'
[0.624s] INFO:colcon.colcon_core.shell:Creating environment hook '/workspace/build_ws/install/cmdvel_to_ackermann/share/cmdvel_to_ackermann/hook/cmake_prefix_path.sh'
[0.625s] Level 1:colcon.colcon_core.environment:checking '/workspace/build_ws/install/cmdvel_to_ackermann/lib'
[0.625s] Level 1:colcon.colcon_core.environment:checking '/workspace/build_ws/install/cmdvel_to_ackermann/bin'
[0.625s] Level 1:colcon.colcon_core.environment:checking '/workspace/build_ws/install/cmdvel_to_ackermann/lib/pkgconfig/cmdvel_to_ackermann.pc'
[0.625s] Level 1:colcon.colcon_core.environment:checking '/workspace/build_ws/install/cmdvel_to_ackermann/lib/python3.12/site-packages'
[0.625s] Level 1:colcon.colcon_core.environment:checking '/workspace/build_ws/install/cmdvel_to_ackermann/bin'
[0.625s] INFO:colcon.colcon_core.shell:Creating package script '/workspace/build_ws/install/cmdvel_to_ackermann/share/cmdvel_to_ackermann/package.ps1'
[0.625s] INFO:colcon.colcon_core.shell:Creating package descriptor '/workspace/build_ws/install/cmdvel_to_ackermann/share/cmdvel_to_ackermann/package.dsv'
[0.626s] INFO:colcon.colcon_core.shell:Creating package script '/workspace/build_ws/install/cmdvel_to_ackermann/share/cmdvel_to_ackermann/package.sh'
[0.626s] INFO:colcon.colcon_core.shell:Creating package script '/workspace/build_ws/install/cmdvel_to_ackermann/share/cmdvel_to_ackermann/package.bash'
[0.626s] INFO:colcon.colcon_core.shell:Creating package script '/workspace/build_ws/install/cmdvel_to_ackermann/share/cmdvel_to_ackermann/package.zsh'
[0.626s] Level 1:colcon.colcon_core.environment:create_file_with_runtime_dependencies(/workspace/build_ws/install/cmdvel_to_ackermann/share/colcon-core/packages/cmdvel_to_ackermann)
[0.630s] DEBUG:colcon.colcon_core.event_handler.log_command:Invoking command in '/workspace/build_ws/src/navigation/isaac_ros_navigation_goal': PYTHONPATH=/workspace/build_ws/build/isaac_ros_navigation_goal/prefix_override:/usr/lib/python3/dist-packages/colcon_core/task/python/colcon_distutils_commands:/workspace/build_ws/install/isaac_ros_navigation_goal/lib/python3.12/site-packages:${PYTHONPATH} /usr/bin/python3 -W ignore:setup.py install is deprecated -W ignore:easy_install command is deprecated setup.py egg_info --egg-base ../../../build/isaac_ros_navigation_goal build --build-base /workspace/build_ws/build/isaac_ros_navigation_goal/build install --record /workspace/build_ws/build/isaac_ros_navigation_goal/install.log --single-version-externally-managed install_data
[0.631s] DEBUG:colcon.colcon_core.event_handler.log_command:Invoking command in '/workspace/build_ws/src/es165_moveit_moveit_config': PYTHONPATH=/workspace/build_ws/build/es165_moveit_moveit_config/prefix_override:/usr/lib/python3/dist-packages/colcon_core/task/python/colcon_distutils_commands:/workspace/build_ws/install/es165_moveit_moveit_config/lib/python3.12/site-packages:${PYTHONPATH} /usr/bin/python3 -W ignore:setup.py install is deprecated -W ignore:easy_install command is deprecated setup.py egg_info --egg-base ../../build/es165_moveit_moveit_config build --build-base /workspace/build_ws/build/es165_moveit_moveit_config/build install --record /workspace/build_ws/build/es165_moveit_moveit_config/install.log --single-version-externally-managed install_data
[0.636s] DEBUG:colcon.colcon_core.event_handler.log_command:Invoking command in '/workspace/build_ws/src/es165_moveit': PYTHONPATH=/workspace/build_ws/build/es165_moveit/prefix_override:/usr/lib/python3/dist-packages/colcon_core/task/python/colcon_distutils_commands:/workspace/build_ws/install/es165_moveit/lib/python3.12/site-packages:${PYTHONPATH} /usr/bin/python3 -W ignore:setup.py install is deprecated -W ignore:easy_install command is deprecated setup.py egg_info --egg-base ../../build/es165_moveit build --build-base /workspace/build_ws/build/es165_moveit/build install --record /workspace/build_ws/build/es165_moveit/install.log --single-version-externally-managed install_data
[0.789s] DEBUG:colcon.colcon_core.event_handler.log_command:Invoked command in '/workspace/build_ws/build/h1_fullbody_controller' returned '0': /usr/bin/cmake /workspace/build_ws/src/humanoid_locomotion_policy_example/h1_fullbody_controller -DCMAKE_INSTALL_PREFIX=/workspace/build_ws/install/h1_fullbody_controller
[0.791s] DEBUG:colcon.colcon_core.event_handler.log_command:Invoking command in '/workspace/build_ws/build/h1_fullbody_controller': /usr/bin/cmake --build /workspace/build_ws/build/h1_fullbody_controller -- -j24 -l24
[0.794s] Level 1:colcon.colcon_core.environment:checking '/workspace/build_ws/install/es165_moveit_moveit_config' for CMake module files
[0.794s] DEBUG:colcon.colcon_core.event_handler.log_command:Invoked command in '/workspace/build_ws/src/es165_moveit_moveit_config' returned '0': PYTHONPATH=/workspace/build_ws/build/es165_moveit_moveit_config/prefix_override:/usr/lib/python3/dist-packages/colcon_core/task/python/colcon_distutils_commands:/workspace/build_ws/install/es165_moveit_moveit_config/lib/python3.12/site-packages:${PYTHONPATH} /usr/bin/python3 -W ignore:setup.py install is deprecated -W ignore:easy_install command is deprecated setup.py egg_info --egg-base ../../build/es165_moveit_moveit_config build --build-base /workspace/build_ws/build/es165_moveit_moveit_config/build install --record /workspace/build_ws/build/es165_moveit_moveit_config/install.log --single-version-externally-managed install_data
[0.794s] Level 1:colcon.colcon_core.environment:checking '/workspace/build_ws/install/es165_moveit_moveit_config' for CMake config files
[0.795s] Level 1:colcon.colcon_core.environment:checking '/workspace/build_ws/install/es165_moveit_moveit_config/lib'
[0.795s] Level 1:colcon.colcon_core.environment:checking '/workspace/build_ws/install/es165_moveit_moveit_config/bin'
[0.795s] Level 1:colcon.colcon_core.environment:checking '/workspace/build_ws/install/es165_moveit_moveit_config/lib/pkgconfig/es165_moveit_moveit_config.pc'
[0.795s] Level 1:colcon.colcon_core.environment:checking '/workspace/build_ws/install/es165_moveit_moveit_config/lib/python3.12/site-packages'
[0.795s] Level 1:colcon.colcon_core.shell:create_environment_hook('es165_moveit_moveit_config', 'pythonpath')
[0.795s] INFO:colcon.colcon_core.shell:Creating environment hook '/workspace/build_ws/install/es165_moveit_moveit_config/share/es165_moveit_moveit_config/hook/pythonpath.ps1'
[0.795s] INFO:colcon.colcon_core.shell:Creating environment descriptor '/workspace/build_ws/install/es165_moveit_moveit_config/share/es165_moveit_moveit_config/hook/pythonpath.dsv'
[0.795s] INFO:colcon.colcon_core.shell:Creating environment hook '/workspace/build_ws/install/es165_moveit_moveit_config/share/es165_moveit_moveit_config/hook/pythonpath.sh'
[0.796s] Level 1:colcon.colcon_core.environment:checking '/workspace/build_ws/install/es165_moveit_moveit_config/bin'
[0.796s] Level 1:colcon.colcon_core.environment:create_environment_scripts_only(es165_moveit_moveit_config)
[0.796s] INFO:colcon.colcon_core.shell:Creating package script '/workspace/build_ws/install/es165_moveit_moveit_config/share/es165_moveit_moveit_config/package.ps1'
[0.796s] INFO:colcon.colcon_core.shell:Creating package descriptor '/workspace/build_ws/install/es165_moveit_moveit_config/share/es165_moveit_moveit_config/package.dsv'
[0.796s] INFO:colcon.colcon_core.shell:Creating package script '/workspace/build_ws/install/es165_moveit_moveit_config/share/es165_moveit_moveit_config/package.sh'
[0.796s] INFO:colcon.colcon_core.shell:Creating package script '/workspace/build_ws/install/es165_moveit_moveit_config/share/es165_moveit_moveit_config/package.bash'
[0.796s] INFO:colcon.colcon_core.shell:Creating package script '/workspace/build_ws/install/es165_moveit_moveit_config/share/es165_moveit_moveit_config/package.zsh'
[0.796s] Level 1:colcon.colcon_core.environment:create_file_with_runtime_dependencies(/workspace/build_ws/install/es165_moveit_moveit_config/share/colcon-core/packages/es165_moveit_moveit_config)
[0.799s] Level 1:colcon.colcon_core.environment:checking '/workspace/build_ws/install/isaac_ros_navigation_goal' for CMake module files
[0.799s] DEBUG:colcon.colcon_core.event_handler.log_command:Invoked command in '/workspace/build_ws/src/navigation/isaac_ros_navigation_goal' returned '0': PYTHONPATH=/workspace/build_ws/build/isaac_ros_navigation_goal/prefix_override:/usr/lib/python3/dist-packages/colcon_core/task/python/colcon_distutils_commands:/workspace/build_ws/install/isaac_ros_navigation_goal/lib/python3.12/site-packages:${PYTHONPATH} /usr/bin/python3 -W ignore:setup.py install is deprecated -W ignore:easy_install command is deprecated setup.py egg_info --egg-base ../../../build/isaac_ros_navigation_goal build --build-base /workspace/build_ws/build/isaac_ros_navigation_goal/build install --record /workspace/build_ws/build/isaac_ros_navigation_goal/install.log --single-version-externally-managed install_data
[0.799s] Level 1:colcon.colcon_core.environment:checking '/workspace/build_ws/install/isaac_ros_navigation_goal' for CMake config files
[0.799s] Level 1:colcon.colcon_core.environment:checking '/workspace/build_ws/install/isaac_ros_navigation_goal/lib'
[0.799s] Level 1:colcon.colcon_core.environment:checking '/workspace/build_ws/install/isaac_ros_navigation_goal/bin'
[0.799s] Level 1:colcon.colcon_core.environment:checking '/workspace/build_ws/install/isaac_ros_navigation_goal/lib/pkgconfig/isaac_ros_navigation_goal.pc'
[0.800s] Level 1:colcon.colcon_core.environment:checking '/workspace/build_ws/install/isaac_ros_navigation_goal/lib/python3.12/site-packages'
[0.800s] Level 1:colcon.colcon_core.shell:create_environment_hook('isaac_ros_navigation_goal', 'pythonpath')
[0.800s] INFO:colcon.colcon_core.shell:Creating environment hook '/workspace/build_ws/install/isaac_ros_navigation_goal/share/isaac_ros_navigation_goal/hook/pythonpath.ps1'
[0.800s] INFO:colcon.colcon_core.shell:Creating environment descriptor '/workspace/build_ws/install/isaac_ros_navigation_goal/share/isaac_ros_navigation_goal/hook/pythonpath.dsv'
[0.800s] INFO:colcon.colcon_core.shell:Creating environment hook '/workspace/build_ws/install/isaac_ros_navigation_goal/share/isaac_ros_navigation_goal/hook/pythonpath.sh'
[0.800s] Level 1:colcon.colcon_core.environment:checking '/workspace/build_ws/install/isaac_ros_navigation_goal/bin'
[0.800s] Level 1:colcon.colcon_core.environment:create_environment_scripts_only(isaac_ros_navigation_goal)
[0.800s] INFO:colcon.colcon_core.shell:Creating package script '/workspace/build_ws/install/isaac_ros_navigation_goal/share/isaac_ros_navigation_goal/package.ps1'
[0.800s] INFO:colcon.colcon_core.shell:Creating package descriptor '/workspace/build_ws/install/isaac_ros_navigation_goal/share/isaac_ros_navigation_goal/package.dsv'
[0.801s] INFO:colcon.colcon_core.shell:Creating package script '/workspace/build_ws/install/isaac_ros_navigation_goal/share/isaac_ros_navigation_goal/package.sh'
[0.801s] INFO:colcon.colcon_core.shell:Creating package script '/workspace/build_ws/install/isaac_ros_navigation_goal/share/isaac_ros_navigation_goal/package.bash'
[0.801s] INFO:colcon.colcon_core.shell:Creating package script '/workspace/build_ws/install/isaac_ros_navigation_goal/share/isaac_ros_navigation_goal/package.zsh'
[0.801s] Level 1:colcon.colcon_core.environment:create_file_with_runtime_dependencies(/workspace/build_ws/install/isaac_ros_navigation_goal/share/colcon-core/packages/isaac_ros_navigation_goal)
[0.814s] DEBUG:colcon.colcon_core.event_handler.log_command:Invoked command in '/workspace/build_ws/build/h1_fullbody_controller' returned '0': /usr/bin/cmake --build /workspace/build_ws/build/h1_fullbody_controller -- -j24 -l24
[0.814s] DEBUG:colcon.colcon_core.event_handler.log_command:Invoking command in '/workspace/build_ws/build/h1_fullbody_controller': /usr/bin/cmake --install /workspace/build_ws/build/h1_fullbody_controller
[0.817s] Level 1:colcon.colcon_core.environment:checking '/workspace/build_ws/install/es165_moveit' for CMake module files
[0.818s] DEBUG:colcon.colcon_core.event_handler.log_command:Invoked command in '/workspace/build_ws/src/es165_moveit' returned '0': PYTHONPATH=/workspace/build_ws/build/es165_moveit/prefix_override:/usr/lib/python3/dist-packages/colcon_core/task/python/colcon_distutils_commands:/workspace/build_ws/install/es165_moveit/lib/python3.12/site-packages:${PYTHONPATH} /usr/bin/python3 -W ignore:setup.py install is deprecated -W ignore:easy_install command is deprecated setup.py egg_info --egg-base ../../build/es165_moveit build --build-base /workspace/build_ws/build/es165_moveit/build install --record /workspace/build_ws/build/es165_moveit/install.log --single-version-externally-managed install_data
[0.818s] Level 1:colcon.colcon_core.environment:checking '/workspace/build_ws/install/es165_moveit' for CMake config files
[0.818s] Level 1:colcon.colcon_core.environment:checking '/workspace/build_ws/install/es165_moveit/lib'
[0.818s] Level 1:colcon.colcon_core.environment:checking '/workspace/build_ws/install/es165_moveit/bin'
[0.818s] Level 1:colcon.colcon_core.environment:checking '/workspace/build_ws/install/es165_moveit/lib/pkgconfig/es165_moveit.pc'
[0.819s] Level 1:colcon.colcon_core.environment:checking '/workspace/build_ws/install/es165_moveit/lib/python3.12/site-packages'
[0.819s] Level 1:colcon.colcon_core.shell:create_environment_hook('es165_moveit', 'pythonpath')
[0.819s] INFO:colcon.colcon_core.shell:Creating environment hook '/workspace/build_ws/install/es165_moveit/share/es165_moveit/hook/pythonpath.ps1'
[0.819s] INFO:colcon.colcon_core.shell:Creating environment descriptor '/workspace/build_ws/install/es165_moveit/share/es165_moveit/hook/pythonpath.dsv'
[0.819s] INFO:colcon.colcon_core.shell:Creating environment hook '/workspace/build_ws/install/es165_moveit/share/es165_moveit/hook/pythonpath.sh'
[0.820s] Level 1:colcon.colcon_core.environment:checking '/workspace/build_ws/install/es165_moveit/bin'
[0.820s] Level 1:colcon.colcon_core.environment:create_environment_scripts_only(es165_moveit)
[0.820s] INFO:colcon.colcon_core.shell:Creating package script '/workspace/build_ws/install/es165_moveit/share/es165_moveit/package.ps1'
[0.820s] INFO:colcon.colcon_core.shell:Creating package descriptor '/workspace/build_ws/install/es165_moveit/share/es165_moveit/package.dsv'
[0.820s] INFO:colcon.colcon_core.shell:Creating package script '/workspace/build_ws/install/es165_moveit/share/es165_moveit/package.sh'
[0.821s] INFO:colcon.colcon_core.shell:Creating package script '/workspace/build_ws/install/es165_moveit/share/es165_moveit/package.bash'
[0.821s] INFO:colcon.colcon_core.shell:Creating package script '/workspace/build_ws/install/es165_moveit/share/es165_moveit/package.zsh'
[0.821s] Level 1:colcon.colcon_core.environment:create_file_with_runtime_dependencies(/workspace/build_ws/install/es165_moveit/share/colcon-core/packages/es165_moveit)
[0.821s] Level 1:colcon.colcon_core.environment:create_environment_scripts_only(h1_fullbody_controller)
[0.821s] Level 1:colcon.colcon_core.environment:checking '/workspace/build_ws/install/h1_fullbody_controller' for CMake module files
[0.823s] DEBUG:colcon.colcon_core.event_handler.log_command:Invoked command in '/workspace/build_ws/build/h1_fullbody_controller' returned '0': /usr/bin/cmake --install /workspace/build_ws/build/h1_fullbody_controller
[0.823s] Level 1:colcon.colcon_core.environment:checking '/workspace/build_ws/install/h1_fullbody_controller' for CMake config files
[0.823s] Level 1:colcon.colcon_core.shell:create_environment_hook('h1_fullbody_controller', 'cmake_prefix_path')
[0.823s] INFO:colcon.colcon_core.shell:Creating environment hook '/workspace/build_ws/install/h1_fullbody_controller/share/h1_fullbody_controller/hook/cmake_prefix_path.ps1'
[0.823s] INFO:colcon.colcon_core.shell:Creating environment descriptor '/workspace/build_ws/install/h1_fullbody_controller/share/h1_fullbody_controller/hook/cmake_prefix_path.dsv'
[0.823s] INFO:colcon.colcon_core.shell:Creating environment hook '/workspace/build_ws/install/h1_fullbody_controller/share/h1_fullbody_controller/hook/cmake_prefix_path.sh'
[0.824s] Level 1:colcon.colcon_core.environment:checking '/workspace/build_ws/install/h1_fullbody_controller/lib'
[0.824s] Level 1:colcon.colcon_core.environment:checking '/workspace/build_ws/install/h1_fullbody_controller/bin'
[0.824s] Level 1:colcon.colcon_core.environment:checking '/workspace/build_ws/install/h1_fullbody_controller/lib/pkgconfig/h1_fullbody_controller.pc'
[0.824s] Level 1:colcon.colcon_core.environment:checking '/workspace/build_ws/install/h1_fullbody_controller/lib/python3.12/site-packages'
[0.824s] Level 1:colcon.colcon_core.environment:checking '/workspace/build_ws/install/h1_fullbody_controller/bin'
[0.824s] INFO:colcon.colcon_core.shell:Creating package script '/workspace/build_ws/install/h1_fullbody_controller/share/h1_fullbody_controller/package.ps1'
[0.825s] INFO:colcon.colcon_core.shell:Creating package descriptor '/workspace/build_ws/install/h1_fullbody_controller/share/h1_fullbody_controller/package.dsv'
[0.825s] INFO:colcon.colcon_core.shell:Creating package script '/workspace/build_ws/install/h1_fullbody_controller/share/h1_fullbody_controller/package.sh'
[0.825s] INFO:colcon.colcon_core.shell:Creating package script '/workspace/build_ws/install/h1_fullbody_controller/share/h1_fullbody_controller/package.bash'
[0.825s] INFO:colcon.colcon_core.shell:Creating package script '/workspace/build_ws/install/h1_fullbody_controller/share/h1_fullbody_controller/package.zsh'
[0.825s] Level 1:colcon.colcon_core.environment:create_file_with_runtime_dependencies(/workspace/build_ws/install/h1_fullbody_controller/share/colcon-core/packages/h1_fullbody_controller)
[0.826s] Level 1:colcon.colcon_core.environment:create_environment_scripts_only(h1_fullbody_controller)
[0.826s] Level 1:colcon.colcon_core.environment:checking '/workspace/build_ws/install/h1_fullbody_controller' for CMake module files
[0.826s] Level 1:colcon.colcon_core.environment:checking '/workspace/build_ws/install/h1_fullbody_controller' for CMake config files
[0.826s] Level 1:colcon.colcon_core.shell:create_environment_hook('h1_fullbody_controller', 'cmake_prefix_path')
[0.826s] INFO:colcon.colcon_core.shell:Creating environment hook '/workspace/build_ws/install/h1_fullbody_controller/share/h1_fullbody_controller/hook/cmake_prefix_path.ps1'
[0.826s] INFO:colcon.colcon_core.shell:Creating environment descriptor '/workspace/build_ws/install/h1_fullbody_controller/share/h1_fullbody_controller/hook/cmake_prefix_path.dsv'
[0.827s] INFO:colcon.colcon_core.shell:Creating environment hook '/workspace/build_ws/install/h1_fullbody_controller/share/h1_fullbody_controller/hook/cmake_prefix_path.sh'
[0.827s] Level 1:colcon.colcon_core.environment:checking '/workspace/build_ws/install/h1_fullbody_controller/lib'
[0.827s] Level 1:colcon.colcon_core.environment:checking '/workspace/build_ws/install/h1_fullbody_controller/bin'
[0.827s] Level 1:colcon.colcon_core.environment:checking '/workspace/build_ws/install/h1_fullbody_controller/lib/pkgconfig/h1_fullbody_controller.pc'
[0.827s] Level 1:colcon.colcon_core.environment:checking '/workspace/build_ws/install/h1_fullbody_controller/lib/python3.12/site-packages'
[0.827s] Level 1:colcon.colcon_core.environment:checking '/workspace/build_ws/install/h1_fullbody_controller/bin'
[0.827s] INFO:colcon.colcon_core.shell:Creating package script '/workspace/build_ws/install/h1_fullbody_controller/share/h1_fullbody_controller/package.ps1'
[0.828s] INFO:colcon.colcon_core.shell:Creating package descriptor '/workspace/build_ws/install/h1_fullbody_controller/share/h1_fullbody_controller/package.dsv'
[0.828s] INFO:colcon.colcon_core.shell:Creating package script '/workspace/build_ws/install/h1_fullbody_controller/share/h1_fullbody_controller/package.sh'
[0.828s] INFO:colcon.colcon_core.shell:Creating package script '/workspace/build_ws/install/h1_fullbody_controller/share/h1_fullbody_controller/package.bash'
[0.828s] INFO:colcon.colcon_core.shell:Creating package script '/workspace/build_ws/install/h1_fullbody_controller/share/h1_fullbody_controller/package.zsh'
[0.828s] Level 1:colcon.colcon_core.environment:create_file_with_runtime_dependencies(/workspace/build_ws/install/h1_fullbody_controller/share/colcon-core/packages/h1_fullbody_controller)
[0.833s] DEBUG:colcon.colcon_core.event_handler.log_command:Invoked command in '/workspace/build_ws/build/isaacsim' returned '0': /usr/bin/cmake /workspace/build_ws/src/isaacsim -DCMAKE_INSTALL_PREFIX=/workspace/build_ws/install/isaacsim
[0.834s] DEBUG:colcon.colcon_core.event_handler.log_command:Invoking command in '/workspace/build_ws/build/isaacsim': /usr/bin/cmake --build /workspace/build_ws/build/isaacsim -- -j24 -l24
[0.835s] DEBUG:colcon.colcon_core.event_handler.log_command:Invoked command in '/workspace/build_ws/build/isaac_tutorials' returned '0': /usr/bin/cmake /workspace/build_ws/src/isaac_tutorials -DCMAKE_INSTALL_PREFIX=/workspace/build_ws/install/isaac_tutorials
[0.835s] DEBUG:colcon.colcon_core.event_handler.log_command:Invoking command in '/workspace/build_ws/build/isaac_tutorials': /usr/bin/cmake --build /workspace/build_ws/build/isaac_tutorials -- -j24 -l24
[0.836s] DEBUG:colcon.colcon_core.event_handler.log_command:Invoked command in '/workspace/build_ws/build/iw_hub_navigation' returned '0': /usr/bin/cmake /workspace/build_ws/src/navigation/iw_hub_navigation -DCMAKE_INSTALL_PREFIX=/workspace/build_ws/install/iw_hub_navigation
[0.836s] DEBUG:colcon.colcon_core.event_handler.log_command:Invoking command in '/workspace/build_ws/build/iw_hub_navigation': /usr/bin/cmake --build /workspace/build_ws/build/iw_hub_navigation -- -j24 -l24
[0.852s] DEBUG:colcon.colcon_core.event_handler.log_command:Invoked command in '/workspace/build_ws/build/isaacsim' returned '0': /usr/bin/cmake --build /workspace/build_ws/build/isaacsim -- -j24 -l24
[0.853s] DEBUG:colcon.colcon_core.event_handler.log_command:Invoking command in '/workspace/build_ws/build/isaacsim': /usr/bin/cmake --install /workspace/build_ws/build/isaacsim
[0.854s] DEBUG:colcon.colcon_core.event_handler.log_command:Invoked command in '/workspace/build_ws/build/iw_hub_navigation' returned '0': /usr/bin/cmake --build /workspace/build_ws/build/iw_hub_navigation -- -j24 -l24
[0.854s] DEBUG:colcon.colcon_core.event_handler.log_command:Invoking command in '/workspace/build_ws/build/iw_hub_navigation': /usr/bin/cmake --install /workspace/build_ws/build/iw_hub_navigation
[0.854s] DEBUG:colcon.colcon_core.event_handler.log_command:Invoked command in '/workspace/build_ws/build/isaac_tutorials' returned '0': /usr/bin/cmake --build /workspace/build_ws/build/isaac_tutorials -- -j24 -l24
[0.854s] DEBUG:colcon.colcon_core.event_handler.log_command:Invoking command in '/workspace/build_ws/build/isaac_tutorials': /usr/bin/cmake --install /workspace/build_ws/build/isaac_tutorials
[0.859s] Level 1:colcon.colcon_core.environment:create_environment_scripts_only(isaacsim)
[0.859s] Level 1:colcon.colcon_core.environment:checking '/workspace/build_ws/install/isaacsim' for CMake module files
[0.860s] DEBUG:colcon.colcon_core.event_handler.log_command:Invoked command in '/workspace/build_ws/build/isaacsim' returned '0': /usr/bin/cmake --install /workspace/build_ws/build/isaacsim
[0.860s] Level 1:colcon.colcon_core.environment:checking '/workspace/build_ws/install/isaacsim' for CMake config files
[0.861s] Level 1:colcon.colcon_core.shell:create_environment_hook('isaacsim', 'cmake_prefix_path')
[0.861s] INFO:colcon.colcon_core.shell:Creating environment hook '/workspace/build_ws/install/isaacsim/share/isaacsim/hook/cmake_prefix_path.ps1'
[0.861s] INFO:colcon.colcon_core.shell:Creating environment descriptor '/workspace/build_ws/install/isaacsim/share/isaacsim/hook/cmake_prefix_path.dsv'
[0.861s] INFO:colcon.colcon_core.shell:Creating environment hook '/workspace/build_ws/install/isaacsim/share/isaacsim/hook/cmake_prefix_path.sh'
[0.861s] Level 1:colcon.colcon_core.environment:checking '/workspace/build_ws/install/isaacsim/lib'
[0.862s] Level 1:colcon.colcon_core.environment:checking '/workspace/build_ws/install/isaacsim/bin'
[0.862s] Level 1:colcon.colcon_core.environment:checking '/workspace/build_ws/install/isaacsim/lib/pkgconfig/isaacsim.pc'
[0.862s] Level 1:colcon.colcon_core.environment:checking '/workspace/build_ws/install/isaacsim/lib/python3.12/site-packages'
[0.862s] Level 1:colcon.colcon_core.environment:checking '/workspace/build_ws/install/isaacsim/bin'
[0.862s] INFO:colcon.colcon_core.shell:Creating package script '/workspace/build_ws/install/isaacsim/share/isaacsim/package.ps1'
[0.862s] INFO:colcon.colcon_core.shell:Creating package descriptor '/workspace/build_ws/install/isaacsim/share/isaacsim/package.dsv'
[0.862s] INFO:colcon.colcon_core.shell:Creating package script '/workspace/build_ws/install/isaacsim/share/isaacsim/package.sh'
[0.863s] INFO:colcon.colcon_core.shell:Creating package script '/workspace/build_ws/install/isaacsim/share/isaacsim/package.bash'
[0.863s] INFO:colcon.colcon_core.shell:Creating package script '/workspace/build_ws/install/isaacsim/share/isaacsim/package.zsh'
[0.863s] Level 1:colcon.colcon_core.environment:create_file_with_runtime_dependencies(/workspace/build_ws/install/isaacsim/share/colcon-core/packages/isaacsim)
[0.863s] Level 1:colcon.colcon_core.environment:create_environment_scripts_only(isaacsim)
[0.863s] Level 1:colcon.colcon_core.environment:checking '/workspace/build_ws/install/isaacsim' for CMake module files
[0.864s] Level 1:colcon.colcon_core.environment:checking '/workspace/build_ws/install/isaacsim' for CMake config files
[0.864s] Level 1:colcon.colcon_core.shell:create_environment_hook('isaacsim', 'cmake_prefix_path')
[0.864s] INFO:colcon.colcon_core.shell:Creating environment hook '/workspace/build_ws/install/isaacsim/share/isaacsim/hook/cmake_prefix_path.ps1'
[0.864s] INFO:colcon.colcon_core.shell:Creating environment descriptor '/workspace/build_ws/install/isaacsim/share/isaacsim/hook/cmake_prefix_path.dsv'
[0.864s] INFO:colcon.colcon_core.shell:Creating environment hook '/workspace/build_ws/install/isaacsim/share/isaacsim/hook/cmake_prefix_path.sh'
[0.865s] Level 1:colcon.colcon_core.environment:checking '/workspace/build_ws/install/isaacsim/lib'
[0.865s] Level 1:colcon.colcon_core.environment:checking '/workspace/build_ws/install/isaacsim/bin'
[0.865s] Level 1:colcon.colcon_core.environment:checking '/workspace/build_ws/install/isaacsim/lib/pkgconfig/isaacsim.pc'
[0.865s] Level 1:colcon.colcon_core.environment:checking '/workspace/build_ws/install/isaacsim/lib/python3.12/site-packages'
[0.865s] Level 1:colcon.colcon_core.environment:checking '/workspace/build_ws/install/isaacsim/bin'
[0.865s] INFO:colcon.colcon_core.shell:Creating package script '/workspace/build_ws/install/isaacsim/share/isaacsim/package.ps1'
[0.865s] INFO:colcon.colcon_core.shell:Creating package descriptor '/workspace/build_ws/install/isaacsim/share/isaacsim/package.dsv'
[0.866s] INFO:colcon.colcon_core.shell:Creating package script '/workspace/build_ws/install/isaacsim/share/isaacsim/package.sh'
[0.866s] INFO:colcon.colcon_core.shell:Creating package script '/workspace/build_ws/install/isaacsim/share/isaacsim/package.bash'
[0.866s] INFO:colcon.colcon_core.shell:Creating package script '/workspace/build_ws/install/isaacsim/share/isaacsim/package.zsh'
[0.866s] Level 1:colcon.colcon_core.environment:create_file_with_runtime_dependencies(/workspace/build_ws/install/isaacsim/share/colcon-core/packages/isaacsim)
[0.867s] Level 1:colcon.colcon_core.environment:create_environment_scripts_only(isaac_tutorials)
[0.867s] DEBUG:colcon.colcon_core.event_handler.log_command:Invoked command in '/workspace/build_ws/build/isaac_tutorials' returned '0': /usr/bin/cmake --install /workspace/build_ws/build/isaac_tutorials
[0.867s] Level 1:colcon.colcon_core.environment:checking '/workspace/build_ws/install/isaac_tutorials' for CMake module files
[0.867s] Level 1:colcon.colcon_core.environment:checking '/workspace/build_ws/install/isaac_tutorials' for CMake config files
[0.868s] Level 1:colcon.colcon_core.shell:create_environment_hook('isaac_tutorials', 'cmake_prefix_path')
[0.868s] INFO:colcon.colcon_core.shell:Creating environment hook '/workspace/build_ws/install/isaac_tutorials/share/isaac_tutorials/hook/cmake_prefix_path.ps1'
[0.868s] INFO:colcon.colcon_core.shell:Creating environment descriptor '/workspace/build_ws/install/isaac_tutorials/share/isaac_tutorials/hook/cmake_prefix_path.dsv'
[0.868s] INFO:colcon.colcon_core.shell:Creating environment hook '/workspace/build_ws/install/isaac_tutorials/share/isaac_tutorials/hook/cmake_prefix_path.sh'
[0.868s] Level 1:colcon.colcon_core.environment:checking '/workspace/build_ws/install/isaac_tutorials/lib'
[0.868s] Level 1:colcon.colcon_core.environment:checking '/workspace/build_ws/install/isaac_tutorials/bin'
[0.868s] Level 1:colcon.colcon_core.environment:checking '/workspace/build_ws/install/isaac_tutorials/lib/pkgconfig/isaac_tutorials.pc'
[0.868s] Level 1:colcon.colcon_core.environment:checking '/workspace/build_ws/install/isaac_tutorials/lib/python3.12/site-packages'
[0.869s] Level 1:colcon.colcon_core.environment:checking '/workspace/build_ws/install/isaac_tutorials/bin'
[0.869s] INFO:colcon.colcon_core.shell:Creating package script '/workspace/build_ws/install/isaac_tutorials/share/isaac_tutorials/package.ps1'
[0.869s] INFO:colcon.colcon_core.shell:Creating package descriptor '/workspace/build_ws/install/isaac_tutorials/share/isaac_tutorials/package.dsv'
[0.869s] INFO:colcon.colcon_core.shell:Creating package script '/workspace/build_ws/install/isaac_tutorials/share/isaac_tutorials/package.sh'
[0.869s] INFO:colcon.colcon_core.shell:Creating package script '/workspace/build_ws/install/isaac_tutorials/share/isaac_tutorials/package.bash'
[0.869s] INFO:colcon.colcon_core.shell:Creating package script '/workspace/build_ws/install/isaac_tutorials/share/isaac_tutorials/package.zsh'
[0.870s] Level 1:colcon.colcon_core.environment:create_file_with_runtime_dependencies(/workspace/build_ws/install/isaac_tutorials/share/colcon-core/packages/isaac_tutorials)
[0.870s] Level 1:colcon.colcon_core.environment:create_environment_scripts_only(isaac_tutorials)
[0.870s] Level 1:colcon.colcon_core.environment:checking '/workspace/build_ws/install/isaac_tutorials' for CMake module files
[0.870s] Level 1:colcon.colcon_core.environment:checking '/workspace/build_ws/install/isaac_tutorials' for CMake config files
[0.870s] Level 1:colcon.colcon_core.shell:create_environment_hook('isaac_tutorials', 'cmake_prefix_path')
[0.870s] INFO:colcon.colcon_core.shell:Creating environment hook '/workspace/build_ws/install/isaac_tutorials/share/isaac_tutorials/hook/cmake_prefix_path.ps1'
[0.871s] INFO:colcon.colcon_core.shell:Creating environment descriptor '/workspace/build_ws/install/isaac_tutorials/share/isaac_tutorials/hook/cmake_prefix_path.dsv'
[0.871s] INFO:colcon.colcon_core.shell:Creating environment hook '/workspace/build_ws/install/isaac_tutorials/share/isaac_tutorials/hook/cmake_prefix_path.sh'
[0.871s] Level 1:colcon.colcon_core.environment:checking '/workspace/build_ws/install/isaac_tutorials/lib'
[0.871s] Level 1:colcon.colcon_core.environment:checking '/workspace/build_ws/install/isaac_tutorials/bin'
[0.871s] Level 1:colcon.colcon_core.environment:checking '/workspace/build_ws/install/isaac_tutorials/lib/pkgconfig/isaac_tutorials.pc'
[0.871s] Level 1:colcon.colcon_core.environment:checking '/workspace/build_ws/install/isaac_tutorials/lib/python3.12/site-packages'
[0.871s] Level 1:colcon.colcon_core.environment:checking '/workspace/build_ws/install/isaac_tutorials/bin'
[0.871s] INFO:colcon.colcon_core.shell:Creating package script '/workspace/build_ws/install/isaac_tutorials/share/isaac_tutorials/package.ps1'
[0.872s] INFO:colcon.colcon_core.shell:Creating package descriptor '/workspace/build_ws/install/isaac_tutorials/share/isaac_tutorials/package.dsv'
[0.872s] INFO:colcon.colcon_core.shell:Creating package script '/workspace/build_ws/install/isaac_tutorials/share/isaac_tutorials/package.sh'
[0.872s] INFO:colcon.colcon_core.shell:Creating package script '/workspace/build_ws/install/isaac_tutorials/share/isaac_tutorials/package.bash'
[0.872s] INFO:colcon.colcon_core.shell:Creating package script '/workspace/build_ws/install/isaac_tutorials/share/isaac_tutorials/package.zsh'
[0.872s] Level 1:colcon.colcon_core.environment:create_file_with_runtime_dependencies(/workspace/build_ws/install/isaac_tutorials/share/colcon-core/packages/isaac_tutorials)
[0.872s] Level 1:colcon.colcon_core.environment:create_environment_scripts_only(iw_hub_navigation)
[0.872s] Level 1:colcon.colcon_core.environment:checking '/workspace/build_ws/install/iw_hub_navigation' for CMake module files
[0.873s] DEBUG:colcon.colcon_core.event_handler.log_command:Invoked command in '/workspace/build_ws/build/iw_hub_navigation' returned '0': /usr/bin/cmake --install /workspace/build_ws/build/iw_hub_navigation
[0.873s] Level 1:colcon.colcon_core.environment:checking '/workspace/build_ws/install/iw_hub_navigation' for CMake config files
[0.873s] Level 1:colcon.colcon_core.shell:create_environment_hook('iw_hub_navigation', 'cmake_prefix_path')
[0.873s] INFO:colcon.colcon_core.shell:Creating environment hook '/workspace/build_ws/install/iw_hub_navigation/share/iw_hub_navigation/hook/cmake_prefix_path.ps1'
[0.873s] INFO:colcon.colcon_core.shell:Creating environment descriptor '/workspace/build_ws/install/iw_hub_navigation/share/iw_hub_navigation/hook/cmake_prefix_path.dsv'
[0.874s] INFO:colcon.colcon_core.shell:Creating environment hook '/workspace/build_ws/install/iw_hub_navigation/share/iw_hub_navigation/hook/cmake_prefix_path.sh'
[0.874s] Level 1:colcon.colcon_core.environment:checking '/workspace/build_ws/install/iw_hub_navigation/bin'
[0.874s] Level 1:colcon.colcon_core.environment:checking '/workspace/build_ws/install/iw_hub_navigation/lib/pkgconfig/iw_hub_navigation.pc'
[0.874s] Level 1:colcon.colcon_core.environment:checking '/workspace/build_ws/install/iw_hub_navigation/lib/python3.12/site-packages'
[0.874s] Level 1:colcon.colcon_core.environment:checking '/workspace/build_ws/install/iw_hub_navigation/bin'
[0.874s] INFO:colcon.colcon_core.shell:Creating package script '/workspace/build_ws/install/iw_hub_navigation/share/iw_hub_navigation/package.ps1'
[0.874s] INFO:colcon.colcon_core.shell:Creating package descriptor '/workspace/build_ws/install/iw_hub_navigation/share/iw_hub_navigation/package.dsv'
[0.875s] INFO:colcon.colcon_core.shell:Creating package script '/workspace/build_ws/install/iw_hub_navigation/share/iw_hub_navigation/package.sh'
[0.875s] INFO:colcon.colcon_core.shell:Creating package script '/workspace/build_ws/install/iw_hub_navigation/share/iw_hub_navigation/package.bash'
[0.875s] INFO:colcon.colcon_core.shell:Creating package script '/workspace/build_ws/install/iw_hub_navigation/share/iw_hub_navigation/package.zsh'
[0.875s] Level 1:colcon.colcon_core.environment:create_file_with_runtime_dependencies(/workspace/build_ws/install/iw_hub_navigation/share/colcon-core/packages/iw_hub_navigation)
[0.875s] Level 1:colcon.colcon_core.environment:create_environment_scripts_only(iw_hub_navigation)
[0.875s] Level 1:colcon.colcon_core.environment:checking '/workspace/build_ws/install/iw_hub_navigation' for CMake module files
[0.876s] Level 1:colcon.colcon_core.environment:checking '/workspace/build_ws/install/iw_hub_navigation' for CMake config files
[0.876s] Level 1:colcon.colcon_core.shell:create_environment_hook('iw_hub_navigation', 'cmake_prefix_path')
[0.876s] INFO:colcon.colcon_core.shell:Creating environment hook '/workspace/build_ws/install/iw_hub_navigation/share/iw_hub_navigation/hook/cmake_prefix_path.ps1'
[0.876s] INFO:colcon.colcon_core.shell:Creating environment descriptor '/workspace/build_ws/install/iw_hub_navigation/share/iw_hub_navigation/hook/cmake_prefix_path.dsv'
[0.876s] INFO:colcon.colcon_core.shell:Creating environment hook '/workspace/build_ws/install/iw_hub_navigation/share/iw_hub_navigation/hook/cmake_prefix_path.sh'
[0.876s] Level 1:colcon.colcon_core.environment:checking '/workspace/build_ws/install/iw_hub_navigation/bin'
[0.876s] Level 1:colcon.colcon_core.environment:checking '/workspace/build_ws/install/iw_hub_navigation/lib/pkgconfig/iw_hub_navigation.pc'
[0.876s] Level 1:colcon.colcon_core.environment:checking '/workspace/build_ws/install/iw_hub_navigation/lib/python3.12/site-packages'
[0.877s] Level 1:colcon.colcon_core.environment:checking '/workspace/build_ws/install/iw_hub_navigation/bin'
[0.877s] INFO:colcon.colcon_core.shell:Creating package script '/workspace/build_ws/install/iw_hub_navigation/share/iw_hub_navigation/package.ps1'
[0.877s] INFO:colcon.colcon_core.shell:Creating package descriptor '/workspace/build_ws/install/iw_hub_navigation/share/iw_hub_navigation/package.dsv'
[0.877s] INFO:colcon.colcon_core.shell:Creating package script '/workspace/build_ws/install/iw_hub_navigation/share/iw_hub_navigation/package.sh'
[0.877s] INFO:colcon.colcon_core.shell:Creating package script '/workspace/build_ws/install/iw_hub_navigation/share/iw_hub_navigation/package.bash'
[0.878s] INFO:colcon.colcon_core.shell:Creating package script '/workspace/build_ws/install/iw_hub_navigation/share/iw_hub_navigation/package.zsh'
[0.878s] Level 1:colcon.colcon_core.environment:create_file_with_runtime_dependencies(/workspace/build_ws/install/iw_hub_navigation/share/colcon-core/packages/iw_hub_navigation)
[1.762s] DEBUG:colcon.colcon_core.event_handler.log_command:Invoked command in '/workspace/build_ws/build/custom_message' returned '0': /usr/bin/cmake /workspace/build_ws/src/custom_message -DCMAKE_INSTALL_PREFIX=/workspace/build_ws/install/custom_message
[1.762s] DEBUG:colcon.colcon_core.event_handler.log_command:Invoking command in '/workspace/build_ws/build/custom_message': /usr/bin/cmake --build /workspace/build_ws/build/custom_message -- -j24 -l24
[2.130s] DEBUG:colcon.colcon_core.event_handler.log_command:Invoked command in '/workspace/build_ws/build/isaac_ros2_messages' returned '0': /usr/bin/cmake /workspace/build_ws/src/isaac_ros2_messages -DCMAKE_INSTALL_PREFIX=/workspace/build_ws/install/isaac_ros2_messages
[2.130s] DEBUG:colcon.colcon_core.event_handler.log_command:Invoking command in '/workspace/build_ws/build/isaac_ros2_messages': /usr/bin/cmake --build /workspace/build_ws/build/isaac_ros2_messages -- -j24 -l24
[2.776s] DEBUG:colcon.colcon_core.event_handler.log_command:Invoked command in '/workspace/build_ws/build/custom_message' returned '0': /usr/bin/cmake --build /workspace/build_ws/build/custom_message -- -j24 -l24
[2.776s] DEBUG:colcon.colcon_core.event_handler.log_command:Invoking command in '/workspace/build_ws/build/custom_message': /usr/bin/cmake --install /workspace/build_ws/build/custom_message
[2.810s] Level 1:colcon.colcon_core.environment:create_environment_scripts_only(custom_message)
[2.810s] Level 1:colcon.colcon_core.environment:checking '/workspace/build_ws/install/custom_message' for CMake module files
[2.811s] DEBUG:colcon.colcon_core.event_handler.log_command:Invoked command in '/workspace/build_ws/build/custom_message' returned '0': /usr/bin/cmake --install /workspace/build_ws/build/custom_message
[2.811s] Level 1:colcon.colcon_core.environment:checking '/workspace/build_ws/install/custom_message' for CMake config files
[2.811s] Level 1:colcon.colcon_core.shell:create_environment_hook('custom_message', 'cmake_prefix_path')
[2.811s] INFO:colcon.colcon_core.shell:Creating environment hook '/workspace/build_ws/install/custom_message/share/custom_message/hook/cmake_prefix_path.ps1'
[2.812s] INFO:colcon.colcon_core.shell:Creating environment descriptor '/workspace/build_ws/install/custom_message/share/custom_message/hook/cmake_prefix_path.dsv'
[2.812s] INFO:colcon.colcon_core.shell:Creating environment hook '/workspace/build_ws/install/custom_message/share/custom_message/hook/cmake_prefix_path.sh'
[2.812s] Level 1:colcon.colcon_core.environment:checking '/workspace/build_ws/install/custom_message/lib'
[2.812s] Level 1:colcon.colcon_core.shell:create_environment_hook('custom_message', 'ld_library_path_lib')
[2.812s] INFO:colcon.colcon_core.shell:Creating environment hook '/workspace/build_ws/install/custom_message/share/custom_message/hook/ld_library_path_lib.ps1'
[2.812s] INFO:colcon.colcon_core.shell:Creating environment descriptor '/workspace/build_ws/install/custom_message/share/custom_message/hook/ld_library_path_lib.dsv'
[2.813s] INFO:colcon.colcon_core.shell:Creating environment hook '/workspace/build_ws/install/custom_message/share/custom_message/hook/ld_library_path_lib.sh'
[2.813s] Level 1:colcon.colcon_core.environment:checking '/workspace/build_ws/install/custom_message/bin'
[2.813s] Level 1:colcon.colcon_core.environment:checking '/workspace/build_ws/install/custom_message/lib/pkgconfig/custom_message.pc'
[2.813s] Level 1:colcon.colcon_core.environment:checking '/workspace/build_ws/install/custom_message/lib/python3.12/site-packages'
[2.813s] Level 1:colcon.colcon_core.shell:create_environment_hook('custom_message', 'pythonpath')
[2.813s] INFO:colcon.colcon_core.shell:Creating environment hook '/workspace/build_ws/install/custom_message/share/custom_message/hook/pythonpath.ps1'
[2.813s] INFO:colcon.colcon_core.shell:Creating environment descriptor '/workspace/build_ws/install/custom_message/share/custom_message/hook/pythonpath.dsv'
[2.813s] INFO:colcon.colcon_core.shell:Creating environment hook '/workspace/build_ws/install/custom_message/share/custom_message/hook/pythonpath.sh'
[2.814s] Level 1:colcon.colcon_core.environment:checking '/workspace/build_ws/install/custom_message/bin'
[2.814s] INFO:colcon.colcon_core.shell:Creating package script '/workspace/build_ws/install/custom_message/share/custom_message/package.ps1'
[2.814s] INFO:colcon.colcon_core.shell:Creating package descriptor '/workspace/build_ws/install/custom_message/share/custom_message/package.dsv'
[2.814s] INFO:colcon.colcon_core.shell:Creating package script '/workspace/build_ws/install/custom_message/share/custom_message/package.sh'
[2.814s] INFO:colcon.colcon_core.shell:Creating package script '/workspace/build_ws/install/custom_message/share/custom_message/package.bash'
[2.814s] INFO:colcon.colcon_core.shell:Creating package script '/workspace/build_ws/install/custom_message/share/custom_message/package.zsh'
[2.814s] Level 1:colcon.colcon_core.environment:create_file_with_runtime_dependencies(/workspace/build_ws/install/custom_message/share/colcon-core/packages/custom_message)
[2.815s] Level 1:colcon.colcon_core.environment:create_environment_scripts_only(custom_message)
[2.815s] Level 1:colcon.colcon_core.environment:checking '/workspace/build_ws/install/custom_message' for CMake module files
[2.815s] Level 1:colcon.colcon_core.environment:checking '/workspace/build_ws/install/custom_message' for CMake config files
[2.815s] Level 1:colcon.colcon_core.shell:create_environment_hook('custom_message', 'cmake_prefix_path')
[2.815s] INFO:colcon.colcon_core.shell:Creating environment hook '/workspace/build_ws/install/custom_message/share/custom_message/hook/cmake_prefix_path.ps1'
[2.815s] INFO:colcon.colcon_core.shell:Creating environment descriptor '/workspace/build_ws/install/custom_message/share/custom_message/hook/cmake_prefix_path.dsv'
[2.815s] INFO:colcon.colcon_core.shell:Creating environment hook '/workspace/build_ws/install/custom_message/share/custom_message/hook/cmake_prefix_path.sh'
[2.816s] Level 1:colcon.colcon_core.environment:checking '/workspace/build_ws/install/custom_message/lib'
[2.816s] Level 1:colcon.colcon_core.shell:create_environment_hook('custom_message', 'ld_library_path_lib')
[2.816s] INFO:colcon.colcon_core.shell:Creating environment hook '/workspace/build_ws/install/custom_message/share/custom_message/hook/ld_library_path_lib.ps1'
[2.816s] INFO:colcon.colcon_core.shell:Creating environment descriptor '/workspace/build_ws/install/custom_message/share/custom_message/hook/ld_library_path_lib.dsv'
[2.816s] INFO:colcon.colcon_core.shell:Creating environment hook '/workspace/build_ws/install/custom_message/share/custom_message/hook/ld_library_path_lib.sh'
[2.816s] Level 1:colcon.colcon_core.environment:checking '/workspace/build_ws/install/custom_message/bin'
[2.816s] Level 1:colcon.colcon_core.environment:checking '/workspace/build_ws/install/custom_message/lib/pkgconfig/custom_message.pc'
[2.816s] Level 1:colcon.colcon_core.environment:checking '/workspace/build_ws/install/custom_message/lib/python3.12/site-packages'
[2.816s] Level 1:colcon.colcon_core.shell:create_environment_hook('custom_message', 'pythonpath')
[2.816s] INFO:colcon.colcon_core.shell:Creating environment hook '/workspace/build_ws/install/custom_message/share/custom_message/hook/pythonpath.ps1'
[2.816s] INFO:colcon.colcon_core.shell:Creating environment descriptor '/workspace/build_ws/install/custom_message/share/custom_message/hook/pythonpath.dsv'
[2.817s] INFO:colcon.colcon_core.shell:Creating environment hook '/workspace/build_ws/install/custom_message/share/custom_message/hook/pythonpath.sh'
[2.817s] Level 1:colcon.colcon_core.environment:checking '/workspace/build_ws/install/custom_message/bin'
[2.817s] INFO:colcon.colcon_core.shell:Creating package script '/workspace/build_ws/install/custom_message/share/custom_message/package.ps1'
[2.817s] INFO:colcon.colcon_core.shell:Creating package descriptor '/workspace/build_ws/install/custom_message/share/custom_message/package.dsv'
[2.817s] INFO:colcon.colcon_core.shell:Creating package script '/workspace/build_ws/install/custom_message/share/custom_message/package.sh'
[2.818s] INFO:colcon.colcon_core.shell:Creating package script '/workspace/build_ws/install/custom_message/share/custom_message/package.bash'
[2.818s] INFO:colcon.colcon_core.shell:Creating package script '/workspace/build_ws/install/custom_message/share/custom_message/package.zsh'
[2.818s] Level 1:colcon.colcon_core.environment:create_file_with_runtime_dependencies(/workspace/build_ws/install/custom_message/share/colcon-core/packages/custom_message)
[4.512s] DEBUG:colcon.colcon_core.event_handler.log_command:Invoked command in '/workspace/build_ws/build/isaac_ros2_messages' returned '0': /usr/bin/cmake --build /workspace/build_ws/build/isaac_ros2_messages -- -j24 -l24
[4.512s] DEBUG:colcon.colcon_core.event_handler.log_command:Invoking command in '/workspace/build_ws/build/isaac_ros2_messages': /usr/bin/cmake --install /workspace/build_ws/build/isaac_ros2_messages
[4.571s] Level 1:colcon.colcon_core.environment:create_environment_scripts_only(isaac_ros2_messages)
[4.572s] Level 1:colcon.colcon_core.environment:checking '/workspace/build_ws/install/isaac_ros2_messages' for CMake module files
[4.572s] DEBUG:colcon.colcon_core.event_handler.log_command:Invoked command in '/workspace/build_ws/build/isaac_ros2_messages' returned '0': /usr/bin/cmake --install /workspace/build_ws/build/isaac_ros2_messages
[4.572s] Level 1:colcon.colcon_core.environment:checking '/workspace/build_ws/install/isaac_ros2_messages' for CMake config files
[4.572s] Level 1:colcon.colcon_core.shell:create_environment_hook('isaac_ros2_messages', 'cmake_prefix_path')
[4.572s] INFO:colcon.colcon_core.shell:Creating environment hook '/workspace/build_ws/install/isaac_ros2_messages/share/isaac_ros2_messages/hook/cmake_prefix_path.ps1'
[4.573s] INFO:colcon.colcon_core.shell:Creating environment descriptor '/workspace/build_ws/install/isaac_ros2_messages/share/isaac_ros2_messages/hook/cmake_prefix_path.dsv'
[4.573s] INFO:colcon.colcon_core.shell:Creating environment hook '/workspace/build_ws/install/isaac_ros2_messages/share/isaac_ros2_messages/hook/cmake_prefix_path.sh'
[4.573s] Level 1:colcon.colcon_core.environment:checking '/workspace/build_ws/install/isaac_ros2_messages/lib'
[4.573s] Level 1:colcon.colcon_core.shell:create_environment_hook('isaac_ros2_messages', 'ld_library_path_lib')
[4.573s] INFO:colcon.colcon_core.shell:Creating environment hook '/workspace/build_ws/install/isaac_ros2_messages/share/isaac_ros2_messages/hook/ld_library_path_lib.ps1'
[4.573s] INFO:colcon.colcon_core.shell:Creating environment descriptor '/workspace/build_ws/install/isaac_ros2_messages/share/isaac_ros2_messages/hook/ld_library_path_lib.dsv'
[4.573s] INFO:colcon.colcon_core.shell:Creating environment hook '/workspace/build_ws/install/isaac_ros2_messages/share/isaac_ros2_messages/hook/ld_library_path_lib.sh'
[4.574s] Level 1:colcon.colcon_core.environment:checking '/workspace/build_ws/install/isaac_ros2_messages/bin'
[4.574s] Level 1:colcon.colcon_core.environment:checking '/workspace/build_ws/install/isaac_ros2_messages/lib/pkgconfig/isaac_ros2_messages.pc'
[4.574s] Level 1:colcon.colcon_core.environment:checking '/workspace/build_ws/install/isaac_ros2_messages/lib/python3.12/site-packages'
[4.574s] Level 1:colcon.colcon_core.shell:create_environment_hook('isaac_ros2_messages', 'pythonpath')
[4.574s] INFO:colcon.colcon_core.shell:Creating environment hook '/workspace/build_ws/install/isaac_ros2_messages/share/isaac_ros2_messages/hook/pythonpath.ps1'
[4.574s] INFO:colcon.colcon_core.shell:Creating environment descriptor '/workspace/build_ws/install/isaac_ros2_messages/share/isaac_ros2_messages/hook/pythonpath.dsv'
[4.574s] INFO:colcon.colcon_core.shell:Creating environment hook '/workspace/build_ws/install/isaac_ros2_messages/share/isaac_ros2_messages/hook/pythonpath.sh'
[4.575s] Level 1:colcon.colcon_core.environment:checking '/workspace/build_ws/install/isaac_ros2_messages/bin'
[4.575s] INFO:colcon.colcon_core.shell:Creating package script '/workspace/build_ws/install/isaac_ros2_messages/share/isaac_ros2_messages/package.ps1'
[4.575s] INFO:colcon.colcon_core.shell:Creating package descriptor '/workspace/build_ws/install/isaac_ros2_messages/share/isaac_ros2_messages/package.dsv'
[4.575s] INFO:colcon.colcon_core.shell:Creating package script '/workspace/build_ws/install/isaac_ros2_messages/share/isaac_ros2_messages/package.sh'
[4.575s] INFO:colcon.colcon_core.shell:Creating package script '/workspace/build_ws/install/isaac_ros2_messages/share/isaac_ros2_messages/package.bash'
[4.576s] INFO:colcon.colcon_core.shell:Creating package script '/workspace/build_ws/install/isaac_ros2_messages/share/isaac_ros2_messages/package.zsh'
[4.576s] Level 1:colcon.colcon_core.environment:create_file_with_runtime_dependencies(/workspace/build_ws/install/isaac_ros2_messages/share/colcon-core/packages/isaac_ros2_messages)
[4.576s] Level 1:colcon.colcon_core.environment:create_environment_scripts_only(isaac_ros2_messages)
[4.576s] Level 1:colcon.colcon_core.environment:checking '/workspace/build_ws/install/isaac_ros2_messages' for CMake module files
[4.576s] Level 1:colcon.colcon_core.environment:checking '/workspace/build_ws/install/isaac_ros2_messages' for CMake config files
[4.577s] Level 1:colcon.colcon_core.shell:create_environment_hook('isaac_ros2_messages', 'cmake_prefix_path')
[4.577s] INFO:colcon.colcon_core.shell:Creating environment hook '/workspace/build_ws/install/isaac_ros2_messages/share/isaac_ros2_messages/hook/cmake_prefix_path.ps1'
[4.577s] INFO:colcon.colcon_core.shell:Creating environment descriptor '/workspace/build_ws/install/isaac_ros2_messages/share/isaac_ros2_messages/hook/cmake_prefix_path.dsv'
[4.577s] INFO:colcon.colcon_core.shell:Creating environment hook '/workspace/build_ws/install/isaac_ros2_messages/share/isaac_ros2_messages/hook/cmake_prefix_path.sh'
[4.577s] Level 1:colcon.colcon_core.environment:checking '/workspace/build_ws/install/isaac_ros2_messages/lib'
[4.577s] Level 1:colcon.colcon_core.shell:create_environment_hook('isaac_ros2_messages', 'ld_library_path_lib')
[4.577s] INFO:colcon.colcon_core.shell:Creating environment hook '/workspace/build_ws/install/isaac_ros2_messages/share/isaac_ros2_messages/hook/ld_library_path_lib.ps1'
[4.578s] INFO:colcon.colcon_core.shell:Creating environment descriptor '/workspace/build_ws/install/isaac_ros2_messages/share/isaac_ros2_messages/hook/ld_library_path_lib.dsv'
[4.578s] INFO:colcon.colcon_core.shell:Creating environment hook '/workspace/build_ws/install/isaac_ros2_messages/share/isaac_ros2_messages/hook/ld_library_path_lib.sh'
[4.578s] Level 1:colcon.colcon_core.environment:checking '/workspace/build_ws/install/isaac_ros2_messages/bin'
[4.578s] Level 1:colcon.colcon_core.environment:checking '/workspace/build_ws/install/isaac_ros2_messages/lib/pkgconfig/isaac_ros2_messages.pc'
[4.578s] Level 1:colcon.colcon_core.environment:checking '/workspace/build_ws/install/isaac_ros2_messages/lib/python3.12/site-packages'
[4.578s] Level 1:colcon.colcon_core.shell:create_environment_hook('isaac_ros2_messages', 'pythonpath')
[4.578s] INFO:colcon.colcon_core.shell:Creating environment hook '/workspace/build_ws/install/isaac_ros2_messages/share/isaac_ros2_messages/hook/pythonpath.ps1'
[4.578s] INFO:colcon.colcon_core.shell:Creating environment descriptor '/workspace/build_ws/install/isaac_ros2_messages/share/isaac_ros2_messages/hook/pythonpath.dsv'
[4.579s] INFO:colcon.colcon_core.shell:Creating environment hook '/workspace/build_ws/install/isaac_ros2_messages/share/isaac_ros2_messages/hook/pythonpath.sh'
[4.579s] Level 1:colcon.colcon_core.environment:checking '/workspace/build_ws/install/isaac_ros2_messages/bin'
[4.579s] INFO:colcon.colcon_core.shell:Creating package script '/workspace/build_ws/install/isaac_ros2_messages/share/isaac_ros2_messages/package.ps1'
[4.579s] INFO:colcon.colcon_core.shell:Creating package descriptor '/workspace/build_ws/install/isaac_ros2_messages/share/isaac_ros2_messages/package.dsv'
[4.580s] INFO:colcon.colcon_core.shell:Creating package script '/workspace/build_ws/install/isaac_ros2_messages/share/isaac_ros2_messages/package.sh'
[4.580s] INFO:colcon.colcon_core.shell:Creating package script '/workspace/build_ws/install/isaac_ros2_messages/share/isaac_ros2_messages/package.bash'
[4.580s] INFO:colcon.colcon_core.shell:Creating package script '/workspace/build_ws/install/isaac_ros2_messages/share/isaac_ros2_messages/package.zsh'
[4.580s] Level 1:colcon.colcon_core.environment:create_file_with_runtime_dependencies(/workspace/build_ws/install/isaac_ros2_messages/share/colcon-core/packages/isaac_ros2_messages)
[4.580s] DEBUG:colcon.colcon_parallel_executor.executor.parallel:closing loop
[4.580s] DEBUG:colcon.colcon_parallel_executor.executor.parallel:loop closed
[4.580s] DEBUG:colcon.colcon_parallel_executor.executor.parallel:run_until_complete finished with '0'
[4.580s] DEBUG:colcon.colcon_core.event_reactor:joining thread
[4.584s] INFO:colcon.colcon_core.plugin_system:Skipping extension 'colcon_notification.desktop_notification.notify_send': Could not find 'notify-send'
[4.584s] INFO:colcon.colcon_core.plugin_system:Skipping extension 'colcon_notification.desktop_notification.terminal_notifier': Not used on non-Darwin systems
[4.584s] INFO:colcon.colcon_core.plugin_system:Skipping extension 'colcon_notification.desktop_notification.win32': Not used on non-Windows systems
[4.584s] INFO:colcon.colcon_notification.desktop_notification:Sending desktop notification using 'notify2'
[4.584s] DEBUG:colcon.colcon_notification.desktop_notification.notify2:Failed to initialize notify2: org.freedesktop.DBus.Error.NotSupported: Unable to autolaunch a dbus-daemon without a $DISPLAY for X11
[4.584s] DEBUG:colcon.colcon_core.event_reactor:joined thread
[4.584s] INFO:colcon.colcon_core.shell:Creating prefix script '/workspace/build_ws/install/local_setup.ps1'
[4.584s] INFO:colcon.colcon_core.shell:Creating prefix util module '/workspace/build_ws/install/_local_setup_util_ps1.py'
[4.585s] INFO:colcon.colcon_core.shell:Creating prefix chain script '/workspace/build_ws/install/setup.ps1'
[4.585s] INFO:colcon.colcon_core.shell:Creating prefix script '/workspace/build_ws/install/local_setup.sh'
[4.585s] INFO:colcon.colcon_core.shell:Creating prefix util module '/workspace/build_ws/install/_local_setup_util_sh.py'
[4.586s] INFO:colcon.colcon_core.shell:Creating prefix chain script '/workspace/build_ws/install/setup.sh'
[4.586s] INFO:colcon.colcon_core.shell:Creating prefix script '/workspace/build_ws/install/local_setup.bash'
[4.586s] INFO:colcon.colcon_core.shell:Creating prefix chain script '/workspace/build_ws/install/setup.bash'
[4.587s] INFO:colcon.colcon_core.shell:Creating prefix script '/workspace/build_ws/install/local_setup.zsh'
[4.587s] INFO:colcon.colcon_core.shell:Creating prefix chain script '/workspace/build_ws/install/setup.zsh'
