-- The C compiler identification is GNU 13.3.0
-- The CXX compiler identification is GNU 13.3.0
-- Detecting C compiler ABI info
-- Detecting C compiler ABI info - done
-- Check for working C compiler: /usr/bin/cc - skipped
-- Detecting C compile features
-- Detecting C compile features - done
-- Detecting CXX compiler ABI info
-- Detecting CXX compiler ABI info - done
-- Check for working CXX compiler: /usr/bin/c++ - skipped
-- Detecting CXX compile features
-- Detecting CXX compile features - done
-- Found ament_cmake: 2.5.5 (/workspace/jazzy_ws/install/share/ament_cmake/cmake)
-- Found Python3: /usr/bin/python3 (found version "3.12.3") found components: Interpreter 
-- Found rosidl_default_generators: 1.6.0 (/workspace/jazzy_ws/install/share/rosidl_default_generators/cmake)
-- Using all available rosidl_typesupport_c: rosidl_typesupport_fastrtps_c;rosidl_typesupport_introspection_c
-- Using all available rosidl_typesupport_cpp: rosidl_typesupport_fastrtps_cpp;rosidl_typesupport_introspection_cpp
-- Found rosidl_adapter: 4.6.7 (/workspace/jazzy_ws/install/share/rosidl_adapter/cmake)
-- Found std_msgs: 5.3.6 (/workspace/jazzy_ws/install/share/std_msgs/cmake)
-- Found ament_cmake_cppcheck: 0.17.4 (/workspace/jazzy_ws/install/share/ament_cmake_cppcheck/cmake)
-- Found ament_cmake_cpplint: 0.17.4 (/workspace/jazzy_ws/install/share/ament_cmake_cpplint/cmake)
-- Found ament_cmake_uncrustify: 0.17.4 (/workspace/jazzy_ws/install/share/ament_cmake_uncrustify/cmake)
-- Found ament_cmake_ros: 0.12.0 (/workspace/jazzy_ws/install/share/ament_cmake_ros/cmake)
-- Using all available rosidl_typesupport_c: rosidl_typesupport_fastrtps_c;rosidl_typesupport_introspection_c
-- Using all available rosidl_typesupport_cpp: rosidl_typesupport_fastrtps_cpp;rosidl_typesupport_introspection_cpp
-- Found python_cmake_module: 0.11.1 (/workspace/jazzy_ws/install/share/python_cmake_module/cmake)
-- Found PythonExtra: /usr/bin/python3  
-- Found Python3: /usr/bin/python3 (found version "3.12.3") found components: Interpreter Development NumPy Development.Module Development.Embed 
-- Found ament_cmake_flake8: 0.17.4 (/workspace/jazzy_ws/install/share/ament_cmake_flake8/cmake)
-- Found ament_cmake_pep257: 0.17.4 (/workspace/jazzy_ws/install/share/ament_cmake_pep257/cmake)
-- Configuring done (2.2s)
-- Generating done (0.1s)
-- Build files have been written to: /workspace/jazzy_ws/build/geometry_msgs
[  0%] Generating type hashes for ROS interfaces
[  0%] Built target ament_cmake_python_copy_geometry_msgs
running egg_info
creating geometry_msgs.egg-info
writing geometry_msgs.egg-info/PKG-INFO
writing dependency_links to geometry_msgs.egg-info/dependency_links.txt
writing top-level names to geometry_msgs.egg-info/top_level.txt
writing manifest file 'geometry_msgs.egg-info/SOURCES.txt'
reading manifest file 'geometry_msgs.egg-info/SOURCES.txt'
writing manifest file 'geometry_msgs.egg-info/SOURCES.txt'
[  0%] Built target ament_cmake_python_build_geometry_msgs_egg
[  0%] Built target geometry_msgs__rosidl_generator_type_description
[  0%] Generating C code for ROS interfaces
[  0%] Generating C++ code for ROS interfaces
[  0%] Built target geometry_msgs__cpp
[  1%] Building C object CMakeFiles/geometry_msgs__rosidl_generator_c.dir/rosidl_generator_c/geometry_msgs/msg/detail/accel__description.c.o
[  1%] Building C object CMakeFiles/geometry_msgs__rosidl_generator_c.dir/rosidl_generator_c/geometry_msgs/msg/detail/accel_stamped__functions.c.o
[  1%] Building C object CMakeFiles/geometry_msgs__rosidl_generator_c.dir/rosidl_generator_c/geometry_msgs/msg/detail/accel__functions.c.o
[  1%] Building C object CMakeFiles/geometry_msgs__rosidl_generator_c.dir/rosidl_generator_c/geometry_msgs/msg/detail/accel_stamped__type_support.c.o
[  2%] Building C object CMakeFiles/geometry_msgs__rosidl_generator_c.dir/rosidl_generator_c/geometry_msgs/msg/detail/accel_with_covariance__functions.c.o
[  2%] Building C object CMakeFiles/geometry_msgs__rosidl_generator_c.dir/rosidl_generator_c/geometry_msgs/msg/detail/accel__type_support.c.o
[  3%] Building C object CMakeFiles/geometry_msgs__rosidl_generator_c.dir/rosidl_generator_c/geometry_msgs/msg/detail/accel_with_covariance__description.c.o
[  3%] Building C object CMakeFiles/geometry_msgs__rosidl_generator_c.dir/rosidl_generator_c/geometry_msgs/msg/detail/accel_stamped__description.c.o
[  3%] Building C object CMakeFiles/geometry_msgs__rosidl_generator_c.dir/rosidl_generator_c/geometry_msgs/msg/detail/accel_with_covariance__type_support.c.o
[  3%] Building C object CMakeFiles/geometry_msgs__rosidl_generator_c.dir/rosidl_generator_c/geometry_msgs/msg/detail/accel_with_covariance_stamped__type_support.c.o
[  3%] Building C object CMakeFiles/geometry_msgs__rosidl_generator_c.dir/rosidl_generator_c/geometry_msgs/msg/detail/inertia__functions.c.o
[  3%] Building C object CMakeFiles/geometry_msgs__rosidl_generator_c.dir/rosidl_generator_c/geometry_msgs/msg/detail/accel_with_covariance_stamped__description.c.o
[  3%] Building C object CMakeFiles/geometry_msgs__rosidl_generator_c.dir/rosidl_generator_c/geometry_msgs/msg/detail/inertia__description.c.o
[  4%] Building C object CMakeFiles/geometry_msgs__rosidl_generator_c.dir/rosidl_generator_c/geometry_msgs/msg/detail/accel_with_covariance_stamped__functions.c.o
[  5%] Building C object CMakeFiles/geometry_msgs__rosidl_generator_c.dir/rosidl_generator_c/geometry_msgs/msg/detail/point32__type_support.c.o
[  5%] Building C object CMakeFiles/geometry_msgs__rosidl_generator_c.dir/rosidl_generator_c/geometry_msgs/msg/detail/point_stamped__description.c.o
[  5%] Building C object CMakeFiles/geometry_msgs__rosidl_generator_c.dir/rosidl_generator_c/geometry_msgs/msg/detail/point_stamped__functions.c.o
[  6%] Building C object CMakeFiles/geometry_msgs__rosidl_generator_c.dir/rosidl_generator_c/geometry_msgs/msg/detail/point32__description.c.o
[  6%] Building C object CMakeFiles/geometry_msgs__rosidl_generator_c.dir/rosidl_generator_c/geometry_msgs/msg/detail/point_stamped__type_support.c.o
[  6%] Building C object CMakeFiles/geometry_msgs__rosidl_generator_c.dir/rosidl_generator_c/geometry_msgs/msg/detail/point32__functions.c.o
[  7%] Building C object CMakeFiles/geometry_msgs__rosidl_generator_c.dir/rosidl_generator_c/geometry_msgs/msg/detail/polygon__description.c.o
[  7%] Building C object CMakeFiles/geometry_msgs__rosidl_generator_c.dir/rosidl_generator_c/geometry_msgs/msg/detail/polygon__type_support.c.o
[  7%] Building C object CMakeFiles/geometry_msgs__rosidl_generator_c.dir/rosidl_generator_c/geometry_msgs/msg/detail/polygon__functions.c.o
[  7%] Building C object CMakeFiles/geometry_msgs__rosidl_generator_c.dir/rosidl_generator_c/geometry_msgs/msg/detail/polygon_instance__type_support.c.o
[  7%] Building C object CMakeFiles/geometry_msgs__rosidl_generator_c.dir/rosidl_generator_c/geometry_msgs/msg/detail/polygon_instance_stamped__description.c.o
[  8%] Building C object CMakeFiles/geometry_msgs__rosidl_generator_c.dir/rosidl_generator_c/geometry_msgs/msg/detail/polygon_instance_stamped__functions.c.o
[  8%] Building C object CMakeFiles/geometry_msgs__rosidl_generator_c.dir/rosidl_generator_c/geometry_msgs/msg/detail/polygon_instance_stamped__type_support.c.o
[  8%] Building C object CMakeFiles/geometry_msgs__rosidl_generator_c.dir/rosidl_generator_c/geometry_msgs/msg/detail/polygon_stamped__description.c.o
[  8%] Building C object CMakeFiles/geometry_msgs__rosidl_generator_c.dir/rosidl_generator_c/geometry_msgs/msg/detail/polygon_stamped__functions.c.o
[  9%] Building C object CMakeFiles/geometry_msgs__rosidl_generator_c.dir/rosidl_generator_c/geometry_msgs/msg/detail/polygon_stamped__type_support.c.o
[  9%] Building C object CMakeFiles/geometry_msgs__rosidl_generator_c.dir/rosidl_generator_c/geometry_msgs/msg/detail/pose__description.c.o
[  9%] Building C object CMakeFiles/geometry_msgs__rosidl_generator_c.dir/rosidl_generator_c/geometry_msgs/msg/detail/pose__functions.c.o
[ 10%] Building C object CMakeFiles/geometry_msgs__rosidl_generator_c.dir/rosidl_generator_c/geometry_msgs/msg/detail/pose__type_support.c.o
[ 10%] Building C object CMakeFiles/geometry_msgs__rosidl_generator_c.dir/rosidl_generator_c/geometry_msgs/msg/detail/pose2_d__description.c.o
[ 10%] Building C object CMakeFiles/geometry_msgs__rosidl_generator_c.dir/rosidl_generator_c/geometry_msgs/msg/detail/pose2_d__functions.c.o
[ 10%] Building C object CMakeFiles/geometry_msgs__rosidl_generator_c.dir/rosidl_generator_c/geometry_msgs/msg/detail/pose2_d__type_support.c.o
[ 11%] Building C object CMakeFiles/geometry_msgs__rosidl_generator_c.dir/rosidl_generator_c/geometry_msgs/msg/detail/pose_array__description.c.o
[ 11%] Building C object CMakeFiles/geometry_msgs__rosidl_generator_c.dir/rosidl_generator_c/geometry_msgs/msg/detail/pose_array__functions.c.o
[ 11%] Building C object CMakeFiles/geometry_msgs__rosidl_generator_c.dir/rosidl_generator_c/geometry_msgs/msg/detail/pose_array__type_support.c.o
[ 12%] Building C object CMakeFiles/geometry_msgs__rosidl_generator_c.dir/rosidl_generator_c/geometry_msgs/msg/detail/pose_stamped__description.c.o
[ 12%] Building C object CMakeFiles/geometry_msgs__rosidl_generator_c.dir/rosidl_generator_c/geometry_msgs/msg/detail/pose_stamped__functions.c.o
[ 13%] Building C object CMakeFiles/geometry_msgs__rosidl_generator_c.dir/rosidl_generator_c/geometry_msgs/msg/detail/polygon_instance__functions.c.o
[ 13%] Building C object CMakeFiles/geometry_msgs__rosidl_generator_c.dir/rosidl_generator_c/geometry_msgs/msg/detail/polygon_instance__description.c.o
[ 14%] Building C object CMakeFiles/geometry_msgs__rosidl_generator_c.dir/rosidl_generator_c/geometry_msgs/msg/detail/pose_with_covariance__functions.c.o
[ 14%] Building C object CMakeFiles/geometry_msgs__rosidl_generator_c.dir/rosidl_generator_c/geometry_msgs/msg/detail/pose_with_covariance__type_support.c.o
[ 14%] Building C object CMakeFiles/geometry_msgs__rosidl_generator_c.dir/rosidl_generator_c/geometry_msgs/msg/detail/pose_with_covariance_stamped__description.c.o
[ 15%] Building C object CMakeFiles/geometry_msgs__rosidl_generator_c.dir/rosidl_generator_c/geometry_msgs/msg/detail/pose_with_covariance_stamped__functions.c.o
[ 15%] Building C object CMakeFiles/geometry_msgs__rosidl_generator_c.dir/rosidl_generator_c/geometry_msgs/msg/detail/pose_with_covariance_stamped__type_support.c.o
[ 15%] Building C object CMakeFiles/geometry_msgs__rosidl_generator_c.dir/rosidl_generator_c/geometry_msgs/msg/detail/quaternion__description.c.o
[ 16%] Building C object CMakeFiles/geometry_msgs__rosidl_generator_c.dir/rosidl_generator_c/geometry_msgs/msg/detail/pose_with_covariance__description.c.o
[ 16%] Building C object CMakeFiles/geometry_msgs__rosidl_generator_c.dir/rosidl_generator_c/geometry_msgs/msg/detail/quaternion__functions.c.o
[ 16%] Building C object CMakeFiles/geometry_msgs__rosidl_generator_c.dir/rosidl_generator_c/geometry_msgs/msg/detail/quaternion_stamped__description.c.o
[ 16%] Building C object CMakeFiles/geometry_msgs__rosidl_generator_c.dir/rosidl_generator_c/geometry_msgs/msg/detail/quaternion_stamped__functions.c.o
[ 17%] Building C object CMakeFiles/geometry_msgs__rosidl_generator_c.dir/rosidl_generator_c/geometry_msgs/msg/detail/transform__description.c.o
[ 17%] Building C object CMakeFiles/geometry_msgs__rosidl_generator_c.dir/rosidl_generator_c/geometry_msgs/msg/detail/quaternion_stamped__type_support.c.o
[ 18%] Building C object CMakeFiles/geometry_msgs__rosidl_generator_c.dir/rosidl_generator_c/geometry_msgs/msg/detail/transform__type_support.c.o
[ 18%] Building C object CMakeFiles/geometry_msgs__rosidl_generator_c.dir/rosidl_generator_c/geometry_msgs/msg/detail/transform__functions.c.o
[ 18%] Building C object CMakeFiles/geometry_msgs__rosidl_generator_c.dir/rosidl_generator_c/geometry_msgs/msg/detail/transform_stamped__description.c.o
[ 18%] Building C object CMakeFiles/geometry_msgs__rosidl_generator_c.dir/rosidl_generator_c/geometry_msgs/msg/detail/transform_stamped__functions.c.o
[ 18%] Building C object CMakeFiles/geometry_msgs__rosidl_generator_c.dir/rosidl_generator_c/geometry_msgs/msg/detail/transform_stamped__type_support.c.o
[ 19%] Building C object CMakeFiles/geometry_msgs__rosidl_generator_c.dir/rosidl_generator_c/geometry_msgs/msg/detail/twist__description.c.o
[ 19%] Building C object CMakeFiles/geometry_msgs__rosidl_generator_c.dir/rosidl_generator_c/geometry_msgs/msg/detail/twist__functions.c.o
[ 20%] Building C object CMakeFiles/geometry_msgs__rosidl_generator_c.dir/rosidl_generator_c/geometry_msgs/msg/detail/twist_stamped__description.c.o
[ 20%] Building C object CMakeFiles/geometry_msgs__rosidl_generator_c.dir/rosidl_generator_c/geometry_msgs/msg/detail/twist__type_support.c.o
[ 20%] Building C object CMakeFiles/geometry_msgs__rosidl_generator_c.dir/rosidl_generator_c/geometry_msgs/msg/detail/pose_stamped__type_support.c.o
[ 20%] Building C object CMakeFiles/geometry_msgs__rosidl_generator_c.dir/rosidl_generator_c/geometry_msgs/msg/detail/quaternion__type_support.c.o
[ 20%] Building C object CMakeFiles/geometry_msgs__rosidl_generator_c.dir/rosidl_generator_c/geometry_msgs/msg/detail/twist_stamped__functions.c.o
[ 21%] Building C object CMakeFiles/geometry_msgs__rosidl_generator_c.dir/rosidl_generator_c/geometry_msgs/msg/detail/twist_with_covariance__functions.c.o
[ 21%] Building C object CMakeFiles/geometry_msgs__rosidl_generator_c.dir/rosidl_generator_c/geometry_msgs/msg/detail/twist_with_covariance__description.c.o
[ 21%] Building C object CMakeFiles/geometry_msgs__rosidl_generator_c.dir/rosidl_generator_c/geometry_msgs/msg/detail/twist_with_covariance__type_support.c.o
[ 22%] Building C object CMakeFiles/geometry_msgs__rosidl_generator_c.dir/rosidl_generator_c/geometry_msgs/msg/detail/twist_with_covariance_stamped__functions.c.o
[ 22%] Building C object CMakeFiles/geometry_msgs__rosidl_generator_c.dir/rosidl_generator_c/geometry_msgs/msg/detail/vector3__description.c.o
[ 22%] Building C object CMakeFiles/geometry_msgs__rosidl_generator_c.dir/rosidl_generator_c/geometry_msgs/msg/detail/twist_with_covariance_stamped__type_support.c.o
[ 23%] Building C object CMakeFiles/geometry_msgs__rosidl_generator_c.dir/rosidl_generator_c/geometry_msgs/msg/detail/vector3__functions.c.o
[ 23%] Building C object CMakeFiles/geometry_msgs__rosidl_generator_c.dir/rosidl_generator_c/geometry_msgs/msg/detail/vector3__type_support.c.o
[ 23%] Building C object CMakeFiles/geometry_msgs__rosidl_generator_c.dir/rosidl_generator_c/geometry_msgs/msg/detail/vector3_stamped__description.c.o
[ 23%] Building C object CMakeFiles/geometry_msgs__rosidl_generator_c.dir/rosidl_generator_c/geometry_msgs/msg/detail/twist_with_covariance_stamped__description.c.o
[ 23%] Building C object CMakeFiles/geometry_msgs__rosidl_generator_c.dir/rosidl_generator_c/geometry_msgs/msg/detail/vector3_stamped__functions.c.o
[ 24%] Building C object CMakeFiles/geometry_msgs__rosidl_generator_c.dir/rosidl_generator_c/geometry_msgs/msg/detail/vector3_stamped__type_support.c.o
[ 24%] Building C object CMakeFiles/geometry_msgs__rosidl_generator_c.dir/rosidl_generator_c/geometry_msgs/msg/detail/velocity_stamped__functions.c.o
[ 25%] Building C object CMakeFiles/geometry_msgs__rosidl_generator_c.dir/rosidl_generator_c/geometry_msgs/msg/detail/velocity_stamped__type_support.c.o
[ 25%] Building C object CMakeFiles/geometry_msgs__rosidl_generator_c.dir/rosidl_generator_c/geometry_msgs/msg/detail/wrench__functions.c.o
[ 25%] Building C object CMakeFiles/geometry_msgs__rosidl_generator_c.dir/rosidl_generator_c/geometry_msgs/msg/detail/wrench__description.c.o
[ 25%] Building C object CMakeFiles/geometry_msgs__rosidl_generator_c.dir/rosidl_generator_c/geometry_msgs/msg/detail/velocity_stamped__description.c.o
[ 26%] Building C object CMakeFiles/geometry_msgs__rosidl_generator_c.dir/rosidl_generator_c/geometry_msgs/msg/detail/wrench_stamped__description.c.o
[ 26%] Building C object CMakeFiles/geometry_msgs__rosidl_generator_c.dir/rosidl_generator_c/geometry_msgs/msg/detail/wrench__type_support.c.o
[ 26%] Building C object CMakeFiles/geometry_msgs__rosidl_generator_c.dir/rosidl_generator_c/geometry_msgs/msg/detail/wrench_stamped__type_support.c.o
[ 26%] Building C object CMakeFiles/geometry_msgs__rosidl_generator_c.dir/rosidl_generator_c/geometry_msgs/msg/detail/wrench_stamped__functions.c.o
[ 26%] Building C object CMakeFiles/geometry_msgs__rosidl_generator_c.dir/rosidl_generator_c/geometry_msgs/msg/detail/twist_stamped__type_support.c.o
[ 26%] Building C object CMakeFiles/geometry_msgs__rosidl_generator_c.dir/rosidl_generator_c/geometry_msgs/msg/detail/point__type_support.c.o
[ 26%] Building C object CMakeFiles/geometry_msgs__rosidl_generator_c.dir/rosidl_generator_c/geometry_msgs/msg/detail/point__functions.c.o
[ 27%] Building C object CMakeFiles/geometry_msgs__rosidl_generator_c.dir/rosidl_generator_c/geometry_msgs/msg/detail/inertia_stamped__type_support.c.o
[ 27%] Building C object CMakeFiles/geometry_msgs__rosidl_generator_c.dir/rosidl_generator_c/geometry_msgs/msg/detail/point__description.c.o
[ 27%] Building C object CMakeFiles/geometry_msgs__rosidl_generator_c.dir/rosidl_generator_c/geometry_msgs/msg/detail/inertia_stamped__functions.c.o
[ 27%] Building C object CMakeFiles/geometry_msgs__rosidl_generator_c.dir/rosidl_generator_c/geometry_msgs/msg/detail/inertia_stamped__description.c.o
[ 28%] Building C object CMakeFiles/geometry_msgs__rosidl_generator_c.dir/rosidl_generator_c/geometry_msgs/msg/detail/inertia__type_support.c.o
[ 29%] Linking C shared library libgeometry_msgs__rosidl_generator_c.so
[ 29%] Built target geometry_msgs__rosidl_generator_c
[ 31%] Generating C type support for eProsima Fast-RTPS
[ 31%] Generating C introspection for ROS interfaces
[ 31%] Generating C++ type support for eProsima Fast-RTPS
[ 31%] Generating C++ introspection for ROS interfaces
[ 31%] Generating C++ type support dispatch for ROS interfaces
[ 32%] Generating C type support dispatch for ROS interfaces
[ 32%] Building CXX object CMakeFiles/geometry_msgs__rosidl_typesupport_cpp.dir/rosidl_typesupport_cpp/geometry_msgs/msg/accel_stamped__type_support.cpp.o
[ 32%] Building CXX object CMakeFiles/geometry_msgs__rosidl_typesupport_cpp.dir/rosidl_typesupport_cpp/geometry_msgs/msg/inertia__type_support.cpp.o
[ 33%] Building CXX object CMakeFiles/geometry_msgs__rosidl_typesupport_cpp.dir/rosidl_typesupport_cpp/geometry_msgs/msg/accel_with_covariance__type_support.cpp.o
[ 34%] Building CXX object CMakeFiles/geometry_msgs__rosidl_typesupport_cpp.dir/rosidl_typesupport_cpp/geometry_msgs/msg/point__type_support.cpp.o
[ 34%] Building CXX object CMakeFiles/geometry_msgs__rosidl_typesupport_cpp.dir/rosidl_typesupport_cpp/geometry_msgs/msg/inertia_stamped__type_support.cpp.o
[ 34%] Building CXX object CMakeFiles/geometry_msgs__rosidl_typesupport_cpp.dir/rosidl_typesupport_cpp/geometry_msgs/msg/point32__type_support.cpp.o
[ 34%] Building CXX object CMakeFiles/geometry_msgs__rosidl_typesupport_cpp.dir/rosidl_typesupport_cpp/geometry_msgs/msg/point_stamped__type_support.cpp.o
[ 35%] Building CXX object CMakeFiles/geometry_msgs__rosidl_typesupport_cpp.dir/rosidl_typesupport_cpp/geometry_msgs/msg/polygon__type_support.cpp.o
[ 35%] Building CXX object CMakeFiles/geometry_msgs__rosidl_typesupport_cpp.dir/rosidl_typesupport_cpp/geometry_msgs/msg/accel__type_support.cpp.o
[ 35%] Building CXX object CMakeFiles/geometry_msgs__rosidl_typesupport_cpp.dir/rosidl_typesupport_cpp/geometry_msgs/msg/polygon_instance__type_support.cpp.o
[ 35%] Building CXX object CMakeFiles/geometry_msgs__rosidl_typesupport_cpp.dir/rosidl_typesupport_cpp/geometry_msgs/msg/polygon_instance_stamped__type_support.cpp.o
[ 35%] Building CXX object CMakeFiles/geometry_msgs__rosidl_typesupport_cpp.dir/rosidl_typesupport_cpp/geometry_msgs/msg/accel_with_covariance_stamped__type_support.cpp.o
[ 35%] Building CXX object CMakeFiles/geometry_msgs__rosidl_typesupport_cpp.dir/rosidl_typesupport_cpp/geometry_msgs/msg/pose_array__type_support.cpp.o
[ 35%] Building CXX object CMakeFiles/geometry_msgs__rosidl_typesupport_cpp.dir/rosidl_typesupport_cpp/geometry_msgs/msg/polygon_stamped__type_support.cpp.o
[ 35%] Building CXX object CMakeFiles/geometry_msgs__rosidl_typesupport_cpp.dir/rosidl_typesupport_cpp/geometry_msgs/msg/pose2_d__type_support.cpp.o
[ 36%] Building CXX object CMakeFiles/geometry_msgs__rosidl_typesupport_cpp.dir/rosidl_typesupport_cpp/geometry_msgs/msg/pose__type_support.cpp.o
[ 36%] Building CXX object CMakeFiles/geometry_msgs__rosidl_typesupport_c.dir/rosidl_typesupport_c/geometry_msgs/msg/accel__type_support.cpp.o
[ 36%] Building CXX object CMakeFiles/geometry_msgs__rosidl_typesupport_c.dir/rosidl_typesupport_c/geometry_msgs/msg/accel_stamped__type_support.cpp.o
[ 37%] Building CXX object CMakeFiles/geometry_msgs__rosidl_typesupport_c.dir/rosidl_typesupport_c/geometry_msgs/msg/accel_with_covariance__type_support.cpp.o
[ 37%] Building CXX object CMakeFiles/geometry_msgs__rosidl_typesupport_c.dir/rosidl_typesupport_c/geometry_msgs/msg/accel_with_covariance_stamped__type_support.cpp.o
[ 37%] Building CXX object CMakeFiles/geometry_msgs__rosidl_typesupport_c.dir/rosidl_typesupport_c/geometry_msgs/msg/inertia__type_support.cpp.o
[ 37%] Building CXX object CMakeFiles/geometry_msgs__rosidl_typesupport_cpp.dir/rosidl_typesupport_cpp/geometry_msgs/msg/pose_with_covariance_stamped__type_support.cpp.o
[ 37%] Building CXX object CMakeFiles/geometry_msgs__rosidl_typesupport_c.dir/rosidl_typesupport_c/geometry_msgs/msg/inertia_stamped__type_support.cpp.o
[ 38%] Building CXX object CMakeFiles/geometry_msgs__rosidl_typesupport_c.dir/rosidl_typesupport_c/geometry_msgs/msg/point__type_support.cpp.o
[ 38%] Building CXX object CMakeFiles/geometry_msgs__rosidl_typesupport_cpp.dir/rosidl_typesupport_cpp/geometry_msgs/msg/pose_with_covariance__type_support.cpp.o
[ 38%] Building CXX object CMakeFiles/geometry_msgs__rosidl_typesupport_cpp.dir/rosidl_typesupport_cpp/geometry_msgs/msg/quaternion__type_support.cpp.o
[ 39%] Building CXX object CMakeFiles/geometry_msgs__rosidl_typesupport_c.dir/rosidl_typesupport_c/geometry_msgs/msg/polygon__type_support.cpp.o
[ 39%] Building CXX object CMakeFiles/geometry_msgs__rosidl_typesupport_c.dir/rosidl_typesupport_c/geometry_msgs/msg/point_stamped__type_support.cpp.o
[ 39%] Building CXX object CMakeFiles/geometry_msgs__rosidl_typesupport_cpp.dir/rosidl_typesupport_cpp/geometry_msgs/msg/transform_stamped__type_support.cpp.o
[ 40%] Building CXX object CMakeFiles/geometry_msgs__rosidl_typesupport_cpp.dir/rosidl_typesupport_cpp/geometry_msgs/msg/pose_stamped__type_support.cpp.o
[ 41%] Building CXX object CMakeFiles/geometry_msgs__rosidl_typesupport_cpp.dir/rosidl_typesupport_cpp/geometry_msgs/msg/quaternion_stamped__type_support.cpp.o
[ 40%] Building CXX object CMakeFiles/geometry_msgs__rosidl_typesupport_cpp.dir/rosidl_typesupport_cpp/geometry_msgs/msg/twist_stamped__type_support.cpp.o
[ 41%] Building CXX object CMakeFiles/geometry_msgs__rosidl_typesupport_c.dir/rosidl_typesupport_c/geometry_msgs/msg/point32__type_support.cpp.o
[ 41%] Building CXX object CMakeFiles/geometry_msgs__rosidl_typesupport_c.dir/rosidl_typesupport_c/geometry_msgs/msg/polygon_instance__type_support.cpp.o
[ 41%] Building CXX object CMakeFiles/geometry_msgs__rosidl_typesupport_cpp.dir/rosidl_typesupport_cpp/geometry_msgs/msg/transform__type_support.cpp.o
[ 42%] Building CXX object CMakeFiles/geometry_msgs__rosidl_typesupport_cpp.dir/rosidl_typesupport_cpp/geometry_msgs/msg/twist__type_support.cpp.o
[ 42%] Building CXX object CMakeFiles/geometry_msgs__rosidl_typesupport_c.dir/rosidl_typesupport_c/geometry_msgs/msg/polygon_instance_stamped__type_support.cpp.o
[ 42%] Building CXX object CMakeFiles/geometry_msgs__rosidl_typesupport_cpp.dir/rosidl_typesupport_cpp/geometry_msgs/msg/twist_with_covariance__type_support.cpp.o
[ 42%] Building CXX object CMakeFiles/geometry_msgs__rosidl_typesupport_cpp.dir/rosidl_typesupport_cpp/geometry_msgs/msg/twist_with_covariance_stamped__type_support.cpp.o
[ 43%] Building CXX object CMakeFiles/geometry_msgs__rosidl_typesupport_c.dir/rosidl_typesupport_c/geometry_msgs/msg/polygon_stamped__type_support.cpp.o
[ 44%] Building CXX object CMakeFiles/geometry_msgs__rosidl_typesupport_cpp.dir/rosidl_typesupport_cpp/geometry_msgs/msg/vector3__type_support.cpp.o
[ 44%] Building CXX object CMakeFiles/geometry_msgs__rosidl_typesupport_c.dir/rosidl_typesupport_c/geometry_msgs/msg/pose__type_support.cpp.o
[ 44%] Building CXX object CMakeFiles/geometry_msgs__rosidl_typesupport_cpp.dir/rosidl_typesupport_cpp/geometry_msgs/msg/vector3_stamped__type_support.cpp.o
[ 44%] Building CXX object CMakeFiles/geometry_msgs__rosidl_typesupport_c.dir/rosidl_typesupport_c/geometry_msgs/msg/pose2_d__type_support.cpp.o
[ 44%] Building CXX object CMakeFiles/geometry_msgs__rosidl_typesupport_cpp.dir/rosidl_typesupport_cpp/geometry_msgs/msg/velocity_stamped__type_support.cpp.o
[ 45%] Building CXX object CMakeFiles/geometry_msgs__rosidl_typesupport_cpp.dir/rosidl_typesupport_cpp/geometry_msgs/msg/wrench__type_support.cpp.o
[ 45%] Building CXX object CMakeFiles/geometry_msgs__rosidl_typesupport_cpp.dir/rosidl_typesupport_cpp/geometry_msgs/msg/wrench_stamped__type_support.cpp.o
[ 45%] Building CXX object CMakeFiles/geometry_msgs__rosidl_typesupport_c.dir/rosidl_typesupport_c/geometry_msgs/msg/pose_array__type_support.cpp.o
[ 46%] Building CXX object CMakeFiles/geometry_msgs__rosidl_typesupport_c.dir/rosidl_typesupport_c/geometry_msgs/msg/pose_stamped__type_support.cpp.o
[ 46%] Building CXX object CMakeFiles/geometry_msgs__rosidl_typesupport_c.dir/rosidl_typesupport_c/geometry_msgs/msg/pose_with_covariance__type_support.cpp.o
[ 46%] Building CXX object CMakeFiles/geometry_msgs__rosidl_typesupport_c.dir/rosidl_typesupport_c/geometry_msgs/msg/pose_with_covariance_stamped__type_support.cpp.o
[ 47%] Building CXX object CMakeFiles/geometry_msgs__rosidl_typesupport_c.dir/rosidl_typesupport_c/geometry_msgs/msg/quaternion__type_support.cpp.o
[ 47%] Building CXX object CMakeFiles/geometry_msgs__rosidl_typesupport_c.dir/rosidl_typesupport_c/geometry_msgs/msg/quaternion_stamped__type_support.cpp.o
[ 47%] Building CXX object CMakeFiles/geometry_msgs__rosidl_typesupport_c.dir/rosidl_typesupport_c/geometry_msgs/msg/transform__type_support.cpp.o
[ 48%] Building CXX object CMakeFiles/geometry_msgs__rosidl_typesupport_c.dir/rosidl_typesupport_c/geometry_msgs/msg/twist__type_support.cpp.o
[ 48%] Building CXX object CMakeFiles/geometry_msgs__rosidl_typesupport_c.dir/rosidl_typesupport_c/geometry_msgs/msg/transform_stamped__type_support.cpp.o
[ 48%] Building CXX object CMakeFiles/geometry_msgs__rosidl_typesupport_c.dir/rosidl_typesupport_c/geometry_msgs/msg/twist_stamped__type_support.cpp.o
[ 48%] Building CXX object CMakeFiles/geometry_msgs__rosidl_typesupport_c.dir/rosidl_typesupport_c/geometry_msgs/msg/twist_with_covariance__type_support.cpp.o
[ 49%] Building CXX object CMakeFiles/geometry_msgs__rosidl_typesupport_c.dir/rosidl_typesupport_c/geometry_msgs/msg/twist_with_covariance_stamped__type_support.cpp.o
[ 49%] Building CXX object CMakeFiles/geometry_msgs__rosidl_typesupport_c.dir/rosidl_typesupport_c/geometry_msgs/msg/vector3__type_support.cpp.o
[ 49%] Building CXX object CMakeFiles/geometry_msgs__rosidl_typesupport_introspection_cpp.dir/rosidl_typesupport_introspection_cpp/geometry_msgs/msg/detail/accel__type_support.cpp.o
[ 49%] Building CXX object CMakeFiles/geometry_msgs__rosidl_typesupport_c.dir/rosidl_typesupport_c/geometry_msgs/msg/vector3_stamped__type_support.cpp.o
[ 50%] Building CXX object CMakeFiles/geometry_msgs__rosidl_typesupport_introspection_cpp.dir/rosidl_typesupport_introspection_cpp/geometry_msgs/msg/detail/accel_stamped__type_support.cpp.o
[ 50%] Building CXX object CMakeFiles/geometry_msgs__rosidl_typesupport_c.dir/rosidl_typesupport_c/geometry_msgs/msg/velocity_stamped__type_support.cpp.o
[ 51%] Building CXX object CMakeFiles/geometry_msgs__rosidl_typesupport_c.dir/rosidl_typesupport_c/geometry_msgs/msg/wrench__type_support.cpp.o
[ 51%] Building CXX object CMakeFiles/geometry_msgs__rosidl_typesupport_c.dir/rosidl_typesupport_c/geometry_msgs/msg/wrench_stamped__type_support.cpp.o
[ 51%] Building CXX object CMakeFiles/geometry_msgs__rosidl_typesupport_introspection_cpp.dir/rosidl_typesupport_introspection_cpp/geometry_msgs/msg/detail/accel_with_covariance__type_support.cpp.o
[ 51%] Building CXX object CMakeFiles/geometry_msgs__rosidl_typesupport_introspection_cpp.dir/rosidl_typesupport_introspection_cpp/geometry_msgs/msg/detail/accel_with_covariance_stamped__type_support.cpp.o
[ 52%] Building CXX object CMakeFiles/geometry_msgs__rosidl_typesupport_introspection_cpp.dir/rosidl_typesupport_introspection_cpp/geometry_msgs/msg/detail/inertia__type_support.cpp.o
[ 52%] Building CXX object CMakeFiles/geometry_msgs__rosidl_typesupport_introspection_cpp.dir/rosidl_typesupport_introspection_cpp/geometry_msgs/msg/detail/inertia_stamped__type_support.cpp.o
[ 53%] Building C object CMakeFiles/geometry_msgs__rosidl_typesupport_introspection_c.dir/rosidl_typesupport_introspection_c/geometry_msgs/msg/detail/accel__type_support.c.o
[ 53%] Building CXX object CMakeFiles/geometry_msgs__rosidl_typesupport_introspection_cpp.dir/rosidl_typesupport_introspection_cpp/geometry_msgs/msg/detail/point__type_support.cpp.o
[ 53%] Building C object CMakeFiles/geometry_msgs__rosidl_typesupport_introspection_c.dir/rosidl_typesupport_introspection_c/geometry_msgs/msg/detail/accel_stamped__type_support.c.o
[ 53%] Building CXX object CMakeFiles/geometry_msgs__rosidl_typesupport_introspection_cpp.dir/rosidl_typesupport_introspection_cpp/geometry_msgs/msg/detail/point32__type_support.cpp.o
[ 54%] Building CXX object CMakeFiles/geometry_msgs__rosidl_typesupport_introspection_cpp.dir/rosidl_typesupport_introspection_cpp/geometry_msgs/msg/detail/point_stamped__type_support.cpp.o
[ 54%] Building C object CMakeFiles/geometry_msgs__rosidl_typesupport_introspection_c.dir/rosidl_typesupport_introspection_c/geometry_msgs/msg/detail/accel_with_covariance_stamped__type_support.c.o
[ 54%] Linking CXX shared library libgeometry_msgs__rosidl_typesupport_c.so
[ 54%] Building C object CMakeFiles/geometry_msgs__rosidl_typesupport_introspection_c.dir/rosidl_typesupport_introspection_c/geometry_msgs/msg/detail/accel_with_covariance__type_support.c.o
[ 54%] Building CXX object CMakeFiles/geometry_msgs__rosidl_typesupport_introspection_cpp.dir/rosidl_typesupport_introspection_cpp/geometry_msgs/msg/detail/polygon__type_support.cpp.o
[ 55%] Building C object CMakeFiles/geometry_msgs__rosidl_typesupport_introspection_c.dir/rosidl_typesupport_introspection_c/geometry_msgs/msg/detail/inertia_stamped__type_support.c.o
[ 55%] Built target geometry_msgs__rosidl_typesupport_c
[ 55%] Building C object CMakeFiles/geometry_msgs__rosidl_typesupport_introspection_c.dir/rosidl_typesupport_introspection_c/geometry_msgs/msg/detail/inertia__type_support.c.o
[ 55%] Building CXX object CMakeFiles/geometry_msgs__rosidl_typesupport_introspection_cpp.dir/rosidl_typesupport_introspection_cpp/geometry_msgs/msg/detail/polygon_instance__type_support.cpp.o
[ 56%] Building CXX object CMakeFiles/geometry_msgs__rosidl_typesupport_introspection_cpp.dir/rosidl_typesupport_introspection_cpp/geometry_msgs/msg/detail/polygon_instance_stamped__type_support.cpp.o
[ 57%] Building C object CMakeFiles/geometry_msgs__rosidl_typesupport_introspection_c.dir/rosidl_typesupport_introspection_c/geometry_msgs/msg/detail/point32__type_support.c.o
[ 57%] Building C object CMakeFiles/geometry_msgs__rosidl_typesupport_introspection_c.dir/rosidl_typesupport_introspection_c/geometry_msgs/msg/detail/point__type_support.c.o
[ 57%] Building C object CMakeFiles/geometry_msgs__rosidl_typesupport_introspection_c.dir/rosidl_typesupport_introspection_c/geometry_msgs/msg/detail/point_stamped__type_support.c.o
[ 57%] Building CXX object CMakeFiles/geometry_msgs__rosidl_typesupport_introspection_cpp.dir/rosidl_typesupport_introspection_cpp/geometry_msgs/msg/detail/polygon_stamped__type_support.cpp.o
[ 57%] Building CXX object CMakeFiles/geometry_msgs__rosidl_typesupport_introspection_cpp.dir/rosidl_typesupport_introspection_cpp/geometry_msgs/msg/detail/pose__type_support.cpp.o
[ 57%] Building CXX object CMakeFiles/geometry_msgs__rosidl_typesupport_introspection_cpp.dir/rosidl_typesupport_introspection_cpp/geometry_msgs/msg/detail/pose_array__type_support.cpp.o
[ 58%] Building CXX object CMakeFiles/geometry_msgs__rosidl_typesupport_introspection_cpp.dir/rosidl_typesupport_introspection_cpp/geometry_msgs/msg/detail/pose2_d__type_support.cpp.o
[ 58%] Building C object CMakeFiles/geometry_msgs__rosidl_typesupport_introspection_c.dir/rosidl_typesupport_introspection_c/geometry_msgs/msg/detail/polygon__type_support.c.o
[ 58%] Building C object CMakeFiles/geometry_msgs__rosidl_typesupport_introspection_c.dir/rosidl_typesupport_introspection_c/geometry_msgs/msg/detail/polygon_instance__type_support.c.o
[ 58%] Building CXX object CMakeFiles/geometry_msgs__rosidl_typesupport_introspection_cpp.dir/rosidl_typesupport_introspection_cpp/geometry_msgs/msg/detail/pose_stamped__type_support.cpp.o
[ 59%] Building C object CMakeFiles/geometry_msgs__rosidl_typesupport_introspection_c.dir/rosidl_typesupport_introspection_c/geometry_msgs/msg/detail/polygon_instance_stamped__type_support.c.o
[ 59%] Building CXX object CMakeFiles/geometry_msgs__rosidl_typesupport_introspection_cpp.dir/rosidl_typesupport_introspection_cpp/geometry_msgs/msg/detail/pose_with_covariance__type_support.cpp.o
[ 59%] Building C object CMakeFiles/geometry_msgs__rosidl_typesupport_introspection_c.dir/rosidl_typesupport_introspection_c/geometry_msgs/msg/detail/polygon_stamped__type_support.c.o
[ 60%] Building CXX object CMakeFiles/geometry_msgs__rosidl_typesupport_introspection_cpp.dir/rosidl_typesupport_introspection_cpp/geometry_msgs/msg/detail/pose_with_covariance_stamped__type_support.cpp.o
[ 60%] Building C object CMakeFiles/geometry_msgs__rosidl_typesupport_introspection_c.dir/rosidl_typesupport_introspection_c/geometry_msgs/msg/detail/pose__type_support.c.o
[ 61%] Building C object CMakeFiles/geometry_msgs__rosidl_typesupport_introspection_c.dir/rosidl_typesupport_introspection_c/geometry_msgs/msg/detail/pose2_d__type_support.c.o
[ 61%] Building CXX object CMakeFiles/geometry_msgs__rosidl_typesupport_introspection_cpp.dir/rosidl_typesupport_introspection_cpp/geometry_msgs/msg/detail/quaternion__type_support.cpp.o
[ 61%] Building CXX object CMakeFiles/geometry_msgs__rosidl_typesupport_introspection_cpp.dir/rosidl_typesupport_introspection_cpp/geometry_msgs/msg/detail/quaternion_stamped__type_support.cpp.o
[ 61%] Building C object CMakeFiles/geometry_msgs__rosidl_typesupport_introspection_c.dir/rosidl_typesupport_introspection_c/geometry_msgs/msg/detail/pose_array__type_support.c.o
[ 61%] Linking CXX shared library libgeometry_msgs__rosidl_typesupport_cpp.so
[ 62%] Building CXX object CMakeFiles/geometry_msgs__rosidl_typesupport_introspection_cpp.dir/rosidl_typesupport_introspection_cpp/geometry_msgs/msg/detail/transform__type_support.cpp.o
[ 63%] Building CXX object CMakeFiles/geometry_msgs__rosidl_typesupport_fastrtps_cpp.dir/rosidl_typesupport_fastrtps_cpp/geometry_msgs/msg/detail/dds_fastrtps/accel__type_support.cpp.o
[ 63%] Building CXX object CMakeFiles/geometry_msgs__rosidl_typesupport_introspection_cpp.dir/rosidl_typesupport_introspection_cpp/geometry_msgs/msg/detail/transform_stamped__type_support.cpp.o
[ 63%] Building C object CMakeFiles/geometry_msgs__rosidl_typesupport_introspection_c.dir/rosidl_typesupport_introspection_c/geometry_msgs/msg/detail/pose_stamped__type_support.c.o
[ 64%] Building C object CMakeFiles/geometry_msgs__rosidl_typesupport_introspection_c.dir/rosidl_typesupport_introspection_c/geometry_msgs/msg/detail/pose_with_covariance__type_support.c.o
[ 64%] Building CXX object CMakeFiles/geometry_msgs__rosidl_typesupport_introspection_cpp.dir/rosidl_typesupport_introspection_cpp/geometry_msgs/msg/detail/twist__type_support.cpp.o
[ 64%] Built target geometry_msgs__rosidl_typesupport_cpp
[ 64%] Building CXX object CMakeFiles/geometry_msgs__rosidl_typesupport_introspection_cpp.dir/rosidl_typesupport_introspection_cpp/geometry_msgs/msg/detail/twist_stamped__type_support.cpp.o
[ 64%] Building CXX object CMakeFiles/geometry_msgs__rosidl_typesupport_fastrtps_cpp.dir/rosidl_typesupport_fastrtps_cpp/geometry_msgs/msg/detail/dds_fastrtps/accel_stamped__type_support.cpp.o
[ 64%] Building CXX object CMakeFiles/geometry_msgs__rosidl_typesupport_fastrtps_cpp.dir/rosidl_typesupport_fastrtps_cpp/geometry_msgs/msg/detail/dds_fastrtps/accel_with_covariance__type_support.cpp.o
[ 64%] Building C object CMakeFiles/geometry_msgs__rosidl_typesupport_introspection_c.dir/rosidl_typesupport_introspection_c/geometry_msgs/msg/detail/pose_with_covariance_stamped__type_support.c.o
[ 65%] Building CXX object CMakeFiles/geometry_msgs__rosidl_typesupport_introspection_cpp.dir/rosidl_typesupport_introspection_cpp/geometry_msgs/msg/detail/twist_with_covariance__type_support.cpp.o
[ 65%] Building C object CMakeFiles/geometry_msgs__rosidl_typesupport_introspection_c.dir/rosidl_typesupport_introspection_c/geometry_msgs/msg/detail/quaternion__type_support.c.o
[ 65%] Building CXX object CMakeFiles/geometry_msgs__rosidl_typesupport_introspection_cpp.dir/rosidl_typesupport_introspection_cpp/geometry_msgs/msg/detail/twist_with_covariance_stamped__type_support.cpp.o
[ 65%] Building C object CMakeFiles/geometry_msgs__rosidl_typesupport_introspection_c.dir/rosidl_typesupport_introspection_c/geometry_msgs/msg/detail/quaternion_stamped__type_support.c.o
[ 65%] Building CXX object CMakeFiles/geometry_msgs__rosidl_typesupport_introspection_cpp.dir/rosidl_typesupport_introspection_cpp/geometry_msgs/msg/detail/vector3__type_support.cpp.o
[ 66%] Building CXX object CMakeFiles/geometry_msgs__rosidl_typesupport_fastrtps_cpp.dir/rosidl_typesupport_fastrtps_cpp/geometry_msgs/msg/detail/dds_fastrtps/accel_with_covariance_stamped__type_support.cpp.o
[ 67%] Building CXX object CMakeFiles/geometry_msgs__rosidl_typesupport_introspection_cpp.dir/rosidl_typesupport_introspection_cpp/geometry_msgs/msg/detail/vector3_stamped__type_support.cpp.o
[ 68%] Building C object CMakeFiles/geometry_msgs__rosidl_typesupport_introspection_c.dir/rosidl_typesupport_introspection_c/geometry_msgs/msg/detail/transform__type_support.c.o
[ 68%] Building CXX object CMakeFiles/geometry_msgs__rosidl_typesupport_introspection_cpp.dir/rosidl_typesupport_introspection_cpp/geometry_msgs/msg/detail/velocity_stamped__type_support.cpp.o
[ 68%] Building C object CMakeFiles/geometry_msgs__rosidl_typesupport_introspection_c.dir/rosidl_typesupport_introspection_c/geometry_msgs/msg/detail/transform_stamped__type_support.c.o
[ 68%] Building CXX object CMakeFiles/geometry_msgs__rosidl_typesupport_fastrtps_cpp.dir/rosidl_typesupport_fastrtps_cpp/geometry_msgs/msg/detail/dds_fastrtps/inertia__type_support.cpp.o
[ 68%] Building CXX object CMakeFiles/geometry_msgs__rosidl_typesupport_introspection_cpp.dir/rosidl_typesupport_introspection_cpp/geometry_msgs/msg/detail/wrench__type_support.cpp.o
[ 68%] Building CXX object CMakeFiles/geometry_msgs__rosidl_typesupport_introspection_cpp.dir/rosidl_typesupport_introspection_cpp/geometry_msgs/msg/detail/wrench_stamped__type_support.cpp.o
[ 68%] Building C object CMakeFiles/geometry_msgs__rosidl_typesupport_introspection_c.dir/rosidl_typesupport_introspection_c/geometry_msgs/msg/detail/twist__type_support.c.o
[ 69%] Building C object CMakeFiles/geometry_msgs__rosidl_typesupport_introspection_c.dir/rosidl_typesupport_introspection_c/geometry_msgs/msg/detail/twist_stamped__type_support.c.o
[ 69%] Building CXX object CMakeFiles/geometry_msgs__rosidl_typesupport_fastrtps_cpp.dir/rosidl_typesupport_fastrtps_cpp/geometry_msgs/msg/detail/dds_fastrtps/inertia_stamped__type_support.cpp.o
[ 69%] Building C object CMakeFiles/geometry_msgs__rosidl_typesupport_introspection_c.dir/rosidl_typesupport_introspection_c/geometry_msgs/msg/detail/twist_with_covariance__type_support.c.o
[ 69%] Building CXX object CMakeFiles/geometry_msgs__rosidl_typesupport_fastrtps_cpp.dir/rosidl_typesupport_fastrtps_cpp/geometry_msgs/msg/detail/dds_fastrtps/point__type_support.cpp.o
[ 70%] Building CXX object CMakeFiles/geometry_msgs__rosidl_typesupport_fastrtps_cpp.dir/rosidl_typesupport_fastrtps_cpp/geometry_msgs/msg/detail/dds_fastrtps/point32__type_support.cpp.o
[ 70%] Building C object CMakeFiles/geometry_msgs__rosidl_typesupport_introspection_c.dir/rosidl_typesupport_introspection_c/geometry_msgs/msg/detail/twist_with_covariance_stamped__type_support.c.o
[ 70%] Building CXX object CMakeFiles/geometry_msgs__rosidl_typesupport_fastrtps_cpp.dir/rosidl_typesupport_fastrtps_cpp/geometry_msgs/msg/detail/dds_fastrtps/point_stamped__type_support.cpp.o
[ 70%] Building C object CMakeFiles/geometry_msgs__rosidl_typesupport_introspection_c.dir/rosidl_typesupport_introspection_c/geometry_msgs/msg/detail/vector3__type_support.c.o
[ 70%] Building CXX object CMakeFiles/geometry_msgs__rosidl_typesupport_fastrtps_cpp.dir/rosidl_typesupport_fastrtps_cpp/geometry_msgs/msg/detail/dds_fastrtps/polygon__type_support.cpp.o
[ 71%] Building CXX object CMakeFiles/geometry_msgs__rosidl_typesupport_fastrtps_cpp.dir/rosidl_typesupport_fastrtps_cpp/geometry_msgs/msg/detail/dds_fastrtps/polygon_instance__type_support.cpp.o
[ 72%] Building C object CMakeFiles/geometry_msgs__rosidl_typesupport_introspection_c.dir/rosidl_typesupport_introspection_c/geometry_msgs/msg/detail/vector3_stamped__type_support.c.o
[ 72%] Building C object CMakeFiles/geometry_msgs__rosidl_typesupport_introspection_c.dir/rosidl_typesupport_introspection_c/geometry_msgs/msg/detail/velocity_stamped__type_support.c.o
[ 72%] Building CXX object CMakeFiles/geometry_msgs__rosidl_typesupport_fastrtps_cpp.dir/rosidl_typesupport_fastrtps_cpp/geometry_msgs/msg/detail/dds_fastrtps/polygon_instance_stamped__type_support.cpp.o
[ 72%] Building C object CMakeFiles/geometry_msgs__rosidl_typesupport_introspection_c.dir/rosidl_typesupport_introspection_c/geometry_msgs/msg/detail/wrench__type_support.c.o
[ 73%] Building C object CMakeFiles/geometry_msgs__rosidl_typesupport_introspection_c.dir/rosidl_typesupport_introspection_c/geometry_msgs/msg/detail/wrench_stamped__type_support.c.o
[ 73%] Building CXX object CMakeFiles/geometry_msgs__rosidl_typesupport_fastrtps_cpp.dir/rosidl_typesupport_fastrtps_cpp/geometry_msgs/msg/detail/dds_fastrtps/polygon_stamped__type_support.cpp.o
[ 73%] Building CXX object CMakeFiles/geometry_msgs__rosidl_typesupport_fastrtps_cpp.dir/rosidl_typesupport_fastrtps_cpp/geometry_msgs/msg/detail/dds_fastrtps/pose__type_support.cpp.o
[ 74%] Building CXX object CMakeFiles/geometry_msgs__rosidl_typesupport_fastrtps_cpp.dir/rosidl_typesupport_fastrtps_cpp/geometry_msgs/msg/detail/dds_fastrtps/pose2_d__type_support.cpp.o
[ 74%] Linking C shared library libgeometry_msgs__rosidl_typesupport_introspection_c.so
[ 74%] Building CXX object CMakeFiles/geometry_msgs__rosidl_typesupport_fastrtps_cpp.dir/rosidl_typesupport_fastrtps_cpp/geometry_msgs/msg/detail/dds_fastrtps/pose_array__type_support.cpp.o
[ 74%] Building CXX object CMakeFiles/geometry_msgs__rosidl_typesupport_fastrtps_cpp.dir/rosidl_typesupport_fastrtps_cpp/geometry_msgs/msg/detail/dds_fastrtps/pose_stamped__type_support.cpp.o
[ 74%] Building CXX object CMakeFiles/geometry_msgs__rosidl_typesupport_fastrtps_c.dir/rosidl_typesupport_fastrtps_c/geometry_msgs/msg/detail/accel__type_support_c.cpp.o
[ 74%] Built target geometry_msgs__rosidl_typesupport_introspection_c
[ 74%] Building CXX object CMakeFiles/geometry_msgs__rosidl_typesupport_fastrtps_cpp.dir/rosidl_typesupport_fastrtps_cpp/geometry_msgs/msg/detail/dds_fastrtps/pose_with_covariance_stamped__type_support.cpp.o
[ 75%] Building CXX object CMakeFiles/geometry_msgs__rosidl_typesupport_fastrtps_cpp.dir/rosidl_typesupport_fastrtps_cpp/geometry_msgs/msg/detail/dds_fastrtps/pose_with_covariance__type_support.cpp.o
[ 75%] Building CXX object CMakeFiles/geometry_msgs__rosidl_typesupport_fastrtps_c.dir/rosidl_typesupport_fastrtps_c/geometry_msgs/msg/detail/accel_stamped__type_support_c.cpp.o
[ 76%] Building CXX object CMakeFiles/geometry_msgs__rosidl_typesupport_fastrtps_cpp.dir/rosidl_typesupport_fastrtps_cpp/geometry_msgs/msg/detail/dds_fastrtps/quaternion_stamped__type_support.cpp.o
[ 77%] Linking CXX shared library libgeometry_msgs__rosidl_typesupport_introspection_cpp.so
[ 77%] Building CXX object CMakeFiles/geometry_msgs__rosidl_typesupport_fastrtps_c.dir/rosidl_typesupport_fastrtps_c/geometry_msgs/msg/detail/accel_with_covariance__type_support_c.cpp.o
[ 78%] Building CXX object CMakeFiles/geometry_msgs__rosidl_typesupport_fastrtps_c.dir/rosidl_typesupport_fastrtps_c/geometry_msgs/msg/detail/accel_with_covariance_stamped__type_support_c.cpp.o
[ 78%] Building CXX object CMakeFiles/geometry_msgs__rosidl_typesupport_fastrtps_cpp.dir/rosidl_typesupport_fastrtps_cpp/geometry_msgs/msg/detail/dds_fastrtps/quaternion__type_support.cpp.o
[ 78%] Building CXX object CMakeFiles/geometry_msgs__rosidl_typesupport_fastrtps_c.dir/rosidl_typesupport_fastrtps_c/geometry_msgs/msg/detail/inertia__type_support_c.cpp.o
[ 78%] Building CXX object CMakeFiles/geometry_msgs__rosidl_typesupport_fastrtps_cpp.dir/rosidl_typesupport_fastrtps_cpp/geometry_msgs/msg/detail/dds_fastrtps/transform__type_support.cpp.o
[ 78%] Built target geometry_msgs__rosidl_typesupport_introspection_cpp
[ 78%] Building CXX object CMakeFiles/geometry_msgs__rosidl_typesupport_fastrtps_c.dir/rosidl_typesupport_fastrtps_c/geometry_msgs/msg/detail/inertia_stamped__type_support_c.cpp.o
[ 78%] Building CXX object CMakeFiles/geometry_msgs__rosidl_typesupport_fastrtps_cpp.dir/rosidl_typesupport_fastrtps_cpp/geometry_msgs/msg/detail/dds_fastrtps/transform_stamped__type_support.cpp.o
[ 79%] Building CXX object CMakeFiles/geometry_msgs__rosidl_typesupport_fastrtps_c.dir/rosidl_typesupport_fastrtps_c/geometry_msgs/msg/detail/point__type_support_c.cpp.o
[ 79%] Building CXX object CMakeFiles/geometry_msgs__rosidl_typesupport_fastrtps_c.dir/rosidl_typesupport_fastrtps_c/geometry_msgs/msg/detail/point32__type_support_c.cpp.o
[ 79%] Building CXX object CMakeFiles/geometry_msgs__rosidl_typesupport_fastrtps_cpp.dir/rosidl_typesupport_fastrtps_cpp/geometry_msgs/msg/detail/dds_fastrtps/twist__type_support.cpp.o
[ 79%] Building CXX object CMakeFiles/geometry_msgs__rosidl_typesupport_fastrtps_c.dir/rosidl_typesupport_fastrtps_c/geometry_msgs/msg/detail/point_stamped__type_support_c.cpp.o
[ 79%] Building CXX object CMakeFiles/geometry_msgs__rosidl_typesupport_fastrtps_c.dir/rosidl_typesupport_fastrtps_c/geometry_msgs/msg/detail/polygon__type_support_c.cpp.o
[ 80%] Building CXX object CMakeFiles/geometry_msgs__rosidl_typesupport_fastrtps_c.dir/rosidl_typesupport_fastrtps_c/geometry_msgs/msg/detail/polygon_instance__type_support_c.cpp.o
[ 81%] Building CXX object CMakeFiles/geometry_msgs__rosidl_typesupport_fastrtps_cpp.dir/rosidl_typesupport_fastrtps_cpp/geometry_msgs/msg/detail/dds_fastrtps/twist_stamped__type_support.cpp.o
[ 81%] Building CXX object CMakeFiles/geometry_msgs__rosidl_typesupport_fastrtps_cpp.dir/rosidl_typesupport_fastrtps_cpp/geometry_msgs/msg/detail/dds_fastrtps/twist_with_covariance__type_support.cpp.o
[ 81%] Building CXX object CMakeFiles/geometry_msgs__rosidl_typesupport_fastrtps_c.dir/rosidl_typesupport_fastrtps_c/geometry_msgs/msg/detail/polygon_instance_stamped__type_support_c.cpp.o
[ 81%] Building CXX object CMakeFiles/geometry_msgs__rosidl_typesupport_fastrtps_c.dir/rosidl_typesupport_fastrtps_c/geometry_msgs/msg/detail/polygon_stamped__type_support_c.cpp.o
[ 81%] Building CXX object CMakeFiles/geometry_msgs__rosidl_typesupport_fastrtps_cpp.dir/rosidl_typesupport_fastrtps_cpp/geometry_msgs/msg/detail/dds_fastrtps/twist_with_covariance_stamped__type_support.cpp.o
[ 83%] Building CXX object CMakeFiles/geometry_msgs__rosidl_typesupport_fastrtps_cpp.dir/rosidl_typesupport_fastrtps_cpp/geometry_msgs/msg/detail/dds_fastrtps/vector3__type_support.cpp.o
[ 83%] Building CXX object CMakeFiles/geometry_msgs__rosidl_typesupport_fastrtps_c.dir/rosidl_typesupport_fastrtps_c/geometry_msgs/msg/detail/pose__type_support_c.cpp.o
[ 83%] Building CXX object CMakeFiles/geometry_msgs__rosidl_typesupport_fastrtps_cpp.dir/rosidl_typesupport_fastrtps_cpp/geometry_msgs/msg/detail/dds_fastrtps/vector3_stamped__type_support.cpp.o
[ 83%] Building CXX object CMakeFiles/geometry_msgs__rosidl_typesupport_fastrtps_cpp.dir/rosidl_typesupport_fastrtps_cpp/geometry_msgs/msg/detail/dds_fastrtps/velocity_stamped__type_support.cpp.o
[ 83%] Building CXX object CMakeFiles/geometry_msgs__rosidl_typesupport_fastrtps_c.dir/rosidl_typesupport_fastrtps_c/geometry_msgs/msg/detail/pose2_d__type_support_c.cpp.o
[ 83%] Building CXX object CMakeFiles/geometry_msgs__rosidl_typesupport_fastrtps_cpp.dir/rosidl_typesupport_fastrtps_cpp/geometry_msgs/msg/detail/dds_fastrtps/wrench__type_support.cpp.o
[ 83%] Building CXX object CMakeFiles/geometry_msgs__rosidl_typesupport_fastrtps_c.dir/rosidl_typesupport_fastrtps_c/geometry_msgs/msg/detail/pose_array__type_support_c.cpp.o
[ 83%] Building CXX object CMakeFiles/geometry_msgs__rosidl_typesupport_fastrtps_c.dir/rosidl_typesupport_fastrtps_c/geometry_msgs/msg/detail/pose_stamped__type_support_c.cpp.o
[ 84%] Building CXX object CMakeFiles/geometry_msgs__rosidl_typesupport_fastrtps_cpp.dir/rosidl_typesupport_fastrtps_cpp/geometry_msgs/msg/detail/dds_fastrtps/wrench_stamped__type_support.cpp.o
[ 85%] Building CXX object CMakeFiles/geometry_msgs__rosidl_typesupport_fastrtps_c.dir/rosidl_typesupport_fastrtps_c/geometry_msgs/msg/detail/pose_with_covariance__type_support_c.cpp.o
[ 85%] Building CXX object CMakeFiles/geometry_msgs__rosidl_typesupport_fastrtps_c.dir/rosidl_typesupport_fastrtps_c/geometry_msgs/msg/detail/pose_with_covariance_stamped__type_support_c.cpp.o
[ 85%] Building CXX object CMakeFiles/geometry_msgs__rosidl_typesupport_fastrtps_c.dir/rosidl_typesupport_fastrtps_c/geometry_msgs/msg/detail/quaternion__type_support_c.cpp.o
[ 86%] Building CXX object CMakeFiles/geometry_msgs__rosidl_typesupport_fastrtps_c.dir/rosidl_typesupport_fastrtps_c/geometry_msgs/msg/detail/quaternion_stamped__type_support_c.cpp.o
[ 86%] Building CXX object CMakeFiles/geometry_msgs__rosidl_typesupport_fastrtps_c.dir/rosidl_typesupport_fastrtps_c/geometry_msgs/msg/detail/transform__type_support_c.cpp.o
[ 86%] Building CXX object CMakeFiles/geometry_msgs__rosidl_typesupport_fastrtps_c.dir/rosidl_typesupport_fastrtps_c/geometry_msgs/msg/detail/transform_stamped__type_support_c.cpp.o
[ 86%] Building CXX object CMakeFiles/geometry_msgs__rosidl_typesupport_fastrtps_c.dir/rosidl_typesupport_fastrtps_c/geometry_msgs/msg/detail/twist__type_support_c.cpp.o
[ 87%] Building CXX object CMakeFiles/geometry_msgs__rosidl_typesupport_fastrtps_c.dir/rosidl_typesupport_fastrtps_c/geometry_msgs/msg/detail/twist_stamped__type_support_c.cpp.o
[ 87%] Building CXX object CMakeFiles/geometry_msgs__rosidl_typesupport_fastrtps_c.dir/rosidl_typesupport_fastrtps_c/geometry_msgs/msg/detail/twist_with_covariance__type_support_c.cpp.o
[ 87%] Building CXX object CMakeFiles/geometry_msgs__rosidl_typesupport_fastrtps_c.dir/rosidl_typesupport_fastrtps_c/geometry_msgs/msg/detail/twist_with_covariance_stamped__type_support_c.cpp.o
[ 88%] Building CXX object CMakeFiles/geometry_msgs__rosidl_typesupport_fastrtps_c.dir/rosidl_typesupport_fastrtps_c/geometry_msgs/msg/detail/vector3__type_support_c.cpp.o
[ 88%] Building CXX object CMakeFiles/geometry_msgs__rosidl_typesupport_fastrtps_c.dir/rosidl_typesupport_fastrtps_c/geometry_msgs/msg/detail/vector3_stamped__type_support_c.cpp.o
[ 88%] Building CXX object CMakeFiles/geometry_msgs__rosidl_typesupport_fastrtps_c.dir/rosidl_typesupport_fastrtps_c/geometry_msgs/msg/detail/velocity_stamped__type_support_c.cpp.o
[ 89%] Building CXX object CMakeFiles/geometry_msgs__rosidl_typesupport_fastrtps_c.dir/rosidl_typesupport_fastrtps_c/geometry_msgs/msg/detail/wrench__type_support_c.cpp.o
[ 89%] Building CXX object CMakeFiles/geometry_msgs__rosidl_typesupport_fastrtps_c.dir/rosidl_typesupport_fastrtps_c/geometry_msgs/msg/detail/wrench_stamped__type_support_c.cpp.o
[ 89%] Linking CXX shared library libgeometry_msgs__rosidl_typesupport_fastrtps_cpp.so
[ 89%] Built target geometry_msgs__rosidl_typesupport_fastrtps_cpp
[ 89%] Linking CXX shared library libgeometry_msgs__rosidl_typesupport_fastrtps_c.so
[ 89%] Built target geometry_msgs__rosidl_typesupport_fastrtps_c
[ 89%] Built target geometry_msgs
[ 89%] Generating Python code for ROS interfaces
[ 89%] Built target geometry_msgs__py
[ 90%] Building C object CMakeFiles/geometry_msgs__rosidl_generator_py.dir/rosidl_generator_py/geometry_msgs/msg/_accel_s.c.o
[ 90%] Building C object CMakeFiles/geometry_msgs__rosidl_generator_py.dir/rosidl_generator_py/geometry_msgs/msg/_accel_with_covariance_stamped_s.c.o
[ 90%] Building C object CMakeFiles/geometry_msgs__rosidl_generator_py.dir/rosidl_generator_py/geometry_msgs/msg/_inertia_s.c.o
[ 90%] Building C object CMakeFiles/geometry_msgs__rosidl_generator_py.dir/rosidl_generator_py/geometry_msgs/msg/_accel_stamped_s.c.o
[ 90%] Building C object CMakeFiles/geometry_msgs__rosidl_generator_py.dir/rosidl_generator_py/geometry_msgs/msg/_accel_with_covariance_s.c.o
[ 91%] Building C object CMakeFiles/geometry_msgs__rosidl_generator_py.dir/rosidl_generator_py/geometry_msgs/msg/_point_s.c.o
[ 91%] Building C object CMakeFiles/geometry_msgs__rosidl_generator_py.dir/rosidl_generator_py/geometry_msgs/msg/_inertia_stamped_s.c.o
[ 91%] Building C object CMakeFiles/geometry_msgs__rosidl_generator_py.dir/rosidl_generator_py/geometry_msgs/msg/_point32_s.c.o
[ 91%] Building C object CMakeFiles/geometry_msgs__rosidl_generator_py.dir/rosidl_generator_py/geometry_msgs/msg/_polygon_s.c.o
[ 91%] Building C object CMakeFiles/geometry_msgs__rosidl_generator_py.dir/rosidl_generator_py/geometry_msgs/msg/_point_stamped_s.c.o
[ 91%] Building C object CMakeFiles/geometry_msgs__rosidl_generator_py.dir/rosidl_generator_py/geometry_msgs/msg/_polygon_stamped_s.c.o
[ 92%] Building C object CMakeFiles/geometry_msgs__rosidl_generator_py.dir/rosidl_generator_py/geometry_msgs/msg/_polygon_instance_s.c.o
[ 93%] Building C object CMakeFiles/geometry_msgs__rosidl_generator_py.dir/rosidl_generator_py/geometry_msgs/msg/_pose_s.c.o
[ 93%] Building C object CMakeFiles/geometry_msgs__rosidl_generator_py.dir/rosidl_generator_py/geometry_msgs/msg/_polygon_instance_stamped_s.c.o
[ 93%] Building C object CMakeFiles/geometry_msgs__rosidl_generator_py.dir/rosidl_generator_py/geometry_msgs/msg/_pose2_d_s.c.o
[ 94%] Building C object CMakeFiles/geometry_msgs__rosidl_generator_py.dir/rosidl_generator_py/geometry_msgs/msg/_pose_stamped_s.c.o
[ 94%] Building C object CMakeFiles/geometry_msgs__rosidl_generator_py.dir/rosidl_generator_py/geometry_msgs/msg/_pose_array_s.c.o
[ 94%] Building C object CMakeFiles/geometry_msgs__rosidl_generator_py.dir/rosidl_generator_py/geometry_msgs/msg/_pose_with_covariance_s.c.o
[ 94%] Building C object CMakeFiles/geometry_msgs__rosidl_generator_py.dir/rosidl_generator_py/geometry_msgs/msg/_pose_with_covariance_stamped_s.c.o
[ 94%] Building C object CMakeFiles/geometry_msgs__rosidl_generator_py.dir/rosidl_generator_py/geometry_msgs/msg/_transform_stamped_s.c.o
[ 95%] Building C object CMakeFiles/geometry_msgs__rosidl_generator_py.dir/rosidl_generator_py/geometry_msgs/msg/_twist_s.c.o
[ 95%] Building C object CMakeFiles/geometry_msgs__rosidl_generator_py.dir/rosidl_generator_py/geometry_msgs/msg/_twist_with_covariance_s.c.o
[ 95%] Building C object CMakeFiles/geometry_msgs__rosidl_generator_py.dir/rosidl_generator_py/geometry_msgs/msg/_twist_with_covariance_stamped_s.c.o
[ 96%] Building C object CMakeFiles/geometry_msgs__rosidl_generator_py.dir/rosidl_generator_py/geometry_msgs/msg/_vector3_s.c.o
[ 96%] Building C object CMakeFiles/geometry_msgs__rosidl_generator_py.dir/rosidl_generator_py/geometry_msgs/msg/_vector3_stamped_s.c.o
[ 96%] Building C object CMakeFiles/geometry_msgs__rosidl_generator_py.dir/rosidl_generator_py/geometry_msgs/msg/_wrench_stamped_s.c.o
[ 97%] Building C object CMakeFiles/geometry_msgs__rosidl_generator_py.dir/rosidl_generator_py/geometry_msgs/msg/_velocity_stamped_s.c.o
[ 97%] Building C object CMakeFiles/geometry_msgs__rosidl_generator_py.dir/rosidl_generator_py/geometry_msgs/msg/_wrench_s.c.o
[ 97%] Building C object CMakeFiles/geometry_msgs__rosidl_generator_py.dir/rosidl_generator_py/geometry_msgs/msg/_twist_stamped_s.c.o
[ 97%] Building C object CMakeFiles/geometry_msgs__rosidl_generator_py.dir/rosidl_generator_py/geometry_msgs/msg/_quaternion_s.c.o
[ 97%] Building C object CMakeFiles/geometry_msgs__rosidl_generator_py.dir/rosidl_generator_py/geometry_msgs/msg/_transform_s.c.o
[ 98%] Building C object CMakeFiles/geometry_msgs__rosidl_generator_py.dir/rosidl_generator_py/geometry_msgs/msg/_quaternion_stamped_s.c.o
[ 98%] Linking C shared library libgeometry_msgs__rosidl_generator_py.so
[ 98%] Built target geometry_msgs__rosidl_generator_py
[ 99%] Building C object CMakeFiles/geometry_msgs_s__rosidl_typesupport_c.dir/rosidl_generator_py/geometry_msgs/_geometry_msgs_s.ep.rosidl_typesupport_c.c.o
[ 99%] Building C object CMakeFiles/geometry_msgs_s__rosidl_typesupport_fastrtps_c.dir/rosidl_generator_py/geometry_msgs/_geometry_msgs_s.ep.rosidl_typesupport_fastrtps_c.c.o
[ 99%] Building C object CMakeFiles/geometry_msgs_s__rosidl_typesupport_introspection_c.dir/rosidl_generator_py/geometry_msgs/_geometry_msgs_s.ep.rosidl_typesupport_introspection_c.c.o
[ 99%] Linking C shared module rosidl_generator_py/geometry_msgs/geometry_msgs_s__rosidl_typesupport_c.so
[100%] Linking C shared module rosidl_generator_py/geometry_msgs/geometry_msgs_s__rosidl_typesupport_introspection_c.so
[100%] Linking C shared module rosidl_generator_py/geometry_msgs/geometry_msgs_s__rosidl_typesupport_fastrtps_c.so
[100%] Built target geometry_msgs_s__rosidl_typesupport_c
[100%] Built target geometry_msgs_s__rosidl_typesupport_introspection_c
[100%] Built target geometry_msgs_s__rosidl_typesupport_fastrtps_c
-- Install configuration: ""
-- Installing: /workspace/jazzy_ws/install/share/ament_index/resource_index/rosidl_interfaces/geometry_msgs
-- Installing: /workspace/jazzy_ws/install/share/geometry_msgs/msg/Accel.json
-- Installing: /workspace/jazzy_ws/install/share/geometry_msgs/msg/AccelStamped.json
-- Installing: /workspace/jazzy_ws/install/share/geometry_msgs/msg/AccelWithCovariance.json
-- Installing: /workspace/jazzy_ws/install/share/geometry_msgs/msg/AccelWithCovarianceStamped.json
-- Installing: /workspace/jazzy_ws/install/share/geometry_msgs/msg/Inertia.json
-- Installing: /workspace/jazzy_ws/install/share/geometry_msgs/msg/InertiaStamped.json
-- Installing: /workspace/jazzy_ws/install/share/geometry_msgs/msg/Point.json
-- Installing: /workspace/jazzy_ws/install/share/geometry_msgs/msg/Point32.json
-- Installing: /workspace/jazzy_ws/install/share/geometry_msgs/msg/PointStamped.json
-- Installing: /workspace/jazzy_ws/install/share/geometry_msgs/msg/Polygon.json
-- Installing: /workspace/jazzy_ws/install/share/geometry_msgs/msg/PolygonInstance.json
-- Installing: /workspace/jazzy_ws/install/share/geometry_msgs/msg/PolygonInstanceStamped.json
-- Installing: /workspace/jazzy_ws/install/share/geometry_msgs/msg/PolygonStamped.json
-- Installing: /workspace/jazzy_ws/install/share/geometry_msgs/msg/Pose.json
-- Installing: /workspace/jazzy_ws/install/share/geometry_msgs/msg/Pose2D.json
-- Installing: /workspace/jazzy_ws/install/share/geometry_msgs/msg/PoseArray.json
-- Installing: /workspace/jazzy_ws/install/share/geometry_msgs/msg/PoseStamped.json
-- Installing: /workspace/jazzy_ws/install/share/geometry_msgs/msg/PoseWithCovariance.json
-- Installing: /workspace/jazzy_ws/install/share/geometry_msgs/msg/PoseWithCovarianceStamped.json
-- Installing: /workspace/jazzy_ws/install/share/geometry_msgs/msg/Quaternion.json
-- Installing: /workspace/jazzy_ws/install/share/geometry_msgs/msg/QuaternionStamped.json
-- Installing: /workspace/jazzy_ws/install/share/geometry_msgs/msg/Transform.json
-- Installing: /workspace/jazzy_ws/install/share/geometry_msgs/msg/TransformStamped.json
-- Installing: /workspace/jazzy_ws/install/share/geometry_msgs/msg/Twist.json
-- Installing: /workspace/jazzy_ws/install/share/geometry_msgs/msg/TwistStamped.json
-- Installing: /workspace/jazzy_ws/install/share/geometry_msgs/msg/TwistWithCovariance.json
-- Installing: /workspace/jazzy_ws/install/share/geometry_msgs/msg/TwistWithCovarianceStamped.json
-- Installing: /workspace/jazzy_ws/install/share/geometry_msgs/msg/Vector3.json
-- Installing: /workspace/jazzy_ws/install/share/geometry_msgs/msg/Vector3Stamped.json
-- Installing: /workspace/jazzy_ws/install/share/geometry_msgs/msg/VelocityStamped.json
-- Installing: /workspace/jazzy_ws/install/share/geometry_msgs/msg/Wrench.json
-- Installing: /workspace/jazzy_ws/install/share/geometry_msgs/msg/WrenchStamped.json
-- Installing: /workspace/jazzy_ws/install/include/geometry_msgs/geometry_msgs
-- Installing: /workspace/jazzy_ws/install/include/geometry_msgs/geometry_msgs/msg
-- Installing: /workspace/jazzy_ws/install/include/geometry_msgs/geometry_msgs/msg/detail
-- Installing: /workspace/jazzy_ws/install/include/geometry_msgs/geometry_msgs/msg/detail/transform_stamped__struct.h
-- Installing: /workspace/jazzy_ws/install/include/geometry_msgs/geometry_msgs/msg/detail/twist__struct.h
-- Installing: /workspace/jazzy_ws/install/include/geometry_msgs/geometry_msgs/msg/detail/quaternion__description.c
-- Installing: /workspace/jazzy_ws/install/include/geometry_msgs/geometry_msgs/msg/detail/point_stamped__type_support.h
-- Installing: /workspace/jazzy_ws/install/include/geometry_msgs/geometry_msgs/msg/detail/quaternion_stamped__type_support.c
-- Installing: /workspace/jazzy_ws/install/include/geometry_msgs/geometry_msgs/msg/detail/twist_with_covariance_stamped__type_support.c
-- Installing: /workspace/jazzy_ws/install/include/geometry_msgs/geometry_msgs/msg/detail/point32__type_support.h
-- Installing: /workspace/jazzy_ws/install/include/geometry_msgs/geometry_msgs/msg/detail/accel__description.c
-- Installing: /workspace/jazzy_ws/install/include/geometry_msgs/geometry_msgs/msg/detail/vector3_stamped__struct.h
-- Installing: /workspace/jazzy_ws/install/include/geometry_msgs/geometry_msgs/msg/detail/pose_stamped__type_support.c
-- Installing: /workspace/jazzy_ws/install/include/geometry_msgs/geometry_msgs/msg/detail/polygon__type_support.h
-- Installing: /workspace/jazzy_ws/install/include/geometry_msgs/geometry_msgs/msg/detail/pose_with_covariance__functions.h
-- Installing: /workspace/jazzy_ws/install/include/geometry_msgs/geometry_msgs/msg/detail/wrench_stamped__functions.h
-- Installing: /workspace/jazzy_ws/install/include/geometry_msgs/geometry_msgs/msg/detail/inertia__type_support.h
-- Installing: /workspace/jazzy_ws/install/include/geometry_msgs/geometry_msgs/msg/detail/pose_with_covariance__struct.h
-- Installing: /workspace/jazzy_ws/install/include/geometry_msgs/geometry_msgs/msg/detail/accel_stamped__description.c
-- Installing: /workspace/jazzy_ws/install/include/geometry_msgs/geometry_msgs/msg/detail/pose_stamped__struct.h
-- Installing: /workspace/jazzy_ws/install/include/geometry_msgs/geometry_msgs/msg/detail/twist__type_support.h
-- Installing: /workspace/jazzy_ws/install/include/geometry_msgs/geometry_msgs/msg/detail/polygon_stamped__struct.h
-- Installing: /workspace/jazzy_ws/install/include/geometry_msgs/geometry_msgs/msg/detail/point_stamped__type_support.c
-- Installing: /workspace/jazzy_ws/install/include/geometry_msgs/geometry_msgs/msg/detail/transform_stamped__functions.c
-- Installing: /workspace/jazzy_ws/install/include/geometry_msgs/geometry_msgs/msg/detail/vector3__description.c
-- Installing: /workspace/jazzy_ws/install/include/geometry_msgs/geometry_msgs/msg/detail/wrench_stamped__type_support.h
-- Installing: /workspace/jazzy_ws/install/include/geometry_msgs/geometry_msgs/msg/detail/vector3_stamped__functions.h
-- Installing: /workspace/jazzy_ws/install/include/geometry_msgs/geometry_msgs/msg/detail/pose__description.c
-- Installing: /workspace/jazzy_ws/install/include/geometry_msgs/geometry_msgs/msg/detail/twist_with_covariance__description.c
-- Installing: /workspace/jazzy_ws/install/include/geometry_msgs/geometry_msgs/msg/detail/polygon_stamped__description.c
-- Installing: /workspace/jazzy_ws/install/include/geometry_msgs/geometry_msgs/msg/detail/accel_with_covariance__type_support.c
-- Installing: /workspace/jazzy_ws/install/include/geometry_msgs/geometry_msgs/msg/detail/vector3_stamped__functions.c
-- Installing: /workspace/jazzy_ws/install/include/geometry_msgs/geometry_msgs/msg/detail/point__description.c
-- Installing: /workspace/jazzy_ws/install/include/geometry_msgs/geometry_msgs/msg/detail/polygon__struct.h
-- Installing: /workspace/jazzy_ws/install/include/geometry_msgs/geometry_msgs/msg/detail/quaternion_stamped__struct.h
-- Installing: /workspace/jazzy_ws/install/include/geometry_msgs/geometry_msgs/msg/detail/accel_with_covariance_stamped__struct.h
-- Installing: /workspace/jazzy_ws/install/include/geometry_msgs/geometry_msgs/msg/detail/inertia_stamped__type_support.h
-- Installing: /workspace/jazzy_ws/install/include/geometry_msgs/geometry_msgs/msg/detail/twist_stamped__description.c
-- Installing: /workspace/jazzy_ws/install/include/geometry_msgs/geometry_msgs/msg/detail/pose2_d__type_support.h
-- Installing: /workspace/jazzy_ws/install/include/geometry_msgs/geometry_msgs/msg/detail/pose_with_covariance_stamped__functions.c
-- Installing: /workspace/jazzy_ws/install/include/geometry_msgs/geometry_msgs/msg/detail/point_stamped__struct.h
-- Installing: /workspace/jazzy_ws/install/include/geometry_msgs/geometry_msgs/msg/detail/polygon_instance__type_support.h
-- Installing: /workspace/jazzy_ws/install/include/geometry_msgs/geometry_msgs/msg/detail/accel_with_covariance__struct.h
-- Installing: /workspace/jazzy_ws/install/include/geometry_msgs/geometry_msgs/msg/detail/polygon__functions.h
-- Installing: /workspace/jazzy_ws/install/include/geometry_msgs/geometry_msgs/msg/detail/wrench_stamped__struct.h
-- Installing: /workspace/jazzy_ws/install/include/geometry_msgs/geometry_msgs/msg/detail/twist_with_covariance__type_support.c
-- Installing: /workspace/jazzy_ws/install/include/geometry_msgs/geometry_msgs/msg/detail/accel__type_support.h
-- Installing: /workspace/jazzy_ws/install/include/geometry_msgs/geometry_msgs/msg/detail/inertia_stamped__description.c
-- Installing: /workspace/jazzy_ws/install/include/geometry_msgs/geometry_msgs/msg/detail/twist__functions.h
-- Installing: /workspace/jazzy_ws/install/include/geometry_msgs/geometry_msgs/msg/detail/inertia_stamped__struct.h
-- Installing: /workspace/jazzy_ws/install/include/geometry_msgs/geometry_msgs/msg/detail/velocity_stamped__type_support.h
-- Installing: /workspace/jazzy_ws/install/include/geometry_msgs/geometry_msgs/msg/detail/inertia__description.c
-- Installing: /workspace/jazzy_ws/install/include/geometry_msgs/geometry_msgs/msg/detail/velocity_stamped__functions.h
-- Installing: /workspace/jazzy_ws/install/include/geometry_msgs/geometry_msgs/msg/detail/twist_stamped__type_support.c
-- Installing: /workspace/jazzy_ws/install/include/geometry_msgs/geometry_msgs/msg/detail/polygon_instance_stamped__type_support.c
-- Installing: /workspace/jazzy_ws/install/include/geometry_msgs/geometry_msgs/msg/detail/wrench__functions.c
-- Installing: /workspace/jazzy_ws/install/include/geometry_msgs/geometry_msgs/msg/detail/accel_with_covariance_stamped__functions.h
-- Installing: /workspace/jazzy_ws/install/include/geometry_msgs/geometry_msgs/msg/detail/vector3__struct.h
-- Installing: /workspace/jazzy_ws/install/include/geometry_msgs/geometry_msgs/msg/detail/polygon__functions.c
-- Installing: /workspace/jazzy_ws/install/include/geometry_msgs/geometry_msgs/msg/detail/transform__struct.h
-- Installing: /workspace/jazzy_ws/install/include/geometry_msgs/geometry_msgs/msg/detail/twist_with_covariance__struct.h
-- Installing: /workspace/jazzy_ws/install/include/geometry_msgs/geometry_msgs/msg/detail/transform_stamped__type_support.c
-- Installing: /workspace/jazzy_ws/install/include/geometry_msgs/geometry_msgs/msg/detail/transform_stamped__functions.h
-- Installing: /workspace/jazzy_ws/install/include/geometry_msgs/geometry_msgs/msg/detail/pose_with_covariance_stamped__type_support.h
-- Installing: /workspace/jazzy_ws/install/include/geometry_msgs/geometry_msgs/msg/detail/pose2_d__struct.h
-- Installing: /workspace/jazzy_ws/install/include/geometry_msgs/geometry_msgs/msg/detail/polygon__type_support.c
-- Installing: /workspace/jazzy_ws/install/include/geometry_msgs/geometry_msgs/msg/detail/inertia_stamped__type_support.c
-- Installing: /workspace/jazzy_ws/install/include/geometry_msgs/geometry_msgs/msg/detail/inertia__struct.h
-- Installing: /workspace/jazzy_ws/install/include/geometry_msgs/geometry_msgs/msg/detail/polygon_instance_stamped__functions.h
-- Installing: /workspace/jazzy_ws/install/include/geometry_msgs/geometry_msgs/msg/detail/quaternion__functions.c
-- Installing: /workspace/jazzy_ws/install/include/geometry_msgs/geometry_msgs/msg/detail/pose_with_covariance__type_support.c
-- Installing: /workspace/jazzy_ws/install/include/geometry_msgs/geometry_msgs/msg/detail/twist_with_covariance_stamped__functions.c
-- Installing: /workspace/jazzy_ws/install/include/geometry_msgs/geometry_msgs/msg/detail/quaternion__type_support.h
-- Installing: /workspace/jazzy_ws/install/include/geometry_msgs/geometry_msgs/msg/detail/pose2_d__functions.h
-- Installing: /workspace/jazzy_ws/install/include/geometry_msgs/geometry_msgs/msg/detail/polygon_instance__functions.h
-- Installing: /workspace/jazzy_ws/install/include/geometry_msgs/geometry_msgs/msg/detail/point32__functions.h
-- Installing: /workspace/jazzy_ws/install/include/geometry_msgs/geometry_msgs/msg/detail/twist__description.c
-- Installing: /workspace/jazzy_ws/install/include/geometry_msgs/geometry_msgs/msg/detail/polygon_stamped__functions.c
-- Installing: /workspace/jazzy_ws/install/include/geometry_msgs/geometry_msgs/msg/detail/point__functions.c
-- Installing: /workspace/jazzy_ws/install/include/geometry_msgs/geometry_msgs/msg/detail/pose_array__functions.h
-- Installing: /workspace/jazzy_ws/install/include/geometry_msgs/geometry_msgs/msg/detail/twist_with_covariance__functions.c
-- Installing: /workspace/jazzy_ws/install/include/geometry_msgs/geometry_msgs/msg/detail/polygon_instance_stamped__type_support.h
-- Installing: /workspace/jazzy_ws/install/include/geometry_msgs/geometry_msgs/msg/detail/point__type_support.c
-- Installing: /workspace/jazzy_ws/install/include/geometry_msgs/geometry_msgs/msg/detail/twist_with_covariance_stamped__description.c
-- Installing: /workspace/jazzy_ws/install/include/geometry_msgs/geometry_msgs/msg/detail/wrench_stamped__type_support.c
-- Installing: /workspace/jazzy_ws/install/include/geometry_msgs/geometry_msgs/msg/detail/quaternion__type_support.c
-- Installing: /workspace/jazzy_ws/install/include/geometry_msgs/geometry_msgs/msg/detail/polygon_instance_stamped__struct.h
-- Installing: /workspace/jazzy_ws/install/include/geometry_msgs/geometry_msgs/msg/detail/quaternion_stamped__functions.h
-- Installing: /workspace/jazzy_ws/install/include/geometry_msgs/geometry_msgs/msg/detail/pose__struct.h
-- Installing: /workspace/jazzy_ws/install/include/geometry_msgs/geometry_msgs/msg/detail/pose_with_covariance__description.c
-- Installing: /workspace/jazzy_ws/install/include/geometry_msgs/geometry_msgs/msg/detail/vector3__type_support.h
-- Installing: /workspace/jazzy_ws/install/include/geometry_msgs/geometry_msgs/msg/detail/transform__functions.h
-- Installing: /workspace/jazzy_ws/install/include/geometry_msgs/geometry_msgs/msg/detail/velocity_stamped__struct.h
-- Installing: /workspace/jazzy_ws/install/include/geometry_msgs/geometry_msgs/msg/detail/accel_with_covariance_stamped__functions.c
-- Installing: /workspace/jazzy_ws/install/include/geometry_msgs/geometry_msgs/msg/detail/point__type_support.h
-- Installing: /workspace/jazzy_ws/install/include/geometry_msgs/geometry_msgs/msg/detail/accel__struct.h
-- Installing: /workspace/jazzy_ws/install/include/geometry_msgs/geometry_msgs/msg/detail/pose__type_support.c
-- Installing: /workspace/jazzy_ws/install/include/geometry_msgs/geometry_msgs/msg/detail/accel_stamped__functions.h
-- Installing: /workspace/jazzy_ws/install/include/geometry_msgs/geometry_msgs/msg/detail/accel_stamped__type_support.h
-- Installing: /workspace/jazzy_ws/install/include/geometry_msgs/geometry_msgs/msg/detail/twist_stamped__type_support.h
-- Installing: /workspace/jazzy_ws/install/include/geometry_msgs/geometry_msgs/msg/detail/polygon__description.c
-- Installing: /workspace/jazzy_ws/install/include/geometry_msgs/geometry_msgs/msg/detail/pose_stamped__functions.h
-- Installing: /workspace/jazzy_ws/install/include/geometry_msgs/geometry_msgs/msg/detail/twist_with_covariance_stamped__functions.h
-- Installing: /workspace/jazzy_ws/install/include/geometry_msgs/geometry_msgs/msg/detail/point__struct.h
-- Installing: /workspace/jazzy_ws/install/include/geometry_msgs/geometry_msgs/msg/detail/polygon_instance_stamped__functions.c
-- Installing: /workspace/jazzy_ws/install/include/geometry_msgs/geometry_msgs/msg/detail/inertia__functions.c
-- Installing: /workspace/jazzy_ws/install/include/geometry_msgs/geometry_msgs/msg/detail/transform__type_support.c
-- Installing: /workspace/jazzy_ws/install/include/geometry_msgs/geometry_msgs/msg/detail/accel_with_covariance__functions.h
-- Installing: /workspace/jazzy_ws/install/include/geometry_msgs/geometry_msgs/msg/detail/transform_stamped__description.c
-- Installing: /workspace/jazzy_ws/install/include/geometry_msgs/geometry_msgs/msg/detail/velocity_stamped__type_support.c
-- Installing: /workspace/jazzy_ws/install/include/geometry_msgs/geometry_msgs/msg/detail/point_stamped__functions.c
-- Installing: /workspace/jazzy_ws/install/include/geometry_msgs/geometry_msgs/msg/detail/accel_with_covariance_stamped__description.c
-- Installing: /workspace/jazzy_ws/install/include/geometry_msgs/geometry_msgs/msg/detail/twist_with_covariance__type_support.h
-- Installing: /workspace/jazzy_ws/install/include/geometry_msgs/geometry_msgs/msg/detail/pose2_d__description.c
-- Installing: /workspace/jazzy_ws/install/include/geometry_msgs/geometry_msgs/msg/detail/twist_stamped__struct.h
-- Installing: /workspace/jazzy_ws/install/include/geometry_msgs/geometry_msgs/msg/detail/accel_with_covariance_stamped__type_support.c
-- Installing: /workspace/jazzy_ws/install/include/geometry_msgs/geometry_msgs/msg/detail/quaternion_stamped__description.c
-- Installing: /workspace/jazzy_ws/install/include/geometry_msgs/geometry_msgs/msg/detail/vector3_stamped__type_support.h
-- Installing: /workspace/jazzy_ws/install/include/geometry_msgs/geometry_msgs/msg/detail/pose2_d__type_support.c
-- Installing: /workspace/jazzy_ws/install/include/geometry_msgs/geometry_msgs/msg/detail/velocity_stamped__description.c
-- Installing: /workspace/jazzy_ws/install/include/geometry_msgs/geometry_msgs/msg/detail/wrench_stamped__functions.c
-- Installing: /workspace/jazzy_ws/install/include/geometry_msgs/geometry_msgs/msg/detail/twist_stamped__functions.h
-- Installing: /workspace/jazzy_ws/install/include/geometry_msgs/geometry_msgs/msg/detail/twist_with_covariance_stamped__struct.h
-- Installing: /workspace/jazzy_ws/install/include/geometry_msgs/geometry_msgs/msg/detail/polygon_instance__description.c
-- Installing: /workspace/jazzy_ws/install/include/geometry_msgs/geometry_msgs/msg/detail/accel_stamped__functions.c
-- Installing: /workspace/jazzy_ws/install/include/geometry_msgs/geometry_msgs/msg/detail/pose_stamped__type_support.h
-- Installing: /workspace/jazzy_ws/install/include/geometry_msgs/geometry_msgs/msg/detail/twist__type_support.c
-- Installing: /workspace/jazzy_ws/install/include/geometry_msgs/geometry_msgs/msg/detail/transform_stamped__type_support.h
-- Installing: /workspace/jazzy_ws/install/include/geometry_msgs/geometry_msgs/msg/detail/wrench__struct.h
-- Installing: /workspace/jazzy_ws/install/include/geometry_msgs/geometry_msgs/msg/detail/pose_with_covariance__type_support.h
-- Installing: /workspace/jazzy_ws/install/include/geometry_msgs/geometry_msgs/msg/detail/inertia_stamped__functions.h
-- Installing: /workspace/jazzy_ws/install/include/geometry_msgs/geometry_msgs/msg/detail/quaternion_stamped__type_support.h
-- Installing: /workspace/jazzy_ws/install/include/geometry_msgs/geometry_msgs/msg/detail/transform__description.c
-- Installing: /workspace/jazzy_ws/install/include/geometry_msgs/geometry_msgs/msg/detail/polygon_instance__type_support.c
-- Installing: /workspace/jazzy_ws/install/include/geometry_msgs/geometry_msgs/msg/detail/polygon_instance_stamped__description.c
-- Installing: /workspace/jazzy_ws/install/include/geometry_msgs/geometry_msgs/msg/detail/velocity_stamped__functions.c
-- Installing: /workspace/jazzy_ws/install/include/geometry_msgs/geometry_msgs/msg/detail/point32__type_support.c
-- Installing: /workspace/jazzy_ws/install/include/geometry_msgs/geometry_msgs/msg/detail/transform__functions.c
-- Installing: /workspace/jazzy_ws/install/include/geometry_msgs/geometry_msgs/msg/detail/vector3_stamped__type_support.c
-- Installing: /workspace/jazzy_ws/install/include/geometry_msgs/geometry_msgs/msg/detail/pose_array__type_support.h
-- Installing: /workspace/jazzy_ws/install/include/geometry_msgs/geometry_msgs/msg/detail/point_stamped__description.c
-- Installing: /workspace/jazzy_ws/install/include/geometry_msgs/geometry_msgs/msg/detail/twist_with_covariance_stamped__type_support.h
-- Installing: /workspace/jazzy_ws/install/include/geometry_msgs/geometry_msgs/msg/detail/accel_stamped__struct.h
-- Installing: /workspace/jazzy_ws/install/include/geometry_msgs/geometry_msgs/msg/detail/pose_array__type_support.c
-- Installing: /workspace/jazzy_ws/install/include/geometry_msgs/geometry_msgs/msg/detail/inertia__functions.h
-- Installing: /workspace/jazzy_ws/install/include/geometry_msgs/geometry_msgs/msg/detail/twist_stamped__functions.c
-- Installing: /workspace/jazzy_ws/install/include/geometry_msgs/geometry_msgs/msg/detail/transform__type_support.h
-- Installing: /workspace/jazzy_ws/install/include/geometry_msgs/geometry_msgs/msg/detail/pose_stamped__description.c
-- Installing: /workspace/jazzy_ws/install/include/geometry_msgs/geometry_msgs/msg/detail/pose_with_covariance_stamped__struct.h
-- Installing: /workspace/jazzy_ws/install/include/geometry_msgs/geometry_msgs/msg/detail/accel_stamped__type_support.c
-- Installing: /workspace/jazzy_ws/install/include/geometry_msgs/geometry_msgs/msg/detail/pose_with_covariance__functions.c
-- Installing: /workspace/jazzy_ws/install/include/geometry_msgs/geometry_msgs/msg/detail/polygon_instance__struct.h
-- Installing: /workspace/jazzy_ws/install/include/geometry_msgs/geometry_msgs/msg/detail/twist_with_covariance__functions.h
-- Installing: /workspace/jazzy_ws/install/include/geometry_msgs/geometry_msgs/msg/detail/vector3__functions.c
-- Installing: /workspace/jazzy_ws/install/include/geometry_msgs/geometry_msgs/msg/detail/pose__functions.h
-- Installing: /workspace/jazzy_ws/install/include/geometry_msgs/geometry_msgs/msg/detail/polygon_stamped__type_support.h
-- Installing: /workspace/jazzy_ws/install/include/geometry_msgs/geometry_msgs/msg/detail/vector3__functions.h
-- Installing: /workspace/jazzy_ws/install/include/geometry_msgs/geometry_msgs/msg/detail/pose__type_support.h
-- Installing: /workspace/jazzy_ws/install/include/geometry_msgs/geometry_msgs/msg/detail/pose_array__struct.h
-- Installing: /workspace/jazzy_ws/install/include/geometry_msgs/geometry_msgs/msg/detail/inertia_stamped__functions.c
-- Installing: /workspace/jazzy_ws/install/include/geometry_msgs/geometry_msgs/msg/detail/point_stamped__functions.h
-- Installing: /workspace/jazzy_ws/install/include/geometry_msgs/geometry_msgs/msg/detail/pose_array__description.c
-- Installing: /workspace/jazzy_ws/install/include/geometry_msgs/geometry_msgs/msg/detail/wrench__type_support.h
-- Installing: /workspace/jazzy_ws/install/include/geometry_msgs/geometry_msgs/msg/detail/polygon_stamped__functions.h
-- Installing: /workspace/jazzy_ws/install/include/geometry_msgs/geometry_msgs/msg/detail/accel_with_covariance__description.c
-- Installing: /workspace/jazzy_ws/install/include/geometry_msgs/geometry_msgs/msg/detail/pose_with_covariance_stamped__functions.h
-- Installing: /workspace/jazzy_ws/install/include/geometry_msgs/geometry_msgs/msg/detail/point32__struct.h
-- Installing: /workspace/jazzy_ws/install/include/geometry_msgs/geometry_msgs/msg/detail/wrench__type_support.c
-- Installing: /workspace/jazzy_ws/install/include/geometry_msgs/geometry_msgs/msg/detail/wrench__description.c
-- Installing: /workspace/jazzy_ws/install/include/geometry_msgs/geometry_msgs/msg/detail/pose_stamped__functions.c
-- Installing: /workspace/jazzy_ws/install/include/geometry_msgs/geometry_msgs/msg/detail/pose_with_covariance_stamped__type_support.c
-- Installing: /workspace/jazzy_ws/install/include/geometry_msgs/geometry_msgs/msg/detail/accel_with_covariance_stamped__type_support.h
-- Installing: /workspace/jazzy_ws/install/include/geometry_msgs/geometry_msgs/msg/detail/pose_with_covariance_stamped__description.c
-- Installing: /workspace/jazzy_ws/install/include/geometry_msgs/geometry_msgs/msg/detail/vector3__type_support.c
-- Installing: /workspace/jazzy_ws/install/include/geometry_msgs/geometry_msgs/msg/detail/quaternion__functions.h
-- Installing: /workspace/jazzy_ws/install/include/geometry_msgs/geometry_msgs/msg/detail/accel__functions.h
-- Installing: /workspace/jazzy_ws/install/include/geometry_msgs/geometry_msgs/msg/detail/polygon_instance__functions.c
-- Installing: /workspace/jazzy_ws/install/include/geometry_msgs/geometry_msgs/msg/detail/twist__functions.c
-- Installing: /workspace/jazzy_ws/install/include/geometry_msgs/geometry_msgs/msg/detail/point__functions.h
-- Installing: /workspace/jazzy_ws/install/include/geometry_msgs/geometry_msgs/msg/detail/inertia__type_support.c
-- Installing: /workspace/jazzy_ws/install/include/geometry_msgs/geometry_msgs/msg/detail/point32__functions.c
-- Installing: /workspace/jazzy_ws/install/include/geometry_msgs/geometry_msgs/msg/detail/quaternion__struct.h
-- Installing: /workspace/jazzy_ws/install/include/geometry_msgs/geometry_msgs/msg/detail/quaternion_stamped__functions.c
-- Installing: /workspace/jazzy_ws/install/include/geometry_msgs/geometry_msgs/msg/detail/pose_array__functions.c
-- Installing: /workspace/jazzy_ws/install/include/geometry_msgs/geometry_msgs/msg/detail/vector3_stamped__description.c
-- Installing: /workspace/jazzy_ws/install/include/geometry_msgs/geometry_msgs/msg/detail/polygon_stamped__type_support.c
-- Installing: /workspace/jazzy_ws/install/include/geometry_msgs/geometry_msgs/msg/detail/accel_with_covariance__functions.c
-- Installing: /workspace/jazzy_ws/install/include/geometry_msgs/geometry_msgs/msg/detail/wrench_stamped__description.c
-- Installing: /workspace/jazzy_ws/install/include/geometry_msgs/geometry_msgs/msg/detail/pose__functions.c
-- Installing: /workspace/jazzy_ws/install/include/geometry_msgs/geometry_msgs/msg/detail/accel__functions.c
-- Installing: /workspace/jazzy_ws/install/include/geometry_msgs/geometry_msgs/msg/detail/accel__type_support.c
-- Installing: /workspace/jazzy_ws/install/include/geometry_msgs/geometry_msgs/msg/detail/pose2_d__functions.c
-- Installing: /workspace/jazzy_ws/install/include/geometry_msgs/geometry_msgs/msg/detail/accel_with_covariance__type_support.h
-- Installing: /workspace/jazzy_ws/install/include/geometry_msgs/geometry_msgs/msg/detail/point32__description.c
-- Installing: /workspace/jazzy_ws/install/include/geometry_msgs/geometry_msgs/msg/detail/wrench__functions.h
-- Installing: /workspace/jazzy_ws/install/include/geometry_msgs/geometry_msgs/msg/wrench.h
-- Installing: /workspace/jazzy_ws/install/include/geometry_msgs/geometry_msgs/msg/polygon.h
-- Installing: /workspace/jazzy_ws/install/include/geometry_msgs/geometry_msgs/msg/quaternion_stamped.h
-- Installing: /workspace/jazzy_ws/install/include/geometry_msgs/geometry_msgs/msg/wrench_stamped.h
-- Installing: /workspace/jazzy_ws/install/include/geometry_msgs/geometry_msgs/msg/polygon_instance_stamped.h
-- Installing: /workspace/jazzy_ws/install/include/geometry_msgs/geometry_msgs/msg/twist_stamped.h
-- Installing: /workspace/jazzy_ws/install/include/geometry_msgs/geometry_msgs/msg/pose.h
-- Installing: /workspace/jazzy_ws/install/include/geometry_msgs/geometry_msgs/msg/vector3.h
-- Installing: /workspace/jazzy_ws/install/include/geometry_msgs/geometry_msgs/msg/point32.h
-- Installing: /workspace/jazzy_ws/install/include/geometry_msgs/geometry_msgs/msg/pose_with_covariance.h
-- Installing: /workspace/jazzy_ws/install/include/geometry_msgs/geometry_msgs/msg/twist_with_covariance_stamped.h
-- Installing: /workspace/jazzy_ws/install/include/geometry_msgs/geometry_msgs/msg/pose_with_covariance_stamped.h
-- Installing: /workspace/jazzy_ws/install/include/geometry_msgs/geometry_msgs/msg/pose_stamped.h
-- Installing: /workspace/jazzy_ws/install/include/geometry_msgs/geometry_msgs/msg/accel_with_covariance_stamped.h
-- Installing: /workspace/jazzy_ws/install/include/geometry_msgs/geometry_msgs/msg/transform_stamped.h
-- Installing: /workspace/jazzy_ws/install/include/geometry_msgs/geometry_msgs/msg/accel_with_covariance.h
-- Installing: /workspace/jazzy_ws/install/include/geometry_msgs/geometry_msgs/msg/vector3_stamped.h
-- Installing: /workspace/jazzy_ws/install/include/geometry_msgs/geometry_msgs/msg/inertia_stamped.h
-- Installing: /workspace/jazzy_ws/install/include/geometry_msgs/geometry_msgs/msg/polygon_instance.h
-- Installing: /workspace/jazzy_ws/install/include/geometry_msgs/geometry_msgs/msg/transform.h
-- Installing: /workspace/jazzy_ws/install/include/geometry_msgs/geometry_msgs/msg/point.h
-- Installing: /workspace/jazzy_ws/install/include/geometry_msgs/geometry_msgs/msg/twist_with_covariance.h
-- Installing: /workspace/jazzy_ws/install/include/geometry_msgs/geometry_msgs/msg/velocity_stamped.h
-- Installing: /workspace/jazzy_ws/install/include/geometry_msgs/geometry_msgs/msg/pose_array.h
-- Installing: /workspace/jazzy_ws/install/include/geometry_msgs/geometry_msgs/msg/point_stamped.h
-- Installing: /workspace/jazzy_ws/install/include/geometry_msgs/geometry_msgs/msg/accel.h
-- Installing: /workspace/jazzy_ws/install/include/geometry_msgs/geometry_msgs/msg/pose2_d.h
-- Installing: /workspace/jazzy_ws/install/include/geometry_msgs/geometry_msgs/msg/twist.h
-- Installing: /workspace/jazzy_ws/install/include/geometry_msgs/geometry_msgs/msg/accel_stamped.h
-- Installing: /workspace/jazzy_ws/install/include/geometry_msgs/geometry_msgs/msg/inertia.h
-- Installing: /workspace/jazzy_ws/install/include/geometry_msgs/geometry_msgs/msg/polygon_stamped.h
-- Installing: /workspace/jazzy_ws/install/include/geometry_msgs/geometry_msgs/msg/quaternion.h
-- Installing: /workspace/jazzy_ws/install/include/geometry_msgs/geometry_msgs/msg/rosidl_generator_c__visibility_control.h
-- Installing: /workspace/jazzy_ws/install/share/geometry_msgs/environment/library_path.sh
-- Installing: /workspace/jazzy_ws/install/share/geometry_msgs/environment/library_path.dsv
-- Installing: /workspace/jazzy_ws/install/lib/libgeometry_msgs__rosidl_generator_c.so
-- Set non-toolchain portion of runtime path of "/workspace/jazzy_ws/install/lib/libgeometry_msgs__rosidl_generator_c.so" to ""
-- Up-to-date: /workspace/jazzy_ws/install/include/geometry_msgs/geometry_msgs
-- Up-to-date: /workspace/jazzy_ws/install/include/geometry_msgs/geometry_msgs/msg
-- Up-to-date: /workspace/jazzy_ws/install/include/geometry_msgs/geometry_msgs/msg/detail
-- Installing: /workspace/jazzy_ws/install/include/geometry_msgs/geometry_msgs/msg/detail/polygon_instance_stamped__rosidl_typesupport_fastrtps_c.h
-- Installing: /workspace/jazzy_ws/install/include/geometry_msgs/geometry_msgs/msg/detail/point32__rosidl_typesupport_fastrtps_c.h
-- Installing: /workspace/jazzy_ws/install/include/geometry_msgs/geometry_msgs/msg/detail/pose2_d__rosidl_typesupport_fastrtps_c.h
-- Installing: /workspace/jazzy_ws/install/include/geometry_msgs/geometry_msgs/msg/detail/accel_stamped__rosidl_typesupport_fastrtps_c.h
-- Installing: /workspace/jazzy_ws/install/include/geometry_msgs/geometry_msgs/msg/detail/pose_array__rosidl_typesupport_fastrtps_c.h
-- Installing: /workspace/jazzy_ws/install/include/geometry_msgs/geometry_msgs/msg/detail/inertia_stamped__rosidl_typesupport_fastrtps_c.h
-- Installing: /workspace/jazzy_ws/install/include/geometry_msgs/geometry_msgs/msg/detail/accel_with_covariance_stamped__rosidl_typesupport_fastrtps_c.h
-- Installing: /workspace/jazzy_ws/install/include/geometry_msgs/geometry_msgs/msg/detail/accel__rosidl_typesupport_fastrtps_c.h
-- Installing: /workspace/jazzy_ws/install/include/geometry_msgs/geometry_msgs/msg/detail/twist_with_covariance_stamped__rosidl_typesupport_fastrtps_c.h
-- Installing: /workspace/jazzy_ws/install/include/geometry_msgs/geometry_msgs/msg/detail/wrench_stamped__rosidl_typesupport_fastrtps_c.h
-- Installing: /workspace/jazzy_ws/install/include/geometry_msgs/geometry_msgs/msg/detail/wrench__rosidl_typesupport_fastrtps_c.h
-- Installing: /workspace/jazzy_ws/install/include/geometry_msgs/geometry_msgs/msg/detail/vector3__rosidl_typesupport_fastrtps_c.h
-- Installing: /workspace/jazzy_ws/install/include/geometry_msgs/geometry_msgs/msg/detail/transform_stamped__rosidl_typesupport_fastrtps_c.h
-- Installing: /workspace/jazzy_ws/install/include/geometry_msgs/geometry_msgs/msg/detail/quaternion__rosidl_typesupport_fastrtps_c.h
-- Installing: /workspace/jazzy_ws/install/include/geometry_msgs/geometry_msgs/msg/detail/pose__rosidl_typesupport_fastrtps_c.h
-- Installing: /workspace/jazzy_ws/install/include/geometry_msgs/geometry_msgs/msg/detail/pose_with_covariance__rosidl_typesupport_fastrtps_c.h
-- Installing: /workspace/jazzy_ws/install/include/geometry_msgs/geometry_msgs/msg/detail/transform__rosidl_typesupport_fastrtps_c.h
-- Installing: /workspace/jazzy_ws/install/include/geometry_msgs/geometry_msgs/msg/detail/polygon__rosidl_typesupport_fastrtps_c.h
-- Installing: /workspace/jazzy_ws/install/include/geometry_msgs/geometry_msgs/msg/detail/accel_with_covariance__rosidl_typesupport_fastrtps_c.h
-- Installing: /workspace/jazzy_ws/install/include/geometry_msgs/geometry_msgs/msg/detail/velocity_stamped__rosidl_typesupport_fastrtps_c.h
-- Installing: /workspace/jazzy_ws/install/include/geometry_msgs/geometry_msgs/msg/detail/point__rosidl_typesupport_fastrtps_c.h
-- Installing: /workspace/jazzy_ws/install/include/geometry_msgs/geometry_msgs/msg/detail/inertia__rosidl_typesupport_fastrtps_c.h
-- Installing: /workspace/jazzy_ws/install/include/geometry_msgs/geometry_msgs/msg/detail/twist_stamped__rosidl_typesupport_fastrtps_c.h
-- Installing: /workspace/jazzy_ws/install/include/geometry_msgs/geometry_msgs/msg/detail/vector3_stamped__rosidl_typesupport_fastrtps_c.h
-- Installing: /workspace/jazzy_ws/install/include/geometry_msgs/geometry_msgs/msg/detail/pose_stamped__rosidl_typesupport_fastrtps_c.h
-- Installing: /workspace/jazzy_ws/install/include/geometry_msgs/geometry_msgs/msg/detail/polygon_instance__rosidl_typesupport_fastrtps_c.h
-- Installing: /workspace/jazzy_ws/install/include/geometry_msgs/geometry_msgs/msg/detail/pose_with_covariance_stamped__rosidl_typesupport_fastrtps_c.h
-- Installing: /workspace/jazzy_ws/install/include/geometry_msgs/geometry_msgs/msg/detail/twist__rosidl_typesupport_fastrtps_c.h
-- Installing: /workspace/jazzy_ws/install/include/geometry_msgs/geometry_msgs/msg/detail/point_stamped__rosidl_typesupport_fastrtps_c.h
-- Installing: /workspace/jazzy_ws/install/include/geometry_msgs/geometry_msgs/msg/detail/polygon_stamped__rosidl_typesupport_fastrtps_c.h
-- Installing: /workspace/jazzy_ws/install/include/geometry_msgs/geometry_msgs/msg/detail/quaternion_stamped__rosidl_typesupport_fastrtps_c.h
-- Installing: /workspace/jazzy_ws/install/include/geometry_msgs/geometry_msgs/msg/detail/twist_with_covariance__rosidl_typesupport_fastrtps_c.h
-- Installing: /workspace/jazzy_ws/install/include/geometry_msgs/geometry_msgs/msg/rosidl_typesupport_fastrtps_c__visibility_control.h
-- Installing: /workspace/jazzy_ws/install/lib/libgeometry_msgs__rosidl_typesupport_fastrtps_c.so
-- Set non-toolchain portion of runtime path of "/workspace/jazzy_ws/install/lib/libgeometry_msgs__rosidl_typesupport_fastrtps_c.so" to ""
-- Up-to-date: /workspace/jazzy_ws/install/include/geometry_msgs/geometry_msgs
-- Up-to-date: /workspace/jazzy_ws/install/include/geometry_msgs/geometry_msgs/msg
-- Up-to-date: /workspace/jazzy_ws/install/include/geometry_msgs/geometry_msgs/msg/detail
-- Installing: /workspace/jazzy_ws/install/include/geometry_msgs/geometry_msgs/msg/detail/twist_with_covariance__rosidl_typesupport_introspection_c.h
-- Installing: /workspace/jazzy_ws/install/include/geometry_msgs/geometry_msgs/msg/detail/transform__rosidl_typesupport_introspection_c.h
-- Installing: /workspace/jazzy_ws/install/include/geometry_msgs/geometry_msgs/msg/detail/quaternion_stamped__type_support.c
-- Installing: /workspace/jazzy_ws/install/include/geometry_msgs/geometry_msgs/msg/detail/twist_with_covariance_stamped__rosidl_typesupport_introspection_c.h
-- Installing: /workspace/jazzy_ws/install/include/geometry_msgs/geometry_msgs/msg/detail/quaternion__rosidl_typesupport_introspection_c.h
-- Installing: /workspace/jazzy_ws/install/include/geometry_msgs/geometry_msgs/msg/detail/twist_with_covariance_stamped__type_support.c
-- Installing: /workspace/jazzy_ws/install/include/geometry_msgs/geometry_msgs/msg/detail/pose_stamped__type_support.c
-- Installing: /workspace/jazzy_ws/install/include/geometry_msgs/geometry_msgs/msg/detail/point_stamped__type_support.c
-- Installing: /workspace/jazzy_ws/install/include/geometry_msgs/geometry_msgs/msg/detail/polygon_instance_stamped__rosidl_typesupport_introspection_c.h
-- Installing: /workspace/jazzy_ws/install/include/geometry_msgs/geometry_msgs/msg/detail/accel_stamped__rosidl_typesupport_introspection_c.h
-- Installing: /workspace/jazzy_ws/install/include/geometry_msgs/geometry_msgs/msg/detail/accel_with_covariance__type_support.c
-- Installing: /workspace/jazzy_ws/install/include/geometry_msgs/geometry_msgs/msg/detail/point__rosidl_typesupport_introspection_c.h
-- Installing: /workspace/jazzy_ws/install/include/geometry_msgs/geometry_msgs/msg/detail/vector3__rosidl_typesupport_introspection_c.h
-- Installing: /workspace/jazzy_ws/install/include/geometry_msgs/geometry_msgs/msg/detail/wrench__rosidl_typesupport_introspection_c.h
-- Installing: /workspace/jazzy_ws/install/include/geometry_msgs/geometry_msgs/msg/detail/twist_with_covariance__type_support.c
-- Installing: /workspace/jazzy_ws/install/include/geometry_msgs/geometry_msgs/msg/detail/pose_array__rosidl_typesupport_introspection_c.h
-- Installing: /workspace/jazzy_ws/install/include/geometry_msgs/geometry_msgs/msg/detail/point_stamped__rosidl_typesupport_introspection_c.h
-- Installing: /workspace/jazzy_ws/install/include/geometry_msgs/geometry_msgs/msg/detail/pose2_d__rosidl_typesupport_introspection_c.h
-- Installing: /workspace/jazzy_ws/install/include/geometry_msgs/geometry_msgs/msg/detail/twist_stamped__type_support.c
-- Installing: /workspace/jazzy_ws/install/include/geometry_msgs/geometry_msgs/msg/detail/polygon_instance_stamped__type_support.c
-- Installing: /workspace/jazzy_ws/install/include/geometry_msgs/geometry_msgs/msg/detail/accel_with_covariance_stamped__rosidl_typesupport_introspection_c.h
-- Installing: /workspace/jazzy_ws/install/include/geometry_msgs/geometry_msgs/msg/detail/transform_stamped__type_support.c
-- Installing: /workspace/jazzy_ws/install/include/geometry_msgs/geometry_msgs/msg/detail/pose_stamped__rosidl_typesupport_introspection_c.h
-- Installing: /workspace/jazzy_ws/install/include/geometry_msgs/geometry_msgs/msg/detail/polygon__type_support.c
-- Installing: /workspace/jazzy_ws/install/include/geometry_msgs/geometry_msgs/msg/detail/inertia_stamped__type_support.c
-- Installing: /workspace/jazzy_ws/install/include/geometry_msgs/geometry_msgs/msg/detail/pose_with_covariance__type_support.c
-- Installing: /workspace/jazzy_ws/install/include/geometry_msgs/geometry_msgs/msg/detail/pose_with_covariance_stamped__rosidl_typesupport_introspection_c.h
-- Installing: /workspace/jazzy_ws/install/include/geometry_msgs/geometry_msgs/msg/detail/point__type_support.c
-- Installing: /workspace/jazzy_ws/install/include/geometry_msgs/geometry_msgs/msg/detail/wrench_stamped__type_support.c
-- Installing: /workspace/jazzy_ws/install/include/geometry_msgs/geometry_msgs/msg/detail/quaternion__type_support.c
-- Installing: /workspace/jazzy_ws/install/include/geometry_msgs/geometry_msgs/msg/detail/vector3_stamped__rosidl_typesupport_introspection_c.h
-- Installing: /workspace/jazzy_ws/install/include/geometry_msgs/geometry_msgs/msg/detail/velocity_stamped__rosidl_typesupport_introspection_c.h
-- Installing: /workspace/jazzy_ws/install/include/geometry_msgs/geometry_msgs/msg/detail/pose__type_support.c
-- Installing: /workspace/jazzy_ws/install/include/geometry_msgs/geometry_msgs/msg/detail/polygon__rosidl_typesupport_introspection_c.h
-- Installing: /workspace/jazzy_ws/install/include/geometry_msgs/geometry_msgs/msg/detail/quaternion_stamped__rosidl_typesupport_introspection_c.h
-- Installing: /workspace/jazzy_ws/install/include/geometry_msgs/geometry_msgs/msg/detail/transform__type_support.c
-- Installing: /workspace/jazzy_ws/install/include/geometry_msgs/geometry_msgs/msg/detail/velocity_stamped__type_support.c
-- Installing: /workspace/jazzy_ws/install/include/geometry_msgs/geometry_msgs/msg/detail/wrench_stamped__rosidl_typesupport_introspection_c.h
-- Installing: /workspace/jazzy_ws/install/include/geometry_msgs/geometry_msgs/msg/detail/accel_with_covariance_stamped__type_support.c
-- Installing: /workspace/jazzy_ws/install/include/geometry_msgs/geometry_msgs/msg/detail/pose2_d__type_support.c
-- Installing: /workspace/jazzy_ws/install/include/geometry_msgs/geometry_msgs/msg/detail/transform_stamped__rosidl_typesupport_introspection_c.h
-- Installing: /workspace/jazzy_ws/install/include/geometry_msgs/geometry_msgs/msg/detail/twist__type_support.c
-- Installing: /workspace/jazzy_ws/install/include/geometry_msgs/geometry_msgs/msg/detail/pose__rosidl_typesupport_introspection_c.h
-- Installing: /workspace/jazzy_ws/install/include/geometry_msgs/geometry_msgs/msg/detail/polygon_instance__type_support.c
-- Installing: /workspace/jazzy_ws/install/include/geometry_msgs/geometry_msgs/msg/detail/point32__type_support.c
-- Installing: /workspace/jazzy_ws/install/include/geometry_msgs/geometry_msgs/msg/detail/vector3_stamped__type_support.c
-- Installing: /workspace/jazzy_ws/install/include/geometry_msgs/geometry_msgs/msg/detail/pose_array__type_support.c
-- Installing: /workspace/jazzy_ws/install/include/geometry_msgs/geometry_msgs/msg/detail/point32__rosidl_typesupport_introspection_c.h
-- Installing: /workspace/jazzy_ws/install/include/geometry_msgs/geometry_msgs/msg/detail/polygon_instance__rosidl_typesupport_introspection_c.h
-- Installing: /workspace/jazzy_ws/install/include/geometry_msgs/geometry_msgs/msg/detail/accel_stamped__type_support.c
-- Installing: /workspace/jazzy_ws/install/include/geometry_msgs/geometry_msgs/msg/detail/inertia__rosidl_typesupport_introspection_c.h
-- Installing: /workspace/jazzy_ws/install/include/geometry_msgs/geometry_msgs/msg/detail/twist_stamped__rosidl_typesupport_introspection_c.h
-- Installing: /workspace/jazzy_ws/install/include/geometry_msgs/geometry_msgs/msg/detail/accel__rosidl_typesupport_introspection_c.h
-- Installing: /workspace/jazzy_ws/install/include/geometry_msgs/geometry_msgs/msg/detail/wrench__type_support.c
-- Installing: /workspace/jazzy_ws/install/include/geometry_msgs/geometry_msgs/msg/detail/inertia_stamped__rosidl_typesupport_introspection_c.h
-- Installing: /workspace/jazzy_ws/install/include/geometry_msgs/geometry_msgs/msg/detail/pose_with_covariance_stamped__type_support.c
-- Installing: /workspace/jazzy_ws/install/include/geometry_msgs/geometry_msgs/msg/detail/vector3__type_support.c
-- Installing: /workspace/jazzy_ws/install/include/geometry_msgs/geometry_msgs/msg/detail/inertia__type_support.c
-- Installing: /workspace/jazzy_ws/install/include/geometry_msgs/geometry_msgs/msg/detail/accel_with_covariance__rosidl_typesupport_introspection_c.h
-- Installing: /workspace/jazzy_ws/install/include/geometry_msgs/geometry_msgs/msg/detail/polygon_stamped__rosidl_typesupport_introspection_c.h
-- Installing: /workspace/jazzy_ws/install/include/geometry_msgs/geometry_msgs/msg/detail/polygon_stamped__type_support.c
-- Installing: /workspace/jazzy_ws/install/include/geometry_msgs/geometry_msgs/msg/detail/pose_with_covariance__rosidl_typesupport_introspection_c.h
-- Installing: /workspace/jazzy_ws/install/include/geometry_msgs/geometry_msgs/msg/detail/twist__rosidl_typesupport_introspection_c.h
-- Installing: /workspace/jazzy_ws/install/include/geometry_msgs/geometry_msgs/msg/detail/accel__type_support.c
-- Installing: /workspace/jazzy_ws/install/include/geometry_msgs/geometry_msgs/msg/rosidl_typesupport_introspection_c__visibility_control.h
-- Installing: /workspace/jazzy_ws/install/lib/libgeometry_msgs__rosidl_typesupport_introspection_c.so
-- Set non-toolchain portion of runtime path of "/workspace/jazzy_ws/install/lib/libgeometry_msgs__rosidl_typesupport_introspection_c.so" to ""
-- Installing: /workspace/jazzy_ws/install/lib/libgeometry_msgs__rosidl_typesupport_c.so
-- Set non-toolchain portion of runtime path of "/workspace/jazzy_ws/install/lib/libgeometry_msgs__rosidl_typesupport_c.so" to ""
-- Up-to-date: /workspace/jazzy_ws/install/include/geometry_msgs/geometry_msgs
-- Up-to-date: /workspace/jazzy_ws/install/include/geometry_msgs/geometry_msgs/msg
-- Up-to-date: /workspace/jazzy_ws/install/include/geometry_msgs/geometry_msgs/msg/detail
-- Installing: /workspace/jazzy_ws/install/include/geometry_msgs/geometry_msgs/msg/detail/point_stamped__builder.hpp
-- Installing: /workspace/jazzy_ws/install/include/geometry_msgs/geometry_msgs/msg/detail/point__type_support.hpp
-- Installing: /workspace/jazzy_ws/install/include/geometry_msgs/geometry_msgs/msg/detail/velocity_stamped__struct.hpp
-- Installing: /workspace/jazzy_ws/install/include/geometry_msgs/geometry_msgs/msg/detail/accel__builder.hpp
-- Installing: /workspace/jazzy_ws/install/include/geometry_msgs/geometry_msgs/msg/detail/pose_array__builder.hpp
-- Installing: /workspace/jazzy_ws/install/include/geometry_msgs/geometry_msgs/msg/detail/pose2_d__struct.hpp
-- Installing: /workspace/jazzy_ws/install/include/geometry_msgs/geometry_msgs/msg/detail/accel__struct.hpp
-- Installing: /workspace/jazzy_ws/install/include/geometry_msgs/geometry_msgs/msg/detail/point_stamped__traits.hpp
-- Installing: /workspace/jazzy_ws/install/include/geometry_msgs/geometry_msgs/msg/detail/accel_with_covariance__type_support.hpp
-- Installing: /workspace/jazzy_ws/install/include/geometry_msgs/geometry_msgs/msg/detail/point__builder.hpp
-- Installing: /workspace/jazzy_ws/install/include/geometry_msgs/geometry_msgs/msg/detail/polygon_stamped__struct.hpp
-- Installing: /workspace/jazzy_ws/install/include/geometry_msgs/geometry_msgs/msg/detail/quaternion__builder.hpp
-- Installing: /workspace/jazzy_ws/install/include/geometry_msgs/geometry_msgs/msg/detail/point32__struct.hpp
-- Installing: /workspace/jazzy_ws/install/include/geometry_msgs/geometry_msgs/msg/detail/velocity_stamped__builder.hpp
-- Installing: /workspace/jazzy_ws/install/include/geometry_msgs/geometry_msgs/msg/detail/wrench__struct.hpp
-- Installing: /workspace/jazzy_ws/install/include/geometry_msgs/geometry_msgs/msg/detail/polygon__struct.hpp
-- Installing: /workspace/jazzy_ws/install/include/geometry_msgs/geometry_msgs/msg/detail/polygon__traits.hpp
-- Installing: /workspace/jazzy_ws/install/include/geometry_msgs/geometry_msgs/msg/detail/accel_with_covariance_stamped__traits.hpp
-- Installing: /workspace/jazzy_ws/install/include/geometry_msgs/geometry_msgs/msg/detail/point32__builder.hpp
-- Installing: /workspace/jazzy_ws/install/include/geometry_msgs/geometry_msgs/msg/detail/wrench_stamped__type_support.hpp
-- Installing: /workspace/jazzy_ws/install/include/geometry_msgs/geometry_msgs/msg/detail/point_stamped__type_support.hpp
-- Installing: /workspace/jazzy_ws/install/include/geometry_msgs/geometry_msgs/msg/detail/polygon_stamped__builder.hpp
-- Installing: /workspace/jazzy_ws/install/include/geometry_msgs/geometry_msgs/msg/detail/twist_with_covariance__struct.hpp
-- Installing: /workspace/jazzy_ws/install/include/geometry_msgs/geometry_msgs/msg/detail/pose_with_covariance__type_support.hpp
-- Installing: /workspace/jazzy_ws/install/include/geometry_msgs/geometry_msgs/msg/detail/wrench_stamped__struct.hpp
-- Installing: /workspace/jazzy_ws/install/include/geometry_msgs/geometry_msgs/msg/detail/twist_stamped__builder.hpp
-- Installing: /workspace/jazzy_ws/install/include/geometry_msgs/geometry_msgs/msg/detail/polygon_instance__type_support.hpp
-- Installing: /workspace/jazzy_ws/install/include/geometry_msgs/geometry_msgs/msg/detail/pose_with_covariance_stamped__type_support.hpp
-- Installing: /workspace/jazzy_ws/install/include/geometry_msgs/geometry_msgs/msg/detail/inertia_stamped__builder.hpp
-- Installing: /workspace/jazzy_ws/install/include/geometry_msgs/geometry_msgs/msg/detail/transform_stamped__builder.hpp
-- Installing: /workspace/jazzy_ws/install/include/geometry_msgs/geometry_msgs/msg/detail/accel_with_covariance_stamped__type_support.hpp
-- Installing: /workspace/jazzy_ws/install/include/geometry_msgs/geometry_msgs/msg/detail/pose__type_support.hpp
-- Installing: /workspace/jazzy_ws/install/include/geometry_msgs/geometry_msgs/msg/detail/pose2_d__traits.hpp
-- Installing: /workspace/jazzy_ws/install/include/geometry_msgs/geometry_msgs/msg/detail/transform_stamped__struct.hpp
-- Installing: /workspace/jazzy_ws/install/include/geometry_msgs/geometry_msgs/msg/detail/accel_stamped__type_support.hpp
-- Installing: /workspace/jazzy_ws/install/include/geometry_msgs/geometry_msgs/msg/detail/pose_stamped__struct.hpp
-- Installing: /workspace/jazzy_ws/install/include/geometry_msgs/geometry_msgs/msg/detail/inertia_stamped__traits.hpp
-- Installing: /workspace/jazzy_ws/install/include/geometry_msgs/geometry_msgs/msg/detail/quaternion_stamped__struct.hpp
-- Installing: /workspace/jazzy_ws/install/include/geometry_msgs/geometry_msgs/msg/detail/point32__traits.hpp
-- Installing: /workspace/jazzy_ws/install/include/geometry_msgs/geometry_msgs/msg/detail/inertia__type_support.hpp
-- Installing: /workspace/jazzy_ws/install/include/geometry_msgs/geometry_msgs/msg/detail/point_stamped__struct.hpp
-- Installing: /workspace/jazzy_ws/install/include/geometry_msgs/geometry_msgs/msg/detail/twist_with_covariance_stamped__builder.hpp
-- Installing: /workspace/jazzy_ws/install/include/geometry_msgs/geometry_msgs/msg/detail/point32__type_support.hpp
-- Installing: /workspace/jazzy_ws/install/include/geometry_msgs/geometry_msgs/msg/detail/inertia__traits.hpp
-- Installing: /workspace/jazzy_ws/install/include/geometry_msgs/geometry_msgs/msg/detail/vector3_stamped__struct.hpp
-- Installing: /workspace/jazzy_ws/install/include/geometry_msgs/geometry_msgs/msg/detail/twist_with_covariance__traits.hpp
-- Installing: /workspace/jazzy_ws/install/include/geometry_msgs/geometry_msgs/msg/detail/polygon_instance_stamped__traits.hpp
-- Installing: /workspace/jazzy_ws/install/include/geometry_msgs/geometry_msgs/msg/detail/twist_stamped__type_support.hpp
-- Installing: /workspace/jazzy_ws/install/include/geometry_msgs/geometry_msgs/msg/detail/point__struct.hpp
-- Installing: /workspace/jazzy_ws/install/include/geometry_msgs/geometry_msgs/msg/detail/wrench_stamped__traits.hpp
-- Installing: /workspace/jazzy_ws/install/include/geometry_msgs/geometry_msgs/msg/detail/polygon_stamped__type_support.hpp
-- Installing: /workspace/jazzy_ws/install/include/geometry_msgs/geometry_msgs/msg/detail/polygon__type_support.hpp
-- Installing: /workspace/jazzy_ws/install/include/geometry_msgs/geometry_msgs/msg/detail/quaternion__struct.hpp
-- Installing: /workspace/jazzy_ws/install/include/geometry_msgs/geometry_msgs/msg/detail/inertia_stamped__type_support.hpp
-- Installing: /workspace/jazzy_ws/install/include/geometry_msgs/geometry_msgs/msg/detail/twist_with_covariance_stamped__type_support.hpp
-- Installing: /workspace/jazzy_ws/install/include/geometry_msgs/geometry_msgs/msg/detail/wrench_stamped__builder.hpp
-- Installing: /workspace/jazzy_ws/install/include/geometry_msgs/geometry_msgs/msg/detail/pose_array__struct.hpp
-- Installing: /workspace/jazzy_ws/install/include/geometry_msgs/geometry_msgs/msg/detail/pose2_d__type_support.hpp
-- Installing: /workspace/jazzy_ws/install/include/geometry_msgs/geometry_msgs/msg/detail/pose_stamped__traits.hpp
-- Installing: /workspace/jazzy_ws/install/include/geometry_msgs/geometry_msgs/msg/detail/pose_with_covariance_stamped__struct.hpp
-- Installing: /workspace/jazzy_ws/install/include/geometry_msgs/geometry_msgs/msg/detail/accel_stamped__traits.hpp
-- Installing: /workspace/jazzy_ws/install/include/geometry_msgs/geometry_msgs/msg/detail/inertia__struct.hpp
-- Installing: /workspace/jazzy_ws/install/include/geometry_msgs/geometry_msgs/msg/detail/pose_array__traits.hpp
-- Installing: /workspace/jazzy_ws/install/include/geometry_msgs/geometry_msgs/msg/detail/transform_stamped__traits.hpp
-- Installing: /workspace/jazzy_ws/install/include/geometry_msgs/geometry_msgs/msg/detail/accel_with_covariance_stamped__struct.hpp
-- Installing: /workspace/jazzy_ws/install/include/geometry_msgs/geometry_msgs/msg/detail/pose__traits.hpp
-- Installing: /workspace/jazzy_ws/install/include/geometry_msgs/geometry_msgs/msg/detail/twist_with_covariance_stamped__traits.hpp
-- Installing: /workspace/jazzy_ws/install/include/geometry_msgs/geometry_msgs/msg/detail/pose_stamped__builder.hpp
-- Installing: /workspace/jazzy_ws/install/include/geometry_msgs/geometry_msgs/msg/detail/velocity_stamped__traits.hpp
-- Installing: /workspace/jazzy_ws/install/include/geometry_msgs/geometry_msgs/msg/detail/pose__struct.hpp
-- Installing: /workspace/jazzy_ws/install/include/geometry_msgs/geometry_msgs/msg/detail/accel_with_covariance__traits.hpp
-- Installing: /workspace/jazzy_ws/install/include/geometry_msgs/geometry_msgs/msg/detail/pose__builder.hpp
-- Installing: /workspace/jazzy_ws/install/include/geometry_msgs/geometry_msgs/msg/detail/quaternion_stamped__builder.hpp
-- Installing: /workspace/jazzy_ws/install/include/geometry_msgs/geometry_msgs/msg/detail/accel_with_covariance__builder.hpp
-- Installing: /workspace/jazzy_ws/install/include/geometry_msgs/geometry_msgs/msg/detail/inertia_stamped__struct.hpp
-- Installing: /workspace/jazzy_ws/install/include/geometry_msgs/geometry_msgs/msg/detail/twist_with_covariance_stamped__struct.hpp
-- Installing: /workspace/jazzy_ws/install/include/geometry_msgs/geometry_msgs/msg/detail/accel_with_covariance_stamped__builder.hpp
-- Installing: /workspace/jazzy_ws/install/include/geometry_msgs/geometry_msgs/msg/detail/pose_with_covariance__struct.hpp
-- Installing: /workspace/jazzy_ws/install/include/geometry_msgs/geometry_msgs/msg/detail/transform_stamped__type_support.hpp
-- Installing: /workspace/jazzy_ws/install/include/geometry_msgs/geometry_msgs/msg/detail/point__traits.hpp
-- Installing: /workspace/jazzy_ws/install/include/geometry_msgs/geometry_msgs/msg/detail/twist__struct.hpp
-- Installing: /workspace/jazzy_ws/install/include/geometry_msgs/geometry_msgs/msg/detail/pose_array__type_support.hpp
-- Installing: /workspace/jazzy_ws/install/include/geometry_msgs/geometry_msgs/msg/detail/velocity_stamped__type_support.hpp
-- Installing: /workspace/jazzy_ws/install/include/geometry_msgs/geometry_msgs/msg/detail/quaternion__traits.hpp
-- Installing: /workspace/jazzy_ws/install/include/geometry_msgs/geometry_msgs/msg/detail/pose_with_covariance_stamped__builder.hpp
-- Installing: /workspace/jazzy_ws/install/include/geometry_msgs/geometry_msgs/msg/detail/accel_stamped__struct.hpp
-- Installing: /workspace/jazzy_ws/install/include/geometry_msgs/geometry_msgs/msg/detail/polygon_instance__struct.hpp
-- Installing: /workspace/jazzy_ws/install/include/geometry_msgs/geometry_msgs/msg/detail/polygon_instance_stamped__builder.hpp
-- Installing: /workspace/jazzy_ws/install/include/geometry_msgs/geometry_msgs/msg/detail/twist__traits.hpp
-- Installing: /workspace/jazzy_ws/install/include/geometry_msgs/geometry_msgs/msg/detail/vector3__type_support.hpp
-- Installing: /workspace/jazzy_ws/install/include/geometry_msgs/geometry_msgs/msg/detail/wrench__builder.hpp
-- Installing: /workspace/jazzy_ws/install/include/geometry_msgs/geometry_msgs/msg/detail/pose_with_covariance__builder.hpp
-- Installing: /workspace/jazzy_ws/install/include/geometry_msgs/geometry_msgs/msg/detail/accel_stamped__builder.hpp
-- Installing: /workspace/jazzy_ws/install/include/geometry_msgs/geometry_msgs/msg/detail/polygon_instance_stamped__type_support.hpp
-- Installing: /workspace/jazzy_ws/install/include/geometry_msgs/geometry_msgs/msg/detail/polygon_instance__builder.hpp
-- Installing: /workspace/jazzy_ws/install/include/geometry_msgs/geometry_msgs/msg/detail/accel__type_support.hpp
-- Installing: /workspace/jazzy_ws/install/include/geometry_msgs/geometry_msgs/msg/detail/twist__builder.hpp
-- Installing: /workspace/jazzy_ws/install/include/geometry_msgs/geometry_msgs/msg/detail/transform__type_support.hpp
-- Installing: /workspace/jazzy_ws/install/include/geometry_msgs/geometry_msgs/msg/detail/vector3__struct.hpp
-- Installing: /workspace/jazzy_ws/install/include/geometry_msgs/geometry_msgs/msg/detail/transform__traits.hpp
-- Installing: /workspace/jazzy_ws/install/include/geometry_msgs/geometry_msgs/msg/detail/vector3_stamped__traits.hpp
-- Installing: /workspace/jazzy_ws/install/include/geometry_msgs/geometry_msgs/msg/detail/pose_with_covariance__traits.hpp
-- Installing: /workspace/jazzy_ws/install/include/geometry_msgs/geometry_msgs/msg/detail/quaternion_stamped__type_support.hpp
-- Installing: /workspace/jazzy_ws/install/include/geometry_msgs/geometry_msgs/msg/detail/wrench__type_support.hpp
-- Installing: /workspace/jazzy_ws/install/include/geometry_msgs/geometry_msgs/msg/detail/twist_with_covariance__builder.hpp
-- Installing: /workspace/jazzy_ws/install/include/geometry_msgs/geometry_msgs/msg/detail/pose_stamped__type_support.hpp
-- Installing: /workspace/jazzy_ws/install/include/geometry_msgs/geometry_msgs/msg/detail/polygon_instance_stamped__struct.hpp
-- Installing: /workspace/jazzy_ws/install/include/geometry_msgs/geometry_msgs/msg/detail/wrench__traits.hpp
-- Installing: /workspace/jazzy_ws/install/include/geometry_msgs/geometry_msgs/msg/detail/transform__builder.hpp
-- Installing: /workspace/jazzy_ws/install/include/geometry_msgs/geometry_msgs/msg/detail/twist__type_support.hpp
-- Installing: /workspace/jazzy_ws/install/include/geometry_msgs/geometry_msgs/msg/detail/twist_stamped__traits.hpp
-- Installing: /workspace/jazzy_ws/install/include/geometry_msgs/geometry_msgs/msg/detail/twist_stamped__struct.hpp
-- Installing: /workspace/jazzy_ws/install/include/geometry_msgs/geometry_msgs/msg/detail/accel_with_covariance__struct.hpp
-- Installing: /workspace/jazzy_ws/install/include/geometry_msgs/geometry_msgs/msg/detail/pose2_d__builder.hpp
-- Installing: /workspace/jazzy_ws/install/include/geometry_msgs/geometry_msgs/msg/detail/quaternion_stamped__traits.hpp
-- Installing: /workspace/jazzy_ws/install/include/geometry_msgs/geometry_msgs/msg/detail/vector3_stamped__builder.hpp
-- Installing: /workspace/jazzy_ws/install/include/geometry_msgs/geometry_msgs/msg/detail/twist_with_covariance__type_support.hpp
-- Installing: /workspace/jazzy_ws/install/include/geometry_msgs/geometry_msgs/msg/detail/polygon_stamped__traits.hpp
-- Installing: /workspace/jazzy_ws/install/include/geometry_msgs/geometry_msgs/msg/detail/pose_with_covariance_stamped__traits.hpp
-- Installing: /workspace/jazzy_ws/install/include/geometry_msgs/geometry_msgs/msg/detail/polygon__builder.hpp
-- Installing: /workspace/jazzy_ws/install/include/geometry_msgs/geometry_msgs/msg/detail/vector3__traits.hpp
-- Installing: /workspace/jazzy_ws/install/include/geometry_msgs/geometry_msgs/msg/detail/transform__struct.hpp
-- Installing: /workspace/jazzy_ws/install/include/geometry_msgs/geometry_msgs/msg/detail/vector3_stamped__type_support.hpp
-- Installing: /workspace/jazzy_ws/install/include/geometry_msgs/geometry_msgs/msg/detail/polygon_instance__traits.hpp
-- Installing: /workspace/jazzy_ws/install/include/geometry_msgs/geometry_msgs/msg/detail/accel__traits.hpp
-- Installing: /workspace/jazzy_ws/install/include/geometry_msgs/geometry_msgs/msg/detail/inertia__builder.hpp
-- Installing: /workspace/jazzy_ws/install/include/geometry_msgs/geometry_msgs/msg/detail/vector3__builder.hpp
-- Installing: /workspace/jazzy_ws/install/include/geometry_msgs/geometry_msgs/msg/detail/quaternion__type_support.hpp
-- Installing: /workspace/jazzy_ws/install/include/geometry_msgs/geometry_msgs/msg/inertia_stamped.hpp
-- Installing: /workspace/jazzy_ws/install/include/geometry_msgs/geometry_msgs/msg/inertia.hpp
-- Installing: /workspace/jazzy_ws/install/include/geometry_msgs/geometry_msgs/msg/pose_array.hpp
-- Installing: /workspace/jazzy_ws/install/include/geometry_msgs/geometry_msgs/msg/polygon_stamped.hpp
-- Installing: /workspace/jazzy_ws/install/include/geometry_msgs/geometry_msgs/msg/wrench.hpp
-- Installing: /workspace/jazzy_ws/install/include/geometry_msgs/geometry_msgs/msg/accel.hpp
-- Installing: /workspace/jazzy_ws/install/include/geometry_msgs/geometry_msgs/msg/velocity_stamped.hpp
-- Installing: /workspace/jazzy_ws/install/include/geometry_msgs/geometry_msgs/msg/wrench_stamped.hpp
-- Installing: /workspace/jazzy_ws/install/include/geometry_msgs/geometry_msgs/msg/point.hpp
-- Installing: /workspace/jazzy_ws/install/include/geometry_msgs/geometry_msgs/msg/twist_with_covariance.hpp
-- Installing: /workspace/jazzy_ws/install/include/geometry_msgs/geometry_msgs/msg/pose2_d.hpp
-- Installing: /workspace/jazzy_ws/install/include/geometry_msgs/geometry_msgs/msg/point_stamped.hpp
-- Installing: /workspace/jazzy_ws/install/include/geometry_msgs/geometry_msgs/msg/rosidl_generator_cpp__visibility_control.hpp
-- Installing: /workspace/jazzy_ws/install/include/geometry_msgs/geometry_msgs/msg/vector3_stamped.hpp
-- Installing: /workspace/jazzy_ws/install/include/geometry_msgs/geometry_msgs/msg/pose_stamped.hpp
-- Installing: /workspace/jazzy_ws/install/include/geometry_msgs/geometry_msgs/msg/twist_stamped.hpp
-- Installing: /workspace/jazzy_ws/install/include/geometry_msgs/geometry_msgs/msg/accel_stamped.hpp
-- Installing: /workspace/jazzy_ws/install/include/geometry_msgs/geometry_msgs/msg/quaternion_stamped.hpp
-- Installing: /workspace/jazzy_ws/install/include/geometry_msgs/geometry_msgs/msg/twist_with_covariance_stamped.hpp
-- Installing: /workspace/jazzy_ws/install/include/geometry_msgs/geometry_msgs/msg/twist.hpp
-- Installing: /workspace/jazzy_ws/install/include/geometry_msgs/geometry_msgs/msg/polygon_instance_stamped.hpp
-- Installing: /workspace/jazzy_ws/install/include/geometry_msgs/geometry_msgs/msg/polygon.hpp
-- Installing: /workspace/jazzy_ws/install/include/geometry_msgs/geometry_msgs/msg/point32.hpp
-- Installing: /workspace/jazzy_ws/install/include/geometry_msgs/geometry_msgs/msg/pose_with_covariance.hpp
-- Installing: /workspace/jazzy_ws/install/include/geometry_msgs/geometry_msgs/msg/accel_with_covariance_stamped.hpp
-- Installing: /workspace/jazzy_ws/install/include/geometry_msgs/geometry_msgs/msg/quaternion.hpp
-- Installing: /workspace/jazzy_ws/install/include/geometry_msgs/geometry_msgs/msg/transform.hpp
-- Installing: /workspace/jazzy_ws/install/include/geometry_msgs/geometry_msgs/msg/vector3.hpp
-- Installing: /workspace/jazzy_ws/install/include/geometry_msgs/geometry_msgs/msg/transform_stamped.hpp
-- Installing: /workspace/jazzy_ws/install/include/geometry_msgs/geometry_msgs/msg/polygon_instance.hpp
-- Installing: /workspace/jazzy_ws/install/include/geometry_msgs/geometry_msgs/msg/accel_with_covariance.hpp
-- Installing: /workspace/jazzy_ws/install/include/geometry_msgs/geometry_msgs/msg/pose_with_covariance_stamped.hpp
-- Installing: /workspace/jazzy_ws/install/include/geometry_msgs/geometry_msgs/msg/pose.hpp
-- Up-to-date: /workspace/jazzy_ws/install/include/geometry_msgs/geometry_msgs
-- Up-to-date: /workspace/jazzy_ws/install/include/geometry_msgs/geometry_msgs/msg
-- Up-to-date: /workspace/jazzy_ws/install/include/geometry_msgs/geometry_msgs/msg/detail
-- Installing: /workspace/jazzy_ws/install/include/geometry_msgs/geometry_msgs/msg/detail/twist_with_covariance__rosidl_typesupport_fastrtps_cpp.hpp
-- Installing: /workspace/jazzy_ws/install/include/geometry_msgs/geometry_msgs/msg/detail/quaternion_stamped__rosidl_typesupport_fastrtps_cpp.hpp
-- Installing: /workspace/jazzy_ws/install/include/geometry_msgs/geometry_msgs/msg/detail/inertia_stamped__rosidl_typesupport_fastrtps_cpp.hpp
-- Installing: /workspace/jazzy_ws/install/include/geometry_msgs/geometry_msgs/msg/detail/transform_stamped__rosidl_typesupport_fastrtps_cpp.hpp
-- Installing: /workspace/jazzy_ws/install/include/geometry_msgs/geometry_msgs/msg/detail/velocity_stamped__rosidl_typesupport_fastrtps_cpp.hpp
-- Installing: /workspace/jazzy_ws/install/include/geometry_msgs/geometry_msgs/msg/detail/point_stamped__rosidl_typesupport_fastrtps_cpp.hpp
-- Installing: /workspace/jazzy_ws/install/include/geometry_msgs/geometry_msgs/msg/detail/pose_with_covariance__rosidl_typesupport_fastrtps_cpp.hpp
-- Installing: /workspace/jazzy_ws/install/include/geometry_msgs/geometry_msgs/msg/detail/transform__rosidl_typesupport_fastrtps_cpp.hpp
-- Installing: /workspace/jazzy_ws/install/include/geometry_msgs/geometry_msgs/msg/detail/point32__rosidl_typesupport_fastrtps_cpp.hpp
-- Installing: /workspace/jazzy_ws/install/include/geometry_msgs/geometry_msgs/msg/detail/inertia__rosidl_typesupport_fastrtps_cpp.hpp
-- Installing: /workspace/jazzy_ws/install/include/geometry_msgs/geometry_msgs/msg/detail/point__rosidl_typesupport_fastrtps_cpp.hpp
-- Installing: /workspace/jazzy_ws/install/include/geometry_msgs/geometry_msgs/msg/detail/accel_with_covariance_stamped__rosidl_typesupport_fastrtps_cpp.hpp
-- Installing: /workspace/jazzy_ws/install/include/geometry_msgs/geometry_msgs/msg/detail/polygon_stamped__rosidl_typesupport_fastrtps_cpp.hpp
-- Installing: /workspace/jazzy_ws/install/include/geometry_msgs/geometry_msgs/msg/detail/accel_with_covariance__rosidl_typesupport_fastrtps_cpp.hpp
-- Installing: /workspace/jazzy_ws/install/include/geometry_msgs/geometry_msgs/msg/detail/accel__rosidl_typesupport_fastrtps_cpp.hpp
-- Installing: /workspace/jazzy_ws/install/include/geometry_msgs/geometry_msgs/msg/detail/pose_with_covariance_stamped__rosidl_typesupport_fastrtps_cpp.hpp
-- Installing: /workspace/jazzy_ws/install/include/geometry_msgs/geometry_msgs/msg/detail/polygon_instance__rosidl_typesupport_fastrtps_cpp.hpp
-- Installing: /workspace/jazzy_ws/install/include/geometry_msgs/geometry_msgs/msg/detail/dds_fastrtps
-- Installing: /workspace/jazzy_ws/install/include/geometry_msgs/geometry_msgs/msg/detail/pose__rosidl_typesupport_fastrtps_cpp.hpp
-- Installing: /workspace/jazzy_ws/install/include/geometry_msgs/geometry_msgs/msg/detail/accel_stamped__rosidl_typesupport_fastrtps_cpp.hpp
-- Installing: /workspace/jazzy_ws/install/include/geometry_msgs/geometry_msgs/msg/detail/polygon__rosidl_typesupport_fastrtps_cpp.hpp
-- Installing: /workspace/jazzy_ws/install/include/geometry_msgs/geometry_msgs/msg/detail/pose_array__rosidl_typesupport_fastrtps_cpp.hpp
-- Installing: /workspace/jazzy_ws/install/include/geometry_msgs/geometry_msgs/msg/detail/twist_with_covariance_stamped__rosidl_typesupport_fastrtps_cpp.hpp
-- Installing: /workspace/jazzy_ws/install/include/geometry_msgs/geometry_msgs/msg/detail/vector3_stamped__rosidl_typesupport_fastrtps_cpp.hpp
-- Installing: /workspace/jazzy_ws/install/include/geometry_msgs/geometry_msgs/msg/detail/wrench__rosidl_typesupport_fastrtps_cpp.hpp
-- Installing: /workspace/jazzy_ws/install/include/geometry_msgs/geometry_msgs/msg/detail/twist_stamped__rosidl_typesupport_fastrtps_cpp.hpp
-- Installing: /workspace/jazzy_ws/install/include/geometry_msgs/geometry_msgs/msg/detail/pose_stamped__rosidl_typesupport_fastrtps_cpp.hpp
-- Installing: /workspace/jazzy_ws/install/include/geometry_msgs/geometry_msgs/msg/detail/wrench_stamped__rosidl_typesupport_fastrtps_cpp.hpp
-- Installing: /workspace/jazzy_ws/install/include/geometry_msgs/geometry_msgs/msg/detail/twist__rosidl_typesupport_fastrtps_cpp.hpp
-- Installing: /workspace/jazzy_ws/install/include/geometry_msgs/geometry_msgs/msg/detail/polygon_instance_stamped__rosidl_typesupport_fastrtps_cpp.hpp
-- Installing: /workspace/jazzy_ws/install/include/geometry_msgs/geometry_msgs/msg/detail/quaternion__rosidl_typesupport_fastrtps_cpp.hpp
-- Installing: /workspace/jazzy_ws/install/include/geometry_msgs/geometry_msgs/msg/detail/vector3__rosidl_typesupport_fastrtps_cpp.hpp
-- Installing: /workspace/jazzy_ws/install/include/geometry_msgs/geometry_msgs/msg/detail/pose2_d__rosidl_typesupport_fastrtps_cpp.hpp
-- Installing: /workspace/jazzy_ws/install/include/geometry_msgs/geometry_msgs/msg/rosidl_typesupport_fastrtps_cpp__visibility_control.h
-- Installing: /workspace/jazzy_ws/install/lib/libgeometry_msgs__rosidl_typesupport_fastrtps_cpp.so
-- Set non-toolchain portion of runtime path of "/workspace/jazzy_ws/install/lib/libgeometry_msgs__rosidl_typesupport_fastrtps_cpp.so" to ""
-- Up-to-date: /workspace/jazzy_ws/install/include/geometry_msgs/geometry_msgs
-- Up-to-date: /workspace/jazzy_ws/install/include/geometry_msgs/geometry_msgs/msg
-- Up-to-date: /workspace/jazzy_ws/install/include/geometry_msgs/geometry_msgs/msg/detail
-- Installing: /workspace/jazzy_ws/install/include/geometry_msgs/geometry_msgs/msg/detail/twist__type_support.cpp
-- Installing: /workspace/jazzy_ws/install/include/geometry_msgs/geometry_msgs/msg/detail/pose_with_covariance_stamped__rosidl_typesupport_introspection_cpp.hpp
-- Installing: /workspace/jazzy_ws/install/include/geometry_msgs/geometry_msgs/msg/detail/inertia_stamped__rosidl_typesupport_introspection_cpp.hpp
-- Installing: /workspace/jazzy_ws/install/include/geometry_msgs/geometry_msgs/msg/detail/polygon_instance__rosidl_typesupport_introspection_cpp.hpp
-- Installing: /workspace/jazzy_ws/install/include/geometry_msgs/geometry_msgs/msg/detail/wrench__rosidl_typesupport_introspection_cpp.hpp
-- Installing: /workspace/jazzy_ws/install/include/geometry_msgs/geometry_msgs/msg/detail/pose__rosidl_typesupport_introspection_cpp.hpp
-- Installing: /workspace/jazzy_ws/install/include/geometry_msgs/geometry_msgs/msg/detail/vector3__rosidl_typesupport_introspection_cpp.hpp
-- Installing: /workspace/jazzy_ws/install/include/geometry_msgs/geometry_msgs/msg/detail/twist_with_covariance_stamped__rosidl_typesupport_introspection_cpp.hpp
-- Installing: /workspace/jazzy_ws/install/include/geometry_msgs/geometry_msgs/msg/detail/pose_stamped__rosidl_typesupport_introspection_cpp.hpp
-- Installing: /workspace/jazzy_ws/install/include/geometry_msgs/geometry_msgs/msg/detail/pose__type_support.cpp
-- Installing: /workspace/jazzy_ws/install/include/geometry_msgs/geometry_msgs/msg/detail/accel_stamped__rosidl_typesupport_introspection_cpp.hpp
-- Installing: /workspace/jazzy_ws/install/include/geometry_msgs/geometry_msgs/msg/detail/polygon_stamped__type_support.cpp
-- Installing: /workspace/jazzy_ws/install/include/geometry_msgs/geometry_msgs/msg/detail/vector3_stamped__rosidl_typesupport_introspection_cpp.hpp
-- Installing: /workspace/jazzy_ws/install/include/geometry_msgs/geometry_msgs/msg/detail/accel_with_covariance_stamped__rosidl_typesupport_introspection_cpp.hpp
-- Installing: /workspace/jazzy_ws/install/include/geometry_msgs/geometry_msgs/msg/detail/quaternion__type_support.cpp
-- Installing: /workspace/jazzy_ws/install/include/geometry_msgs/geometry_msgs/msg/detail/polygon__rosidl_typesupport_introspection_cpp.hpp
-- Installing: /workspace/jazzy_ws/install/include/geometry_msgs/geometry_msgs/msg/detail/quaternion_stamped__rosidl_typesupport_introspection_cpp.hpp
-- Installing: /workspace/jazzy_ws/install/include/geometry_msgs/geometry_msgs/msg/detail/transform__rosidl_typesupport_introspection_cpp.hpp
-- Installing: /workspace/jazzy_ws/install/include/geometry_msgs/geometry_msgs/msg/detail/polygon_instance_stamped__rosidl_typesupport_introspection_cpp.hpp
-- Installing: /workspace/jazzy_ws/install/include/geometry_msgs/geometry_msgs/msg/detail/accel_with_covariance_stamped__type_support.cpp
-- Installing: /workspace/jazzy_ws/install/include/geometry_msgs/geometry_msgs/msg/detail/accel_with_covariance__rosidl_typesupport_introspection_cpp.hpp
-- Installing: /workspace/jazzy_ws/install/include/geometry_msgs/geometry_msgs/msg/detail/quaternion_stamped__type_support.cpp
-- Installing: /workspace/jazzy_ws/install/include/geometry_msgs/geometry_msgs/msg/detail/pose2_d__type_support.cpp
-- Installing: /workspace/jazzy_ws/install/include/geometry_msgs/geometry_msgs/msg/detail/velocity_stamped__type_support.cpp
-- Installing: /workspace/jazzy_ws/install/include/geometry_msgs/geometry_msgs/msg/detail/accel__type_support.cpp
-- Installing: /workspace/jazzy_ws/install/include/geometry_msgs/geometry_msgs/msg/detail/inertia__type_support.cpp
-- Installing: /workspace/jazzy_ws/install/include/geometry_msgs/geometry_msgs/msg/detail/inertia__rosidl_typesupport_introspection_cpp.hpp
-- Installing: /workspace/jazzy_ws/install/include/geometry_msgs/geometry_msgs/msg/detail/pose_array__type_support.cpp
-- Installing: /workspace/jazzy_ws/install/include/geometry_msgs/geometry_msgs/msg/detail/pose_with_covariance__rosidl_typesupport_introspection_cpp.hpp
-- Installing: /workspace/jazzy_ws/install/include/geometry_msgs/geometry_msgs/msg/detail/quaternion__rosidl_typesupport_introspection_cpp.hpp
-- Installing: /workspace/jazzy_ws/install/include/geometry_msgs/geometry_msgs/msg/detail/pose_array__rosidl_typesupport_introspection_cpp.hpp
-- Installing: /workspace/jazzy_ws/install/include/geometry_msgs/geometry_msgs/msg/detail/twist_stamped__rosidl_typesupport_introspection_cpp.hpp
-- Installing: /workspace/jazzy_ws/install/include/geometry_msgs/geometry_msgs/msg/detail/pose_with_covariance__type_support.cpp
-- Installing: /workspace/jazzy_ws/install/include/geometry_msgs/geometry_msgs/msg/detail/pose2_d__rosidl_typesupport_introspection_cpp.hpp
-- Installing: /workspace/jazzy_ws/install/include/geometry_msgs/geometry_msgs/msg/detail/twist_with_covariance_stamped__type_support.cpp
-- Installing: /workspace/jazzy_ws/install/include/geometry_msgs/geometry_msgs/msg/detail/accel_with_covariance__type_support.cpp
-- Installing: /workspace/jazzy_ws/install/include/geometry_msgs/geometry_msgs/msg/detail/accel__rosidl_typesupport_introspection_cpp.hpp
-- Installing: /workspace/jazzy_ws/install/include/geometry_msgs/geometry_msgs/msg/detail/polygon_instance_stamped__type_support.cpp
-- Installing: /workspace/jazzy_ws/install/include/geometry_msgs/geometry_msgs/msg/detail/point_stamped__rosidl_typesupport_introspection_cpp.hpp
-- Installing: /workspace/jazzy_ws/install/include/geometry_msgs/geometry_msgs/msg/detail/inertia_stamped__type_support.cpp
-- Installing: /workspace/jazzy_ws/install/include/geometry_msgs/geometry_msgs/msg/detail/transform__type_support.cpp
-- Installing: /workspace/jazzy_ws/install/include/geometry_msgs/geometry_msgs/msg/detail/twist__rosidl_typesupport_introspection_cpp.hpp
-- Installing: /workspace/jazzy_ws/install/include/geometry_msgs/geometry_msgs/msg/detail/point32__rosidl_typesupport_introspection_cpp.hpp
-- Installing: /workspace/jazzy_ws/install/include/geometry_msgs/geometry_msgs/msg/detail/vector3__type_support.cpp
-- Installing: /workspace/jazzy_ws/install/include/geometry_msgs/geometry_msgs/msg/detail/polygon_stamped__rosidl_typesupport_introspection_cpp.hpp
-- Installing: /workspace/jazzy_ws/install/include/geometry_msgs/geometry_msgs/msg/detail/accel_stamped__type_support.cpp
-- Installing: /workspace/jazzy_ws/install/include/geometry_msgs/geometry_msgs/msg/detail/polygon_instance__type_support.cpp
-- Installing: /workspace/jazzy_ws/install/include/geometry_msgs/geometry_msgs/msg/detail/transform_stamped__rosidl_typesupport_introspection_cpp.hpp
-- Installing: /workspace/jazzy_ws/install/include/geometry_msgs/geometry_msgs/msg/detail/point32__type_support.cpp
-- Installing: /workspace/jazzy_ws/install/include/geometry_msgs/geometry_msgs/msg/detail/twist_with_covariance__type_support.cpp
-- Installing: /workspace/jazzy_ws/install/include/geometry_msgs/geometry_msgs/msg/detail/wrench_stamped__type_support.cpp
-- Installing: /workspace/jazzy_ws/install/include/geometry_msgs/geometry_msgs/msg/detail/point_stamped__type_support.cpp
-- Installing: /workspace/jazzy_ws/install/include/geometry_msgs/geometry_msgs/msg/detail/point__rosidl_typesupport_introspection_cpp.hpp
-- Installing: /workspace/jazzy_ws/install/include/geometry_msgs/geometry_msgs/msg/detail/twist_stamped__type_support.cpp
-- Installing: /workspace/jazzy_ws/install/include/geometry_msgs/geometry_msgs/msg/detail/pose_with_covariance_stamped__type_support.cpp
-- Installing: /workspace/jazzy_ws/install/include/geometry_msgs/geometry_msgs/msg/detail/vector3_stamped__type_support.cpp
-- Installing: /workspace/jazzy_ws/install/include/geometry_msgs/geometry_msgs/msg/detail/polygon__type_support.cpp
-- Installing: /workspace/jazzy_ws/install/include/geometry_msgs/geometry_msgs/msg/detail/point__type_support.cpp
-- Installing: /workspace/jazzy_ws/install/include/geometry_msgs/geometry_msgs/msg/detail/pose_stamped__type_support.cpp
-- Installing: /workspace/jazzy_ws/install/include/geometry_msgs/geometry_msgs/msg/detail/wrench_stamped__rosidl_typesupport_introspection_cpp.hpp
-- Installing: /workspace/jazzy_ws/install/include/geometry_msgs/geometry_msgs/msg/detail/velocity_stamped__rosidl_typesupport_introspection_cpp.hpp
-- Installing: /workspace/jazzy_ws/install/include/geometry_msgs/geometry_msgs/msg/detail/twist_with_covariance__rosidl_typesupport_introspection_cpp.hpp
-- Installing: /workspace/jazzy_ws/install/include/geometry_msgs/geometry_msgs/msg/detail/transform_stamped__type_support.cpp
-- Installing: /workspace/jazzy_ws/install/include/geometry_msgs/geometry_msgs/msg/detail/wrench__type_support.cpp
-- Installing: /workspace/jazzy_ws/install/lib/libgeometry_msgs__rosidl_typesupport_introspection_cpp.so
-- Set non-toolchain portion of runtime path of "/workspace/jazzy_ws/install/lib/libgeometry_msgs__rosidl_typesupport_introspection_cpp.so" to ""
-- Installing: /workspace/jazzy_ws/install/lib/libgeometry_msgs__rosidl_typesupport_cpp.so
-- Set non-toolchain portion of runtime path of "/workspace/jazzy_ws/install/lib/libgeometry_msgs__rosidl_typesupport_cpp.so" to ""
-- Installing: /workspace/jazzy_ws/install/share/geometry_msgs/environment/pythonpath.sh
-- Installing: /workspace/jazzy_ws/install/share/geometry_msgs/environment/pythonpath.dsv
-- Installing: /workspace/jazzy_ws/install/lib/python3.12/site-packages/geometry_msgs-5.3.6-py3.12.egg-info
-- Installing: /workspace/jazzy_ws/install/lib/python3.12/site-packages/geometry_msgs-5.3.6-py3.12.egg-info/PKG-INFO
-- Installing: /workspace/jazzy_ws/install/lib/python3.12/site-packages/geometry_msgs-5.3.6-py3.12.egg-info/SOURCES.txt
-- Installing: /workspace/jazzy_ws/install/lib/python3.12/site-packages/geometry_msgs-5.3.6-py3.12.egg-info/top_level.txt
-- Installing: /workspace/jazzy_ws/install/lib/python3.12/site-packages/geometry_msgs-5.3.6-py3.12.egg-info/dependency_links.txt
-- Installing: /workspace/jazzy_ws/install/lib/python3.12/site-packages/geometry_msgs
-- Installing: /workspace/jazzy_ws/install/lib/python3.12/site-packages/geometry_msgs/_geometry_msgs_s.ep.rosidl_typesupport_introspection_c.c
-- Installing: /workspace/jazzy_ws/install/lib/python3.12/site-packages/geometry_msgs/msg
-- Installing: /workspace/jazzy_ws/install/lib/python3.12/site-packages/geometry_msgs/msg/_pose_with_covariance.py
-- Installing: /workspace/jazzy_ws/install/lib/python3.12/site-packages/geometry_msgs/msg/_inertia.py
-- Installing: /workspace/jazzy_ws/install/lib/python3.12/site-packages/geometry_msgs/msg/_pose.py
-- Installing: /workspace/jazzy_ws/install/lib/python3.12/site-packages/geometry_msgs/msg/_vector3_stamped_s.c
-- Installing: /workspace/jazzy_ws/install/lib/python3.12/site-packages/geometry_msgs/msg/_pose_stamped_s.c
-- Installing: /workspace/jazzy_ws/install/lib/python3.12/site-packages/geometry_msgs/msg/_twist_stamped.py
-- Installing: /workspace/jazzy_ws/install/lib/python3.12/site-packages/geometry_msgs/msg/_accel_with_covariance.py
-- Installing: /workspace/jazzy_ws/install/lib/python3.12/site-packages/geometry_msgs/msg/_pose_s.c
-- Installing: /workspace/jazzy_ws/install/lib/python3.12/site-packages/geometry_msgs/msg/_point32.py
-- Installing: /workspace/jazzy_ws/install/lib/python3.12/site-packages/geometry_msgs/msg/_twist_with_covariance_stamped.py
-- Installing: /workspace/jazzy_ws/install/lib/python3.12/site-packages/geometry_msgs/msg/_point_stamped.py
-- Installing: /workspace/jazzy_ws/install/lib/python3.12/site-packages/geometry_msgs/msg/_twist_with_covariance.py
-- Installing: /workspace/jazzy_ws/install/lib/python3.12/site-packages/geometry_msgs/msg/_pose_with_covariance_stamped.py
-- Installing: /workspace/jazzy_ws/install/lib/python3.12/site-packages/geometry_msgs/msg/_accel_s.c
-- Installing: /workspace/jazzy_ws/install/lib/python3.12/site-packages/geometry_msgs/msg/_accel_stamped_s.c
-- Installing: /workspace/jazzy_ws/install/lib/python3.12/site-packages/geometry_msgs/msg/_pose_array.py
-- Installing: /workspace/jazzy_ws/install/lib/python3.12/site-packages/geometry_msgs/msg/_polygon.py
-- Installing: /workspace/jazzy_ws/install/lib/python3.12/site-packages/geometry_msgs/msg/_vector3_s.c
-- Installing: /workspace/jazzy_ws/install/lib/python3.12/site-packages/geometry_msgs/msg/_velocity_stamped_s.c
-- Installing: /workspace/jazzy_ws/install/lib/python3.12/site-packages/geometry_msgs/msg/_pose2_d_s.c
-- Installing: /workspace/jazzy_ws/install/lib/python3.12/site-packages/geometry_msgs/msg/_polygon_stamped_s.c
-- Installing: /workspace/jazzy_ws/install/lib/python3.12/site-packages/geometry_msgs/msg/_wrench_s.c
-- Installing: /workspace/jazzy_ws/install/lib/python3.12/site-packages/geometry_msgs/msg/_twist_s.c
-- Installing: /workspace/jazzy_ws/install/lib/python3.12/site-packages/geometry_msgs/msg/_quaternion_s.c
-- Installing: /workspace/jazzy_ws/install/lib/python3.12/site-packages/geometry_msgs/msg/_twist_with_covariance_s.c
-- Installing: /workspace/jazzy_ws/install/lib/python3.12/site-packages/geometry_msgs/msg/_transform_stamped_s.c
-- Installing: /workspace/jazzy_ws/install/lib/python3.12/site-packages/geometry_msgs/msg/__init__.py
-- Installing: /workspace/jazzy_ws/install/lib/python3.12/site-packages/geometry_msgs/msg/_polygon_instance_s.c
-- Installing: /workspace/jazzy_ws/install/lib/python3.12/site-packages/geometry_msgs/msg/_pose_array_s.c
-- Installing: /workspace/jazzy_ws/install/lib/python3.12/site-packages/geometry_msgs/msg/_polygon_s.c
-- Installing: /workspace/jazzy_ws/install/lib/python3.12/site-packages/geometry_msgs/msg/_vector3.py
-- Installing: /workspace/jazzy_ws/install/lib/python3.12/site-packages/geometry_msgs/msg/_accel_with_covariance_s.c
-- Installing: /workspace/jazzy_ws/install/lib/python3.12/site-packages/geometry_msgs/msg/_pose_stamped.py
-- Installing: /workspace/jazzy_ws/install/lib/python3.12/site-packages/geometry_msgs/msg/_inertia_stamped.py
-- Installing: /workspace/jazzy_ws/install/lib/python3.12/site-packages/geometry_msgs/msg/_inertia_s.c
-- Installing: /workspace/jazzy_ws/install/lib/python3.12/site-packages/geometry_msgs/msg/_transform_stamped.py
-- Installing: /workspace/jazzy_ws/install/lib/python3.12/site-packages/geometry_msgs/msg/_quaternion_stamped.py
-- Installing: /workspace/jazzy_ws/install/lib/python3.12/site-packages/geometry_msgs/msg/_wrench.py
-- Installing: /workspace/jazzy_ws/install/lib/python3.12/site-packages/geometry_msgs/msg/_quaternion_stamped_s.c
-- Installing: /workspace/jazzy_ws/install/lib/python3.12/site-packages/geometry_msgs/msg/_point.py
-- Installing: /workspace/jazzy_ws/install/lib/python3.12/site-packages/geometry_msgs/msg/_wrench_stamped_s.c
-- Installing: /workspace/jazzy_ws/install/lib/python3.12/site-packages/geometry_msgs/msg/_accel_stamped.py
-- Installing: /workspace/jazzy_ws/install/lib/python3.12/site-packages/geometry_msgs/msg/_pose2_d.py
-- Installing: /workspace/jazzy_ws/install/lib/python3.12/site-packages/geometry_msgs/msg/_point_s.c
-- Installing: /workspace/jazzy_ws/install/lib/python3.12/site-packages/geometry_msgs/msg/_vector3_stamped.py
-- Installing: /workspace/jazzy_ws/install/lib/python3.12/site-packages/geometry_msgs/msg/_point_stamped_s.c
-- Installing: /workspace/jazzy_ws/install/lib/python3.12/site-packages/geometry_msgs/msg/_polygon_instance_stamped.py
-- Installing: /workspace/jazzy_ws/install/lib/python3.12/site-packages/geometry_msgs/msg/_transform_s.c
-- Installing: /workspace/jazzy_ws/install/lib/python3.12/site-packages/geometry_msgs/msg/_velocity_stamped.py
-- Installing: /workspace/jazzy_ws/install/lib/python3.12/site-packages/geometry_msgs/msg/_polygon_instance_stamped_s.c
-- Installing: /workspace/jazzy_ws/install/lib/python3.12/site-packages/geometry_msgs/msg/_accel_with_covariance_stamped.py
-- Installing: /workspace/jazzy_ws/install/lib/python3.12/site-packages/geometry_msgs/msg/_twist_stamped_s.c
-- Installing: /workspace/jazzy_ws/install/lib/python3.12/site-packages/geometry_msgs/msg/_accel.py
-- Installing: /workspace/jazzy_ws/install/lib/python3.12/site-packages/geometry_msgs/msg/_polygon_stamped.py
-- Installing: /workspace/jazzy_ws/install/lib/python3.12/site-packages/geometry_msgs/msg/_quaternion.py
-- Installing: /workspace/jazzy_ws/install/lib/python3.12/site-packages/geometry_msgs/msg/_pose_with_covariance_s.c
-- Installing: /workspace/jazzy_ws/install/lib/python3.12/site-packages/geometry_msgs/msg/_polygon_instance.py
-- Installing: /workspace/jazzy_ws/install/lib/python3.12/site-packages/geometry_msgs/msg/_point32_s.c
-- Installing: /workspace/jazzy_ws/install/lib/python3.12/site-packages/geometry_msgs/msg/_accel_with_covariance_stamped_s.c
-- Installing: /workspace/jazzy_ws/install/lib/python3.12/site-packages/geometry_msgs/msg/_inertia_stamped_s.c
-- Installing: /workspace/jazzy_ws/install/lib/python3.12/site-packages/geometry_msgs/msg/_wrench_stamped.py
-- Installing: /workspace/jazzy_ws/install/lib/python3.12/site-packages/geometry_msgs/msg/_pose_with_covariance_stamped_s.c
-- Installing: /workspace/jazzy_ws/install/lib/python3.12/site-packages/geometry_msgs/msg/_twist.py
-- Installing: /workspace/jazzy_ws/install/lib/python3.12/site-packages/geometry_msgs/msg/_transform.py
-- Installing: /workspace/jazzy_ws/install/lib/python3.12/site-packages/geometry_msgs/msg/_twist_with_covariance_stamped_s.c
-- Installing: /workspace/jazzy_ws/install/lib/python3.12/site-packages/geometry_msgs/_geometry_msgs_s.ep.rosidl_typesupport_fastrtps_c.c
-- Installing: /workspace/jazzy_ws/install/lib/python3.12/site-packages/geometry_msgs/geometry_msgs_s__rosidl_typesupport_c.so
-- Installing: /workspace/jazzy_ws/install/lib/python3.12/site-packages/geometry_msgs/__init__.py
-- Installing: /workspace/jazzy_ws/install/lib/python3.12/site-packages/geometry_msgs/geometry_msgs_s__rosidl_typesupport_fastrtps_c.so
-- Installing: /workspace/jazzy_ws/install/lib/python3.12/site-packages/geometry_msgs/_geometry_msgs_s.ep.rosidl_typesupport_c.c
-- Installing: /workspace/jazzy_ws/install/lib/python3.12/site-packages/geometry_msgs/geometry_msgs_s__rosidl_typesupport_introspection_c.so
Listing '/workspace/jazzy_ws/install/lib/python3.12/site-packages/geometry_msgs'...
Compiling '/workspace/jazzy_ws/install/lib/python3.12/site-packages/geometry_msgs/__init__.py'...
Listing '/workspace/jazzy_ws/install/lib/python3.12/site-packages/geometry_msgs/msg'...
Compiling '/workspace/jazzy_ws/install/lib/python3.12/site-packages/geometry_msgs/msg/__init__.py'...
Compiling '/workspace/jazzy_ws/install/lib/python3.12/site-packages/geometry_msgs/msg/_accel.py'...
Compiling '/workspace/jazzy_ws/install/lib/python3.12/site-packages/geometry_msgs/msg/_accel_stamped.py'...
Compiling '/workspace/jazzy_ws/install/lib/python3.12/site-packages/geometry_msgs/msg/_accel_with_covariance.py'...
Compiling '/workspace/jazzy_ws/install/lib/python3.12/site-packages/geometry_msgs/msg/_accel_with_covariance_stamped.py'...
Compiling '/workspace/jazzy_ws/install/lib/python3.12/site-packages/geometry_msgs/msg/_inertia.py'...
Compiling '/workspace/jazzy_ws/install/lib/python3.12/site-packages/geometry_msgs/msg/_inertia_stamped.py'...
Compiling '/workspace/jazzy_ws/install/lib/python3.12/site-packages/geometry_msgs/msg/_point.py'...
Compiling '/workspace/jazzy_ws/install/lib/python3.12/site-packages/geometry_msgs/msg/_point32.py'...
Compiling '/workspace/jazzy_ws/install/lib/python3.12/site-packages/geometry_msgs/msg/_point_stamped.py'...
Compiling '/workspace/jazzy_ws/install/lib/python3.12/site-packages/geometry_msgs/msg/_polygon.py'...
Compiling '/workspace/jazzy_ws/install/lib/python3.12/site-packages/geometry_msgs/msg/_polygon_instance.py'...
Compiling '/workspace/jazzy_ws/install/lib/python3.12/site-packages/geometry_msgs/msg/_polygon_instance_stamped.py'...
Compiling '/workspace/jazzy_ws/install/lib/python3.12/site-packages/geometry_msgs/msg/_polygon_stamped.py'...
Compiling '/workspace/jazzy_ws/install/lib/python3.12/site-packages/geometry_msgs/msg/_pose.py'...
Compiling '/workspace/jazzy_ws/install/lib/python3.12/site-packages/geometry_msgs/msg/_pose2_d.py'...
Compiling '/workspace/jazzy_ws/install/lib/python3.12/site-packages/geometry_msgs/msg/_pose_array.py'...
Compiling '/workspace/jazzy_ws/install/lib/python3.12/site-packages/geometry_msgs/msg/_pose_stamped.py'...
Compiling '/workspace/jazzy_ws/install/lib/python3.12/site-packages/geometry_msgs/msg/_pose_with_covariance.py'...
Compiling '/workspace/jazzy_ws/install/lib/python3.12/site-packages/geometry_msgs/msg/_pose_with_covariance_stamped.py'...
Compiling '/workspace/jazzy_ws/install/lib/python3.12/site-packages/geometry_msgs/msg/_quaternion.py'...
Compiling '/workspace/jazzy_ws/install/lib/python3.12/site-packages/geometry_msgs/msg/_quaternion_stamped.py'...
Compiling '/workspace/jazzy_ws/install/lib/python3.12/site-packages/geometry_msgs/msg/_transform.py'...
Compiling '/workspace/jazzy_ws/install/lib/python3.12/site-packages/geometry_msgs/msg/_transform_stamped.py'...
Compiling '/workspace/jazzy_ws/install/lib/python3.12/site-packages/geometry_msgs/msg/_twist.py'...
Compiling '/workspace/jazzy_ws/install/lib/python3.12/site-packages/geometry_msgs/msg/_twist_stamped.py'...
Compiling '/workspace/jazzy_ws/install/lib/python3.12/site-packages/geometry_msgs/msg/_twist_with_covariance.py'...
Compiling '/workspace/jazzy_ws/install/lib/python3.12/site-packages/geometry_msgs/msg/_twist_with_covariance_stamped.py'...
Compiling '/workspace/jazzy_ws/install/lib/python3.12/site-packages/geometry_msgs/msg/_vector3.py'...
Compiling '/workspace/jazzy_ws/install/lib/python3.12/site-packages/geometry_msgs/msg/_vector3_stamped.py'...
Compiling '/workspace/jazzy_ws/install/lib/python3.12/site-packages/geometry_msgs/msg/_velocity_stamped.py'...
Compiling '/workspace/jazzy_ws/install/lib/python3.12/site-packages/geometry_msgs/msg/_wrench.py'...
Compiling '/workspace/jazzy_ws/install/lib/python3.12/site-packages/geometry_msgs/msg/_wrench_stamped.py'...
-- Installing: /workspace/jazzy_ws/install/lib/python3.12/site-packages/geometry_msgs/geometry_msgs_s__rosidl_typesupport_fastrtps_c.so
-- Set non-toolchain portion of runtime path of "/workspace/jazzy_ws/install/lib/python3.12/site-packages/geometry_msgs/geometry_msgs_s__rosidl_typesupport_fastrtps_c.so" to ""
-- Installing: /workspace/jazzy_ws/install/lib/python3.12/site-packages/geometry_msgs/geometry_msgs_s__rosidl_typesupport_introspection_c.so
-- Set non-toolchain portion of runtime path of "/workspace/jazzy_ws/install/lib/python3.12/site-packages/geometry_msgs/geometry_msgs_s__rosidl_typesupport_introspection_c.so" to ""
-- Installing: /workspace/jazzy_ws/install/lib/python3.12/site-packages/geometry_msgs/geometry_msgs_s__rosidl_typesupport_c.so
-- Set non-toolchain portion of runtime path of "/workspace/jazzy_ws/install/lib/python3.12/site-packages/geometry_msgs/geometry_msgs_s__rosidl_typesupport_c.so" to ""
-- Installing: /workspace/jazzy_ws/install/lib/libgeometry_msgs__rosidl_generator_py.so
-- Set non-toolchain portion of runtime path of "/workspace/jazzy_ws/install/lib/libgeometry_msgs__rosidl_generator_py.so" to ""
-- Installing: /workspace/jazzy_ws/install/share/geometry_msgs/msg/Accel.idl
-- Installing: /workspace/jazzy_ws/install/share/geometry_msgs/msg/AccelStamped.idl
-- Installing: /workspace/jazzy_ws/install/share/geometry_msgs/msg/AccelWithCovariance.idl
-- Installing: /workspace/jazzy_ws/install/share/geometry_msgs/msg/AccelWithCovarianceStamped.idl
-- Installing: /workspace/jazzy_ws/install/share/geometry_msgs/msg/Inertia.idl
-- Installing: /workspace/jazzy_ws/install/share/geometry_msgs/msg/InertiaStamped.idl
-- Installing: /workspace/jazzy_ws/install/share/geometry_msgs/msg/Point.idl
-- Installing: /workspace/jazzy_ws/install/share/geometry_msgs/msg/Point32.idl
-- Installing: /workspace/jazzy_ws/install/share/geometry_msgs/msg/PointStamped.idl
-- Installing: /workspace/jazzy_ws/install/share/geometry_msgs/msg/Polygon.idl
-- Installing: /workspace/jazzy_ws/install/share/geometry_msgs/msg/PolygonInstance.idl
-- Installing: /workspace/jazzy_ws/install/share/geometry_msgs/msg/PolygonInstanceStamped.idl
-- Installing: /workspace/jazzy_ws/install/share/geometry_msgs/msg/PolygonStamped.idl
-- Installing: /workspace/jazzy_ws/install/share/geometry_msgs/msg/Pose.idl
-- Installing: /workspace/jazzy_ws/install/share/geometry_msgs/msg/Pose2D.idl
-- Installing: /workspace/jazzy_ws/install/share/geometry_msgs/msg/PoseArray.idl
-- Installing: /workspace/jazzy_ws/install/share/geometry_msgs/msg/PoseStamped.idl
-- Installing: /workspace/jazzy_ws/install/share/geometry_msgs/msg/PoseWithCovariance.idl
-- Installing: /workspace/jazzy_ws/install/share/geometry_msgs/msg/PoseWithCovarianceStamped.idl
-- Installing: /workspace/jazzy_ws/install/share/geometry_msgs/msg/Quaternion.idl
-- Installing: /workspace/jazzy_ws/install/share/geometry_msgs/msg/QuaternionStamped.idl
-- Installing: /workspace/jazzy_ws/install/share/geometry_msgs/msg/Transform.idl
-- Installing: /workspace/jazzy_ws/install/share/geometry_msgs/msg/TransformStamped.idl
-- Installing: /workspace/jazzy_ws/install/share/geometry_msgs/msg/Twist.idl
-- Installing: /workspace/jazzy_ws/install/share/geometry_msgs/msg/TwistStamped.idl
-- Installing: /workspace/jazzy_ws/install/share/geometry_msgs/msg/TwistWithCovariance.idl
-- Installing: /workspace/jazzy_ws/install/share/geometry_msgs/msg/TwistWithCovarianceStamped.idl
-- Installing: /workspace/jazzy_ws/install/share/geometry_msgs/msg/Vector3.idl
-- Installing: /workspace/jazzy_ws/install/share/geometry_msgs/msg/Vector3Stamped.idl
-- Installing: /workspace/jazzy_ws/install/share/geometry_msgs/msg/VelocityStamped.idl
-- Installing: /workspace/jazzy_ws/install/share/geometry_msgs/msg/Wrench.idl
-- Installing: /workspace/jazzy_ws/install/share/geometry_msgs/msg/WrenchStamped.idl
-- Installing: /workspace/jazzy_ws/install/share/geometry_msgs/msg/Accel.msg
-- Installing: /workspace/jazzy_ws/install/share/geometry_msgs/msg/AccelStamped.msg
-- Installing: /workspace/jazzy_ws/install/share/geometry_msgs/msg/AccelWithCovariance.msg
-- Installing: /workspace/jazzy_ws/install/share/geometry_msgs/msg/AccelWithCovarianceStamped.msg
-- Installing: /workspace/jazzy_ws/install/share/geometry_msgs/msg/Inertia.msg
-- Installing: /workspace/jazzy_ws/install/share/geometry_msgs/msg/InertiaStamped.msg
-- Installing: /workspace/jazzy_ws/install/share/geometry_msgs/msg/Point.msg
-- Installing: /workspace/jazzy_ws/install/share/geometry_msgs/msg/Point32.msg
-- Installing: /workspace/jazzy_ws/install/share/geometry_msgs/msg/PointStamped.msg
-- Installing: /workspace/jazzy_ws/install/share/geometry_msgs/msg/Polygon.msg
-- Installing: /workspace/jazzy_ws/install/share/geometry_msgs/msg/PolygonInstance.msg
-- Installing: /workspace/jazzy_ws/install/share/geometry_msgs/msg/PolygonInstanceStamped.msg
-- Installing: /workspace/jazzy_ws/install/share/geometry_msgs/msg/PolygonStamped.msg
-- Installing: /workspace/jazzy_ws/install/share/geometry_msgs/msg/Pose.msg
-- Installing: /workspace/jazzy_ws/install/share/geometry_msgs/msg/Pose2D.msg
-- Installing: /workspace/jazzy_ws/install/share/geometry_msgs/msg/PoseArray.msg
-- Installing: /workspace/jazzy_ws/install/share/geometry_msgs/msg/PoseStamped.msg
-- Installing: /workspace/jazzy_ws/install/share/geometry_msgs/msg/PoseWithCovariance.msg
-- Installing: /workspace/jazzy_ws/install/share/geometry_msgs/msg/PoseWithCovarianceStamped.msg
-- Installing: /workspace/jazzy_ws/install/share/geometry_msgs/msg/Quaternion.msg
-- Installing: /workspace/jazzy_ws/install/share/geometry_msgs/msg/QuaternionStamped.msg
-- Installing: /workspace/jazzy_ws/install/share/geometry_msgs/msg/Transform.msg
-- Installing: /workspace/jazzy_ws/install/share/geometry_msgs/msg/TransformStamped.msg
-- Installing: /workspace/jazzy_ws/install/share/geometry_msgs/msg/Twist.msg
-- Installing: /workspace/jazzy_ws/install/share/geometry_msgs/msg/TwistStamped.msg
-- Installing: /workspace/jazzy_ws/install/share/geometry_msgs/msg/TwistWithCovariance.msg
-- Installing: /workspace/jazzy_ws/install/share/geometry_msgs/msg/TwistWithCovarianceStamped.msg
-- Installing: /workspace/jazzy_ws/install/share/geometry_msgs/msg/Vector3.msg
-- Installing: /workspace/jazzy_ws/install/share/geometry_msgs/msg/Vector3Stamped.msg
-- Installing: /workspace/jazzy_ws/install/share/geometry_msgs/msg/VelocityStamped.msg
-- Installing: /workspace/jazzy_ws/install/share/geometry_msgs/msg/Wrench.msg
-- Installing: /workspace/jazzy_ws/install/share/geometry_msgs/msg/WrenchStamped.msg
-- Installing: /workspace/jazzy_ws/install/share/ament_index/resource_index/package_run_dependencies/geometry_msgs
-- Installing: /workspace/jazzy_ws/install/share/ament_index/resource_index/parent_prefix_path/geometry_msgs
-- Installing: /workspace/jazzy_ws/install/share/geometry_msgs/environment/ament_prefix_path.sh
-- Installing: /workspace/jazzy_ws/install/share/geometry_msgs/environment/ament_prefix_path.dsv
-- Installing: /workspace/jazzy_ws/install/share/geometry_msgs/environment/path.sh
-- Installing: /workspace/jazzy_ws/install/share/geometry_msgs/environment/path.dsv
-- Installing: /workspace/jazzy_ws/install/share/geometry_msgs/local_setup.bash
-- Installing: /workspace/jazzy_ws/install/share/geometry_msgs/local_setup.sh
-- Installing: /workspace/jazzy_ws/install/share/geometry_msgs/local_setup.zsh
-- Installing: /workspace/jazzy_ws/install/share/geometry_msgs/local_setup.dsv
-- Installing: /workspace/jazzy_ws/install/share/geometry_msgs/package.dsv
-- Installing: /workspace/jazzy_ws/install/share/ament_index/resource_index/packages/geometry_msgs
-- Installing: /workspace/jazzy_ws/install/share/geometry_msgs/cmake/export_geometry_msgs__rosidl_generator_cExport.cmake
-- Installing: /workspace/jazzy_ws/install/share/geometry_msgs/cmake/export_geometry_msgs__rosidl_generator_cExport-noconfig.cmake
-- Installing: /workspace/jazzy_ws/install/share/geometry_msgs/cmake/export_geometry_msgs__rosidl_typesupport_fastrtps_cExport.cmake
-- Installing: /workspace/jazzy_ws/install/share/geometry_msgs/cmake/export_geometry_msgs__rosidl_typesupport_fastrtps_cExport-noconfig.cmake
-- Installing: /workspace/jazzy_ws/install/share/geometry_msgs/cmake/geometry_msgs__rosidl_typesupport_introspection_cExport.cmake
-- Installing: /workspace/jazzy_ws/install/share/geometry_msgs/cmake/geometry_msgs__rosidl_typesupport_introspection_cExport-noconfig.cmake
-- Installing: /workspace/jazzy_ws/install/share/geometry_msgs/cmake/geometry_msgs__rosidl_typesupport_cExport.cmake
-- Installing: /workspace/jazzy_ws/install/share/geometry_msgs/cmake/geometry_msgs__rosidl_typesupport_cExport-noconfig.cmake
-- Installing: /workspace/jazzy_ws/install/share/geometry_msgs/cmake/export_geometry_msgs__rosidl_generator_cppExport.cmake
-- Installing: /workspace/jazzy_ws/install/share/geometry_msgs/cmake/export_geometry_msgs__rosidl_typesupport_fastrtps_cppExport.cmake
-- Installing: /workspace/jazzy_ws/install/share/geometry_msgs/cmake/export_geometry_msgs__rosidl_typesupport_fastrtps_cppExport-noconfig.cmake
-- Installing: /workspace/jazzy_ws/install/share/geometry_msgs/cmake/geometry_msgs__rosidl_typesupport_introspection_cppExport.cmake
-- Installing: /workspace/jazzy_ws/install/share/geometry_msgs/cmake/geometry_msgs__rosidl_typesupport_introspection_cppExport-noconfig.cmake
-- Installing: /workspace/jazzy_ws/install/share/geometry_msgs/cmake/geometry_msgs__rosidl_typesupport_cppExport.cmake
-- Installing: /workspace/jazzy_ws/install/share/geometry_msgs/cmake/geometry_msgs__rosidl_typesupport_cppExport-noconfig.cmake
-- Installing: /workspace/jazzy_ws/install/share/geometry_msgs/cmake/export_geometry_msgs__rosidl_generator_pyExport.cmake
-- Installing: /workspace/jazzy_ws/install/share/geometry_msgs/cmake/export_geometry_msgs__rosidl_generator_pyExport-noconfig.cmake
-- Installing: /workspace/jazzy_ws/install/share/geometry_msgs/cmake/rosidl_cmake-extras.cmake
-- Installing: /workspace/jazzy_ws/install/share/geometry_msgs/cmake/ament_cmake_export_dependencies-extras.cmake
-- Installing: /workspace/jazzy_ws/install/share/geometry_msgs/cmake/ament_cmake_export_include_directories-extras.cmake
-- Installing: /workspace/jazzy_ws/install/share/geometry_msgs/cmake/ament_cmake_export_libraries-extras.cmake
-- Installing: /workspace/jazzy_ws/install/share/geometry_msgs/cmake/ament_cmake_export_targets-extras.cmake
-- Installing: /workspace/jazzy_ws/install/share/geometry_msgs/cmake/rosidl_cmake_export_typesupport_targets-extras.cmake
-- Installing: /workspace/jazzy_ws/install/share/geometry_msgs/cmake/rosidl_cmake_export_typesupport_libraries-extras.cmake
-- Installing: /workspace/jazzy_ws/install/share/geometry_msgs/cmake/geometry_msgsConfig.cmake
-- Installing: /workspace/jazzy_ws/install/share/geometry_msgs/cmake/geometry_msgsConfig-version.cmake
-- Installing: /workspace/jazzy_ws/install/share/geometry_msgs/package.xml
