[0.118s] Invoking command in '/workspace/jazzy_ws/build/geometry_msgs': AMENT_PREFIX_PATH=/workspace/jazzy_ws/install CMAKE_PREFIX_PATH=/workspace/jazzy_ws/install LD_LIBRARY_PATH=/workspace/jazzy_ws/install/lib:/workspace/jazzy_ws/install/opt/mimick_vendor/lib PATH=/workspace/jazzy_ws/install/bin:/workspace/jazzy_ws/install/opt/uncrustify_vendor/bin:${PATH} PKG_CONFIG_PATH=/workspace/jazzy_ws/install/lib/x86_64-linux-gnu/pkgconfig:/workspace/jazzy_ws/install/lib/pkgconfig PYTHONPATH=/workspace/jazzy_ws/install/lib/python3.12/site-packages /usr/bin/cmake /workspace/jazzy_ws/src/common_interfaces/geometry_msgs -DCMAKE_INSTALL_PREFIX=/workspace/jazzy_ws/install
[0.156s] -- The C compiler identification is GNU 13.3.0
[0.196s] -- The CXX compiler identification is GNU 13.3.0
[0.206s] -- Detecting C compiler ABI info
[0.264s] -- Detecting C compiler ABI info - done
[0.271s] -- Check for working C compiler: /usr/bin/cc - skipped
[0.271s] -- Detecting C compile features
[0.271s] -- Detecting C compile features - done
[0.277s] -- Detecting CXX compiler ABI info
[0.342s] -- Detecting CXX compiler ABI info - done
[0.349s] -- Check for working CXX compiler: /usr/bin/c++ - skipped
[0.349s] -- Detecting CXX compile features
[0.349s] -- Detecting CXX compile features - done
[0.351s] -- Found ament_cmake: 2.5.5 (/workspace/jazzy_ws/install/share/ament_cmake/cmake)
[0.434s] -- Found Python3: /usr/bin/python3 (found version "3.12.3") found components: Interpreter 
[0.500s] -- Found rosidl_default_generators: 1.6.0 (/workspace/jazzy_ws/install/share/rosidl_default_generators/cmake)
[0.502s] -- Using all available rosidl_typesupport_c: rosidl_typesupport_fastrtps_c;rosidl_typesupport_introspection_c
[0.529s] -- Using all available rosidl_typesupport_cpp: rosidl_typesupport_fastrtps_cpp;rosidl_typesupport_introspection_cpp
[0.552s] -- Found rosidl_adapter: 4.6.7 (/workspace/jazzy_ws/install/share/rosidl_adapter/cmake)
[0.554s] -- Found std_msgs: 5.3.6 (/workspace/jazzy_ws/install/share/std_msgs/cmake)
[1.020s] -- Found ament_cmake_cppcheck: 0.17.4 (/workspace/jazzy_ws/install/share/ament_cmake_cppcheck/cmake)
[1.021s] -- Found ament_cmake_cpplint: 0.17.4 (/workspace/jazzy_ws/install/share/ament_cmake_cpplint/cmake)
[1.022s] -- Found ament_cmake_uncrustify: 0.17.4 (/workspace/jazzy_ws/install/share/ament_cmake_uncrustify/cmake)
[1.023s] -- Found ament_cmake_ros: 0.12.0 (/workspace/jazzy_ws/install/share/ament_cmake_ros/cmake)
[1.292s] -- Using all available rosidl_typesupport_c: rosidl_typesupport_fastrtps_c;rosidl_typesupport_introspection_c
[1.701s] -- Using all available rosidl_typesupport_cpp: rosidl_typesupport_fastrtps_cpp;rosidl_typesupport_introspection_cpp
[1.702s] -- Found python_cmake_module: 0.11.1 (/workspace/jazzy_ws/install/share/python_cmake_module/cmake)
[1.854s] -- Found PythonExtra: /usr/bin/python3  
[2.304s] -- Found Python3: /usr/bin/python3 (found version "3.12.3") found components: Interpreter Development NumPy Development.Module Development.Embed 
[2.340s] -- Found ament_cmake_flake8: 0.17.4 (/workspace/jazzy_ws/install/share/ament_cmake_flake8/cmake)
[2.341s] -- Found ament_cmake_pep257: 0.17.4 (/workspace/jazzy_ws/install/share/ament_cmake_pep257/cmake)
[2.348s] -- Configuring done (2.2s)
[2.419s] -- Generating done (0.1s)
[2.430s] -- Build files have been written to: /workspace/jazzy_ws/build/geometry_msgs
[2.438s] Invoked command in '/workspace/jazzy_ws/build/geometry_msgs' returned '0': AMENT_PREFIX_PATH=/workspace/jazzy_ws/install CMAKE_PREFIX_PATH=/workspace/jazzy_ws/install LD_LIBRARY_PATH=/workspace/jazzy_ws/install/lib:/workspace/jazzy_ws/install/opt/mimick_vendor/lib PATH=/workspace/jazzy_ws/install/bin:/workspace/jazzy_ws/install/opt/uncrustify_vendor/bin:${PATH} PKG_CONFIG_PATH=/workspace/jazzy_ws/install/lib/x86_64-linux-gnu/pkgconfig:/workspace/jazzy_ws/install/lib/pkgconfig PYTHONPATH=/workspace/jazzy_ws/install/lib/python3.12/site-packages /usr/bin/cmake /workspace/jazzy_ws/src/common_interfaces/geometry_msgs -DCMAKE_INSTALL_PREFIX=/workspace/jazzy_ws/install
[2.438s] Invoking command in '/workspace/jazzy_ws/build/geometry_msgs': AMENT_PREFIX_PATH=/workspace/jazzy_ws/install CMAKE_PREFIX_PATH=/workspace/jazzy_ws/install LD_LIBRARY_PATH=/workspace/jazzy_ws/install/lib:/workspace/jazzy_ws/install/opt/mimick_vendor/lib PATH=/workspace/jazzy_ws/install/bin:/workspace/jazzy_ws/install/opt/uncrustify_vendor/bin:${PATH} PKG_CONFIG_PATH=/workspace/jazzy_ws/install/lib/x86_64-linux-gnu/pkgconfig:/workspace/jazzy_ws/install/lib/pkgconfig PYTHONPATH=/workspace/jazzy_ws/install/lib/python3.12/site-packages /usr/bin/cmake --build /workspace/jazzy_ws/build/geometry_msgs -- -j24 -l24
[2.490s] [  0%] Generating type hashes for ROS interfaces
[2.495s] [  0%] Built target ament_cmake_python_copy_geometry_msgs
[2.614s] running egg_info
[2.620s] creating geometry_msgs.egg-info
[2.620s] writing geometry_msgs.egg-info/PKG-INFO
[2.621s] writing dependency_links to geometry_msgs.egg-info/dependency_links.txt
[2.621s] writing top-level names to geometry_msgs.egg-info/top_level.txt
[2.621s] writing manifest file 'geometry_msgs.egg-info/SOURCES.txt'
[2.639s] reading manifest file 'geometry_msgs.egg-info/SOURCES.txt'
[2.640s] writing manifest file 'geometry_msgs.egg-info/SOURCES.txt'
[2.659s] [  0%] Built target ament_cmake_python_build_geometry_msgs_egg
[3.051s] [  0%] Built target geometry_msgs__rosidl_generator_type_description
[3.061s] [  0%] Generating C code for ROS interfaces
[3.068s] [  0%] Generating C++ code for ROS interfaces
[4.166s] [  0%] Built target geometry_msgs__cpp
[4.445s] [  1%] Building C object CMakeFiles/geometry_msgs__rosidl_generator_c.dir/rosidl_generator_c/geometry_msgs/msg/detail/accel__description.c.o
[4.445s] [  1%] Building C object CMakeFiles/geometry_msgs__rosidl_generator_c.dir/rosidl_generator_c/geometry_msgs/msg/detail/accel_stamped__functions.c.o
[4.445s] [  1%] Building C object CMakeFiles/geometry_msgs__rosidl_generator_c.dir/rosidl_generator_c/geometry_msgs/msg/detail/accel__functions.c.o
[4.445s] [  1%] Building C object CMakeFiles/geometry_msgs__rosidl_generator_c.dir/rosidl_generator_c/geometry_msgs/msg/detail/accel_stamped__type_support.c.o
[4.445s] [  2%] Building C object CMakeFiles/geometry_msgs__rosidl_generator_c.dir/rosidl_generator_c/geometry_msgs/msg/detail/accel_with_covariance__functions.c.o
[4.445s] [  2%] Building C object CMakeFiles/geometry_msgs__rosidl_generator_c.dir/rosidl_generator_c/geometry_msgs/msg/detail/accel__type_support.c.o
[4.445s] [  3%] Building C object CMakeFiles/geometry_msgs__rosidl_generator_c.dir/rosidl_generator_c/geometry_msgs/msg/detail/accel_with_covariance__description.c.o
[4.445s] [  3%] Building C object CMakeFiles/geometry_msgs__rosidl_generator_c.dir/rosidl_generator_c/geometry_msgs/msg/detail/accel_stamped__description.c.o
[4.445s] [  3%] Building C object CMakeFiles/geometry_msgs__rosidl_generator_c.dir/rosidl_generator_c/geometry_msgs/msg/detail/accel_with_covariance__type_support.c.o
[4.445s] [  3%] Building C object CMakeFiles/geometry_msgs__rosidl_generator_c.dir/rosidl_generator_c/geometry_msgs/msg/detail/accel_with_covariance_stamped__type_support.c.o
[4.445s] [  3%] Building C object CMakeFiles/geometry_msgs__rosidl_generator_c.dir/rosidl_generator_c/geometry_msgs/msg/detail/inertia__functions.c.o
[4.446s] [  3%] Building C object CMakeFiles/geometry_msgs__rosidl_generator_c.dir/rosidl_generator_c/geometry_msgs/msg/detail/accel_with_covariance_stamped__description.c.o
[4.446s] [  3%] Building C object CMakeFiles/geometry_msgs__rosidl_generator_c.dir/rosidl_generator_c/geometry_msgs/msg/detail/inertia__description.c.o
[4.452s] [  4%] Building C object CMakeFiles/geometry_msgs__rosidl_generator_c.dir/rosidl_generator_c/geometry_msgs/msg/detail/accel_with_covariance_stamped__functions.c.o
[4.461s] [  5%] Building C object CMakeFiles/geometry_msgs__rosidl_generator_c.dir/rosidl_generator_c/geometry_msgs/msg/detail/point32__type_support.c.o
[4.462s] [  5%] Building C object CMakeFiles/geometry_msgs__rosidl_generator_c.dir/rosidl_generator_c/geometry_msgs/msg/detail/point_stamped__description.c.o
[4.463s] [  5%] Building C object CMakeFiles/geometry_msgs__rosidl_generator_c.dir/rosidl_generator_c/geometry_msgs/msg/detail/point_stamped__functions.c.o
[4.483s] [  6%] Building C object CMakeFiles/geometry_msgs__rosidl_generator_c.dir/rosidl_generator_c/geometry_msgs/msg/detail/point32__description.c.o
[4.483s] [  6%] Building C object CMakeFiles/geometry_msgs__rosidl_generator_c.dir/rosidl_generator_c/geometry_msgs/msg/detail/point_stamped__type_support.c.o
[4.483s] [  6%] Building C object CMakeFiles/geometry_msgs__rosidl_generator_c.dir/rosidl_generator_c/geometry_msgs/msg/detail/point32__functions.c.o
[4.483s] [  7%] Building C object CMakeFiles/geometry_msgs__rosidl_generator_c.dir/rosidl_generator_c/geometry_msgs/msg/detail/polygon__description.c.o
[4.483s] [  7%] Building C object CMakeFiles/geometry_msgs__rosidl_generator_c.dir/rosidl_generator_c/geometry_msgs/msg/detail/polygon__type_support.c.o
[4.483s] [  7%] Building C object CMakeFiles/geometry_msgs__rosidl_generator_c.dir/rosidl_generator_c/geometry_msgs/msg/detail/polygon__functions.c.o
[4.483s] [  7%] Building C object CMakeFiles/geometry_msgs__rosidl_generator_c.dir/rosidl_generator_c/geometry_msgs/msg/detail/polygon_instance__type_support.c.o
[4.483s] [  7%] Building C object CMakeFiles/geometry_msgs__rosidl_generator_c.dir/rosidl_generator_c/geometry_msgs/msg/detail/polygon_instance_stamped__description.c.o
[4.483s] [  8%] Building C object CMakeFiles/geometry_msgs__rosidl_generator_c.dir/rosidl_generator_c/geometry_msgs/msg/detail/polygon_instance_stamped__functions.c.o
[4.483s] [  8%] Building C object CMakeFiles/geometry_msgs__rosidl_generator_c.dir/rosidl_generator_c/geometry_msgs/msg/detail/polygon_instance_stamped__type_support.c.o
[4.483s] [  8%] Building C object CMakeFiles/geometry_msgs__rosidl_generator_c.dir/rosidl_generator_c/geometry_msgs/msg/detail/polygon_stamped__description.c.o
[4.487s] [  8%] Building C object CMakeFiles/geometry_msgs__rosidl_generator_c.dir/rosidl_generator_c/geometry_msgs/msg/detail/polygon_stamped__functions.c.o
[4.488s] [  9%] Building C object CMakeFiles/geometry_msgs__rosidl_generator_c.dir/rosidl_generator_c/geometry_msgs/msg/detail/polygon_stamped__type_support.c.o
[4.489s] [  9%] Building C object CMakeFiles/geometry_msgs__rosidl_generator_c.dir/rosidl_generator_c/geometry_msgs/msg/detail/pose__description.c.o
[4.489s] [  9%] Building C object CMakeFiles/geometry_msgs__rosidl_generator_c.dir/rosidl_generator_c/geometry_msgs/msg/detail/pose__functions.c.o
[4.492s] [ 10%] Building C object CMakeFiles/geometry_msgs__rosidl_generator_c.dir/rosidl_generator_c/geometry_msgs/msg/detail/pose__type_support.c.o
[4.493s] [ 10%] Building C object CMakeFiles/geometry_msgs__rosidl_generator_c.dir/rosidl_generator_c/geometry_msgs/msg/detail/pose2_d__description.c.o
[4.496s] [ 10%] Building C object CMakeFiles/geometry_msgs__rosidl_generator_c.dir/rosidl_generator_c/geometry_msgs/msg/detail/pose2_d__functions.c.o
[4.496s] [ 10%] Building C object CMakeFiles/geometry_msgs__rosidl_generator_c.dir/rosidl_generator_c/geometry_msgs/msg/detail/pose2_d__type_support.c.o
[4.497s] [ 11%] Building C object CMakeFiles/geometry_msgs__rosidl_generator_c.dir/rosidl_generator_c/geometry_msgs/msg/detail/pose_array__description.c.o
[4.502s] [ 11%] Building C object CMakeFiles/geometry_msgs__rosidl_generator_c.dir/rosidl_generator_c/geometry_msgs/msg/detail/pose_array__functions.c.o
[4.504s] [ 11%] Building C object CMakeFiles/geometry_msgs__rosidl_generator_c.dir/rosidl_generator_c/geometry_msgs/msg/detail/pose_array__type_support.c.o
[4.507s] [ 12%] Building C object CMakeFiles/geometry_msgs__rosidl_generator_c.dir/rosidl_generator_c/geometry_msgs/msg/detail/pose_stamped__description.c.o
[4.510s] [ 12%] Building C object CMakeFiles/geometry_msgs__rosidl_generator_c.dir/rosidl_generator_c/geometry_msgs/msg/detail/pose_stamped__functions.c.o
[4.510s] [ 13%] Building C object CMakeFiles/geometry_msgs__rosidl_generator_c.dir/rosidl_generator_c/geometry_msgs/msg/detail/polygon_instance__functions.c.o
[4.510s] [ 13%] Building C object CMakeFiles/geometry_msgs__rosidl_generator_c.dir/rosidl_generator_c/geometry_msgs/msg/detail/polygon_instance__description.c.o
[4.512s] [ 14%] Building C object CMakeFiles/geometry_msgs__rosidl_generator_c.dir/rosidl_generator_c/geometry_msgs/msg/detail/pose_with_covariance__functions.c.o
[4.514s] [ 14%] Building C object CMakeFiles/geometry_msgs__rosidl_generator_c.dir/rosidl_generator_c/geometry_msgs/msg/detail/pose_with_covariance__type_support.c.o
[4.515s] [ 14%] Building C object CMakeFiles/geometry_msgs__rosidl_generator_c.dir/rosidl_generator_c/geometry_msgs/msg/detail/pose_with_covariance_stamped__description.c.o
[4.517s] [ 15%] Building C object CMakeFiles/geometry_msgs__rosidl_generator_c.dir/rosidl_generator_c/geometry_msgs/msg/detail/pose_with_covariance_stamped__functions.c.o
[4.517s] [ 15%] Building C object CMakeFiles/geometry_msgs__rosidl_generator_c.dir/rosidl_generator_c/geometry_msgs/msg/detail/pose_with_covariance_stamped__type_support.c.o
[4.524s] [ 15%] Building C object CMakeFiles/geometry_msgs__rosidl_generator_c.dir/rosidl_generator_c/geometry_msgs/msg/detail/quaternion__description.c.o
[4.527s] [ 16%] Building C object CMakeFiles/geometry_msgs__rosidl_generator_c.dir/rosidl_generator_c/geometry_msgs/msg/detail/pose_with_covariance__description.c.o
[4.527s] [ 16%] Building C object CMakeFiles/geometry_msgs__rosidl_generator_c.dir/rosidl_generator_c/geometry_msgs/msg/detail/quaternion__functions.c.o
[4.530s] [ 16%] Building C object CMakeFiles/geometry_msgs__rosidl_generator_c.dir/rosidl_generator_c/geometry_msgs/msg/detail/quaternion_stamped__description.c.o
[4.534s] [ 16%] Building C object CMakeFiles/geometry_msgs__rosidl_generator_c.dir/rosidl_generator_c/geometry_msgs/msg/detail/quaternion_stamped__functions.c.o
[4.536s] [ 17%] Building C object CMakeFiles/geometry_msgs__rosidl_generator_c.dir/rosidl_generator_c/geometry_msgs/msg/detail/transform__description.c.o
[4.536s] [ 17%] Building C object CMakeFiles/geometry_msgs__rosidl_generator_c.dir/rosidl_generator_c/geometry_msgs/msg/detail/quaternion_stamped__type_support.c.o
[4.537s] [ 18%] Building C object CMakeFiles/geometry_msgs__rosidl_generator_c.dir/rosidl_generator_c/geometry_msgs/msg/detail/transform__type_support.c.o
[4.537s] [ 18%] Building C object CMakeFiles/geometry_msgs__rosidl_generator_c.dir/rosidl_generator_c/geometry_msgs/msg/detail/transform__functions.c.o
[4.540s] [ 18%] Building C object CMakeFiles/geometry_msgs__rosidl_generator_c.dir/rosidl_generator_c/geometry_msgs/msg/detail/transform_stamped__description.c.o
[4.545s] [ 18%] Building C object CMakeFiles/geometry_msgs__rosidl_generator_c.dir/rosidl_generator_c/geometry_msgs/msg/detail/transform_stamped__functions.c.o
[4.545s] [ 18%] Building C object CMakeFiles/geometry_msgs__rosidl_generator_c.dir/rosidl_generator_c/geometry_msgs/msg/detail/transform_stamped__type_support.c.o
[4.547s] [ 19%] Building C object CMakeFiles/geometry_msgs__rosidl_generator_c.dir/rosidl_generator_c/geometry_msgs/msg/detail/twist__description.c.o
[4.550s] [ 19%] Building C object CMakeFiles/geometry_msgs__rosidl_generator_c.dir/rosidl_generator_c/geometry_msgs/msg/detail/twist__functions.c.o
[4.551s] [ 20%] Building C object CMakeFiles/geometry_msgs__rosidl_generator_c.dir/rosidl_generator_c/geometry_msgs/msg/detail/twist_stamped__description.c.o
[4.551s] [ 20%] Building C object CMakeFiles/geometry_msgs__rosidl_generator_c.dir/rosidl_generator_c/geometry_msgs/msg/detail/twist__type_support.c.o
[4.588s] [ 20%] Building C object CMakeFiles/geometry_msgs__rosidl_generator_c.dir/rosidl_generator_c/geometry_msgs/msg/detail/pose_stamped__type_support.c.o
[4.588s] [ 20%] Building C object CMakeFiles/geometry_msgs__rosidl_generator_c.dir/rosidl_generator_c/geometry_msgs/msg/detail/quaternion__type_support.c.o
[4.588s] [ 20%] Building C object CMakeFiles/geometry_msgs__rosidl_generator_c.dir/rosidl_generator_c/geometry_msgs/msg/detail/twist_stamped__functions.c.o
[4.588s] [ 21%] Building C object CMakeFiles/geometry_msgs__rosidl_generator_c.dir/rosidl_generator_c/geometry_msgs/msg/detail/twist_with_covariance__functions.c.o
[4.588s] [ 21%] Building C object CMakeFiles/geometry_msgs__rosidl_generator_c.dir/rosidl_generator_c/geometry_msgs/msg/detail/twist_with_covariance__description.c.o
[4.588s] [ 21%] Building C object CMakeFiles/geometry_msgs__rosidl_generator_c.dir/rosidl_generator_c/geometry_msgs/msg/detail/twist_with_covariance__type_support.c.o
[4.589s] [ 22%] Building C object CMakeFiles/geometry_msgs__rosidl_generator_c.dir/rosidl_generator_c/geometry_msgs/msg/detail/twist_with_covariance_stamped__functions.c.o
[4.589s] [ 22%] Building C object CMakeFiles/geometry_msgs__rosidl_generator_c.dir/rosidl_generator_c/geometry_msgs/msg/detail/vector3__description.c.o
[4.589s] [ 22%] Building C object CMakeFiles/geometry_msgs__rosidl_generator_c.dir/rosidl_generator_c/geometry_msgs/msg/detail/twist_with_covariance_stamped__type_support.c.o
[4.589s] [ 23%] Building C object CMakeFiles/geometry_msgs__rosidl_generator_c.dir/rosidl_generator_c/geometry_msgs/msg/detail/vector3__functions.c.o
[4.589s] [ 23%] Building C object CMakeFiles/geometry_msgs__rosidl_generator_c.dir/rosidl_generator_c/geometry_msgs/msg/detail/vector3__type_support.c.o
[4.589s] [ 23%] Building C object CMakeFiles/geometry_msgs__rosidl_generator_c.dir/rosidl_generator_c/geometry_msgs/msg/detail/vector3_stamped__description.c.o
[4.589s] [ 23%] Building C object CMakeFiles/geometry_msgs__rosidl_generator_c.dir/rosidl_generator_c/geometry_msgs/msg/detail/twist_with_covariance_stamped__description.c.o
[4.589s] [ 23%] Building C object CMakeFiles/geometry_msgs__rosidl_generator_c.dir/rosidl_generator_c/geometry_msgs/msg/detail/vector3_stamped__functions.c.o
[4.589s] [ 24%] Building C object CMakeFiles/geometry_msgs__rosidl_generator_c.dir/rosidl_generator_c/geometry_msgs/msg/detail/vector3_stamped__type_support.c.o
[4.589s] [ 24%] Building C object CMakeFiles/geometry_msgs__rosidl_generator_c.dir/rosidl_generator_c/geometry_msgs/msg/detail/velocity_stamped__functions.c.o
[4.589s] [ 25%] Building C object CMakeFiles/geometry_msgs__rosidl_generator_c.dir/rosidl_generator_c/geometry_msgs/msg/detail/velocity_stamped__type_support.c.o
[4.592s] [ 25%] Building C object CMakeFiles/geometry_msgs__rosidl_generator_c.dir/rosidl_generator_c/geometry_msgs/msg/detail/wrench__functions.c.o
[4.592s] [ 25%] Building C object CMakeFiles/geometry_msgs__rosidl_generator_c.dir/rosidl_generator_c/geometry_msgs/msg/detail/wrench__description.c.o
[4.592s] [ 25%] Building C object CMakeFiles/geometry_msgs__rosidl_generator_c.dir/rosidl_generator_c/geometry_msgs/msg/detail/velocity_stamped__description.c.o
[4.593s] [ 26%] Building C object CMakeFiles/geometry_msgs__rosidl_generator_c.dir/rosidl_generator_c/geometry_msgs/msg/detail/wrench_stamped__description.c.o
[4.593s] [ 26%] Building C object CMakeFiles/geometry_msgs__rosidl_generator_c.dir/rosidl_generator_c/geometry_msgs/msg/detail/wrench__type_support.c.o
[4.596s] [ 26%] Building C object CMakeFiles/geometry_msgs__rosidl_generator_c.dir/rosidl_generator_c/geometry_msgs/msg/detail/wrench_stamped__type_support.c.o
[4.602s] [ 26%] Building C object CMakeFiles/geometry_msgs__rosidl_generator_c.dir/rosidl_generator_c/geometry_msgs/msg/detail/wrench_stamped__functions.c.o
[4.604s] [ 26%] Building C object CMakeFiles/geometry_msgs__rosidl_generator_c.dir/rosidl_generator_c/geometry_msgs/msg/detail/twist_stamped__type_support.c.o
[4.605s] [ 26%] Building C object CMakeFiles/geometry_msgs__rosidl_generator_c.dir/rosidl_generator_c/geometry_msgs/msg/detail/point__type_support.c.o
[4.606s] [ 26%] Building C object CMakeFiles/geometry_msgs__rosidl_generator_c.dir/rosidl_generator_c/geometry_msgs/msg/detail/point__functions.c.o
[4.610s] [ 27%] Building C object CMakeFiles/geometry_msgs__rosidl_generator_c.dir/rosidl_generator_c/geometry_msgs/msg/detail/inertia_stamped__type_support.c.o
[4.610s] [ 27%] Building C object CMakeFiles/geometry_msgs__rosidl_generator_c.dir/rosidl_generator_c/geometry_msgs/msg/detail/point__description.c.o
[4.613s] [ 27%] Building C object CMakeFiles/geometry_msgs__rosidl_generator_c.dir/rosidl_generator_c/geometry_msgs/msg/detail/inertia_stamped__functions.c.o
[4.615s] [ 27%] Building C object CMakeFiles/geometry_msgs__rosidl_generator_c.dir/rosidl_generator_c/geometry_msgs/msg/detail/inertia_stamped__description.c.o
[4.616s] [ 28%] Building C object CMakeFiles/geometry_msgs__rosidl_generator_c.dir/rosidl_generator_c/geometry_msgs/msg/detail/inertia__type_support.c.o
[4.649s] [ 29%] Linking C shared library libgeometry_msgs__rosidl_generator_c.so
[4.686s] [ 29%] Built target geometry_msgs__rosidl_generator_c
[4.694s] [ 31%] Generating C type support for eProsima Fast-RTPS
[4.694s] [ 31%] Generating C introspection for ROS interfaces
[4.694s] [ 31%] Generating C++ type support for eProsima Fast-RTPS
[4.694s] [ 31%] Generating C++ introspection for ROS interfaces
[4.694s] [ 31%] Generating C++ type support dispatch for ROS interfaces
[4.694s] [ 32%] Generating C type support dispatch for ROS interfaces
[5.433s] [ 32%] Building CXX object CMakeFiles/geometry_msgs__rosidl_typesupport_cpp.dir/rosidl_typesupport_cpp/geometry_msgs/msg/accel_stamped__type_support.cpp.o
[5.433s] [ 32%] Building CXX object CMakeFiles/geometry_msgs__rosidl_typesupport_cpp.dir/rosidl_typesupport_cpp/geometry_msgs/msg/inertia__type_support.cpp.o
[5.433s] [ 33%] Building CXX object CMakeFiles/geometry_msgs__rosidl_typesupport_cpp.dir/rosidl_typesupport_cpp/geometry_msgs/msg/accel_with_covariance__type_support.cpp.o
[5.433s] [ 34%] Building CXX object CMakeFiles/geometry_msgs__rosidl_typesupport_cpp.dir/rosidl_typesupport_cpp/geometry_msgs/msg/point__type_support.cpp.o
[5.433s] [ 34%] Building CXX object CMakeFiles/geometry_msgs__rosidl_typesupport_cpp.dir/rosidl_typesupport_cpp/geometry_msgs/msg/inertia_stamped__type_support.cpp.o
[5.433s] [ 34%] Building CXX object CMakeFiles/geometry_msgs__rosidl_typesupport_cpp.dir/rosidl_typesupport_cpp/geometry_msgs/msg/point32__type_support.cpp.o
[5.433s] [ 34%] Building CXX object CMakeFiles/geometry_msgs__rosidl_typesupport_cpp.dir/rosidl_typesupport_cpp/geometry_msgs/msg/point_stamped__type_support.cpp.o
[5.433s] [ 35%] Building CXX object CMakeFiles/geometry_msgs__rosidl_typesupport_cpp.dir/rosidl_typesupport_cpp/geometry_msgs/msg/polygon__type_support.cpp.o
[5.434s] [ 35%] Building CXX object CMakeFiles/geometry_msgs__rosidl_typesupport_cpp.dir/rosidl_typesupport_cpp/geometry_msgs/msg/accel__type_support.cpp.o
[5.435s] [ 35%] Building CXX object CMakeFiles/geometry_msgs__rosidl_typesupport_cpp.dir/rosidl_typesupport_cpp/geometry_msgs/msg/polygon_instance__type_support.cpp.o
[5.435s] [ 35%] Building CXX object CMakeFiles/geometry_msgs__rosidl_typesupport_cpp.dir/rosidl_typesupport_cpp/geometry_msgs/msg/polygon_instance_stamped__type_support.cpp.o
[5.435s] [ 35%] Building CXX object CMakeFiles/geometry_msgs__rosidl_typesupport_cpp.dir/rosidl_typesupport_cpp/geometry_msgs/msg/accel_with_covariance_stamped__type_support.cpp.o
[5.435s] [ 35%] Building CXX object CMakeFiles/geometry_msgs__rosidl_typesupport_cpp.dir/rosidl_typesupport_cpp/geometry_msgs/msg/pose_array__type_support.cpp.o
[5.435s] [ 35%] Building CXX object CMakeFiles/geometry_msgs__rosidl_typesupport_cpp.dir/rosidl_typesupport_cpp/geometry_msgs/msg/polygon_stamped__type_support.cpp.o
[5.436s] [ 35%] Building CXX object CMakeFiles/geometry_msgs__rosidl_typesupport_cpp.dir/rosidl_typesupport_cpp/geometry_msgs/msg/pose2_d__type_support.cpp.o
[5.439s] [ 36%] Building CXX object CMakeFiles/geometry_msgs__rosidl_typesupport_cpp.dir/rosidl_typesupport_cpp/geometry_msgs/msg/pose__type_support.cpp.o
[5.443s] [ 36%] Building CXX object CMakeFiles/geometry_msgs__rosidl_typesupport_c.dir/rosidl_typesupport_c/geometry_msgs/msg/accel__type_support.cpp.o
[5.494s] [ 36%] Building CXX object CMakeFiles/geometry_msgs__rosidl_typesupport_c.dir/rosidl_typesupport_c/geometry_msgs/msg/accel_stamped__type_support.cpp.o
[5.525s] [ 37%] Building CXX object CMakeFiles/geometry_msgs__rosidl_typesupport_c.dir/rosidl_typesupport_c/geometry_msgs/msg/accel_with_covariance__type_support.cpp.o
[5.554s] [ 37%] Building CXX object CMakeFiles/geometry_msgs__rosidl_typesupport_c.dir/rosidl_typesupport_c/geometry_msgs/msg/accel_with_covariance_stamped__type_support.cpp.o
[5.595s] [ 37%] Building CXX object CMakeFiles/geometry_msgs__rosidl_typesupport_c.dir/rosidl_typesupport_c/geometry_msgs/msg/inertia__type_support.cpp.o
[5.625s] [ 37%] Building CXX object CMakeFiles/geometry_msgs__rosidl_typesupport_cpp.dir/rosidl_typesupport_cpp/geometry_msgs/msg/pose_with_covariance_stamped__type_support.cpp.o
[5.632s] [ 37%] Building CXX object CMakeFiles/geometry_msgs__rosidl_typesupport_c.dir/rosidl_typesupport_c/geometry_msgs/msg/inertia_stamped__type_support.cpp.o
[5.682s] [ 38%] Building CXX object CMakeFiles/geometry_msgs__rosidl_typesupport_c.dir/rosidl_typesupport_c/geometry_msgs/msg/point__type_support.cpp.o
[5.685s] [ 38%] Building CXX object CMakeFiles/geometry_msgs__rosidl_typesupport_cpp.dir/rosidl_typesupport_cpp/geometry_msgs/msg/pose_with_covariance__type_support.cpp.o
[5.686s] [ 38%] Building CXX object CMakeFiles/geometry_msgs__rosidl_typesupport_cpp.dir/rosidl_typesupport_cpp/geometry_msgs/msg/quaternion__type_support.cpp.o
[5.689s] [ 39%] Building CXX object CMakeFiles/geometry_msgs__rosidl_typesupport_c.dir/rosidl_typesupport_c/geometry_msgs/msg/polygon__type_support.cpp.o
[5.690s] [ 39%] Building CXX object CMakeFiles/geometry_msgs__rosidl_typesupport_c.dir/rosidl_typesupport_c/geometry_msgs/msg/point_stamped__type_support.cpp.o
[5.694s] [ 39%] Building CXX object CMakeFiles/geometry_msgs__rosidl_typesupport_cpp.dir/rosidl_typesupport_cpp/geometry_msgs/msg/transform_stamped__type_support.cpp.o
[5.694s] [ 40%] Building CXX object CMakeFiles/geometry_msgs__rosidl_typesupport_cpp.dir/rosidl_typesupport_cpp/geometry_msgs/msg/pose_stamped__type_support.cpp.o
[5.702s] [ 41%] Building CXX object CMakeFiles/geometry_msgs__rosidl_typesupport_cpp.dir/rosidl_typesupport_cpp/geometry_msgs/msg/quaternion_stamped__type_support.cpp.o
[5.702s] [ 40%] Building CXX object CMakeFiles/geometry_msgs__rosidl_typesupport_cpp.dir/rosidl_typesupport_cpp/geometry_msgs/msg/twist_stamped__type_support.cpp.o
[5.702s] [ 41%] Building CXX object CMakeFiles/geometry_msgs__rosidl_typesupport_c.dir/rosidl_typesupport_c/geometry_msgs/msg/point32__type_support.cpp.o
[5.702s] [ 41%] Building CXX object CMakeFiles/geometry_msgs__rosidl_typesupport_c.dir/rosidl_typesupport_c/geometry_msgs/msg/polygon_instance__type_support.cpp.o
[5.702s] [ 41%] Building CXX object CMakeFiles/geometry_msgs__rosidl_typesupport_cpp.dir/rosidl_typesupport_cpp/geometry_msgs/msg/transform__type_support.cpp.o
[5.702s] [ 42%] Building CXX object CMakeFiles/geometry_msgs__rosidl_typesupport_cpp.dir/rosidl_typesupport_cpp/geometry_msgs/msg/twist__type_support.cpp.o
[5.702s] [ 42%] Building CXX object CMakeFiles/geometry_msgs__rosidl_typesupport_c.dir/rosidl_typesupport_c/geometry_msgs/msg/polygon_instance_stamped__type_support.cpp.o
[5.713s] [ 42%] Building CXX object CMakeFiles/geometry_msgs__rosidl_typesupport_cpp.dir/rosidl_typesupport_cpp/geometry_msgs/msg/twist_with_covariance__type_support.cpp.o
[5.747s] [ 42%] Building CXX object CMakeFiles/geometry_msgs__rosidl_typesupport_cpp.dir/rosidl_typesupport_cpp/geometry_msgs/msg/twist_with_covariance_stamped__type_support.cpp.o
[5.753s] [ 43%] Building CXX object CMakeFiles/geometry_msgs__rosidl_typesupport_c.dir/rosidl_typesupport_c/geometry_msgs/msg/polygon_stamped__type_support.cpp.o
[5.768s] [ 44%] Building CXX object CMakeFiles/geometry_msgs__rosidl_typesupport_cpp.dir/rosidl_typesupport_cpp/geometry_msgs/msg/vector3__type_support.cpp.o
[5.781s] [ 44%] Building CXX object CMakeFiles/geometry_msgs__rosidl_typesupport_c.dir/rosidl_typesupport_c/geometry_msgs/msg/pose__type_support.cpp.o
[5.793s] [ 44%] Building CXX object CMakeFiles/geometry_msgs__rosidl_typesupport_cpp.dir/rosidl_typesupport_cpp/geometry_msgs/msg/vector3_stamped__type_support.cpp.o
[5.795s] [ 44%] Building CXX object CMakeFiles/geometry_msgs__rosidl_typesupport_c.dir/rosidl_typesupport_c/geometry_msgs/msg/pose2_d__type_support.cpp.o
[5.795s] [ 44%] Building CXX object CMakeFiles/geometry_msgs__rosidl_typesupport_cpp.dir/rosidl_typesupport_cpp/geometry_msgs/msg/velocity_stamped__type_support.cpp.o
[5.797s] [ 45%] Building CXX object CMakeFiles/geometry_msgs__rosidl_typesupport_cpp.dir/rosidl_typesupport_cpp/geometry_msgs/msg/wrench__type_support.cpp.o
[5.829s] [ 45%] Building CXX object CMakeFiles/geometry_msgs__rosidl_typesupport_cpp.dir/rosidl_typesupport_cpp/geometry_msgs/msg/wrench_stamped__type_support.cpp.o
[5.835s] [ 45%] Building CXX object CMakeFiles/geometry_msgs__rosidl_typesupport_c.dir/rosidl_typesupport_c/geometry_msgs/msg/pose_array__type_support.cpp.o
[5.857s] [ 46%] Building CXX object CMakeFiles/geometry_msgs__rosidl_typesupport_c.dir/rosidl_typesupport_c/geometry_msgs/msg/pose_stamped__type_support.cpp.o
[5.870s] [ 46%] Building CXX object CMakeFiles/geometry_msgs__rosidl_typesupport_c.dir/rosidl_typesupport_c/geometry_msgs/msg/pose_with_covariance__type_support.cpp.o
[5.885s] [ 46%] Building CXX object CMakeFiles/geometry_msgs__rosidl_typesupport_c.dir/rosidl_typesupport_c/geometry_msgs/msg/pose_with_covariance_stamped__type_support.cpp.o
[5.915s] [ 47%] Building CXX object CMakeFiles/geometry_msgs__rosidl_typesupport_c.dir/rosidl_typesupport_c/geometry_msgs/msg/quaternion__type_support.cpp.o
[5.951s] [ 47%] Building CXX object CMakeFiles/geometry_msgs__rosidl_typesupport_c.dir/rosidl_typesupport_c/geometry_msgs/msg/quaternion_stamped__type_support.cpp.o
[5.978s] [ 47%] Building CXX object CMakeFiles/geometry_msgs__rosidl_typesupport_c.dir/rosidl_typesupport_c/geometry_msgs/msg/transform__type_support.cpp.o
[5.983s] [ 48%] Building CXX object CMakeFiles/geometry_msgs__rosidl_typesupport_c.dir/rosidl_typesupport_c/geometry_msgs/msg/twist__type_support.cpp.o
[5.989s] [ 48%] Building CXX object CMakeFiles/geometry_msgs__rosidl_typesupport_c.dir/rosidl_typesupport_c/geometry_msgs/msg/transform_stamped__type_support.cpp.o
[5.992s] [ 48%] Building CXX object CMakeFiles/geometry_msgs__rosidl_typesupport_c.dir/rosidl_typesupport_c/geometry_msgs/msg/twist_stamped__type_support.cpp.o
[6.035s] [ 48%] Building CXX object CMakeFiles/geometry_msgs__rosidl_typesupport_c.dir/rosidl_typesupport_c/geometry_msgs/msg/twist_with_covariance__type_support.cpp.o
[6.051s] [ 49%] Building CXX object CMakeFiles/geometry_msgs__rosidl_typesupport_c.dir/rosidl_typesupport_c/geometry_msgs/msg/twist_with_covariance_stamped__type_support.cpp.o
[6.052s] [ 49%] Building CXX object CMakeFiles/geometry_msgs__rosidl_typesupport_c.dir/rosidl_typesupport_c/geometry_msgs/msg/vector3__type_support.cpp.o
[6.060s] [ 49%] Building CXX object CMakeFiles/geometry_msgs__rosidl_typesupport_introspection_cpp.dir/rosidl_typesupport_introspection_cpp/geometry_msgs/msg/detail/accel__type_support.cpp.o
[6.065s] [ 49%] Building CXX object CMakeFiles/geometry_msgs__rosidl_typesupport_c.dir/rosidl_typesupport_c/geometry_msgs/msg/vector3_stamped__type_support.cpp.o
[6.084s] [ 50%] Building CXX object CMakeFiles/geometry_msgs__rosidl_typesupport_introspection_cpp.dir/rosidl_typesupport_introspection_cpp/geometry_msgs/msg/detail/accel_stamped__type_support.cpp.o
[6.089s] [ 50%] Building CXX object CMakeFiles/geometry_msgs__rosidl_typesupport_c.dir/rosidl_typesupport_c/geometry_msgs/msg/velocity_stamped__type_support.cpp.o
[6.089s] [ 51%] Building CXX object CMakeFiles/geometry_msgs__rosidl_typesupport_c.dir/rosidl_typesupport_c/geometry_msgs/msg/wrench__type_support.cpp.o
[6.107s] [ 51%] Building CXX object CMakeFiles/geometry_msgs__rosidl_typesupport_c.dir/rosidl_typesupport_c/geometry_msgs/msg/wrench_stamped__type_support.cpp.o
[6.115s] [ 51%] Building CXX object CMakeFiles/geometry_msgs__rosidl_typesupport_introspection_cpp.dir/rosidl_typesupport_introspection_cpp/geometry_msgs/msg/detail/accel_with_covariance__type_support.cpp.o
[6.120s] [ 51%] Building CXX object CMakeFiles/geometry_msgs__rosidl_typesupport_introspection_cpp.dir/rosidl_typesupport_introspection_cpp/geometry_msgs/msg/detail/accel_with_covariance_stamped__type_support.cpp.o
[6.133s] [ 52%] Building CXX object CMakeFiles/geometry_msgs__rosidl_typesupport_introspection_cpp.dir/rosidl_typesupport_introspection_cpp/geometry_msgs/msg/detail/inertia__type_support.cpp.o
[6.141s] [ 52%] Building CXX object CMakeFiles/geometry_msgs__rosidl_typesupport_introspection_cpp.dir/rosidl_typesupport_introspection_cpp/geometry_msgs/msg/detail/inertia_stamped__type_support.cpp.o
[6.171s] [ 53%] Building C object CMakeFiles/geometry_msgs__rosidl_typesupport_introspection_c.dir/rosidl_typesupport_introspection_c/geometry_msgs/msg/detail/accel__type_support.c.o
[6.177s] [ 53%] Building CXX object CMakeFiles/geometry_msgs__rosidl_typesupport_introspection_cpp.dir/rosidl_typesupport_introspection_cpp/geometry_msgs/msg/detail/point__type_support.cpp.o
[6.180s] [ 53%] Building C object CMakeFiles/geometry_msgs__rosidl_typesupport_introspection_c.dir/rosidl_typesupport_introspection_c/geometry_msgs/msg/detail/accel_stamped__type_support.c.o
[6.181s] [ 53%] Building CXX object CMakeFiles/geometry_msgs__rosidl_typesupport_introspection_cpp.dir/rosidl_typesupport_introspection_cpp/geometry_msgs/msg/detail/point32__type_support.cpp.o
[6.197s] [ 54%] Building CXX object CMakeFiles/geometry_msgs__rosidl_typesupport_introspection_cpp.dir/rosidl_typesupport_introspection_cpp/geometry_msgs/msg/detail/point_stamped__type_support.cpp.o
[6.197s] [ 54%] Building C object CMakeFiles/geometry_msgs__rosidl_typesupport_introspection_c.dir/rosidl_typesupport_introspection_c/geometry_msgs/msg/detail/accel_with_covariance_stamped__type_support.c.o
[6.201s] [ 54%] Linking CXX shared library libgeometry_msgs__rosidl_typesupport_c.so
[6.204s] [ 54%] Building C object CMakeFiles/geometry_msgs__rosidl_typesupport_introspection_c.dir/rosidl_typesupport_introspection_c/geometry_msgs/msg/detail/accel_with_covariance__type_support.c.o
[6.260s] [ 54%] Building CXX object CMakeFiles/geometry_msgs__rosidl_typesupport_introspection_cpp.dir/rosidl_typesupport_introspection_cpp/geometry_msgs/msg/detail/polygon__type_support.cpp.o
[6.283s] [ 55%] Building C object CMakeFiles/geometry_msgs__rosidl_typesupport_introspection_c.dir/rosidl_typesupport_introspection_c/geometry_msgs/msg/detail/inertia_stamped__type_support.c.o
[6.288s] [ 55%] Built target geometry_msgs__rosidl_typesupport_c
[6.288s] [ 55%] Building C object CMakeFiles/geometry_msgs__rosidl_typesupport_introspection_c.dir/rosidl_typesupport_introspection_c/geometry_msgs/msg/detail/inertia__type_support.c.o
[6.289s] [ 55%] Building CXX object CMakeFiles/geometry_msgs__rosidl_typesupport_introspection_cpp.dir/rosidl_typesupport_introspection_cpp/geometry_msgs/msg/detail/polygon_instance__type_support.cpp.o
[6.300s] [ 56%] Building CXX object CMakeFiles/geometry_msgs__rosidl_typesupport_introspection_cpp.dir/rosidl_typesupport_introspection_cpp/geometry_msgs/msg/detail/polygon_instance_stamped__type_support.cpp.o
[6.304s] [ 57%] Building C object CMakeFiles/geometry_msgs__rosidl_typesupport_introspection_c.dir/rosidl_typesupport_introspection_c/geometry_msgs/msg/detail/point32__type_support.c.o
[6.306s] [ 57%] Building C object CMakeFiles/geometry_msgs__rosidl_typesupport_introspection_c.dir/rosidl_typesupport_introspection_c/geometry_msgs/msg/detail/point__type_support.c.o
[6.373s] [ 57%] Building C object CMakeFiles/geometry_msgs__rosidl_typesupport_introspection_c.dir/rosidl_typesupport_introspection_c/geometry_msgs/msg/detail/point_stamped__type_support.c.o
[6.391s] [ 57%] Building CXX object CMakeFiles/geometry_msgs__rosidl_typesupport_introspection_cpp.dir/rosidl_typesupport_introspection_cpp/geometry_msgs/msg/detail/polygon_stamped__type_support.cpp.o
[6.397s] [ 57%] Building CXX object CMakeFiles/geometry_msgs__rosidl_typesupport_introspection_cpp.dir/rosidl_typesupport_introspection_cpp/geometry_msgs/msg/detail/pose__type_support.cpp.o
[6.398s] [ 57%] Building CXX object CMakeFiles/geometry_msgs__rosidl_typesupport_introspection_cpp.dir/rosidl_typesupport_introspection_cpp/geometry_msgs/msg/detail/pose_array__type_support.cpp.o
[6.405s] [ 58%] Building CXX object CMakeFiles/geometry_msgs__rosidl_typesupport_introspection_cpp.dir/rosidl_typesupport_introspection_cpp/geometry_msgs/msg/detail/pose2_d__type_support.cpp.o
[6.421s] [ 58%] Building C object CMakeFiles/geometry_msgs__rosidl_typesupport_introspection_c.dir/rosidl_typesupport_introspection_c/geometry_msgs/msg/detail/polygon__type_support.c.o
[6.501s] [ 58%] Building C object CMakeFiles/geometry_msgs__rosidl_typesupport_introspection_c.dir/rosidl_typesupport_introspection_c/geometry_msgs/msg/detail/polygon_instance__type_support.c.o
[6.520s] [ 58%] Building CXX object CMakeFiles/geometry_msgs__rosidl_typesupport_introspection_cpp.dir/rosidl_typesupport_introspection_cpp/geometry_msgs/msg/detail/pose_stamped__type_support.cpp.o
[6.527s] [ 59%] Building C object CMakeFiles/geometry_msgs__rosidl_typesupport_introspection_c.dir/rosidl_typesupport_introspection_c/geometry_msgs/msg/detail/polygon_instance_stamped__type_support.c.o
[6.539s] [ 59%] Building CXX object CMakeFiles/geometry_msgs__rosidl_typesupport_introspection_cpp.dir/rosidl_typesupport_introspection_cpp/geometry_msgs/msg/detail/pose_with_covariance__type_support.cpp.o
[6.593s] [ 59%] Building C object CMakeFiles/geometry_msgs__rosidl_typesupport_introspection_c.dir/rosidl_typesupport_introspection_c/geometry_msgs/msg/detail/polygon_stamped__type_support.c.o
[6.619s] [ 60%] Building CXX object CMakeFiles/geometry_msgs__rosidl_typesupport_introspection_cpp.dir/rosidl_typesupport_introspection_cpp/geometry_msgs/msg/detail/pose_with_covariance_stamped__type_support.cpp.o
[6.641s] [ 60%] Building C object CMakeFiles/geometry_msgs__rosidl_typesupport_introspection_c.dir/rosidl_typesupport_introspection_c/geometry_msgs/msg/detail/pose__type_support.c.o
[6.643s] [ 61%] Building C object CMakeFiles/geometry_msgs__rosidl_typesupport_introspection_c.dir/rosidl_typesupport_introspection_c/geometry_msgs/msg/detail/pose2_d__type_support.c.o
[6.656s] [ 61%] Building CXX object CMakeFiles/geometry_msgs__rosidl_typesupport_introspection_cpp.dir/rosidl_typesupport_introspection_cpp/geometry_msgs/msg/detail/quaternion__type_support.cpp.o
[6.677s] [ 61%] Building CXX object CMakeFiles/geometry_msgs__rosidl_typesupport_introspection_cpp.dir/rosidl_typesupport_introspection_cpp/geometry_msgs/msg/detail/quaternion_stamped__type_support.cpp.o
[6.691s] [ 61%] Building C object CMakeFiles/geometry_msgs__rosidl_typesupport_introspection_c.dir/rosidl_typesupport_introspection_c/geometry_msgs/msg/detail/pose_array__type_support.c.o
[6.699s] [ 61%] Linking CXX shared library libgeometry_msgs__rosidl_typesupport_cpp.so
[6.729s] [ 62%] Building CXX object CMakeFiles/geometry_msgs__rosidl_typesupport_introspection_cpp.dir/rosidl_typesupport_introspection_cpp/geometry_msgs/msg/detail/transform__type_support.cpp.o
[6.737s] [ 63%] Building CXX object CMakeFiles/geometry_msgs__rosidl_typesupport_fastrtps_cpp.dir/rosidl_typesupport_fastrtps_cpp/geometry_msgs/msg/detail/dds_fastrtps/accel__type_support.cpp.o
[6.764s] [ 63%] Building CXX object CMakeFiles/geometry_msgs__rosidl_typesupport_introspection_cpp.dir/rosidl_typesupport_introspection_cpp/geometry_msgs/msg/detail/transform_stamped__type_support.cpp.o
[6.820s] [ 63%] Building C object CMakeFiles/geometry_msgs__rosidl_typesupport_introspection_c.dir/rosidl_typesupport_introspection_c/geometry_msgs/msg/detail/pose_stamped__type_support.c.o
[6.839s] [ 64%] Building C object CMakeFiles/geometry_msgs__rosidl_typesupport_introspection_c.dir/rosidl_typesupport_introspection_c/geometry_msgs/msg/detail/pose_with_covariance__type_support.c.o
[6.850s] [ 64%] Building CXX object CMakeFiles/geometry_msgs__rosidl_typesupport_introspection_cpp.dir/rosidl_typesupport_introspection_cpp/geometry_msgs/msg/detail/twist__type_support.cpp.o
[6.874s] [ 64%] Built target geometry_msgs__rosidl_typesupport_cpp
[6.908s] [ 64%] Building CXX object CMakeFiles/geometry_msgs__rosidl_typesupport_introspection_cpp.dir/rosidl_typesupport_introspection_cpp/geometry_msgs/msg/detail/twist_stamped__type_support.cpp.o
[6.931s] [ 64%] Building CXX object CMakeFiles/geometry_msgs__rosidl_typesupport_fastrtps_cpp.dir/rosidl_typesupport_fastrtps_cpp/geometry_msgs/msg/detail/dds_fastrtps/accel_stamped__type_support.cpp.o
[6.945s] [ 64%] Building CXX object CMakeFiles/geometry_msgs__rosidl_typesupport_fastrtps_cpp.dir/rosidl_typesupport_fastrtps_cpp/geometry_msgs/msg/detail/dds_fastrtps/accel_with_covariance__type_support.cpp.o
[6.945s] [ 64%] Building C object CMakeFiles/geometry_msgs__rosidl_typesupport_introspection_c.dir/rosidl_typesupport_introspection_c/geometry_msgs/msg/detail/pose_with_covariance_stamped__type_support.c.o
[6.979s] [ 65%] Building CXX object CMakeFiles/geometry_msgs__rosidl_typesupport_introspection_cpp.dir/rosidl_typesupport_introspection_cpp/geometry_msgs/msg/detail/twist_with_covariance__type_support.cpp.o
[6.995s] [ 65%] Building C object CMakeFiles/geometry_msgs__rosidl_typesupport_introspection_c.dir/rosidl_typesupport_introspection_c/geometry_msgs/msg/detail/quaternion__type_support.c.o
[7.082s] [ 65%] Building CXX object CMakeFiles/geometry_msgs__rosidl_typesupport_introspection_cpp.dir/rosidl_typesupport_introspection_cpp/geometry_msgs/msg/detail/twist_with_covariance_stamped__type_support.cpp.o
[7.083s] [ 65%] Building C object CMakeFiles/geometry_msgs__rosidl_typesupport_introspection_c.dir/rosidl_typesupport_introspection_c/geometry_msgs/msg/detail/quaternion_stamped__type_support.c.o
[7.084s] [ 65%] Building CXX object CMakeFiles/geometry_msgs__rosidl_typesupport_introspection_cpp.dir/rosidl_typesupport_introspection_cpp/geometry_msgs/msg/detail/vector3__type_support.cpp.o
[7.112s] [ 66%] Building CXX object CMakeFiles/geometry_msgs__rosidl_typesupport_fastrtps_cpp.dir/rosidl_typesupport_fastrtps_cpp/geometry_msgs/msg/detail/dds_fastrtps/accel_with_covariance_stamped__type_support.cpp.o
[7.116s] [ 67%] Building CXX object CMakeFiles/geometry_msgs__rosidl_typesupport_introspection_cpp.dir/rosidl_typesupport_introspection_cpp/geometry_msgs/msg/detail/vector3_stamped__type_support.cpp.o
[7.117s] [ 68%] Building C object CMakeFiles/geometry_msgs__rosidl_typesupport_introspection_c.dir/rosidl_typesupport_introspection_c/geometry_msgs/msg/detail/transform__type_support.c.o
[7.147s] [ 68%] Building CXX object CMakeFiles/geometry_msgs__rosidl_typesupport_introspection_cpp.dir/rosidl_typesupport_introspection_cpp/geometry_msgs/msg/detail/velocity_stamped__type_support.cpp.o
[7.214s] [ 68%] Building C object CMakeFiles/geometry_msgs__rosidl_typesupport_introspection_c.dir/rosidl_typesupport_introspection_c/geometry_msgs/msg/detail/transform_stamped__type_support.c.o
[7.227s] [ 68%] Building CXX object CMakeFiles/geometry_msgs__rosidl_typesupport_fastrtps_cpp.dir/rosidl_typesupport_fastrtps_cpp/geometry_msgs/msg/detail/dds_fastrtps/inertia__type_support.cpp.o
[7.254s] [ 68%] Building CXX object CMakeFiles/geometry_msgs__rosidl_typesupport_introspection_cpp.dir/rosidl_typesupport_introspection_cpp/geometry_msgs/msg/detail/wrench__type_support.cpp.o
[7.258s] [ 68%] Building CXX object CMakeFiles/geometry_msgs__rosidl_typesupport_introspection_cpp.dir/rosidl_typesupport_introspection_cpp/geometry_msgs/msg/detail/wrench_stamped__type_support.cpp.o
[7.336s] [ 68%] Building C object CMakeFiles/geometry_msgs__rosidl_typesupport_introspection_c.dir/rosidl_typesupport_introspection_c/geometry_msgs/msg/detail/twist__type_support.c.o
[7.355s] [ 69%] Building C object CMakeFiles/geometry_msgs__rosidl_typesupport_introspection_c.dir/rosidl_typesupport_introspection_c/geometry_msgs/msg/detail/twist_stamped__type_support.c.o
[7.386s] [ 69%] Building CXX object CMakeFiles/geometry_msgs__rosidl_typesupport_fastrtps_cpp.dir/rosidl_typesupport_fastrtps_cpp/geometry_msgs/msg/detail/dds_fastrtps/inertia_stamped__type_support.cpp.o
[7.405s] [ 69%] Building C object CMakeFiles/geometry_msgs__rosidl_typesupport_introspection_c.dir/rosidl_typesupport_introspection_c/geometry_msgs/msg/detail/twist_with_covariance__type_support.c.o
[7.428s] [ 69%] Building CXX object CMakeFiles/geometry_msgs__rosidl_typesupport_fastrtps_cpp.dir/rosidl_typesupport_fastrtps_cpp/geometry_msgs/msg/detail/dds_fastrtps/point__type_support.cpp.o
[7.503s] [ 70%] Building CXX object CMakeFiles/geometry_msgs__rosidl_typesupport_fastrtps_cpp.dir/rosidl_typesupport_fastrtps_cpp/geometry_msgs/msg/detail/dds_fastrtps/point32__type_support.cpp.o
[7.530s] [ 70%] Building C object CMakeFiles/geometry_msgs__rosidl_typesupport_introspection_c.dir/rosidl_typesupport_introspection_c/geometry_msgs/msg/detail/twist_with_covariance_stamped__type_support.c.o
[7.548s] [ 70%] Building CXX object CMakeFiles/geometry_msgs__rosidl_typesupport_fastrtps_cpp.dir/rosidl_typesupport_fastrtps_cpp/geometry_msgs/msg/detail/dds_fastrtps/point_stamped__type_support.cpp.o
[7.548s] [ 70%] Building C object CMakeFiles/geometry_msgs__rosidl_typesupport_introspection_c.dir/rosidl_typesupport_introspection_c/geometry_msgs/msg/detail/vector3__type_support.c.o
[7.585s] [ 70%] Building CXX object CMakeFiles/geometry_msgs__rosidl_typesupport_fastrtps_cpp.dir/rosidl_typesupport_fastrtps_cpp/geometry_msgs/msg/detail/dds_fastrtps/polygon__type_support.cpp.o
[7.585s] [ 71%] Building CXX object CMakeFiles/geometry_msgs__rosidl_typesupport_fastrtps_cpp.dir/rosidl_typesupport_fastrtps_cpp/geometry_msgs/msg/detail/dds_fastrtps/polygon_instance__type_support.cpp.o
[7.598s] [ 72%] Building C object CMakeFiles/geometry_msgs__rosidl_typesupport_introspection_c.dir/rosidl_typesupport_introspection_c/geometry_msgs/msg/detail/vector3_stamped__type_support.c.o
[7.608s] [ 72%] Building C object CMakeFiles/geometry_msgs__rosidl_typesupport_introspection_c.dir/rosidl_typesupport_introspection_c/geometry_msgs/msg/detail/velocity_stamped__type_support.c.o
[7.626s] [ 72%] Building CXX object CMakeFiles/geometry_msgs__rosidl_typesupport_fastrtps_cpp.dir/rosidl_typesupport_fastrtps_cpp/geometry_msgs/msg/detail/dds_fastrtps/polygon_instance_stamped__type_support.cpp.o
[7.658s] [ 72%] Building C object CMakeFiles/geometry_msgs__rosidl_typesupport_introspection_c.dir/rosidl_typesupport_introspection_c/geometry_msgs/msg/detail/wrench__type_support.c.o
[7.667s] [ 73%] Building C object CMakeFiles/geometry_msgs__rosidl_typesupport_introspection_c.dir/rosidl_typesupport_introspection_c/geometry_msgs/msg/detail/wrench_stamped__type_support.c.o
[7.714s] [ 73%] Building CXX object CMakeFiles/geometry_msgs__rosidl_typesupport_fastrtps_cpp.dir/rosidl_typesupport_fastrtps_cpp/geometry_msgs/msg/detail/dds_fastrtps/polygon_stamped__type_support.cpp.o
[7.741s] [ 73%] Building CXX object CMakeFiles/geometry_msgs__rosidl_typesupport_fastrtps_cpp.dir/rosidl_typesupport_fastrtps_cpp/geometry_msgs/msg/detail/dds_fastrtps/pose__type_support.cpp.o
[7.741s] [ 74%] Building CXX object CMakeFiles/geometry_msgs__rosidl_typesupport_fastrtps_cpp.dir/rosidl_typesupport_fastrtps_cpp/geometry_msgs/msg/detail/dds_fastrtps/pose2_d__type_support.cpp.o
[7.786s] [ 74%] Linking C shared library libgeometry_msgs__rosidl_typesupport_introspection_c.so
[7.790s] [ 74%] Building CXX object CMakeFiles/geometry_msgs__rosidl_typesupport_fastrtps_cpp.dir/rosidl_typesupport_fastrtps_cpp/geometry_msgs/msg/detail/dds_fastrtps/pose_array__type_support.cpp.o
[7.802s] [ 74%] Building CXX object CMakeFiles/geometry_msgs__rosidl_typesupport_fastrtps_cpp.dir/rosidl_typesupport_fastrtps_cpp/geometry_msgs/msg/detail/dds_fastrtps/pose_stamped__type_support.cpp.o
[7.806s] [ 74%] Building CXX object CMakeFiles/geometry_msgs__rosidl_typesupport_fastrtps_c.dir/rosidl_typesupport_fastrtps_c/geometry_msgs/msg/detail/accel__type_support_c.cpp.o
[7.850s] [ 74%] Built target geometry_msgs__rosidl_typesupport_introspection_c
[7.858s] [ 74%] Building CXX object CMakeFiles/geometry_msgs__rosidl_typesupport_fastrtps_cpp.dir/rosidl_typesupport_fastrtps_cpp/geometry_msgs/msg/detail/dds_fastrtps/pose_with_covariance_stamped__type_support.cpp.o
[7.868s] [ 75%] Building CXX object CMakeFiles/geometry_msgs__rosidl_typesupport_fastrtps_cpp.dir/rosidl_typesupport_fastrtps_cpp/geometry_msgs/msg/detail/dds_fastrtps/pose_with_covariance__type_support.cpp.o
[7.931s] [ 75%] Building CXX object CMakeFiles/geometry_msgs__rosidl_typesupport_fastrtps_c.dir/rosidl_typesupport_fastrtps_c/geometry_msgs/msg/detail/accel_stamped__type_support_c.cpp.o
[8.138s] [ 76%] Building CXX object CMakeFiles/geometry_msgs__rosidl_typesupport_fastrtps_cpp.dir/rosidl_typesupport_fastrtps_cpp/geometry_msgs/msg/detail/dds_fastrtps/quaternion_stamped__type_support.cpp.o
[8.138s] [ 77%] Linking CXX shared library libgeometry_msgs__rosidl_typesupport_introspection_cpp.so
[8.144s] [ 77%] Building CXX object CMakeFiles/geometry_msgs__rosidl_typesupport_fastrtps_c.dir/rosidl_typesupport_fastrtps_c/geometry_msgs/msg/detail/accel_with_covariance__type_support_c.cpp.o
[8.165s] [ 78%] Building CXX object CMakeFiles/geometry_msgs__rosidl_typesupport_fastrtps_c.dir/rosidl_typesupport_fastrtps_c/geometry_msgs/msg/detail/accel_with_covariance_stamped__type_support_c.cpp.o
[8.170s] [ 78%] Building CXX object CMakeFiles/geometry_msgs__rosidl_typesupport_fastrtps_cpp.dir/rosidl_typesupport_fastrtps_cpp/geometry_msgs/msg/detail/dds_fastrtps/quaternion__type_support.cpp.o
[8.250s] [ 78%] Building CXX object CMakeFiles/geometry_msgs__rosidl_typesupport_fastrtps_c.dir/rosidl_typesupport_fastrtps_c/geometry_msgs/msg/detail/inertia__type_support_c.cpp.o
[8.263s] [ 78%] Building CXX object CMakeFiles/geometry_msgs__rosidl_typesupport_fastrtps_cpp.dir/rosidl_typesupport_fastrtps_cpp/geometry_msgs/msg/detail/dds_fastrtps/transform__type_support.cpp.o
[8.271s] [ 78%] Built target geometry_msgs__rosidl_typesupport_introspection_cpp
[8.280s] [ 78%] Building CXX object CMakeFiles/geometry_msgs__rosidl_typesupport_fastrtps_c.dir/rosidl_typesupport_fastrtps_c/geometry_msgs/msg/detail/inertia_stamped__type_support_c.cpp.o
[8.337s] [ 78%] Building CXX object CMakeFiles/geometry_msgs__rosidl_typesupport_fastrtps_cpp.dir/rosidl_typesupport_fastrtps_cpp/geometry_msgs/msg/detail/dds_fastrtps/transform_stamped__type_support.cpp.o
[8.356s] [ 79%] Building CXX object CMakeFiles/geometry_msgs__rosidl_typesupport_fastrtps_c.dir/rosidl_typesupport_fastrtps_c/geometry_msgs/msg/detail/point__type_support_c.cpp.o
[8.399s] [ 79%] Building CXX object CMakeFiles/geometry_msgs__rosidl_typesupport_fastrtps_c.dir/rosidl_typesupport_fastrtps_c/geometry_msgs/msg/detail/point32__type_support_c.cpp.o
[8.405s] [ 79%] Building CXX object CMakeFiles/geometry_msgs__rosidl_typesupport_fastrtps_cpp.dir/rosidl_typesupport_fastrtps_cpp/geometry_msgs/msg/detail/dds_fastrtps/twist__type_support.cpp.o
[8.448s] [ 79%] Building CXX object CMakeFiles/geometry_msgs__rosidl_typesupport_fastrtps_c.dir/rosidl_typesupport_fastrtps_c/geometry_msgs/msg/detail/point_stamped__type_support_c.cpp.o
[8.477s] [ 79%] Building CXX object CMakeFiles/geometry_msgs__rosidl_typesupport_fastrtps_c.dir/rosidl_typesupport_fastrtps_c/geometry_msgs/msg/detail/polygon__type_support_c.cpp.o
[8.490s] [ 80%] Building CXX object CMakeFiles/geometry_msgs__rosidl_typesupport_fastrtps_c.dir/rosidl_typesupport_fastrtps_c/geometry_msgs/msg/detail/polygon_instance__type_support_c.cpp.o
[8.528s] [ 81%] Building CXX object CMakeFiles/geometry_msgs__rosidl_typesupport_fastrtps_cpp.dir/rosidl_typesupport_fastrtps_cpp/geometry_msgs/msg/detail/dds_fastrtps/twist_stamped__type_support.cpp.o
[8.577s] [ 81%] Building CXX object CMakeFiles/geometry_msgs__rosidl_typesupport_fastrtps_cpp.dir/rosidl_typesupport_fastrtps_cpp/geometry_msgs/msg/detail/dds_fastrtps/twist_with_covariance__type_support.cpp.o
[8.585s] [ 81%] Building CXX object CMakeFiles/geometry_msgs__rosidl_typesupport_fastrtps_c.dir/rosidl_typesupport_fastrtps_c/geometry_msgs/msg/detail/polygon_instance_stamped__type_support_c.cpp.o
[8.619s] [ 81%] Building CXX object CMakeFiles/geometry_msgs__rosidl_typesupport_fastrtps_c.dir/rosidl_typesupport_fastrtps_c/geometry_msgs/msg/detail/polygon_stamped__type_support_c.cpp.o
[8.641s] [ 81%] Building CXX object CMakeFiles/geometry_msgs__rosidl_typesupport_fastrtps_cpp.dir/rosidl_typesupport_fastrtps_cpp/geometry_msgs/msg/detail/dds_fastrtps/twist_with_covariance_stamped__type_support.cpp.o
[8.676s] [ 83%] Building CXX object CMakeFiles/geometry_msgs__rosidl_typesupport_fastrtps_cpp.dir/rosidl_typesupport_fastrtps_cpp/geometry_msgs/msg/detail/dds_fastrtps/vector3__type_support.cpp.o
[8.676s] [ 83%] Building CXX object CMakeFiles/geometry_msgs__rosidl_typesupport_fastrtps_c.dir/rosidl_typesupport_fastrtps_c/geometry_msgs/msg/detail/pose__type_support_c.cpp.o
[8.703s] [ 83%] Building CXX object CMakeFiles/geometry_msgs__rosidl_typesupport_fastrtps_cpp.dir/rosidl_typesupport_fastrtps_cpp/geometry_msgs/msg/detail/dds_fastrtps/vector3_stamped__type_support.cpp.o
[8.782s] [ 83%] Building CXX object CMakeFiles/geometry_msgs__rosidl_typesupport_fastrtps_cpp.dir/rosidl_typesupport_fastrtps_cpp/geometry_msgs/msg/detail/dds_fastrtps/velocity_stamped__type_support.cpp.o
[8.785s] [ 83%] Building CXX object CMakeFiles/geometry_msgs__rosidl_typesupport_fastrtps_c.dir/rosidl_typesupport_fastrtps_c/geometry_msgs/msg/detail/pose2_d__type_support_c.cpp.o
[8.796s] [ 83%] Building CXX object CMakeFiles/geometry_msgs__rosidl_typesupport_fastrtps_cpp.dir/rosidl_typesupport_fastrtps_cpp/geometry_msgs/msg/detail/dds_fastrtps/wrench__type_support.cpp.o
[8.891s] [ 83%] Building CXX object CMakeFiles/geometry_msgs__rosidl_typesupport_fastrtps_c.dir/rosidl_typesupport_fastrtps_c/geometry_msgs/msg/detail/pose_array__type_support_c.cpp.o
[8.892s] [ 83%] Building CXX object CMakeFiles/geometry_msgs__rosidl_typesupport_fastrtps_c.dir/rosidl_typesupport_fastrtps_c/geometry_msgs/msg/detail/pose_stamped__type_support_c.cpp.o
[8.965s] [ 84%] Building CXX object CMakeFiles/geometry_msgs__rosidl_typesupport_fastrtps_cpp.dir/rosidl_typesupport_fastrtps_cpp/geometry_msgs/msg/detail/dds_fastrtps/wrench_stamped__type_support.cpp.o
[8.986s] [ 85%] Building CXX object CMakeFiles/geometry_msgs__rosidl_typesupport_fastrtps_c.dir/rosidl_typesupport_fastrtps_c/geometry_msgs/msg/detail/pose_with_covariance__type_support_c.cpp.o
[9.008s] [ 85%] Building CXX object CMakeFiles/geometry_msgs__rosidl_typesupport_fastrtps_c.dir/rosidl_typesupport_fastrtps_c/geometry_msgs/msg/detail/pose_with_covariance_stamped__type_support_c.cpp.o
[9.046s] [ 85%] Building CXX object CMakeFiles/geometry_msgs__rosidl_typesupport_fastrtps_c.dir/rosidl_typesupport_fastrtps_c/geometry_msgs/msg/detail/quaternion__type_support_c.cpp.o
[9.054s] [ 86%] Building CXX object CMakeFiles/geometry_msgs__rosidl_typesupport_fastrtps_c.dir/rosidl_typesupport_fastrtps_c/geometry_msgs/msg/detail/quaternion_stamped__type_support_c.cpp.o
[9.054s] [ 86%] Building CXX object CMakeFiles/geometry_msgs__rosidl_typesupport_fastrtps_c.dir/rosidl_typesupport_fastrtps_c/geometry_msgs/msg/detail/transform__type_support_c.cpp.o
[9.077s] [ 86%] Building CXX object CMakeFiles/geometry_msgs__rosidl_typesupport_fastrtps_c.dir/rosidl_typesupport_fastrtps_c/geometry_msgs/msg/detail/transform_stamped__type_support_c.cpp.o
[9.080s] [ 86%] Building CXX object CMakeFiles/geometry_msgs__rosidl_typesupport_fastrtps_c.dir/rosidl_typesupport_fastrtps_c/geometry_msgs/msg/detail/twist__type_support_c.cpp.o
[9.159s] [ 87%] Building CXX object CMakeFiles/geometry_msgs__rosidl_typesupport_fastrtps_c.dir/rosidl_typesupport_fastrtps_c/geometry_msgs/msg/detail/twist_stamped__type_support_c.cpp.o
[9.251s] [ 87%] Building CXX object CMakeFiles/geometry_msgs__rosidl_typesupport_fastrtps_c.dir/rosidl_typesupport_fastrtps_c/geometry_msgs/msg/detail/twist_with_covariance__type_support_c.cpp.o
[9.329s] [ 87%] Building CXX object CMakeFiles/geometry_msgs__rosidl_typesupport_fastrtps_c.dir/rosidl_typesupport_fastrtps_c/geometry_msgs/msg/detail/twist_with_covariance_stamped__type_support_c.cpp.o
[9.330s] [ 88%] Building CXX object CMakeFiles/geometry_msgs__rosidl_typesupport_fastrtps_c.dir/rosidl_typesupport_fastrtps_c/geometry_msgs/msg/detail/vector3__type_support_c.cpp.o
[9.377s] [ 88%] Building CXX object CMakeFiles/geometry_msgs__rosidl_typesupport_fastrtps_c.dir/rosidl_typesupport_fastrtps_c/geometry_msgs/msg/detail/vector3_stamped__type_support_c.cpp.o
[9.388s] [ 88%] Building CXX object CMakeFiles/geometry_msgs__rosidl_typesupport_fastrtps_c.dir/rosidl_typesupport_fastrtps_c/geometry_msgs/msg/detail/velocity_stamped__type_support_c.cpp.o
[9.419s] [ 89%] Building CXX object CMakeFiles/geometry_msgs__rosidl_typesupport_fastrtps_c.dir/rosidl_typesupport_fastrtps_c/geometry_msgs/msg/detail/wrench__type_support_c.cpp.o
[9.439s] [ 89%] Building CXX object CMakeFiles/geometry_msgs__rosidl_typesupport_fastrtps_c.dir/rosidl_typesupport_fastrtps_c/geometry_msgs/msg/detail/wrench_stamped__type_support_c.cpp.o
[9.742s] [ 89%] Linking CXX shared library libgeometry_msgs__rosidl_typesupport_fastrtps_cpp.so
[9.801s] [ 89%] Built target geometry_msgs__rosidl_typesupport_fastrtps_cpp
[9.982s] [ 89%] Linking CXX shared library libgeometry_msgs__rosidl_typesupport_fastrtps_c.so
[10.045s] [ 89%] Built target geometry_msgs__rosidl_typesupport_fastrtps_c
[10.060s] [ 89%] Built target geometry_msgs
[10.075s] [ 89%] Generating Python code for ROS interfaces
[11.528s] [ 89%] Built target geometry_msgs__py
[11.542s] [ 90%] Building C object CMakeFiles/geometry_msgs__rosidl_generator_py.dir/rosidl_generator_py/geometry_msgs/msg/_accel_s.c.o
[11.542s] [ 90%] Building C object CMakeFiles/geometry_msgs__rosidl_generator_py.dir/rosidl_generator_py/geometry_msgs/msg/_accel_with_covariance_stamped_s.c.o
[11.542s] [ 90%] Building C object CMakeFiles/geometry_msgs__rosidl_generator_py.dir/rosidl_generator_py/geometry_msgs/msg/_inertia_s.c.o
[11.542s] [ 90%] Building C object CMakeFiles/geometry_msgs__rosidl_generator_py.dir/rosidl_generator_py/geometry_msgs/msg/_accel_stamped_s.c.o
[11.543s] [ 90%] Building C object CMakeFiles/geometry_msgs__rosidl_generator_py.dir/rosidl_generator_py/geometry_msgs/msg/_accel_with_covariance_s.c.o
[11.543s] [ 91%] Building C object CMakeFiles/geometry_msgs__rosidl_generator_py.dir/rosidl_generator_py/geometry_msgs/msg/_point_s.c.o
[11.543s] [ 91%] Building C object CMakeFiles/geometry_msgs__rosidl_generator_py.dir/rosidl_generator_py/geometry_msgs/msg/_inertia_stamped_s.c.o
[11.543s] [ 91%] Building C object CMakeFiles/geometry_msgs__rosidl_generator_py.dir/rosidl_generator_py/geometry_msgs/msg/_point32_s.c.o
[11.543s] [ 91%] Building C object CMakeFiles/geometry_msgs__rosidl_generator_py.dir/rosidl_generator_py/geometry_msgs/msg/_polygon_s.c.o
[11.543s] [ 91%] Building C object CMakeFiles/geometry_msgs__rosidl_generator_py.dir/rosidl_generator_py/geometry_msgs/msg/_point_stamped_s.c.o
[11.543s] [ 91%] Building C object CMakeFiles/geometry_msgs__rosidl_generator_py.dir/rosidl_generator_py/geometry_msgs/msg/_polygon_stamped_s.c.o
[11.543s] [ 92%] Building C object CMakeFiles/geometry_msgs__rosidl_generator_py.dir/rosidl_generator_py/geometry_msgs/msg/_polygon_instance_s.c.o
[11.543s] [ 93%] Building C object CMakeFiles/geometry_msgs__rosidl_generator_py.dir/rosidl_generator_py/geometry_msgs/msg/_pose_s.c.o
[11.544s] [ 93%] Building C object CMakeFiles/geometry_msgs__rosidl_generator_py.dir/rosidl_generator_py/geometry_msgs/msg/_polygon_instance_stamped_s.c.o
[11.544s] [ 93%] Building C object CMakeFiles/geometry_msgs__rosidl_generator_py.dir/rosidl_generator_py/geometry_msgs/msg/_pose2_d_s.c.o
[11.546s] [ 94%] Building C object CMakeFiles/geometry_msgs__rosidl_generator_py.dir/rosidl_generator_py/geometry_msgs/msg/_pose_stamped_s.c.o
[11.546s] [ 94%] Building C object CMakeFiles/geometry_msgs__rosidl_generator_py.dir/rosidl_generator_py/geometry_msgs/msg/_pose_array_s.c.o
[11.552s] [ 94%] Building C object CMakeFiles/geometry_msgs__rosidl_generator_py.dir/rosidl_generator_py/geometry_msgs/msg/_pose_with_covariance_s.c.o
[11.553s] [ 94%] Building C object CMakeFiles/geometry_msgs__rosidl_generator_py.dir/rosidl_generator_py/geometry_msgs/msg/_pose_with_covariance_stamped_s.c.o
[11.611s] [ 94%] Building C object CMakeFiles/geometry_msgs__rosidl_generator_py.dir/rosidl_generator_py/geometry_msgs/msg/_transform_stamped_s.c.o
[11.612s] [ 95%] Building C object CMakeFiles/geometry_msgs__rosidl_generator_py.dir/rosidl_generator_py/geometry_msgs/msg/_twist_s.c.o
[11.617s] [ 95%] Building C object CMakeFiles/geometry_msgs__rosidl_generator_py.dir/rosidl_generator_py/geometry_msgs/msg/_twist_with_covariance_s.c.o
[11.618s] [ 95%] Building C object CMakeFiles/geometry_msgs__rosidl_generator_py.dir/rosidl_generator_py/geometry_msgs/msg/_twist_with_covariance_stamped_s.c.o
[11.621s] [ 96%] Building C object CMakeFiles/geometry_msgs__rosidl_generator_py.dir/rosidl_generator_py/geometry_msgs/msg/_vector3_s.c.o
[11.622s] [ 96%] Building C object CMakeFiles/geometry_msgs__rosidl_generator_py.dir/rosidl_generator_py/geometry_msgs/msg/_vector3_stamped_s.c.o
[11.624s] [ 96%] Building C object CMakeFiles/geometry_msgs__rosidl_generator_py.dir/rosidl_generator_py/geometry_msgs/msg/_wrench_stamped_s.c.o
[11.624s] [ 97%] Building C object CMakeFiles/geometry_msgs__rosidl_generator_py.dir/rosidl_generator_py/geometry_msgs/msg/_velocity_stamped_s.c.o
[11.624s] [ 97%] Building C object CMakeFiles/geometry_msgs__rosidl_generator_py.dir/rosidl_generator_py/geometry_msgs/msg/_wrench_s.c.o
[11.625s] [ 97%] Building C object CMakeFiles/geometry_msgs__rosidl_generator_py.dir/rosidl_generator_py/geometry_msgs/msg/_twist_stamped_s.c.o
[11.625s] [ 97%] Building C object CMakeFiles/geometry_msgs__rosidl_generator_py.dir/rosidl_generator_py/geometry_msgs/msg/_quaternion_s.c.o
[11.625s] [ 97%] Building C object CMakeFiles/geometry_msgs__rosidl_generator_py.dir/rosidl_generator_py/geometry_msgs/msg/_transform_s.c.o
[11.626s] [ 98%] Building C object CMakeFiles/geometry_msgs__rosidl_generator_py.dir/rosidl_generator_py/geometry_msgs/msg/_quaternion_stamped_s.c.o
[11.709s] [ 98%] Linking C shared library libgeometry_msgs__rosidl_generator_py.so
[11.741s] [ 98%] Built target geometry_msgs__rosidl_generator_py
[11.753s] [ 99%] Building C object CMakeFiles/geometry_msgs_s__rosidl_typesupport_c.dir/rosidl_generator_py/geometry_msgs/_geometry_msgs_s.ep.rosidl_typesupport_c.c.o
[11.753s] [ 99%] Building C object CMakeFiles/geometry_msgs_s__rosidl_typesupport_fastrtps_c.dir/rosidl_generator_py/geometry_msgs/_geometry_msgs_s.ep.rosidl_typesupport_fastrtps_c.c.o
[11.753s] [ 99%] Building C object CMakeFiles/geometry_msgs_s__rosidl_typesupport_introspection_c.dir/rosidl_generator_py/geometry_msgs/_geometry_msgs_s.ep.rosidl_typesupport_introspection_c.c.o
[11.860s] [ 99%] Linking C shared module rosidl_generator_py/geometry_msgs/geometry_msgs_s__rosidl_typesupport_c.so
[11.863s] [100%] Linking C shared module rosidl_generator_py/geometry_msgs/geometry_msgs_s__rosidl_typesupport_introspection_c.so
[11.869s] [100%] Linking C shared module rosidl_generator_py/geometry_msgs/geometry_msgs_s__rosidl_typesupport_fastrtps_c.so
[11.880s] [100%] Built target geometry_msgs_s__rosidl_typesupport_c
[11.882s] [100%] Built target geometry_msgs_s__rosidl_typesupport_introspection_c
[11.889s] [100%] Built target geometry_msgs_s__rosidl_typesupport_fastrtps_c
[11.896s] Invoked command in '/workspace/jazzy_ws/build/geometry_msgs' returned '0': AMENT_PREFIX_PATH=/workspace/jazzy_ws/install CMAKE_PREFIX_PATH=/workspace/jazzy_ws/install LD_LIBRARY_PATH=/workspace/jazzy_ws/install/lib:/workspace/jazzy_ws/install/opt/mimick_vendor/lib PATH=/workspace/jazzy_ws/install/bin:/workspace/jazzy_ws/install/opt/uncrustify_vendor/bin:${PATH} PKG_CONFIG_PATH=/workspace/jazzy_ws/install/lib/x86_64-linux-gnu/pkgconfig:/workspace/jazzy_ws/install/lib/pkgconfig PYTHONPATH=/workspace/jazzy_ws/install/lib/python3.12/site-packages /usr/bin/cmake --build /workspace/jazzy_ws/build/geometry_msgs -- -j24 -l24
[11.897s] Invoking command in '/workspace/jazzy_ws/build/geometry_msgs': AMENT_PREFIX_PATH=/workspace/jazzy_ws/install CMAKE_PREFIX_PATH=/workspace/jazzy_ws/install LD_LIBRARY_PATH=/workspace/jazzy_ws/install/lib:/workspace/jazzy_ws/install/opt/mimick_vendor/lib PATH=/workspace/jazzy_ws/install/bin:/workspace/jazzy_ws/install/opt/uncrustify_vendor/bin:${PATH} PKG_CONFIG_PATH=/workspace/jazzy_ws/install/lib/x86_64-linux-gnu/pkgconfig:/workspace/jazzy_ws/install/lib/pkgconfig PYTHONPATH=/workspace/jazzy_ws/install/lib/python3.12/site-packages /usr/bin/cmake --install /workspace/jazzy_ws/build/geometry_msgs
[11.902s] -- Install configuration: ""
[11.902s] -- Installing: /workspace/jazzy_ws/install/share/ament_index/resource_index/rosidl_interfaces/geometry_msgs
[11.902s] -- Installing: /workspace/jazzy_ws/install/share/geometry_msgs/msg/Accel.json
[11.902s] -- Installing: /workspace/jazzy_ws/install/share/geometry_msgs/msg/AccelStamped.json
[11.903s] -- Installing: /workspace/jazzy_ws/install/share/geometry_msgs/msg/AccelWithCovariance.json
[11.903s] -- Installing: /workspace/jazzy_ws/install/share/geometry_msgs/msg/AccelWithCovarianceStamped.json
[11.903s] -- Installing: /workspace/jazzy_ws/install/share/geometry_msgs/msg/Inertia.json
[11.903s] -- Installing: /workspace/jazzy_ws/install/share/geometry_msgs/msg/InertiaStamped.json
[11.903s] -- Installing: /workspace/jazzy_ws/install/share/geometry_msgs/msg/Point.json
[11.903s] -- Installing: /workspace/jazzy_ws/install/share/geometry_msgs/msg/Point32.json
[11.903s] -- Installing: /workspace/jazzy_ws/install/share/geometry_msgs/msg/PointStamped.json
[11.903s] -- Installing: /workspace/jazzy_ws/install/share/geometry_msgs/msg/Polygon.json
[11.903s] -- Installing: /workspace/jazzy_ws/install/share/geometry_msgs/msg/PolygonInstance.json
[11.903s] -- Installing: /workspace/jazzy_ws/install/share/geometry_msgs/msg/PolygonInstanceStamped.json
[11.903s] -- Installing: /workspace/jazzy_ws/install/share/geometry_msgs/msg/PolygonStamped.json
[11.903s] -- Installing: /workspace/jazzy_ws/install/share/geometry_msgs/msg/Pose.json
[11.904s] -- Installing: /workspace/jazzy_ws/install/share/geometry_msgs/msg/Pose2D.json
[11.904s] -- Installing: /workspace/jazzy_ws/install/share/geometry_msgs/msg/PoseArray.json
[11.904s] -- Installing: /workspace/jazzy_ws/install/share/geometry_msgs/msg/PoseStamped.json
[11.904s] -- Installing: /workspace/jazzy_ws/install/share/geometry_msgs/msg/PoseWithCovariance.json
[11.904s] -- Installing: /workspace/jazzy_ws/install/share/geometry_msgs/msg/PoseWithCovarianceStamped.json
[11.904s] -- Installing: /workspace/jazzy_ws/install/share/geometry_msgs/msg/Quaternion.json
[11.904s] -- Installing: /workspace/jazzy_ws/install/share/geometry_msgs/msg/QuaternionStamped.json
[11.904s] -- Installing: /workspace/jazzy_ws/install/share/geometry_msgs/msg/Transform.json
[11.904s] -- Installing: /workspace/jazzy_ws/install/share/geometry_msgs/msg/TransformStamped.json
[11.904s] -- Installing: /workspace/jazzy_ws/install/share/geometry_msgs/msg/Twist.json
[11.904s] -- Installing: /workspace/jazzy_ws/install/share/geometry_msgs/msg/TwistStamped.json
[11.904s] -- Installing: /workspace/jazzy_ws/install/share/geometry_msgs/msg/TwistWithCovariance.json
[11.905s] -- Installing: /workspace/jazzy_ws/install/share/geometry_msgs/msg/TwistWithCovarianceStamped.json
[11.905s] -- Installing: /workspace/jazzy_ws/install/share/geometry_msgs/msg/Vector3.json
[11.905s] -- Installing: /workspace/jazzy_ws/install/share/geometry_msgs/msg/Vector3Stamped.json
[11.905s] -- Installing: /workspace/jazzy_ws/install/share/geometry_msgs/msg/VelocityStamped.json
[11.905s] -- Installing: /workspace/jazzy_ws/install/share/geometry_msgs/msg/Wrench.json
[11.905s] -- Installing: /workspace/jazzy_ws/install/share/geometry_msgs/msg/WrenchStamped.json
[11.905s] -- Installing: /workspace/jazzy_ws/install/include/geometry_msgs/geometry_msgs
[11.905s] -- Installing: /workspace/jazzy_ws/install/include/geometry_msgs/geometry_msgs/msg
[11.905s] -- Installing: /workspace/jazzy_ws/install/include/geometry_msgs/geometry_msgs/msg/detail
[11.905s] -- Installing: /workspace/jazzy_ws/install/include/geometry_msgs/geometry_msgs/msg/detail/transform_stamped__struct.h
[11.905s] -- Installing: /workspace/jazzy_ws/install/include/geometry_msgs/geometry_msgs/msg/detail/twist__struct.h
[11.905s] -- Installing: /workspace/jazzy_ws/install/include/geometry_msgs/geometry_msgs/msg/detail/quaternion__description.c
[11.906s] -- Installing: /workspace/jazzy_ws/install/include/geometry_msgs/geometry_msgs/msg/detail/point_stamped__type_support.h
[11.906s] -- Installing: /workspace/jazzy_ws/install/include/geometry_msgs/geometry_msgs/msg/detail/quaternion_stamped__type_support.c
[11.906s] -- Installing: /workspace/jazzy_ws/install/include/geometry_msgs/geometry_msgs/msg/detail/twist_with_covariance_stamped__type_support.c
[11.906s] -- Installing: /workspace/jazzy_ws/install/include/geometry_msgs/geometry_msgs/msg/detail/point32__type_support.h
[11.906s] -- Installing: /workspace/jazzy_ws/install/include/geometry_msgs/geometry_msgs/msg/detail/accel__description.c
[11.906s] -- Installing: /workspace/jazzy_ws/install/include/geometry_msgs/geometry_msgs/msg/detail/vector3_stamped__struct.h
[11.906s] -- Installing: /workspace/jazzy_ws/install/include/geometry_msgs/geometry_msgs/msg/detail/pose_stamped__type_support.c
[11.906s] -- Installing: /workspace/jazzy_ws/install/include/geometry_msgs/geometry_msgs/msg/detail/polygon__type_support.h
[11.906s] -- Installing: /workspace/jazzy_ws/install/include/geometry_msgs/geometry_msgs/msg/detail/pose_with_covariance__functions.h
[11.906s] -- Installing: /workspace/jazzy_ws/install/include/geometry_msgs/geometry_msgs/msg/detail/wrench_stamped__functions.h
[11.906s] -- Installing: /workspace/jazzy_ws/install/include/geometry_msgs/geometry_msgs/msg/detail/inertia__type_support.h
[11.906s] -- Installing: /workspace/jazzy_ws/install/include/geometry_msgs/geometry_msgs/msg/detail/pose_with_covariance__struct.h
[11.906s] -- Installing: /workspace/jazzy_ws/install/include/geometry_msgs/geometry_msgs/msg/detail/accel_stamped__description.c
[11.906s] -- Installing: /workspace/jazzy_ws/install/include/geometry_msgs/geometry_msgs/msg/detail/pose_stamped__struct.h
[11.907s] -- Installing: /workspace/jazzy_ws/install/include/geometry_msgs/geometry_msgs/msg/detail/twist__type_support.h
[11.907s] -- Installing: /workspace/jazzy_ws/install/include/geometry_msgs/geometry_msgs/msg/detail/polygon_stamped__struct.h
[11.907s] -- Installing: /workspace/jazzy_ws/install/include/geometry_msgs/geometry_msgs/msg/detail/point_stamped__type_support.c
[11.907s] -- Installing: /workspace/jazzy_ws/install/include/geometry_msgs/geometry_msgs/msg/detail/transform_stamped__functions.c
[11.907s] -- Installing: /workspace/jazzy_ws/install/include/geometry_msgs/geometry_msgs/msg/detail/vector3__description.c
[11.907s] -- Installing: /workspace/jazzy_ws/install/include/geometry_msgs/geometry_msgs/msg/detail/wrench_stamped__type_support.h
[11.907s] -- Installing: /workspace/jazzy_ws/install/include/geometry_msgs/geometry_msgs/msg/detail/vector3_stamped__functions.h
[11.907s] -- Installing: /workspace/jazzy_ws/install/include/geometry_msgs/geometry_msgs/msg/detail/pose__description.c
[11.907s] -- Installing: /workspace/jazzy_ws/install/include/geometry_msgs/geometry_msgs/msg/detail/twist_with_covariance__description.c
[11.907s] -- Installing: /workspace/jazzy_ws/install/include/geometry_msgs/geometry_msgs/msg/detail/polygon_stamped__description.c
[11.907s] -- Installing: /workspace/jazzy_ws/install/include/geometry_msgs/geometry_msgs/msg/detail/accel_with_covariance__type_support.c
[11.907s] -- Installing: /workspace/jazzy_ws/install/include/geometry_msgs/geometry_msgs/msg/detail/vector3_stamped__functions.c
[11.907s] -- Installing: /workspace/jazzy_ws/install/include/geometry_msgs/geometry_msgs/msg/detail/point__description.c
[11.907s] -- Installing: /workspace/jazzy_ws/install/include/geometry_msgs/geometry_msgs/msg/detail/polygon__struct.h
[11.908s] -- Installing: /workspace/jazzy_ws/install/include/geometry_msgs/geometry_msgs/msg/detail/quaternion_stamped__struct.h
[11.908s] -- Installing: /workspace/jazzy_ws/install/include/geometry_msgs/geometry_msgs/msg/detail/accel_with_covariance_stamped__struct.h
[11.908s] -- Installing: /workspace/jazzy_ws/install/include/geometry_msgs/geometry_msgs/msg/detail/inertia_stamped__type_support.h
[11.908s] -- Installing: /workspace/jazzy_ws/install/include/geometry_msgs/geometry_msgs/msg/detail/twist_stamped__description.c
[11.908s] -- Installing: /workspace/jazzy_ws/install/include/geometry_msgs/geometry_msgs/msg/detail/pose2_d__type_support.h
[11.908s] -- Installing: /workspace/jazzy_ws/install/include/geometry_msgs/geometry_msgs/msg/detail/pose_with_covariance_stamped__functions.c
[11.908s] -- Installing: /workspace/jazzy_ws/install/include/geometry_msgs/geometry_msgs/msg/detail/point_stamped__struct.h
[11.908s] -- Installing: /workspace/jazzy_ws/install/include/geometry_msgs/geometry_msgs/msg/detail/polygon_instance__type_support.h
[11.908s] -- Installing: /workspace/jazzy_ws/install/include/geometry_msgs/geometry_msgs/msg/detail/accel_with_covariance__struct.h
[11.908s] -- Installing: /workspace/jazzy_ws/install/include/geometry_msgs/geometry_msgs/msg/detail/polygon__functions.h
[11.908s] -- Installing: /workspace/jazzy_ws/install/include/geometry_msgs/geometry_msgs/msg/detail/wrench_stamped__struct.h
[11.908s] -- Installing: /workspace/jazzy_ws/install/include/geometry_msgs/geometry_msgs/msg/detail/twist_with_covariance__type_support.c
[11.908s] -- Installing: /workspace/jazzy_ws/install/include/geometry_msgs/geometry_msgs/msg/detail/accel__type_support.h
[11.909s] -- Installing: /workspace/jazzy_ws/install/include/geometry_msgs/geometry_msgs/msg/detail/inertia_stamped__description.c
[11.909s] -- Installing: /workspace/jazzy_ws/install/include/geometry_msgs/geometry_msgs/msg/detail/twist__functions.h
[11.909s] -- Installing: /workspace/jazzy_ws/install/include/geometry_msgs/geometry_msgs/msg/detail/inertia_stamped__struct.h
[11.909s] -- Installing: /workspace/jazzy_ws/install/include/geometry_msgs/geometry_msgs/msg/detail/velocity_stamped__type_support.h
[11.909s] -- Installing: /workspace/jazzy_ws/install/include/geometry_msgs/geometry_msgs/msg/detail/inertia__description.c
[11.909s] -- Installing: /workspace/jazzy_ws/install/include/geometry_msgs/geometry_msgs/msg/detail/velocity_stamped__functions.h
[11.909s] -- Installing: /workspace/jazzy_ws/install/include/geometry_msgs/geometry_msgs/msg/detail/twist_stamped__type_support.c
[11.909s] -- Installing: /workspace/jazzy_ws/install/include/geometry_msgs/geometry_msgs/msg/detail/polygon_instance_stamped__type_support.c
[11.909s] -- Installing: /workspace/jazzy_ws/install/include/geometry_msgs/geometry_msgs/msg/detail/wrench__functions.c
[11.909s] -- Installing: /workspace/jazzy_ws/install/include/geometry_msgs/geometry_msgs/msg/detail/accel_with_covariance_stamped__functions.h
[11.909s] -- Installing: /workspace/jazzy_ws/install/include/geometry_msgs/geometry_msgs/msg/detail/vector3__struct.h
[11.909s] -- Installing: /workspace/jazzy_ws/install/include/geometry_msgs/geometry_msgs/msg/detail/polygon__functions.c
[11.909s] -- Installing: /workspace/jazzy_ws/install/include/geometry_msgs/geometry_msgs/msg/detail/transform__struct.h
[11.909s] -- Installing: /workspace/jazzy_ws/install/include/geometry_msgs/geometry_msgs/msg/detail/twist_with_covariance__struct.h
[11.910s] -- Installing: /workspace/jazzy_ws/install/include/geometry_msgs/geometry_msgs/msg/detail/transform_stamped__type_support.c
[11.910s] -- Installing: /workspace/jazzy_ws/install/include/geometry_msgs/geometry_msgs/msg/detail/transform_stamped__functions.h
[11.910s] -- Installing: /workspace/jazzy_ws/install/include/geometry_msgs/geometry_msgs/msg/detail/pose_with_covariance_stamped__type_support.h
[11.910s] -- Installing: /workspace/jazzy_ws/install/include/geometry_msgs/geometry_msgs/msg/detail/pose2_d__struct.h
[11.910s] -- Installing: /workspace/jazzy_ws/install/include/geometry_msgs/geometry_msgs/msg/detail/polygon__type_support.c
[11.910s] -- Installing: /workspace/jazzy_ws/install/include/geometry_msgs/geometry_msgs/msg/detail/inertia_stamped__type_support.c
[11.910s] -- Installing: /workspace/jazzy_ws/install/include/geometry_msgs/geometry_msgs/msg/detail/inertia__struct.h
[11.910s] -- Installing: /workspace/jazzy_ws/install/include/geometry_msgs/geometry_msgs/msg/detail/polygon_instance_stamped__functions.h
[11.910s] -- Installing: /workspace/jazzy_ws/install/include/geometry_msgs/geometry_msgs/msg/detail/quaternion__functions.c
[11.910s] -- Installing: /workspace/jazzy_ws/install/include/geometry_msgs/geometry_msgs/msg/detail/pose_with_covariance__type_support.c
[11.910s] -- Installing: /workspace/jazzy_ws/install/include/geometry_msgs/geometry_msgs/msg/detail/twist_with_covariance_stamped__functions.c
[11.910s] -- Installing: /workspace/jazzy_ws/install/include/geometry_msgs/geometry_msgs/msg/detail/quaternion__type_support.h
[11.910s] -- Installing: /workspace/jazzy_ws/install/include/geometry_msgs/geometry_msgs/msg/detail/pose2_d__functions.h
[11.911s] -- Installing: /workspace/jazzy_ws/install/include/geometry_msgs/geometry_msgs/msg/detail/polygon_instance__functions.h
[11.911s] -- Installing: /workspace/jazzy_ws/install/include/geometry_msgs/geometry_msgs/msg/detail/point32__functions.h
[11.911s] -- Installing: /workspace/jazzy_ws/install/include/geometry_msgs/geometry_msgs/msg/detail/twist__description.c
[11.911s] -- Installing: /workspace/jazzy_ws/install/include/geometry_msgs/geometry_msgs/msg/detail/polygon_stamped__functions.c
[11.911s] -- Installing: /workspace/jazzy_ws/install/include/geometry_msgs/geometry_msgs/msg/detail/point__functions.c
[11.911s] -- Installing: /workspace/jazzy_ws/install/include/geometry_msgs/geometry_msgs/msg/detail/pose_array__functions.h
[11.911s] -- Installing: /workspace/jazzy_ws/install/include/geometry_msgs/geometry_msgs/msg/detail/twist_with_covariance__functions.c
[11.911s] -- Installing: /workspace/jazzy_ws/install/include/geometry_msgs/geometry_msgs/msg/detail/polygon_instance_stamped__type_support.h
[11.911s] -- Installing: /workspace/jazzy_ws/install/include/geometry_msgs/geometry_msgs/msg/detail/point__type_support.c
[11.911s] -- Installing: /workspace/jazzy_ws/install/include/geometry_msgs/geometry_msgs/msg/detail/twist_with_covariance_stamped__description.c
[11.911s] -- Installing: /workspace/jazzy_ws/install/include/geometry_msgs/geometry_msgs/msg/detail/wrench_stamped__type_support.c
[11.911s] -- Installing: /workspace/jazzy_ws/install/include/geometry_msgs/geometry_msgs/msg/detail/quaternion__type_support.c
[11.911s] -- Installing: /workspace/jazzy_ws/install/include/geometry_msgs/geometry_msgs/msg/detail/polygon_instance_stamped__struct.h
[11.912s] -- Installing: /workspace/jazzy_ws/install/include/geometry_msgs/geometry_msgs/msg/detail/quaternion_stamped__functions.h
[11.912s] -- Installing: /workspace/jazzy_ws/install/include/geometry_msgs/geometry_msgs/msg/detail/pose__struct.h
[11.912s] -- Installing: /workspace/jazzy_ws/install/include/geometry_msgs/geometry_msgs/msg/detail/pose_with_covariance__description.c
[11.912s] -- Installing: /workspace/jazzy_ws/install/include/geometry_msgs/geometry_msgs/msg/detail/vector3__type_support.h
[11.912s] -- Installing: /workspace/jazzy_ws/install/include/geometry_msgs/geometry_msgs/msg/detail/transform__functions.h
[11.912s] -- Installing: /workspace/jazzy_ws/install/include/geometry_msgs/geometry_msgs/msg/detail/velocity_stamped__struct.h
[11.912s] -- Installing: /workspace/jazzy_ws/install/include/geometry_msgs/geometry_msgs/msg/detail/accel_with_covariance_stamped__functions.c
[11.912s] -- Installing: /workspace/jazzy_ws/install/include/geometry_msgs/geometry_msgs/msg/detail/point__type_support.h
[11.912s] -- Installing: /workspace/jazzy_ws/install/include/geometry_msgs/geometry_msgs/msg/detail/accel__struct.h
[11.912s] -- Installing: /workspace/jazzy_ws/install/include/geometry_msgs/geometry_msgs/msg/detail/pose__type_support.c
[11.912s] -- Installing: /workspace/jazzy_ws/install/include/geometry_msgs/geometry_msgs/msg/detail/accel_stamped__functions.h
[11.912s] -- Installing: /workspace/jazzy_ws/install/include/geometry_msgs/geometry_msgs/msg/detail/accel_stamped__type_support.h
[11.913s] -- Installing: /workspace/jazzy_ws/install/include/geometry_msgs/geometry_msgs/msg/detail/twist_stamped__type_support.h
[11.913s] -- Installing: /workspace/jazzy_ws/install/include/geometry_msgs/geometry_msgs/msg/detail/polygon__description.c
[11.913s] -- Installing: /workspace/jazzy_ws/install/include/geometry_msgs/geometry_msgs/msg/detail/pose_stamped__functions.h
[11.913s] -- Installing: /workspace/jazzy_ws/install/include/geometry_msgs/geometry_msgs/msg/detail/twist_with_covariance_stamped__functions.h
[11.913s] -- Installing: /workspace/jazzy_ws/install/include/geometry_msgs/geometry_msgs/msg/detail/point__struct.h
[11.913s] -- Installing: /workspace/jazzy_ws/install/include/geometry_msgs/geometry_msgs/msg/detail/polygon_instance_stamped__functions.c
[11.913s] -- Installing: /workspace/jazzy_ws/install/include/geometry_msgs/geometry_msgs/msg/detail/inertia__functions.c
[11.913s] -- Installing: /workspace/jazzy_ws/install/include/geometry_msgs/geometry_msgs/msg/detail/transform__type_support.c
[11.913s] -- Installing: /workspace/jazzy_ws/install/include/geometry_msgs/geometry_msgs/msg/detail/accel_with_covariance__functions.h
[11.913s] -- Installing: /workspace/jazzy_ws/install/include/geometry_msgs/geometry_msgs/msg/detail/transform_stamped__description.c
[11.913s] -- Installing: /workspace/jazzy_ws/install/include/geometry_msgs/geometry_msgs/msg/detail/velocity_stamped__type_support.c
[11.913s] -- Installing: /workspace/jazzy_ws/install/include/geometry_msgs/geometry_msgs/msg/detail/point_stamped__functions.c
[11.914s] -- Installing: /workspace/jazzy_ws/install/include/geometry_msgs/geometry_msgs/msg/detail/accel_with_covariance_stamped__description.c
[11.914s] -- Installing: /workspace/jazzy_ws/install/include/geometry_msgs/geometry_msgs/msg/detail/twist_with_covariance__type_support.h
[11.914s] -- Installing: /workspace/jazzy_ws/install/include/geometry_msgs/geometry_msgs/msg/detail/pose2_d__description.c
[11.914s] -- Installing: /workspace/jazzy_ws/install/include/geometry_msgs/geometry_msgs/msg/detail/twist_stamped__struct.h
[11.914s] -- Installing: /workspace/jazzy_ws/install/include/geometry_msgs/geometry_msgs/msg/detail/accel_with_covariance_stamped__type_support.c
[11.914s] -- Installing: /workspace/jazzy_ws/install/include/geometry_msgs/geometry_msgs/msg/detail/quaternion_stamped__description.c
[11.914s] -- Installing: /workspace/jazzy_ws/install/include/geometry_msgs/geometry_msgs/msg/detail/vector3_stamped__type_support.h
[11.914s] -- Installing: /workspace/jazzy_ws/install/include/geometry_msgs/geometry_msgs/msg/detail/pose2_d__type_support.c
[11.914s] -- Installing: /workspace/jazzy_ws/install/include/geometry_msgs/geometry_msgs/msg/detail/velocity_stamped__description.c
[11.914s] -- Installing: /workspace/jazzy_ws/install/include/geometry_msgs/geometry_msgs/msg/detail/wrench_stamped__functions.c
[11.914s] -- Installing: /workspace/jazzy_ws/install/include/geometry_msgs/geometry_msgs/msg/detail/twist_stamped__functions.h
[11.914s] -- Installing: /workspace/jazzy_ws/install/include/geometry_msgs/geometry_msgs/msg/detail/twist_with_covariance_stamped__struct.h
[11.914s] -- Installing: /workspace/jazzy_ws/install/include/geometry_msgs/geometry_msgs/msg/detail/polygon_instance__description.c
[11.915s] -- Installing: /workspace/jazzy_ws/install/include/geometry_msgs/geometry_msgs/msg/detail/accel_stamped__functions.c
[11.915s] -- Installing: /workspace/jazzy_ws/install/include/geometry_msgs/geometry_msgs/msg/detail/pose_stamped__type_support.h
[11.915s] -- Installing: /workspace/jazzy_ws/install/include/geometry_msgs/geometry_msgs/msg/detail/twist__type_support.c
[11.915s] -- Installing: /workspace/jazzy_ws/install/include/geometry_msgs/geometry_msgs/msg/detail/transform_stamped__type_support.h
[11.915s] -- Installing: /workspace/jazzy_ws/install/include/geometry_msgs/geometry_msgs/msg/detail/wrench__struct.h
[11.915s] -- Installing: /workspace/jazzy_ws/install/include/geometry_msgs/geometry_msgs/msg/detail/pose_with_covariance__type_support.h
[11.915s] -- Installing: /workspace/jazzy_ws/install/include/geometry_msgs/geometry_msgs/msg/detail/inertia_stamped__functions.h
[11.915s] -- Installing: /workspace/jazzy_ws/install/include/geometry_msgs/geometry_msgs/msg/detail/quaternion_stamped__type_support.h
[11.915s] -- Installing: /workspace/jazzy_ws/install/include/geometry_msgs/geometry_msgs/msg/detail/transform__description.c
[11.915s] -- Installing: /workspace/jazzy_ws/install/include/geometry_msgs/geometry_msgs/msg/detail/polygon_instance__type_support.c
[11.915s] -- Installing: /workspace/jazzy_ws/install/include/geometry_msgs/geometry_msgs/msg/detail/polygon_instance_stamped__description.c
[11.915s] -- Installing: /workspace/jazzy_ws/install/include/geometry_msgs/geometry_msgs/msg/detail/velocity_stamped__functions.c
[11.916s] -- Installing: /workspace/jazzy_ws/install/include/geometry_msgs/geometry_msgs/msg/detail/point32__type_support.c
[11.916s] -- Installing: /workspace/jazzy_ws/install/include/geometry_msgs/geometry_msgs/msg/detail/transform__functions.c
[11.916s] -- Installing: /workspace/jazzy_ws/install/include/geometry_msgs/geometry_msgs/msg/detail/vector3_stamped__type_support.c
[11.916s] -- Installing: /workspace/jazzy_ws/install/include/geometry_msgs/geometry_msgs/msg/detail/pose_array__type_support.h
[11.916s] -- Installing: /workspace/jazzy_ws/install/include/geometry_msgs/geometry_msgs/msg/detail/point_stamped__description.c
[11.916s] -- Installing: /workspace/jazzy_ws/install/include/geometry_msgs/geometry_msgs/msg/detail/twist_with_covariance_stamped__type_support.h
[11.916s] -- Installing: /workspace/jazzy_ws/install/include/geometry_msgs/geometry_msgs/msg/detail/accel_stamped__struct.h
[11.916s] -- Installing: /workspace/jazzy_ws/install/include/geometry_msgs/geometry_msgs/msg/detail/pose_array__type_support.c
[11.916s] -- Installing: /workspace/jazzy_ws/install/include/geometry_msgs/geometry_msgs/msg/detail/inertia__functions.h
[11.916s] -- Installing: /workspace/jazzy_ws/install/include/geometry_msgs/geometry_msgs/msg/detail/twist_stamped__functions.c
[11.916s] -- Installing: /workspace/jazzy_ws/install/include/geometry_msgs/geometry_msgs/msg/detail/transform__type_support.h
[11.916s] -- Installing: /workspace/jazzy_ws/install/include/geometry_msgs/geometry_msgs/msg/detail/pose_stamped__description.c
[11.916s] -- Installing: /workspace/jazzy_ws/install/include/geometry_msgs/geometry_msgs/msg/detail/pose_with_covariance_stamped__struct.h
[11.917s] -- Installing: /workspace/jazzy_ws/install/include/geometry_msgs/geometry_msgs/msg/detail/accel_stamped__type_support.c
[11.917s] -- Installing: /workspace/jazzy_ws/install/include/geometry_msgs/geometry_msgs/msg/detail/pose_with_covariance__functions.c
[11.917s] -- Installing: /workspace/jazzy_ws/install/include/geometry_msgs/geometry_msgs/msg/detail/polygon_instance__struct.h
[11.917s] -- Installing: /workspace/jazzy_ws/install/include/geometry_msgs/geometry_msgs/msg/detail/twist_with_covariance__functions.h
[11.917s] -- Installing: /workspace/jazzy_ws/install/include/geometry_msgs/geometry_msgs/msg/detail/vector3__functions.c
[11.917s] -- Installing: /workspace/jazzy_ws/install/include/geometry_msgs/geometry_msgs/msg/detail/pose__functions.h
[11.917s] -- Installing: /workspace/jazzy_ws/install/include/geometry_msgs/geometry_msgs/msg/detail/polygon_stamped__type_support.h
[11.917s] -- Installing: /workspace/jazzy_ws/install/include/geometry_msgs/geometry_msgs/msg/detail/vector3__functions.h
[11.917s] -- Installing: /workspace/jazzy_ws/install/include/geometry_msgs/geometry_msgs/msg/detail/pose__type_support.h
[11.917s] -- Installing: /workspace/jazzy_ws/install/include/geometry_msgs/geometry_msgs/msg/detail/pose_array__struct.h
[11.918s] -- Installing: /workspace/jazzy_ws/install/include/geometry_msgs/geometry_msgs/msg/detail/inertia_stamped__functions.c
[11.918s] -- Installing: /workspace/jazzy_ws/install/include/geometry_msgs/geometry_msgs/msg/detail/point_stamped__functions.h
[11.918s] -- Installing: /workspace/jazzy_ws/install/include/geometry_msgs/geometry_msgs/msg/detail/pose_array__description.c
[11.918s] -- Installing: /workspace/jazzy_ws/install/include/geometry_msgs/geometry_msgs/msg/detail/wrench__type_support.h
[11.918s] -- Installing: /workspace/jazzy_ws/install/include/geometry_msgs/geometry_msgs/msg/detail/polygon_stamped__functions.h
[11.918s] -- Installing: /workspace/jazzy_ws/install/include/geometry_msgs/geometry_msgs/msg/detail/accel_with_covariance__description.c
[11.918s] -- Installing: /workspace/jazzy_ws/install/include/geometry_msgs/geometry_msgs/msg/detail/pose_with_covariance_stamped__functions.h
[11.918s] -- Installing: /workspace/jazzy_ws/install/include/geometry_msgs/geometry_msgs/msg/detail/point32__struct.h
[11.918s] -- Installing: /workspace/jazzy_ws/install/include/geometry_msgs/geometry_msgs/msg/detail/wrench__type_support.c
[11.918s] -- Installing: /workspace/jazzy_ws/install/include/geometry_msgs/geometry_msgs/msg/detail/wrench__description.c
[11.918s] -- Installing: /workspace/jazzy_ws/install/include/geometry_msgs/geometry_msgs/msg/detail/pose_stamped__functions.c
[11.919s] -- Installing: /workspace/jazzy_ws/install/include/geometry_msgs/geometry_msgs/msg/detail/pose_with_covariance_stamped__type_support.c
[11.919s] -- Installing: /workspace/jazzy_ws/install/include/geometry_msgs/geometry_msgs/msg/detail/accel_with_covariance_stamped__type_support.h
[11.919s] -- Installing: /workspace/jazzy_ws/install/include/geometry_msgs/geometry_msgs/msg/detail/pose_with_covariance_stamped__description.c
[11.919s] -- Installing: /workspace/jazzy_ws/install/include/geometry_msgs/geometry_msgs/msg/detail/vector3__type_support.c
[11.919s] -- Installing: /workspace/jazzy_ws/install/include/geometry_msgs/geometry_msgs/msg/detail/quaternion__functions.h
[11.919s] -- Installing: /workspace/jazzy_ws/install/include/geometry_msgs/geometry_msgs/msg/detail/accel__functions.h
[11.919s] -- Installing: /workspace/jazzy_ws/install/include/geometry_msgs/geometry_msgs/msg/detail/polygon_instance__functions.c
[11.919s] -- Installing: /workspace/jazzy_ws/install/include/geometry_msgs/geometry_msgs/msg/detail/twist__functions.c
[11.919s] -- Installing: /workspace/jazzy_ws/install/include/geometry_msgs/geometry_msgs/msg/detail/point__functions.h
[11.919s] -- Installing: /workspace/jazzy_ws/install/include/geometry_msgs/geometry_msgs/msg/detail/inertia__type_support.c
[11.919s] -- Installing: /workspace/jazzy_ws/install/include/geometry_msgs/geometry_msgs/msg/detail/point32__functions.c
[11.919s] -- Installing: /workspace/jazzy_ws/install/include/geometry_msgs/geometry_msgs/msg/detail/quaternion__struct.h
[11.919s] -- Installing: /workspace/jazzy_ws/install/include/geometry_msgs/geometry_msgs/msg/detail/quaternion_stamped__functions.c
[11.920s] -- Installing: /workspace/jazzy_ws/install/include/geometry_msgs/geometry_msgs/msg/detail/pose_array__functions.c
[11.920s] -- Installing: /workspace/jazzy_ws/install/include/geometry_msgs/geometry_msgs/msg/detail/vector3_stamped__description.c
[11.920s] -- Installing: /workspace/jazzy_ws/install/include/geometry_msgs/geometry_msgs/msg/detail/polygon_stamped__type_support.c
[11.920s] -- Installing: /workspace/jazzy_ws/install/include/geometry_msgs/geometry_msgs/msg/detail/accel_with_covariance__functions.c
[11.920s] -- Installing: /workspace/jazzy_ws/install/include/geometry_msgs/geometry_msgs/msg/detail/wrench_stamped__description.c
[11.920s] -- Installing: /workspace/jazzy_ws/install/include/geometry_msgs/geometry_msgs/msg/detail/pose__functions.c
[11.920s] -- Installing: /workspace/jazzy_ws/install/include/geometry_msgs/geometry_msgs/msg/detail/accel__functions.c
[11.920s] -- Installing: /workspace/jazzy_ws/install/include/geometry_msgs/geometry_msgs/msg/detail/accel__type_support.c
[11.920s] -- Installing: /workspace/jazzy_ws/install/include/geometry_msgs/geometry_msgs/msg/detail/pose2_d__functions.c
[11.920s] -- Installing: /workspace/jazzy_ws/install/include/geometry_msgs/geometry_msgs/msg/detail/accel_with_covariance__type_support.h
[11.920s] -- Installing: /workspace/jazzy_ws/install/include/geometry_msgs/geometry_msgs/msg/detail/point32__description.c
[11.920s] -- Installing: /workspace/jazzy_ws/install/include/geometry_msgs/geometry_msgs/msg/detail/wrench__functions.h
[11.920s] -- Installing: /workspace/jazzy_ws/install/include/geometry_msgs/geometry_msgs/msg/wrench.h
[11.921s] -- Installing: /workspace/jazzy_ws/install/include/geometry_msgs/geometry_msgs/msg/polygon.h
[11.921s] -- Installing: /workspace/jazzy_ws/install/include/geometry_msgs/geometry_msgs/msg/quaternion_stamped.h
[11.921s] -- Installing: /workspace/jazzy_ws/install/include/geometry_msgs/geometry_msgs/msg/wrench_stamped.h
[11.921s] -- Installing: /workspace/jazzy_ws/install/include/geometry_msgs/geometry_msgs/msg/polygon_instance_stamped.h
[11.921s] -- Installing: /workspace/jazzy_ws/install/include/geometry_msgs/geometry_msgs/msg/twist_stamped.h
[11.921s] -- Installing: /workspace/jazzy_ws/install/include/geometry_msgs/geometry_msgs/msg/pose.h
[11.921s] -- Installing: /workspace/jazzy_ws/install/include/geometry_msgs/geometry_msgs/msg/vector3.h
[11.921s] -- Installing: /workspace/jazzy_ws/install/include/geometry_msgs/geometry_msgs/msg/point32.h
[11.921s] -- Installing: /workspace/jazzy_ws/install/include/geometry_msgs/geometry_msgs/msg/pose_with_covariance.h
[11.921s] -- Installing: /workspace/jazzy_ws/install/include/geometry_msgs/geometry_msgs/msg/twist_with_covariance_stamped.h
[11.921s] -- Installing: /workspace/jazzy_ws/install/include/geometry_msgs/geometry_msgs/msg/pose_with_covariance_stamped.h
[11.921s] -- Installing: /workspace/jazzy_ws/install/include/geometry_msgs/geometry_msgs/msg/pose_stamped.h
[11.921s] -- Installing: /workspace/jazzy_ws/install/include/geometry_msgs/geometry_msgs/msg/accel_with_covariance_stamped.h
[11.921s] -- Installing: /workspace/jazzy_ws/install/include/geometry_msgs/geometry_msgs/msg/transform_stamped.h
[11.922s] -- Installing: /workspace/jazzy_ws/install/include/geometry_msgs/geometry_msgs/msg/accel_with_covariance.h
[11.922s] -- Installing: /workspace/jazzy_ws/install/include/geometry_msgs/geometry_msgs/msg/vector3_stamped.h
[11.922s] -- Installing: /workspace/jazzy_ws/install/include/geometry_msgs/geometry_msgs/msg/inertia_stamped.h
[11.922s] -- Installing: /workspace/jazzy_ws/install/include/geometry_msgs/geometry_msgs/msg/polygon_instance.h
[11.922s] -- Installing: /workspace/jazzy_ws/install/include/geometry_msgs/geometry_msgs/msg/transform.h
[11.922s] -- Installing: /workspace/jazzy_ws/install/include/geometry_msgs/geometry_msgs/msg/point.h
[11.922s] -- Installing: /workspace/jazzy_ws/install/include/geometry_msgs/geometry_msgs/msg/twist_with_covariance.h
[11.922s] -- Installing: /workspace/jazzy_ws/install/include/geometry_msgs/geometry_msgs/msg/velocity_stamped.h
[11.922s] -- Installing: /workspace/jazzy_ws/install/include/geometry_msgs/geometry_msgs/msg/pose_array.h
[11.922s] -- Installing: /workspace/jazzy_ws/install/include/geometry_msgs/geometry_msgs/msg/point_stamped.h
[11.922s] -- Installing: /workspace/jazzy_ws/install/include/geometry_msgs/geometry_msgs/msg/accel.h
[11.922s] -- Installing: /workspace/jazzy_ws/install/include/geometry_msgs/geometry_msgs/msg/pose2_d.h
[11.922s] -- Installing: /workspace/jazzy_ws/install/include/geometry_msgs/geometry_msgs/msg/twist.h
[11.922s] -- Installing: /workspace/jazzy_ws/install/include/geometry_msgs/geometry_msgs/msg/accel_stamped.h
[11.922s] -- Installing: /workspace/jazzy_ws/install/include/geometry_msgs/geometry_msgs/msg/inertia.h
[11.923s] -- Installing: /workspace/jazzy_ws/install/include/geometry_msgs/geometry_msgs/msg/polygon_stamped.h
[11.923s] -- Installing: /workspace/jazzy_ws/install/include/geometry_msgs/geometry_msgs/msg/quaternion.h
[11.923s] -- Installing: /workspace/jazzy_ws/install/include/geometry_msgs/geometry_msgs/msg/rosidl_generator_c__visibility_control.h
[11.923s] -- Installing: /workspace/jazzy_ws/install/share/geometry_msgs/environment/library_path.sh
[11.923s] -- Installing: /workspace/jazzy_ws/install/share/geometry_msgs/environment/library_path.dsv
[11.923s] -- Installing: /workspace/jazzy_ws/install/lib/libgeometry_msgs__rosidl_generator_c.so
[11.924s] -- Set non-toolchain portion of runtime path of "/workspace/jazzy_ws/install/lib/libgeometry_msgs__rosidl_generator_c.so" to ""
[11.924s] -- Up-to-date: /workspace/jazzy_ws/install/include/geometry_msgs/geometry_msgs
[11.924s] -- Up-to-date: /workspace/jazzy_ws/install/include/geometry_msgs/geometry_msgs/msg
[11.924s] -- Up-to-date: /workspace/jazzy_ws/install/include/geometry_msgs/geometry_msgs/msg/detail
[11.924s] -- Installing: /workspace/jazzy_ws/install/include/geometry_msgs/geometry_msgs/msg/detail/polygon_instance_stamped__rosidl_typesupport_fastrtps_c.h
[11.924s] -- Installing: /workspace/jazzy_ws/install/include/geometry_msgs/geometry_msgs/msg/detail/point32__rosidl_typesupport_fastrtps_c.h
[11.924s] -- Installing: /workspace/jazzy_ws/install/include/geometry_msgs/geometry_msgs/msg/detail/pose2_d__rosidl_typesupport_fastrtps_c.h
[11.924s] -- Installing: /workspace/jazzy_ws/install/include/geometry_msgs/geometry_msgs/msg/detail/accel_stamped__rosidl_typesupport_fastrtps_c.h
[11.924s] -- Installing: /workspace/jazzy_ws/install/include/geometry_msgs/geometry_msgs/msg/detail/pose_array__rosidl_typesupport_fastrtps_c.h
[11.924s] -- Installing: /workspace/jazzy_ws/install/include/geometry_msgs/geometry_msgs/msg/detail/inertia_stamped__rosidl_typesupport_fastrtps_c.h
[11.924s] -- Installing: /workspace/jazzy_ws/install/include/geometry_msgs/geometry_msgs/msg/detail/accel_with_covariance_stamped__rosidl_typesupport_fastrtps_c.h
[11.925s] -- Installing: /workspace/jazzy_ws/install/include/geometry_msgs/geometry_msgs/msg/detail/accel__rosidl_typesupport_fastrtps_c.h
[11.925s] -- Installing: /workspace/jazzy_ws/install/include/geometry_msgs/geometry_msgs/msg/detail/twist_with_covariance_stamped__rosidl_typesupport_fastrtps_c.h
[11.925s] -- Installing: /workspace/jazzy_ws/install/include/geometry_msgs/geometry_msgs/msg/detail/wrench_stamped__rosidl_typesupport_fastrtps_c.h
[11.925s] -- Installing: /workspace/jazzy_ws/install/include/geometry_msgs/geometry_msgs/msg/detail/wrench__rosidl_typesupport_fastrtps_c.h
[11.925s] -- Installing: /workspace/jazzy_ws/install/include/geometry_msgs/geometry_msgs/msg/detail/vector3__rosidl_typesupport_fastrtps_c.h
[11.925s] -- Installing: /workspace/jazzy_ws/install/include/geometry_msgs/geometry_msgs/msg/detail/transform_stamped__rosidl_typesupport_fastrtps_c.h
[11.925s] -- Installing: /workspace/jazzy_ws/install/include/geometry_msgs/geometry_msgs/msg/detail/quaternion__rosidl_typesupport_fastrtps_c.h
[11.925s] -- Installing: /workspace/jazzy_ws/install/include/geometry_msgs/geometry_msgs/msg/detail/pose__rosidl_typesupport_fastrtps_c.h
[11.925s] -- Installing: /workspace/jazzy_ws/install/include/geometry_msgs/geometry_msgs/msg/detail/pose_with_covariance__rosidl_typesupport_fastrtps_c.h
[11.925s] -- Installing: /workspace/jazzy_ws/install/include/geometry_msgs/geometry_msgs/msg/detail/transform__rosidl_typesupport_fastrtps_c.h
[11.925s] -- Installing: /workspace/jazzy_ws/install/include/geometry_msgs/geometry_msgs/msg/detail/polygon__rosidl_typesupport_fastrtps_c.h
[11.925s] -- Installing: /workspace/jazzy_ws/install/include/geometry_msgs/geometry_msgs/msg/detail/accel_with_covariance__rosidl_typesupport_fastrtps_c.h
[11.925s] -- Installing: /workspace/jazzy_ws/install/include/geometry_msgs/geometry_msgs/msg/detail/velocity_stamped__rosidl_typesupport_fastrtps_c.h
[11.926s] -- Installing: /workspace/jazzy_ws/install/include/geometry_msgs/geometry_msgs/msg/detail/point__rosidl_typesupport_fastrtps_c.h
[11.926s] -- Installing: /workspace/jazzy_ws/install/include/geometry_msgs/geometry_msgs/msg/detail/inertia__rosidl_typesupport_fastrtps_c.h
[11.926s] -- Installing: /workspace/jazzy_ws/install/include/geometry_msgs/geometry_msgs/msg/detail/twist_stamped__rosidl_typesupport_fastrtps_c.h
[11.926s] -- Installing: /workspace/jazzy_ws/install/include/geometry_msgs/geometry_msgs/msg/detail/vector3_stamped__rosidl_typesupport_fastrtps_c.h
[11.926s] -- Installing: /workspace/jazzy_ws/install/include/geometry_msgs/geometry_msgs/msg/detail/pose_stamped__rosidl_typesupport_fastrtps_c.h
[11.926s] -- Installing: /workspace/jazzy_ws/install/include/geometry_msgs/geometry_msgs/msg/detail/polygon_instance__rosidl_typesupport_fastrtps_c.h
[11.926s] -- Installing: /workspace/jazzy_ws/install/include/geometry_msgs/geometry_msgs/msg/detail/pose_with_covariance_stamped__rosidl_typesupport_fastrtps_c.h
[11.926s] -- Installing: /workspace/jazzy_ws/install/include/geometry_msgs/geometry_msgs/msg/detail/twist__rosidl_typesupport_fastrtps_c.h
[11.926s] -- Installing: /workspace/jazzy_ws/install/include/geometry_msgs/geometry_msgs/msg/detail/point_stamped__rosidl_typesupport_fastrtps_c.h
[11.926s] -- Installing: /workspace/jazzy_ws/install/include/geometry_msgs/geometry_msgs/msg/detail/polygon_stamped__rosidl_typesupport_fastrtps_c.h
[11.926s] -- Installing: /workspace/jazzy_ws/install/include/geometry_msgs/geometry_msgs/msg/detail/quaternion_stamped__rosidl_typesupport_fastrtps_c.h
[11.927s] -- Installing: /workspace/jazzy_ws/install/include/geometry_msgs/geometry_msgs/msg/detail/twist_with_covariance__rosidl_typesupport_fastrtps_c.h
[11.927s] -- Installing: /workspace/jazzy_ws/install/include/geometry_msgs/geometry_msgs/msg/rosidl_typesupport_fastrtps_c__visibility_control.h
[11.927s] -- Installing: /workspace/jazzy_ws/install/lib/libgeometry_msgs__rosidl_typesupport_fastrtps_c.so
[11.927s] -- Set non-toolchain portion of runtime path of "/workspace/jazzy_ws/install/lib/libgeometry_msgs__rosidl_typesupport_fastrtps_c.so" to ""
[11.927s] -- Up-to-date: /workspace/jazzy_ws/install/include/geometry_msgs/geometry_msgs
[11.927s] -- Up-to-date: /workspace/jazzy_ws/install/include/geometry_msgs/geometry_msgs/msg
[11.927s] -- Up-to-date: /workspace/jazzy_ws/install/include/geometry_msgs/geometry_msgs/msg/detail
[11.927s] -- Installing: /workspace/jazzy_ws/install/include/geometry_msgs/geometry_msgs/msg/detail/twist_with_covariance__rosidl_typesupport_introspection_c.h
[11.927s] -- Installing: /workspace/jazzy_ws/install/include/geometry_msgs/geometry_msgs/msg/detail/transform__rosidl_typesupport_introspection_c.h
[11.927s] -- Installing: /workspace/jazzy_ws/install/include/geometry_msgs/geometry_msgs/msg/detail/quaternion_stamped__type_support.c
[11.927s] -- Installing: /workspace/jazzy_ws/install/include/geometry_msgs/geometry_msgs/msg/detail/twist_with_covariance_stamped__rosidl_typesupport_introspection_c.h
[11.928s] -- Installing: /workspace/jazzy_ws/install/include/geometry_msgs/geometry_msgs/msg/detail/quaternion__rosidl_typesupport_introspection_c.h
[11.928s] -- Installing: /workspace/jazzy_ws/install/include/geometry_msgs/geometry_msgs/msg/detail/twist_with_covariance_stamped__type_support.c
[11.928s] -- Installing: /workspace/jazzy_ws/install/include/geometry_msgs/geometry_msgs/msg/detail/pose_stamped__type_support.c
[11.928s] -- Installing: /workspace/jazzy_ws/install/include/geometry_msgs/geometry_msgs/msg/detail/point_stamped__type_support.c
[11.928s] -- Installing: /workspace/jazzy_ws/install/include/geometry_msgs/geometry_msgs/msg/detail/polygon_instance_stamped__rosidl_typesupport_introspection_c.h
[11.928s] -- Installing: /workspace/jazzy_ws/install/include/geometry_msgs/geometry_msgs/msg/detail/accel_stamped__rosidl_typesupport_introspection_c.h
[11.928s] -- Installing: /workspace/jazzy_ws/install/include/geometry_msgs/geometry_msgs/msg/detail/accel_with_covariance__type_support.c
[11.928s] -- Installing: /workspace/jazzy_ws/install/include/geometry_msgs/geometry_msgs/msg/detail/point__rosidl_typesupport_introspection_c.h
[11.928s] -- Installing: /workspace/jazzy_ws/install/include/geometry_msgs/geometry_msgs/msg/detail/vector3__rosidl_typesupport_introspection_c.h
[11.928s] -- Installing: /workspace/jazzy_ws/install/include/geometry_msgs/geometry_msgs/msg/detail/wrench__rosidl_typesupport_introspection_c.h
[11.928s] -- Installing: /workspace/jazzy_ws/install/include/geometry_msgs/geometry_msgs/msg/detail/twist_with_covariance__type_support.c
[11.928s] -- Installing: /workspace/jazzy_ws/install/include/geometry_msgs/geometry_msgs/msg/detail/pose_array__rosidl_typesupport_introspection_c.h
[11.929s] -- Installing: /workspace/jazzy_ws/install/include/geometry_msgs/geometry_msgs/msg/detail/point_stamped__rosidl_typesupport_introspection_c.h
[11.929s] -- Installing: /workspace/jazzy_ws/install/include/geometry_msgs/geometry_msgs/msg/detail/pose2_d__rosidl_typesupport_introspection_c.h
[11.929s] -- Installing: /workspace/jazzy_ws/install/include/geometry_msgs/geometry_msgs/msg/detail/twist_stamped__type_support.c
[11.929s] -- Installing: /workspace/jazzy_ws/install/include/geometry_msgs/geometry_msgs/msg/detail/polygon_instance_stamped__type_support.c
[11.929s] -- Installing: /workspace/jazzy_ws/install/include/geometry_msgs/geometry_msgs/msg/detail/accel_with_covariance_stamped__rosidl_typesupport_introspection_c.h
[11.929s] -- Installing: /workspace/jazzy_ws/install/include/geometry_msgs/geometry_msgs/msg/detail/transform_stamped__type_support.c
[11.929s] -- Installing: /workspace/jazzy_ws/install/include/geometry_msgs/geometry_msgs/msg/detail/pose_stamped__rosidl_typesupport_introspection_c.h
[11.929s] -- Installing: /workspace/jazzy_ws/install/include/geometry_msgs/geometry_msgs/msg/detail/polygon__type_support.c
[11.929s] -- Installing: /workspace/jazzy_ws/install/include/geometry_msgs/geometry_msgs/msg/detail/inertia_stamped__type_support.c
[11.929s] -- Installing: /workspace/jazzy_ws/install/include/geometry_msgs/geometry_msgs/msg/detail/pose_with_covariance__type_support.c
[11.929s] -- Installing: /workspace/jazzy_ws/install/include/geometry_msgs/geometry_msgs/msg/detail/pose_with_covariance_stamped__rosidl_typesupport_introspection_c.h
[11.929s] -- Installing: /workspace/jazzy_ws/install/include/geometry_msgs/geometry_msgs/msg/detail/point__type_support.c
[11.930s] -- Installing: /workspace/jazzy_ws/install/include/geometry_msgs/geometry_msgs/msg/detail/wrench_stamped__type_support.c
[11.930s] -- Installing: /workspace/jazzy_ws/install/include/geometry_msgs/geometry_msgs/msg/detail/quaternion__type_support.c
[11.930s] -- Installing: /workspace/jazzy_ws/install/include/geometry_msgs/geometry_msgs/msg/detail/vector3_stamped__rosidl_typesupport_introspection_c.h
[11.930s] -- Installing: /workspace/jazzy_ws/install/include/geometry_msgs/geometry_msgs/msg/detail/velocity_stamped__rosidl_typesupport_introspection_c.h
[11.930s] -- Installing: /workspace/jazzy_ws/install/include/geometry_msgs/geometry_msgs/msg/detail/pose__type_support.c
[11.930s] -- Installing: /workspace/jazzy_ws/install/include/geometry_msgs/geometry_msgs/msg/detail/polygon__rosidl_typesupport_introspection_c.h
[11.930s] -- Installing: /workspace/jazzy_ws/install/include/geometry_msgs/geometry_msgs/msg/detail/quaternion_stamped__rosidl_typesupport_introspection_c.h
[11.930s] -- Installing: /workspace/jazzy_ws/install/include/geometry_msgs/geometry_msgs/msg/detail/transform__type_support.c
[11.930s] -- Installing: /workspace/jazzy_ws/install/include/geometry_msgs/geometry_msgs/msg/detail/velocity_stamped__type_support.c
[11.930s] -- Installing: /workspace/jazzy_ws/install/include/geometry_msgs/geometry_msgs/msg/detail/wrench_stamped__rosidl_typesupport_introspection_c.h
[11.930s] -- Installing: /workspace/jazzy_ws/install/include/geometry_msgs/geometry_msgs/msg/detail/accel_with_covariance_stamped__type_support.c
[11.930s] -- Installing: /workspace/jazzy_ws/install/include/geometry_msgs/geometry_msgs/msg/detail/pose2_d__type_support.c
[11.931s] -- Installing: /workspace/jazzy_ws/install/include/geometry_msgs/geometry_msgs/msg/detail/transform_stamped__rosidl_typesupport_introspection_c.h
[11.931s] -- Installing: /workspace/jazzy_ws/install/include/geometry_msgs/geometry_msgs/msg/detail/twist__type_support.c
[11.931s] -- Installing: /workspace/jazzy_ws/install/include/geometry_msgs/geometry_msgs/msg/detail/pose__rosidl_typesupport_introspection_c.h
[11.931s] -- Installing: /workspace/jazzy_ws/install/include/geometry_msgs/geometry_msgs/msg/detail/polygon_instance__type_support.c
[11.931s] -- Installing: /workspace/jazzy_ws/install/include/geometry_msgs/geometry_msgs/msg/detail/point32__type_support.c
[11.931s] -- Installing: /workspace/jazzy_ws/install/include/geometry_msgs/geometry_msgs/msg/detail/vector3_stamped__type_support.c
[11.931s] -- Installing: /workspace/jazzy_ws/install/include/geometry_msgs/geometry_msgs/msg/detail/pose_array__type_support.c
[11.931s] -- Installing: /workspace/jazzy_ws/install/include/geometry_msgs/geometry_msgs/msg/detail/point32__rosidl_typesupport_introspection_c.h
[11.931s] -- Installing: /workspace/jazzy_ws/install/include/geometry_msgs/geometry_msgs/msg/detail/polygon_instance__rosidl_typesupport_introspection_c.h
[11.931s] -- Installing: /workspace/jazzy_ws/install/include/geometry_msgs/geometry_msgs/msg/detail/accel_stamped__type_support.c
[11.931s] -- Installing: /workspace/jazzy_ws/install/include/geometry_msgs/geometry_msgs/msg/detail/inertia__rosidl_typesupport_introspection_c.h
[11.931s] -- Installing: /workspace/jazzy_ws/install/include/geometry_msgs/geometry_msgs/msg/detail/twist_stamped__rosidl_typesupport_introspection_c.h
[11.932s] -- Installing: /workspace/jazzy_ws/install/include/geometry_msgs/geometry_msgs/msg/detail/accel__rosidl_typesupport_introspection_c.h
[11.932s] -- Installing: /workspace/jazzy_ws/install/include/geometry_msgs/geometry_msgs/msg/detail/wrench__type_support.c
[11.932s] -- Installing: /workspace/jazzy_ws/install/include/geometry_msgs/geometry_msgs/msg/detail/inertia_stamped__rosidl_typesupport_introspection_c.h
[11.932s] -- Installing: /workspace/jazzy_ws/install/include/geometry_msgs/geometry_msgs/msg/detail/pose_with_covariance_stamped__type_support.c
[11.932s] -- Installing: /workspace/jazzy_ws/install/include/geometry_msgs/geometry_msgs/msg/detail/vector3__type_support.c
[11.932s] -- Installing: /workspace/jazzy_ws/install/include/geometry_msgs/geometry_msgs/msg/detail/inertia__type_support.c
[11.932s] -- Installing: /workspace/jazzy_ws/install/include/geometry_msgs/geometry_msgs/msg/detail/accel_with_covariance__rosidl_typesupport_introspection_c.h
[11.932s] -- Installing: /workspace/jazzy_ws/install/include/geometry_msgs/geometry_msgs/msg/detail/polygon_stamped__rosidl_typesupport_introspection_c.h
[11.932s] -- Installing: /workspace/jazzy_ws/install/include/geometry_msgs/geometry_msgs/msg/detail/polygon_stamped__type_support.c
[11.932s] -- Installing: /workspace/jazzy_ws/install/include/geometry_msgs/geometry_msgs/msg/detail/pose_with_covariance__rosidl_typesupport_introspection_c.h
[11.932s] -- Installing: /workspace/jazzy_ws/install/include/geometry_msgs/geometry_msgs/msg/detail/twist__rosidl_typesupport_introspection_c.h
[11.933s] -- Installing: /workspace/jazzy_ws/install/include/geometry_msgs/geometry_msgs/msg/detail/accel__type_support.c
[11.933s] -- Installing: /workspace/jazzy_ws/install/include/geometry_msgs/geometry_msgs/msg/rosidl_typesupport_introspection_c__visibility_control.h
[11.933s] -- Installing: /workspace/jazzy_ws/install/lib/libgeometry_msgs__rosidl_typesupport_introspection_c.so
[11.933s] -- Set non-toolchain portion of runtime path of "/workspace/jazzy_ws/install/lib/libgeometry_msgs__rosidl_typesupport_introspection_c.so" to ""
[11.933s] -- Installing: /workspace/jazzy_ws/install/lib/libgeometry_msgs__rosidl_typesupport_c.so
[11.933s] -- Set non-toolchain portion of runtime path of "/workspace/jazzy_ws/install/lib/libgeometry_msgs__rosidl_typesupport_c.so" to ""
[11.933s] -- Up-to-date: /workspace/jazzy_ws/install/include/geometry_msgs/geometry_msgs
[11.933s] -- Up-to-date: /workspace/jazzy_ws/install/include/geometry_msgs/geometry_msgs/msg
[11.933s] -- Up-to-date: /workspace/jazzy_ws/install/include/geometry_msgs/geometry_msgs/msg/detail
[11.933s] -- Installing: /workspace/jazzy_ws/install/include/geometry_msgs/geometry_msgs/msg/detail/point_stamped__builder.hpp
[11.933s] -- Installing: /workspace/jazzy_ws/install/include/geometry_msgs/geometry_msgs/msg/detail/point__type_support.hpp
[11.934s] -- Installing: /workspace/jazzy_ws/install/include/geometry_msgs/geometry_msgs/msg/detail/velocity_stamped__struct.hpp
[11.934s] -- Installing: /workspace/jazzy_ws/install/include/geometry_msgs/geometry_msgs/msg/detail/accel__builder.hpp
[11.934s] -- Installing: /workspace/jazzy_ws/install/include/geometry_msgs/geometry_msgs/msg/detail/pose_array__builder.hpp
[11.934s] -- Installing: /workspace/jazzy_ws/install/include/geometry_msgs/geometry_msgs/msg/detail/pose2_d__struct.hpp
[11.934s] -- Installing: /workspace/jazzy_ws/install/include/geometry_msgs/geometry_msgs/msg/detail/accel__struct.hpp
[11.934s] -- Installing: /workspace/jazzy_ws/install/include/geometry_msgs/geometry_msgs/msg/detail/point_stamped__traits.hpp
[11.934s] -- Installing: /workspace/jazzy_ws/install/include/geometry_msgs/geometry_msgs/msg/detail/accel_with_covariance__type_support.hpp
[11.934s] -- Installing: /workspace/jazzy_ws/install/include/geometry_msgs/geometry_msgs/msg/detail/point__builder.hpp
[11.934s] -- Installing: /workspace/jazzy_ws/install/include/geometry_msgs/geometry_msgs/msg/detail/polygon_stamped__struct.hpp
[11.934s] -- Installing: /workspace/jazzy_ws/install/include/geometry_msgs/geometry_msgs/msg/detail/quaternion__builder.hpp
[11.934s] -- Installing: /workspace/jazzy_ws/install/include/geometry_msgs/geometry_msgs/msg/detail/point32__struct.hpp
[11.934s] -- Installing: /workspace/jazzy_ws/install/include/geometry_msgs/geometry_msgs/msg/detail/velocity_stamped__builder.hpp
[11.934s] -- Installing: /workspace/jazzy_ws/install/include/geometry_msgs/geometry_msgs/msg/detail/wrench__struct.hpp
[11.934s] -- Installing: /workspace/jazzy_ws/install/include/geometry_msgs/geometry_msgs/msg/detail/polygon__struct.hpp
[11.934s] -- Installing: /workspace/jazzy_ws/install/include/geometry_msgs/geometry_msgs/msg/detail/polygon__traits.hpp
[11.934s] -- Installing: /workspace/jazzy_ws/install/include/geometry_msgs/geometry_msgs/msg/detail/accel_with_covariance_stamped__traits.hpp
[11.934s] -- Installing: /workspace/jazzy_ws/install/include/geometry_msgs/geometry_msgs/msg/detail/point32__builder.hpp
[11.934s] -- Installing: /workspace/jazzy_ws/install/include/geometry_msgs/geometry_msgs/msg/detail/wrench_stamped__type_support.hpp
[11.934s] -- Installing: /workspace/jazzy_ws/install/include/geometry_msgs/geometry_msgs/msg/detail/point_stamped__type_support.hpp
[11.934s] -- Installing: /workspace/jazzy_ws/install/include/geometry_msgs/geometry_msgs/msg/detail/polygon_stamped__builder.hpp
[11.935s] -- Installing: /workspace/jazzy_ws/install/include/geometry_msgs/geometry_msgs/msg/detail/twist_with_covariance__struct.hpp
[11.935s] -- Installing: /workspace/jazzy_ws/install/include/geometry_msgs/geometry_msgs/msg/detail/pose_with_covariance__type_support.hpp
[11.935s] -- Installing: /workspace/jazzy_ws/install/include/geometry_msgs/geometry_msgs/msg/detail/wrench_stamped__struct.hpp
[11.935s] -- Installing: /workspace/jazzy_ws/install/include/geometry_msgs/geometry_msgs/msg/detail/twist_stamped__builder.hpp
[11.935s] -- Installing: /workspace/jazzy_ws/install/include/geometry_msgs/geometry_msgs/msg/detail/polygon_instance__type_support.hpp
[11.935s] -- Installing: /workspace/jazzy_ws/install/include/geometry_msgs/geometry_msgs/msg/detail/pose_with_covariance_stamped__type_support.hpp
[11.935s] -- Installing: /workspace/jazzy_ws/install/include/geometry_msgs/geometry_msgs/msg/detail/inertia_stamped__builder.hpp
[11.935s] -- Installing: /workspace/jazzy_ws/install/include/geometry_msgs/geometry_msgs/msg/detail/transform_stamped__builder.hpp
[11.935s] -- Installing: /workspace/jazzy_ws/install/include/geometry_msgs/geometry_msgs/msg/detail/accel_with_covariance_stamped__type_support.hpp
[11.935s] -- Installing: /workspace/jazzy_ws/install/include/geometry_msgs/geometry_msgs/msg/detail/pose__type_support.hpp
[11.935s] -- Installing: /workspace/jazzy_ws/install/include/geometry_msgs/geometry_msgs/msg/detail/pose2_d__traits.hpp
[11.935s] -- Installing: /workspace/jazzy_ws/install/include/geometry_msgs/geometry_msgs/msg/detail/transform_stamped__struct.hpp
[11.935s] -- Installing: /workspace/jazzy_ws/install/include/geometry_msgs/geometry_msgs/msg/detail/accel_stamped__type_support.hpp
[11.935s] -- Installing: /workspace/jazzy_ws/install/include/geometry_msgs/geometry_msgs/msg/detail/pose_stamped__struct.hpp
[11.935s] -- Installing: /workspace/jazzy_ws/install/include/geometry_msgs/geometry_msgs/msg/detail/inertia_stamped__traits.hpp
[11.935s] -- Installing: /workspace/jazzy_ws/install/include/geometry_msgs/geometry_msgs/msg/detail/quaternion_stamped__struct.hpp
[11.935s] -- Installing: /workspace/jazzy_ws/install/include/geometry_msgs/geometry_msgs/msg/detail/point32__traits.hpp
[11.935s] -- Installing: /workspace/jazzy_ws/install/include/geometry_msgs/geometry_msgs/msg/detail/inertia__type_support.hpp
[11.935s] -- Installing: /workspace/jazzy_ws/install/include/geometry_msgs/geometry_msgs/msg/detail/point_stamped__struct.hpp
[11.935s] -- Installing: /workspace/jazzy_ws/install/include/geometry_msgs/geometry_msgs/msg/detail/twist_with_covariance_stamped__builder.hpp
[11.936s] -- Installing: /workspace/jazzy_ws/install/include/geometry_msgs/geometry_msgs/msg/detail/point32__type_support.hpp
[11.936s] -- Installing: /workspace/jazzy_ws/install/include/geometry_msgs/geometry_msgs/msg/detail/inertia__traits.hpp
[11.936s] -- Installing: /workspace/jazzy_ws/install/include/geometry_msgs/geometry_msgs/msg/detail/vector3_stamped__struct.hpp
[11.936s] -- Installing: /workspace/jazzy_ws/install/include/geometry_msgs/geometry_msgs/msg/detail/twist_with_covariance__traits.hpp
[11.936s] -- Installing: /workspace/jazzy_ws/install/include/geometry_msgs/geometry_msgs/msg/detail/polygon_instance_stamped__traits.hpp
[11.936s] -- Installing: /workspace/jazzy_ws/install/include/geometry_msgs/geometry_msgs/msg/detail/twist_stamped__type_support.hpp
[11.936s] -- Installing: /workspace/jazzy_ws/install/include/geometry_msgs/geometry_msgs/msg/detail/point__struct.hpp
[11.936s] -- Installing: /workspace/jazzy_ws/install/include/geometry_msgs/geometry_msgs/msg/detail/wrench_stamped__traits.hpp
[11.936s] -- Installing: /workspace/jazzy_ws/install/include/geometry_msgs/geometry_msgs/msg/detail/polygon_stamped__type_support.hpp
[11.936s] -- Installing: /workspace/jazzy_ws/install/include/geometry_msgs/geometry_msgs/msg/detail/polygon__type_support.hpp
[11.936s] -- Installing: /workspace/jazzy_ws/install/include/geometry_msgs/geometry_msgs/msg/detail/quaternion__struct.hpp
[11.936s] -- Installing: /workspace/jazzy_ws/install/include/geometry_msgs/geometry_msgs/msg/detail/inertia_stamped__type_support.hpp
[11.936s] -- Installing: /workspace/jazzy_ws/install/include/geometry_msgs/geometry_msgs/msg/detail/twist_with_covariance_stamped__type_support.hpp
[11.936s] -- Installing: /workspace/jazzy_ws/install/include/geometry_msgs/geometry_msgs/msg/detail/wrench_stamped__builder.hpp
[11.936s] -- Installing: /workspace/jazzy_ws/install/include/geometry_msgs/geometry_msgs/msg/detail/pose_array__struct.hpp
[11.936s] -- Installing: /workspace/jazzy_ws/install/include/geometry_msgs/geometry_msgs/msg/detail/pose2_d__type_support.hpp
[11.936s] -- Installing: /workspace/jazzy_ws/install/include/geometry_msgs/geometry_msgs/msg/detail/pose_stamped__traits.hpp
[11.936s] -- Installing: /workspace/jazzy_ws/install/include/geometry_msgs/geometry_msgs/msg/detail/pose_with_covariance_stamped__struct.hpp
[11.936s] -- Installing: /workspace/jazzy_ws/install/include/geometry_msgs/geometry_msgs/msg/detail/accel_stamped__traits.hpp
[11.937s] -- Installing: /workspace/jazzy_ws/install/include/geometry_msgs/geometry_msgs/msg/detail/inertia__struct.hpp
[11.937s] -- Installing: /workspace/jazzy_ws/install/include/geometry_msgs/geometry_msgs/msg/detail/pose_array__traits.hpp
[11.937s] -- Installing: /workspace/jazzy_ws/install/include/geometry_msgs/geometry_msgs/msg/detail/transform_stamped__traits.hpp
[11.937s] -- Installing: /workspace/jazzy_ws/install/include/geometry_msgs/geometry_msgs/msg/detail/accel_with_covariance_stamped__struct.hpp
[11.937s] -- Installing: /workspace/jazzy_ws/install/include/geometry_msgs/geometry_msgs/msg/detail/pose__traits.hpp
[11.937s] -- Installing: /workspace/jazzy_ws/install/include/geometry_msgs/geometry_msgs/msg/detail/twist_with_covariance_stamped__traits.hpp
[11.937s] -- Installing: /workspace/jazzy_ws/install/include/geometry_msgs/geometry_msgs/msg/detail/pose_stamped__builder.hpp
[11.937s] -- Installing: /workspace/jazzy_ws/install/include/geometry_msgs/geometry_msgs/msg/detail/velocity_stamped__traits.hpp
[11.937s] -- Installing: /workspace/jazzy_ws/install/include/geometry_msgs/geometry_msgs/msg/detail/pose__struct.hpp
[11.937s] -- Installing: /workspace/jazzy_ws/install/include/geometry_msgs/geometry_msgs/msg/detail/accel_with_covariance__traits.hpp
[11.937s] -- Installing: /workspace/jazzy_ws/install/include/geometry_msgs/geometry_msgs/msg/detail/pose__builder.hpp
[11.937s] -- Installing: /workspace/jazzy_ws/install/include/geometry_msgs/geometry_msgs/msg/detail/quaternion_stamped__builder.hpp
[11.937s] -- Installing: /workspace/jazzy_ws/install/include/geometry_msgs/geometry_msgs/msg/detail/accel_with_covariance__builder.hpp
[11.937s] -- Installing: /workspace/jazzy_ws/install/include/geometry_msgs/geometry_msgs/msg/detail/inertia_stamped__struct.hpp
[11.937s] -- Installing: /workspace/jazzy_ws/install/include/geometry_msgs/geometry_msgs/msg/detail/twist_with_covariance_stamped__struct.hpp
[11.937s] -- Installing: /workspace/jazzy_ws/install/include/geometry_msgs/geometry_msgs/msg/detail/accel_with_covariance_stamped__builder.hpp
[11.937s] -- Installing: /workspace/jazzy_ws/install/include/geometry_msgs/geometry_msgs/msg/detail/pose_with_covariance__struct.hpp
[11.938s] -- Installing: /workspace/jazzy_ws/install/include/geometry_msgs/geometry_msgs/msg/detail/transform_stamped__type_support.hpp
[11.938s] -- Installing: /workspace/jazzy_ws/install/include/geometry_msgs/geometry_msgs/msg/detail/point__traits.hpp
[11.938s] -- Installing: /workspace/jazzy_ws/install/include/geometry_msgs/geometry_msgs/msg/detail/twist__struct.hpp
[11.938s] -- Installing: /workspace/jazzy_ws/install/include/geometry_msgs/geometry_msgs/msg/detail/pose_array__type_support.hpp
[11.938s] -- Installing: /workspace/jazzy_ws/install/include/geometry_msgs/geometry_msgs/msg/detail/velocity_stamped__type_support.hpp
[11.938s] -- Installing: /workspace/jazzy_ws/install/include/geometry_msgs/geometry_msgs/msg/detail/quaternion__traits.hpp
[11.938s] -- Installing: /workspace/jazzy_ws/install/include/geometry_msgs/geometry_msgs/msg/detail/pose_with_covariance_stamped__builder.hpp
[11.938s] -- Installing: /workspace/jazzy_ws/install/include/geometry_msgs/geometry_msgs/msg/detail/accel_stamped__struct.hpp
[11.938s] -- Installing: /workspace/jazzy_ws/install/include/geometry_msgs/geometry_msgs/msg/detail/polygon_instance__struct.hpp
[11.938s] -- Installing: /workspace/jazzy_ws/install/include/geometry_msgs/geometry_msgs/msg/detail/polygon_instance_stamped__builder.hpp
[11.938s] -- Installing: /workspace/jazzy_ws/install/include/geometry_msgs/geometry_msgs/msg/detail/twist__traits.hpp
[11.938s] -- Installing: /workspace/jazzy_ws/install/include/geometry_msgs/geometry_msgs/msg/detail/vector3__type_support.hpp
[11.938s] -- Installing: /workspace/jazzy_ws/install/include/geometry_msgs/geometry_msgs/msg/detail/wrench__builder.hpp
[11.938s] -- Installing: /workspace/jazzy_ws/install/include/geometry_msgs/geometry_msgs/msg/detail/pose_with_covariance__builder.hpp
[11.938s] -- Installing: /workspace/jazzy_ws/install/include/geometry_msgs/geometry_msgs/msg/detail/accel_stamped__builder.hpp
[11.938s] -- Installing: /workspace/jazzy_ws/install/include/geometry_msgs/geometry_msgs/msg/detail/polygon_instance_stamped__type_support.hpp
[11.938s] -- Installing: /workspace/jazzy_ws/install/include/geometry_msgs/geometry_msgs/msg/detail/polygon_instance__builder.hpp
[11.939s] -- Installing: /workspace/jazzy_ws/install/include/geometry_msgs/geometry_msgs/msg/detail/accel__type_support.hpp
[11.939s] -- Installing: /workspace/jazzy_ws/install/include/geometry_msgs/geometry_msgs/msg/detail/twist__builder.hpp
[11.939s] -- Installing: /workspace/jazzy_ws/install/include/geometry_msgs/geometry_msgs/msg/detail/transform__type_support.hpp
[11.939s] -- Installing: /workspace/jazzy_ws/install/include/geometry_msgs/geometry_msgs/msg/detail/vector3__struct.hpp
[11.939s] -- Installing: /workspace/jazzy_ws/install/include/geometry_msgs/geometry_msgs/msg/detail/transform__traits.hpp
[11.939s] -- Installing: /workspace/jazzy_ws/install/include/geometry_msgs/geometry_msgs/msg/detail/vector3_stamped__traits.hpp
[11.939s] -- Installing: /workspace/jazzy_ws/install/include/geometry_msgs/geometry_msgs/msg/detail/pose_with_covariance__traits.hpp
[11.939s] -- Installing: /workspace/jazzy_ws/install/include/geometry_msgs/geometry_msgs/msg/detail/quaternion_stamped__type_support.hpp
[11.939s] -- Installing: /workspace/jazzy_ws/install/include/geometry_msgs/geometry_msgs/msg/detail/wrench__type_support.hpp
[11.939s] -- Installing: /workspace/jazzy_ws/install/include/geometry_msgs/geometry_msgs/msg/detail/twist_with_covariance__builder.hpp
[11.939s] -- Installing: /workspace/jazzy_ws/install/include/geometry_msgs/geometry_msgs/msg/detail/pose_stamped__type_support.hpp
[11.939s] -- Installing: /workspace/jazzy_ws/install/include/geometry_msgs/geometry_msgs/msg/detail/polygon_instance_stamped__struct.hpp
[11.939s] -- Installing: /workspace/jazzy_ws/install/include/geometry_msgs/geometry_msgs/msg/detail/wrench__traits.hpp
[11.939s] -- Installing: /workspace/jazzy_ws/install/include/geometry_msgs/geometry_msgs/msg/detail/transform__builder.hpp
[11.939s] -- Installing: /workspace/jazzy_ws/install/include/geometry_msgs/geometry_msgs/msg/detail/twist__type_support.hpp
[11.939s] -- Installing: /workspace/jazzy_ws/install/include/geometry_msgs/geometry_msgs/msg/detail/twist_stamped__traits.hpp
[11.939s] -- Installing: /workspace/jazzy_ws/install/include/geometry_msgs/geometry_msgs/msg/detail/twist_stamped__struct.hpp
[11.939s] -- Installing: /workspace/jazzy_ws/install/include/geometry_msgs/geometry_msgs/msg/detail/accel_with_covariance__struct.hpp
[11.939s] -- Installing: /workspace/jazzy_ws/install/include/geometry_msgs/geometry_msgs/msg/detail/pose2_d__builder.hpp
[11.939s] -- Installing: /workspace/jazzy_ws/install/include/geometry_msgs/geometry_msgs/msg/detail/quaternion_stamped__traits.hpp
[11.940s] -- Installing: /workspace/jazzy_ws/install/include/geometry_msgs/geometry_msgs/msg/detail/vector3_stamped__builder.hpp
[11.940s] -- Installing: /workspace/jazzy_ws/install/include/geometry_msgs/geometry_msgs/msg/detail/twist_with_covariance__type_support.hpp
[11.940s] -- Installing: /workspace/jazzy_ws/install/include/geometry_msgs/geometry_msgs/msg/detail/polygon_stamped__traits.hpp
[11.940s] -- Installing: /workspace/jazzy_ws/install/include/geometry_msgs/geometry_msgs/msg/detail/pose_with_covariance_stamped__traits.hpp
[11.940s] -- Installing: /workspace/jazzy_ws/install/include/geometry_msgs/geometry_msgs/msg/detail/polygon__builder.hpp
[11.940s] -- Installing: /workspace/jazzy_ws/install/include/geometry_msgs/geometry_msgs/msg/detail/vector3__traits.hpp
[11.940s] -- Installing: /workspace/jazzy_ws/install/include/geometry_msgs/geometry_msgs/msg/detail/transform__struct.hpp
[11.940s] -- Installing: /workspace/jazzy_ws/install/include/geometry_msgs/geometry_msgs/msg/detail/vector3_stamped__type_support.hpp
[11.940s] -- Installing: /workspace/jazzy_ws/install/include/geometry_msgs/geometry_msgs/msg/detail/polygon_instance__traits.hpp
[11.940s] -- Installing: /workspace/jazzy_ws/install/include/geometry_msgs/geometry_msgs/msg/detail/accel__traits.hpp
[11.940s] -- Installing: /workspace/jazzy_ws/install/include/geometry_msgs/geometry_msgs/msg/detail/inertia__builder.hpp
[11.940s] -- Installing: /workspace/jazzy_ws/install/include/geometry_msgs/geometry_msgs/msg/detail/vector3__builder.hpp
[11.940s] -- Installing: /workspace/jazzy_ws/install/include/geometry_msgs/geometry_msgs/msg/detail/quaternion__type_support.hpp
[11.940s] -- Installing: /workspace/jazzy_ws/install/include/geometry_msgs/geometry_msgs/msg/inertia_stamped.hpp
[11.940s] -- Installing: /workspace/jazzy_ws/install/include/geometry_msgs/geometry_msgs/msg/inertia.hpp
[11.940s] -- Installing: /workspace/jazzy_ws/install/include/geometry_msgs/geometry_msgs/msg/pose_array.hpp
[11.940s] -- Installing: /workspace/jazzy_ws/install/include/geometry_msgs/geometry_msgs/msg/polygon_stamped.hpp
[11.940s] -- Installing: /workspace/jazzy_ws/install/include/geometry_msgs/geometry_msgs/msg/wrench.hpp
[11.941s] -- Installing: /workspace/jazzy_ws/install/include/geometry_msgs/geometry_msgs/msg/accel.hpp
[11.941s] -- Installing: /workspace/jazzy_ws/install/include/geometry_msgs/geometry_msgs/msg/velocity_stamped.hpp
[11.941s] -- Installing: /workspace/jazzy_ws/install/include/geometry_msgs/geometry_msgs/msg/wrench_stamped.hpp
[11.941s] -- Installing: /workspace/jazzy_ws/install/include/geometry_msgs/geometry_msgs/msg/point.hpp
[11.941s] -- Installing: /workspace/jazzy_ws/install/include/geometry_msgs/geometry_msgs/msg/twist_with_covariance.hpp
[11.941s] -- Installing: /workspace/jazzy_ws/install/include/geometry_msgs/geometry_msgs/msg/pose2_d.hpp
[11.941s] -- Installing: /workspace/jazzy_ws/install/include/geometry_msgs/geometry_msgs/msg/point_stamped.hpp
[11.941s] -- Installing: /workspace/jazzy_ws/install/include/geometry_msgs/geometry_msgs/msg/rosidl_generator_cpp__visibility_control.hpp
[11.941s] -- Installing: /workspace/jazzy_ws/install/include/geometry_msgs/geometry_msgs/msg/vector3_stamped.hpp
[11.941s] -- Installing: /workspace/jazzy_ws/install/include/geometry_msgs/geometry_msgs/msg/pose_stamped.hpp
[11.941s] -- Installing: /workspace/jazzy_ws/install/include/geometry_msgs/geometry_msgs/msg/twist_stamped.hpp
[11.941s] -- Installing: /workspace/jazzy_ws/install/include/geometry_msgs/geometry_msgs/msg/accel_stamped.hpp
[11.941s] -- Installing: /workspace/jazzy_ws/install/include/geometry_msgs/geometry_msgs/msg/quaternion_stamped.hpp
[11.941s] -- Installing: /workspace/jazzy_ws/install/include/geometry_msgs/geometry_msgs/msg/twist_with_covariance_stamped.hpp
[11.941s] -- Installing: /workspace/jazzy_ws/install/include/geometry_msgs/geometry_msgs/msg/twist.hpp
[11.941s] -- Installing: /workspace/jazzy_ws/install/include/geometry_msgs/geometry_msgs/msg/polygon_instance_stamped.hpp
[11.941s] -- Installing: /workspace/jazzy_ws/install/include/geometry_msgs/geometry_msgs/msg/polygon.hpp
[11.941s] -- Installing: /workspace/jazzy_ws/install/include/geometry_msgs/geometry_msgs/msg/point32.hpp
[11.941s] -- Installing: /workspace/jazzy_ws/install/include/geometry_msgs/geometry_msgs/msg/pose_with_covariance.hpp
[11.942s] -- Installing: /workspace/jazzy_ws/install/include/geometry_msgs/geometry_msgs/msg/accel_with_covariance_stamped.hpp
[11.942s] -- Installing: /workspace/jazzy_ws/install/include/geometry_msgs/geometry_msgs/msg/quaternion.hpp
[11.942s] -- Installing: /workspace/jazzy_ws/install/include/geometry_msgs/geometry_msgs/msg/transform.hpp
[11.942s] -- Installing: /workspace/jazzy_ws/install/include/geometry_msgs/geometry_msgs/msg/vector3.hpp
[11.942s] -- Installing: /workspace/jazzy_ws/install/include/geometry_msgs/geometry_msgs/msg/transform_stamped.hpp
[11.942s] -- Installing: /workspace/jazzy_ws/install/include/geometry_msgs/geometry_msgs/msg/polygon_instance.hpp
[11.942s] -- Installing: /workspace/jazzy_ws/install/include/geometry_msgs/geometry_msgs/msg/accel_with_covariance.hpp
[11.942s] -- Installing: /workspace/jazzy_ws/install/include/geometry_msgs/geometry_msgs/msg/pose_with_covariance_stamped.hpp
[11.942s] -- Installing: /workspace/jazzy_ws/install/include/geometry_msgs/geometry_msgs/msg/pose.hpp
[11.942s] -- Up-to-date: /workspace/jazzy_ws/install/include/geometry_msgs/geometry_msgs
[11.942s] -- Up-to-date: /workspace/jazzy_ws/install/include/geometry_msgs/geometry_msgs/msg
[11.942s] -- Up-to-date: /workspace/jazzy_ws/install/include/geometry_msgs/geometry_msgs/msg/detail
[11.942s] -- Installing: /workspace/jazzy_ws/install/include/geometry_msgs/geometry_msgs/msg/detail/twist_with_covariance__rosidl_typesupport_fastrtps_cpp.hpp
[11.942s] -- Installing: /workspace/jazzy_ws/install/include/geometry_msgs/geometry_msgs/msg/detail/quaternion_stamped__rosidl_typesupport_fastrtps_cpp.hpp
[11.942s] -- Installing: /workspace/jazzy_ws/install/include/geometry_msgs/geometry_msgs/msg/detail/inertia_stamped__rosidl_typesupport_fastrtps_cpp.hpp
[11.942s] -- Installing: /workspace/jazzy_ws/install/include/geometry_msgs/geometry_msgs/msg/detail/transform_stamped__rosidl_typesupport_fastrtps_cpp.hpp
[11.942s] -- Installing: /workspace/jazzy_ws/install/include/geometry_msgs/geometry_msgs/msg/detail/velocity_stamped__rosidl_typesupport_fastrtps_cpp.hpp
[11.942s] -- Installing: /workspace/jazzy_ws/install/include/geometry_msgs/geometry_msgs/msg/detail/point_stamped__rosidl_typesupport_fastrtps_cpp.hpp
[11.942s] -- Installing: /workspace/jazzy_ws/install/include/geometry_msgs/geometry_msgs/msg/detail/pose_with_covariance__rosidl_typesupport_fastrtps_cpp.hpp
[11.942s] -- Installing: /workspace/jazzy_ws/install/include/geometry_msgs/geometry_msgs/msg/detail/transform__rosidl_typesupport_fastrtps_cpp.hpp
[11.943s] -- Installing: /workspace/jazzy_ws/install/include/geometry_msgs/geometry_msgs/msg/detail/point32__rosidl_typesupport_fastrtps_cpp.hpp
[11.943s] -- Installing: /workspace/jazzy_ws/install/include/geometry_msgs/geometry_msgs/msg/detail/inertia__rosidl_typesupport_fastrtps_cpp.hpp
[11.943s] -- Installing: /workspace/jazzy_ws/install/include/geometry_msgs/geometry_msgs/msg/detail/point__rosidl_typesupport_fastrtps_cpp.hpp
[11.943s] -- Installing: /workspace/jazzy_ws/install/include/geometry_msgs/geometry_msgs/msg/detail/accel_with_covariance_stamped__rosidl_typesupport_fastrtps_cpp.hpp
[11.943s] -- Installing: /workspace/jazzy_ws/install/include/geometry_msgs/geometry_msgs/msg/detail/polygon_stamped__rosidl_typesupport_fastrtps_cpp.hpp
[11.943s] -- Installing: /workspace/jazzy_ws/install/include/geometry_msgs/geometry_msgs/msg/detail/accel_with_covariance__rosidl_typesupport_fastrtps_cpp.hpp
[11.943s] -- Installing: /workspace/jazzy_ws/install/include/geometry_msgs/geometry_msgs/msg/detail/accel__rosidl_typesupport_fastrtps_cpp.hpp
[11.943s] -- Installing: /workspace/jazzy_ws/install/include/geometry_msgs/geometry_msgs/msg/detail/pose_with_covariance_stamped__rosidl_typesupport_fastrtps_cpp.hpp
[11.943s] -- Installing: /workspace/jazzy_ws/install/include/geometry_msgs/geometry_msgs/msg/detail/polygon_instance__rosidl_typesupport_fastrtps_cpp.hpp
[11.943s] -- Installing: /workspace/jazzy_ws/install/include/geometry_msgs/geometry_msgs/msg/detail/dds_fastrtps
[11.943s] -- Installing: /workspace/jazzy_ws/install/include/geometry_msgs/geometry_msgs/msg/detail/pose__rosidl_typesupport_fastrtps_cpp.hpp
[11.943s] -- Installing: /workspace/jazzy_ws/install/include/geometry_msgs/geometry_msgs/msg/detail/accel_stamped__rosidl_typesupport_fastrtps_cpp.hpp
[11.943s] -- Installing: /workspace/jazzy_ws/install/include/geometry_msgs/geometry_msgs/msg/detail/polygon__rosidl_typesupport_fastrtps_cpp.hpp
[11.943s] -- Installing: /workspace/jazzy_ws/install/include/geometry_msgs/geometry_msgs/msg/detail/pose_array__rosidl_typesupport_fastrtps_cpp.hpp
[11.943s] -- Installing: /workspace/jazzy_ws/install/include/geometry_msgs/geometry_msgs/msg/detail/twist_with_covariance_stamped__rosidl_typesupport_fastrtps_cpp.hpp
[11.943s] -- Installing: /workspace/jazzy_ws/install/include/geometry_msgs/geometry_msgs/msg/detail/vector3_stamped__rosidl_typesupport_fastrtps_cpp.hpp
[11.943s] -- Installing: /workspace/jazzy_ws/install/include/geometry_msgs/geometry_msgs/msg/detail/wrench__rosidl_typesupport_fastrtps_cpp.hpp
[11.943s] -- Installing: /workspace/jazzy_ws/install/include/geometry_msgs/geometry_msgs/msg/detail/twist_stamped__rosidl_typesupport_fastrtps_cpp.hpp
[11.943s] -- Installing: /workspace/jazzy_ws/install/include/geometry_msgs/geometry_msgs/msg/detail/pose_stamped__rosidl_typesupport_fastrtps_cpp.hpp
[11.944s] -- Installing: /workspace/jazzy_ws/install/include/geometry_msgs/geometry_msgs/msg/detail/wrench_stamped__rosidl_typesupport_fastrtps_cpp.hpp
[11.944s] -- Installing: /workspace/jazzy_ws/install/include/geometry_msgs/geometry_msgs/msg/detail/twist__rosidl_typesupport_fastrtps_cpp.hpp
[11.944s] -- Installing: /workspace/jazzy_ws/install/include/geometry_msgs/geometry_msgs/msg/detail/polygon_instance_stamped__rosidl_typesupport_fastrtps_cpp.hpp
[11.944s] -- Installing: /workspace/jazzy_ws/install/include/geometry_msgs/geometry_msgs/msg/detail/quaternion__rosidl_typesupport_fastrtps_cpp.hpp
[11.944s] -- Installing: /workspace/jazzy_ws/install/include/geometry_msgs/geometry_msgs/msg/detail/vector3__rosidl_typesupport_fastrtps_cpp.hpp
[11.944s] -- Installing: /workspace/jazzy_ws/install/include/geometry_msgs/geometry_msgs/msg/detail/pose2_d__rosidl_typesupport_fastrtps_cpp.hpp
[11.944s] -- Installing: /workspace/jazzy_ws/install/include/geometry_msgs/geometry_msgs/msg/rosidl_typesupport_fastrtps_cpp__visibility_control.h
[11.944s] -- Installing: /workspace/jazzy_ws/install/lib/libgeometry_msgs__rosidl_typesupport_fastrtps_cpp.so
[11.944s] -- Set non-toolchain portion of runtime path of "/workspace/jazzy_ws/install/lib/libgeometry_msgs__rosidl_typesupport_fastrtps_cpp.so" to ""
[11.944s] -- Up-to-date: /workspace/jazzy_ws/install/include/geometry_msgs/geometry_msgs
[11.944s] -- Up-to-date: /workspace/jazzy_ws/install/include/geometry_msgs/geometry_msgs/msg
[11.944s] -- Up-to-date: /workspace/jazzy_ws/install/include/geometry_msgs/geometry_msgs/msg/detail
[11.944s] -- Installing: /workspace/jazzy_ws/install/include/geometry_msgs/geometry_msgs/msg/detail/twist__type_support.cpp
[11.945s] -- Installing: /workspace/jazzy_ws/install/include/geometry_msgs/geometry_msgs/msg/detail/pose_with_covariance_stamped__rosidl_typesupport_introspection_cpp.hpp
[11.945s] -- Installing: /workspace/jazzy_ws/install/include/geometry_msgs/geometry_msgs/msg/detail/inertia_stamped__rosidl_typesupport_introspection_cpp.hpp
[11.945s] -- Installing: /workspace/jazzy_ws/install/include/geometry_msgs/geometry_msgs/msg/detail/polygon_instance__rosidl_typesupport_introspection_cpp.hpp
[11.945s] -- Installing: /workspace/jazzy_ws/install/include/geometry_msgs/geometry_msgs/msg/detail/wrench__rosidl_typesupport_introspection_cpp.hpp
[11.945s] -- Installing: /workspace/jazzy_ws/install/include/geometry_msgs/geometry_msgs/msg/detail/pose__rosidl_typesupport_introspection_cpp.hpp
[11.945s] -- Installing: /workspace/jazzy_ws/install/include/geometry_msgs/geometry_msgs/msg/detail/vector3__rosidl_typesupport_introspection_cpp.hpp
[11.945s] -- Installing: /workspace/jazzy_ws/install/include/geometry_msgs/geometry_msgs/msg/detail/twist_with_covariance_stamped__rosidl_typesupport_introspection_cpp.hpp
[11.945s] -- Installing: /workspace/jazzy_ws/install/include/geometry_msgs/geometry_msgs/msg/detail/pose_stamped__rosidl_typesupport_introspection_cpp.hpp
[11.945s] -- Installing: /workspace/jazzy_ws/install/include/geometry_msgs/geometry_msgs/msg/detail/pose__type_support.cpp
[11.945s] -- Installing: /workspace/jazzy_ws/install/include/geometry_msgs/geometry_msgs/msg/detail/accel_stamped__rosidl_typesupport_introspection_cpp.hpp
[11.945s] -- Installing: /workspace/jazzy_ws/install/include/geometry_msgs/geometry_msgs/msg/detail/polygon_stamped__type_support.cpp
[11.945s] -- Installing: /workspace/jazzy_ws/install/include/geometry_msgs/geometry_msgs/msg/detail/vector3_stamped__rosidl_typesupport_introspection_cpp.hpp
[11.945s] -- Installing: /workspace/jazzy_ws/install/include/geometry_msgs/geometry_msgs/msg/detail/accel_with_covariance_stamped__rosidl_typesupport_introspection_cpp.hpp
[11.945s] -- Installing: /workspace/jazzy_ws/install/include/geometry_msgs/geometry_msgs/msg/detail/quaternion__type_support.cpp
[11.945s] -- Installing: /workspace/jazzy_ws/install/include/geometry_msgs/geometry_msgs/msg/detail/polygon__rosidl_typesupport_introspection_cpp.hpp
[11.945s] -- Installing: /workspace/jazzy_ws/install/include/geometry_msgs/geometry_msgs/msg/detail/quaternion_stamped__rosidl_typesupport_introspection_cpp.hpp
[11.945s] -- Installing: /workspace/jazzy_ws/install/include/geometry_msgs/geometry_msgs/msg/detail/transform__rosidl_typesupport_introspection_cpp.hpp
[11.945s] -- Installing: /workspace/jazzy_ws/install/include/geometry_msgs/geometry_msgs/msg/detail/polygon_instance_stamped__rosidl_typesupport_introspection_cpp.hpp
[11.945s] -- Installing: /workspace/jazzy_ws/install/include/geometry_msgs/geometry_msgs/msg/detail/accel_with_covariance_stamped__type_support.cpp
[11.946s] -- Installing: /workspace/jazzy_ws/install/include/geometry_msgs/geometry_msgs/msg/detail/accel_with_covariance__rosidl_typesupport_introspection_cpp.hpp
[11.946s] -- Installing: /workspace/jazzy_ws/install/include/geometry_msgs/geometry_msgs/msg/detail/quaternion_stamped__type_support.cpp
[11.946s] -- Installing: /workspace/jazzy_ws/install/include/geometry_msgs/geometry_msgs/msg/detail/pose2_d__type_support.cpp
[11.946s] -- Installing: /workspace/jazzy_ws/install/include/geometry_msgs/geometry_msgs/msg/detail/velocity_stamped__type_support.cpp
[11.946s] -- Installing: /workspace/jazzy_ws/install/include/geometry_msgs/geometry_msgs/msg/detail/accel__type_support.cpp
[11.946s] -- Installing: /workspace/jazzy_ws/install/include/geometry_msgs/geometry_msgs/msg/detail/inertia__type_support.cpp
[11.946s] -- Installing: /workspace/jazzy_ws/install/include/geometry_msgs/geometry_msgs/msg/detail/inertia__rosidl_typesupport_introspection_cpp.hpp
[11.946s] -- Installing: /workspace/jazzy_ws/install/include/geometry_msgs/geometry_msgs/msg/detail/pose_array__type_support.cpp
[11.946s] -- Installing: /workspace/jazzy_ws/install/include/geometry_msgs/geometry_msgs/msg/detail/pose_with_covariance__rosidl_typesupport_introspection_cpp.hpp
[11.946s] -- Installing: /workspace/jazzy_ws/install/include/geometry_msgs/geometry_msgs/msg/detail/quaternion__rosidl_typesupport_introspection_cpp.hpp
[11.946s] -- Installing: /workspace/jazzy_ws/install/include/geometry_msgs/geometry_msgs/msg/detail/pose_array__rosidl_typesupport_introspection_cpp.hpp
[11.946s] -- Installing: /workspace/jazzy_ws/install/include/geometry_msgs/geometry_msgs/msg/detail/twist_stamped__rosidl_typesupport_introspection_cpp.hpp
[11.946s] -- Installing: /workspace/jazzy_ws/install/include/geometry_msgs/geometry_msgs/msg/detail/pose_with_covariance__type_support.cpp
[11.946s] -- Installing: /workspace/jazzy_ws/install/include/geometry_msgs/geometry_msgs/msg/detail/pose2_d__rosidl_typesupport_introspection_cpp.hpp
[11.946s] -- Installing: /workspace/jazzy_ws/install/include/geometry_msgs/geometry_msgs/msg/detail/twist_with_covariance_stamped__type_support.cpp
[11.946s] -- Installing: /workspace/jazzy_ws/install/include/geometry_msgs/geometry_msgs/msg/detail/accel_with_covariance__type_support.cpp
[11.946s] -- Installing: /workspace/jazzy_ws/install/include/geometry_msgs/geometry_msgs/msg/detail/accel__rosidl_typesupport_introspection_cpp.hpp
[11.946s] -- Installing: /workspace/jazzy_ws/install/include/geometry_msgs/geometry_msgs/msg/detail/polygon_instance_stamped__type_support.cpp
[11.947s] -- Installing: /workspace/jazzy_ws/install/include/geometry_msgs/geometry_msgs/msg/detail/point_stamped__rosidl_typesupport_introspection_cpp.hpp
[11.947s] -- Installing: /workspace/jazzy_ws/install/include/geometry_msgs/geometry_msgs/msg/detail/inertia_stamped__type_support.cpp
[11.947s] -- Installing: /workspace/jazzy_ws/install/include/geometry_msgs/geometry_msgs/msg/detail/transform__type_support.cpp
[11.947s] -- Installing: /workspace/jazzy_ws/install/include/geometry_msgs/geometry_msgs/msg/detail/twist__rosidl_typesupport_introspection_cpp.hpp
[11.947s] -- Installing: /workspace/jazzy_ws/install/include/geometry_msgs/geometry_msgs/msg/detail/point32__rosidl_typesupport_introspection_cpp.hpp
[11.947s] -- Installing: /workspace/jazzy_ws/install/include/geometry_msgs/geometry_msgs/msg/detail/vector3__type_support.cpp
[11.947s] -- Installing: /workspace/jazzy_ws/install/include/geometry_msgs/geometry_msgs/msg/detail/polygon_stamped__rosidl_typesupport_introspection_cpp.hpp
[11.947s] -- Installing: /workspace/jazzy_ws/install/include/geometry_msgs/geometry_msgs/msg/detail/accel_stamped__type_support.cpp
[11.947s] -- Installing: /workspace/jazzy_ws/install/include/geometry_msgs/geometry_msgs/msg/detail/polygon_instance__type_support.cpp
[11.947s] -- Installing: /workspace/jazzy_ws/install/include/geometry_msgs/geometry_msgs/msg/detail/transform_stamped__rosidl_typesupport_introspection_cpp.hpp
[11.947s] -- Installing: /workspace/jazzy_ws/install/include/geometry_msgs/geometry_msgs/msg/detail/point32__type_support.cpp
[11.947s] -- Installing: /workspace/jazzy_ws/install/include/geometry_msgs/geometry_msgs/msg/detail/twist_with_covariance__type_support.cpp
[11.947s] -- Installing: /workspace/jazzy_ws/install/include/geometry_msgs/geometry_msgs/msg/detail/wrench_stamped__type_support.cpp
[11.947s] -- Installing: /workspace/jazzy_ws/install/include/geometry_msgs/geometry_msgs/msg/detail/point_stamped__type_support.cpp
[11.947s] -- Installing: /workspace/jazzy_ws/install/include/geometry_msgs/geometry_msgs/msg/detail/point__rosidl_typesupport_introspection_cpp.hpp
[11.947s] -- Installing: /workspace/jazzy_ws/install/include/geometry_msgs/geometry_msgs/msg/detail/twist_stamped__type_support.cpp
[11.947s] -- Installing: /workspace/jazzy_ws/install/include/geometry_msgs/geometry_msgs/msg/detail/pose_with_covariance_stamped__type_support.cpp
[11.947s] -- Installing: /workspace/jazzy_ws/install/include/geometry_msgs/geometry_msgs/msg/detail/vector3_stamped__type_support.cpp
[11.948s] -- Installing: /workspace/jazzy_ws/install/include/geometry_msgs/geometry_msgs/msg/detail/polygon__type_support.cpp
[11.948s] -- Installing: /workspace/jazzy_ws/install/include/geometry_msgs/geometry_msgs/msg/detail/point__type_support.cpp
[11.948s] -- Installing: /workspace/jazzy_ws/install/include/geometry_msgs/geometry_msgs/msg/detail/pose_stamped__type_support.cpp
[11.948s] -- Installing: /workspace/jazzy_ws/install/include/geometry_msgs/geometry_msgs/msg/detail/wrench_stamped__rosidl_typesupport_introspection_cpp.hpp
[11.948s] -- Installing: /workspace/jazzy_ws/install/include/geometry_msgs/geometry_msgs/msg/detail/velocity_stamped__rosidl_typesupport_introspection_cpp.hpp
[11.948s] -- Installing: /workspace/jazzy_ws/install/include/geometry_msgs/geometry_msgs/msg/detail/twist_with_covariance__rosidl_typesupport_introspection_cpp.hpp
[11.948s] -- Installing: /workspace/jazzy_ws/install/include/geometry_msgs/geometry_msgs/msg/detail/transform_stamped__type_support.cpp
[11.948s] -- Installing: /workspace/jazzy_ws/install/include/geometry_msgs/geometry_msgs/msg/detail/wrench__type_support.cpp
[11.948s] -- Installing: /workspace/jazzy_ws/install/lib/libgeometry_msgs__rosidl_typesupport_introspection_cpp.so
[11.948s] -- Set non-toolchain portion of runtime path of "/workspace/jazzy_ws/install/lib/libgeometry_msgs__rosidl_typesupport_introspection_cpp.so" to ""
[11.948s] -- Installing: /workspace/jazzy_ws/install/lib/libgeometry_msgs__rosidl_typesupport_cpp.so
[11.949s] -- Set non-toolchain portion of runtime path of "/workspace/jazzy_ws/install/lib/libgeometry_msgs__rosidl_typesupport_cpp.so" to ""
[11.949s] -- Installing: /workspace/jazzy_ws/install/share/geometry_msgs/environment/pythonpath.sh
[11.949s] -- Installing: /workspace/jazzy_ws/install/share/geometry_msgs/environment/pythonpath.dsv
[11.949s] -- Installing: /workspace/jazzy_ws/install/lib/python3.12/site-packages/geometry_msgs-5.3.6-py3.12.egg-info
[11.949s] -- Installing: /workspace/jazzy_ws/install/lib/python3.12/site-packages/geometry_msgs-5.3.6-py3.12.egg-info/PKG-INFO
[11.949s] -- Installing: /workspace/jazzy_ws/install/lib/python3.12/site-packages/geometry_msgs-5.3.6-py3.12.egg-info/SOURCES.txt
[11.949s] -- Installing: /workspace/jazzy_ws/install/lib/python3.12/site-packages/geometry_msgs-5.3.6-py3.12.egg-info/top_level.txt
[11.949s] -- Installing: /workspace/jazzy_ws/install/lib/python3.12/site-packages/geometry_msgs-5.3.6-py3.12.egg-info/dependency_links.txt
[11.949s] -- Installing: /workspace/jazzy_ws/install/lib/python3.12/site-packages/geometry_msgs
[11.949s] -- Installing: /workspace/jazzy_ws/install/lib/python3.12/site-packages/geometry_msgs/_geometry_msgs_s.ep.rosidl_typesupport_introspection_c.c
[11.949s] -- Installing: /workspace/jazzy_ws/install/lib/python3.12/site-packages/geometry_msgs/msg
[11.949s] -- Installing: /workspace/jazzy_ws/install/lib/python3.12/site-packages/geometry_msgs/msg/_pose_with_covariance.py
[11.949s] -- Installing: /workspace/jazzy_ws/install/lib/python3.12/site-packages/geometry_msgs/msg/_inertia.py
[11.949s] -- Installing: /workspace/jazzy_ws/install/lib/python3.12/site-packages/geometry_msgs/msg/_pose.py
[11.949s] -- Installing: /workspace/jazzy_ws/install/lib/python3.12/site-packages/geometry_msgs/msg/_vector3_stamped_s.c
[11.949s] -- Installing: /workspace/jazzy_ws/install/lib/python3.12/site-packages/geometry_msgs/msg/_pose_stamped_s.c
[11.950s] -- Installing: /workspace/jazzy_ws/install/lib/python3.12/site-packages/geometry_msgs/msg/_twist_stamped.py
[11.950s] -- Installing: /workspace/jazzy_ws/install/lib/python3.12/site-packages/geometry_msgs/msg/_accel_with_covariance.py
[11.950s] -- Installing: /workspace/jazzy_ws/install/lib/python3.12/site-packages/geometry_msgs/msg/_pose_s.c
[11.950s] -- Installing: /workspace/jazzy_ws/install/lib/python3.12/site-packages/geometry_msgs/msg/_point32.py
[11.950s] -- Installing: /workspace/jazzy_ws/install/lib/python3.12/site-packages/geometry_msgs/msg/_twist_with_covariance_stamped.py
[11.950s] -- Installing: /workspace/jazzy_ws/install/lib/python3.12/site-packages/geometry_msgs/msg/_point_stamped.py
[11.950s] -- Installing: /workspace/jazzy_ws/install/lib/python3.12/site-packages/geometry_msgs/msg/_twist_with_covariance.py
[11.950s] -- Installing: /workspace/jazzy_ws/install/lib/python3.12/site-packages/geometry_msgs/msg/_pose_with_covariance_stamped.py
[11.950s] -- Installing: /workspace/jazzy_ws/install/lib/python3.12/site-packages/geometry_msgs/msg/_accel_s.c
[11.950s] -- Installing: /workspace/jazzy_ws/install/lib/python3.12/site-packages/geometry_msgs/msg/_accel_stamped_s.c
[11.950s] -- Installing: /workspace/jazzy_ws/install/lib/python3.12/site-packages/geometry_msgs/msg/_pose_array.py
[11.950s] -- Installing: /workspace/jazzy_ws/install/lib/python3.12/site-packages/geometry_msgs/msg/_polygon.py
[11.950s] -- Installing: /workspace/jazzy_ws/install/lib/python3.12/site-packages/geometry_msgs/msg/_vector3_s.c
[11.950s] -- Installing: /workspace/jazzy_ws/install/lib/python3.12/site-packages/geometry_msgs/msg/_velocity_stamped_s.c
[11.950s] -- Installing: /workspace/jazzy_ws/install/lib/python3.12/site-packages/geometry_msgs/msg/_pose2_d_s.c
[11.950s] -- Installing: /workspace/jazzy_ws/install/lib/python3.12/site-packages/geometry_msgs/msg/_polygon_stamped_s.c
[11.950s] -- Installing: /workspace/jazzy_ws/install/lib/python3.12/site-packages/geometry_msgs/msg/_wrench_s.c
[11.950s] -- Installing: /workspace/jazzy_ws/install/lib/python3.12/site-packages/geometry_msgs/msg/_twist_s.c
[11.950s] -- Installing: /workspace/jazzy_ws/install/lib/python3.12/site-packages/geometry_msgs/msg/_quaternion_s.c
[11.951s] -- Installing: /workspace/jazzy_ws/install/lib/python3.12/site-packages/geometry_msgs/msg/_twist_with_covariance_s.c
[11.951s] -- Installing: /workspace/jazzy_ws/install/lib/python3.12/site-packages/geometry_msgs/msg/_transform_stamped_s.c
[11.951s] -- Installing: /workspace/jazzy_ws/install/lib/python3.12/site-packages/geometry_msgs/msg/__init__.py
[11.951s] -- Installing: /workspace/jazzy_ws/install/lib/python3.12/site-packages/geometry_msgs/msg/_polygon_instance_s.c
[11.951s] -- Installing: /workspace/jazzy_ws/install/lib/python3.12/site-packages/geometry_msgs/msg/_pose_array_s.c
[11.951s] -- Installing: /workspace/jazzy_ws/install/lib/python3.12/site-packages/geometry_msgs/msg/_polygon_s.c
[11.951s] -- Installing: /workspace/jazzy_ws/install/lib/python3.12/site-packages/geometry_msgs/msg/_vector3.py
[11.951s] -- Installing: /workspace/jazzy_ws/install/lib/python3.12/site-packages/geometry_msgs/msg/_accel_with_covariance_s.c
[11.951s] -- Installing: /workspace/jazzy_ws/install/lib/python3.12/site-packages/geometry_msgs/msg/_pose_stamped.py
[11.951s] -- Installing: /workspace/jazzy_ws/install/lib/python3.12/site-packages/geometry_msgs/msg/_inertia_stamped.py
[11.951s] -- Installing: /workspace/jazzy_ws/install/lib/python3.12/site-packages/geometry_msgs/msg/_inertia_s.c
[11.951s] -- Installing: /workspace/jazzy_ws/install/lib/python3.12/site-packages/geometry_msgs/msg/_transform_stamped.py
[11.951s] -- Installing: /workspace/jazzy_ws/install/lib/python3.12/site-packages/geometry_msgs/msg/_quaternion_stamped.py
[11.951s] -- Installing: /workspace/jazzy_ws/install/lib/python3.12/site-packages/geometry_msgs/msg/_wrench.py
[11.951s] -- Installing: /workspace/jazzy_ws/install/lib/python3.12/site-packages/geometry_msgs/msg/_quaternion_stamped_s.c
[11.951s] -- Installing: /workspace/jazzy_ws/install/lib/python3.12/site-packages/geometry_msgs/msg/_point.py
[11.951s] -- Installing: /workspace/jazzy_ws/install/lib/python3.12/site-packages/geometry_msgs/msg/_wrench_stamped_s.c
[11.951s] -- Installing: /workspace/jazzy_ws/install/lib/python3.12/site-packages/geometry_msgs/msg/_accel_stamped.py
[11.951s] -- Installing: /workspace/jazzy_ws/install/lib/python3.12/site-packages/geometry_msgs/msg/_pose2_d.py
[11.951s] -- Installing: /workspace/jazzy_ws/install/lib/python3.12/site-packages/geometry_msgs/msg/_point_s.c
[11.951s] -- Installing: /workspace/jazzy_ws/install/lib/python3.12/site-packages/geometry_msgs/msg/_vector3_stamped.py
[11.952s] -- Installing: /workspace/jazzy_ws/install/lib/python3.12/site-packages/geometry_msgs/msg/_point_stamped_s.c
[11.952s] -- Installing: /workspace/jazzy_ws/install/lib/python3.12/site-packages/geometry_msgs/msg/_polygon_instance_stamped.py
[11.952s] -- Installing: /workspace/jazzy_ws/install/lib/python3.12/site-packages/geometry_msgs/msg/_transform_s.c
[11.952s] -- Installing: /workspace/jazzy_ws/install/lib/python3.12/site-packages/geometry_msgs/msg/_velocity_stamped.py
[11.952s] -- Installing: /workspace/jazzy_ws/install/lib/python3.12/site-packages/geometry_msgs/msg/_polygon_instance_stamped_s.c
[11.952s] -- Installing: /workspace/jazzy_ws/install/lib/python3.12/site-packages/geometry_msgs/msg/_accel_with_covariance_stamped.py
[11.952s] -- Installing: /workspace/jazzy_ws/install/lib/python3.12/site-packages/geometry_msgs/msg/_twist_stamped_s.c
[11.952s] -- Installing: /workspace/jazzy_ws/install/lib/python3.12/site-packages/geometry_msgs/msg/_accel.py
[11.952s] -- Installing: /workspace/jazzy_ws/install/lib/python3.12/site-packages/geometry_msgs/msg/_polygon_stamped.py
[11.952s] -- Installing: /workspace/jazzy_ws/install/lib/python3.12/site-packages/geometry_msgs/msg/_quaternion.py
[11.952s] -- Installing: /workspace/jazzy_ws/install/lib/python3.12/site-packages/geometry_msgs/msg/_pose_with_covariance_s.c
[11.952s] -- Installing: /workspace/jazzy_ws/install/lib/python3.12/site-packages/geometry_msgs/msg/_polygon_instance.py
[11.952s] -- Installing: /workspace/jazzy_ws/install/lib/python3.12/site-packages/geometry_msgs/msg/_point32_s.c
[11.952s] -- Installing: /workspace/jazzy_ws/install/lib/python3.12/site-packages/geometry_msgs/msg/_accel_with_covariance_stamped_s.c
[11.952s] -- Installing: /workspace/jazzy_ws/install/lib/python3.12/site-packages/geometry_msgs/msg/_inertia_stamped_s.c
[11.952s] -- Installing: /workspace/jazzy_ws/install/lib/python3.12/site-packages/geometry_msgs/msg/_wrench_stamped.py
[11.952s] -- Installing: /workspace/jazzy_ws/install/lib/python3.12/site-packages/geometry_msgs/msg/_pose_with_covariance_stamped_s.c
[11.953s] -- Installing: /workspace/jazzy_ws/install/lib/python3.12/site-packages/geometry_msgs/msg/_twist.py
[11.953s] -- Installing: /workspace/jazzy_ws/install/lib/python3.12/site-packages/geometry_msgs/msg/_transform.py
[11.953s] -- Installing: /workspace/jazzy_ws/install/lib/python3.12/site-packages/geometry_msgs/msg/_twist_with_covariance_stamped_s.c
[11.953s] -- Installing: /workspace/jazzy_ws/install/lib/python3.12/site-packages/geometry_msgs/_geometry_msgs_s.ep.rosidl_typesupport_fastrtps_c.c
[11.954s] -- Installing: /workspace/jazzy_ws/install/lib/python3.12/site-packages/geometry_msgs/geometry_msgs_s__rosidl_typesupport_c.so
[11.954s] -- Installing: /workspace/jazzy_ws/install/lib/python3.12/site-packages/geometry_msgs/__init__.py
[11.954s] -- Installing: /workspace/jazzy_ws/install/lib/python3.12/site-packages/geometry_msgs/geometry_msgs_s__rosidl_typesupport_fastrtps_c.so
[11.954s] -- Installing: /workspace/jazzy_ws/install/lib/python3.12/site-packages/geometry_msgs/_geometry_msgs_s.ep.rosidl_typesupport_c.c
[11.954s] -- Installing: /workspace/jazzy_ws/install/lib/python3.12/site-packages/geometry_msgs/geometry_msgs_s__rosidl_typesupport_introspection_c.so
[12.001s] Listing '/workspace/jazzy_ws/install/lib/python3.12/site-packages/geometry_msgs'...
[12.001s] Compiling '/workspace/jazzy_ws/install/lib/python3.12/site-packages/geometry_msgs/__init__.py'...
[12.001s] Listing '/workspace/jazzy_ws/install/lib/python3.12/site-packages/geometry_msgs/msg'...
[12.001s] Compiling '/workspace/jazzy_ws/install/lib/python3.12/site-packages/geometry_msgs/msg/__init__.py'...
[12.001s] Compiling '/workspace/jazzy_ws/install/lib/python3.12/site-packages/geometry_msgs/msg/_accel.py'...
[12.001s] Compiling '/workspace/jazzy_ws/install/lib/python3.12/site-packages/geometry_msgs/msg/_accel_stamped.py'...
[12.001s] Compiling '/workspace/jazzy_ws/install/lib/python3.12/site-packages/geometry_msgs/msg/_accel_with_covariance.py'...
[12.002s] Compiling '/workspace/jazzy_ws/install/lib/python3.12/site-packages/geometry_msgs/msg/_accel_with_covariance_stamped.py'...
[12.002s] Compiling '/workspace/jazzy_ws/install/lib/python3.12/site-packages/geometry_msgs/msg/_inertia.py'...
[12.002s] Compiling '/workspace/jazzy_ws/install/lib/python3.12/site-packages/geometry_msgs/msg/_inertia_stamped.py'...
[12.002s] Compiling '/workspace/jazzy_ws/install/lib/python3.12/site-packages/geometry_msgs/msg/_point.py'...
[12.002s] Compiling '/workspace/jazzy_ws/install/lib/python3.12/site-packages/geometry_msgs/msg/_point32.py'...
[12.002s] Compiling '/workspace/jazzy_ws/install/lib/python3.12/site-packages/geometry_msgs/msg/_point_stamped.py'...
[12.002s] Compiling '/workspace/jazzy_ws/install/lib/python3.12/site-packages/geometry_msgs/msg/_polygon.py'...
[12.002s] Compiling '/workspace/jazzy_ws/install/lib/python3.12/site-packages/geometry_msgs/msg/_polygon_instance.py'...
[12.002s] Compiling '/workspace/jazzy_ws/install/lib/python3.12/site-packages/geometry_msgs/msg/_polygon_instance_stamped.py'...
[12.002s] Compiling '/workspace/jazzy_ws/install/lib/python3.12/site-packages/geometry_msgs/msg/_polygon_stamped.py'...
[12.002s] Compiling '/workspace/jazzy_ws/install/lib/python3.12/site-packages/geometry_msgs/msg/_pose.py'...
[12.002s] Compiling '/workspace/jazzy_ws/install/lib/python3.12/site-packages/geometry_msgs/msg/_pose2_d.py'...
[12.002s] Compiling '/workspace/jazzy_ws/install/lib/python3.12/site-packages/geometry_msgs/msg/_pose_array.py'...
[12.002s] Compiling '/workspace/jazzy_ws/install/lib/python3.12/site-packages/geometry_msgs/msg/_pose_stamped.py'...
[12.002s] Compiling '/workspace/jazzy_ws/install/lib/python3.12/site-packages/geometry_msgs/msg/_pose_with_covariance.py'...
[12.002s] Compiling '/workspace/jazzy_ws/install/lib/python3.12/site-packages/geometry_msgs/msg/_pose_with_covariance_stamped.py'...
[12.002s] Compiling '/workspace/jazzy_ws/install/lib/python3.12/site-packages/geometry_msgs/msg/_quaternion.py'...
[12.002s] Compiling '/workspace/jazzy_ws/install/lib/python3.12/site-packages/geometry_msgs/msg/_quaternion_stamped.py'...
[12.002s] Compiling '/workspace/jazzy_ws/install/lib/python3.12/site-packages/geometry_msgs/msg/_transform.py'...
[12.002s] Compiling '/workspace/jazzy_ws/install/lib/python3.12/site-packages/geometry_msgs/msg/_transform_stamped.py'...
[12.002s] Compiling '/workspace/jazzy_ws/install/lib/python3.12/site-packages/geometry_msgs/msg/_twist.py'...
[12.002s] Compiling '/workspace/jazzy_ws/install/lib/python3.12/site-packages/geometry_msgs/msg/_twist_stamped.py'...
[12.002s] Compiling '/workspace/jazzy_ws/install/lib/python3.12/site-packages/geometry_msgs/msg/_twist_with_covariance.py'...
[12.002s] Compiling '/workspace/jazzy_ws/install/lib/python3.12/site-packages/geometry_msgs/msg/_twist_with_covariance_stamped.py'...
[12.002s] Compiling '/workspace/jazzy_ws/install/lib/python3.12/site-packages/geometry_msgs/msg/_vector3.py'...
[12.002s] Compiling '/workspace/jazzy_ws/install/lib/python3.12/site-packages/geometry_msgs/msg/_vector3_stamped.py'...
[12.002s] Compiling '/workspace/jazzy_ws/install/lib/python3.12/site-packages/geometry_msgs/msg/_velocity_stamped.py'...
[12.002s] Compiling '/workspace/jazzy_ws/install/lib/python3.12/site-packages/geometry_msgs/msg/_wrench.py'...
[12.002s] Compiling '/workspace/jazzy_ws/install/lib/python3.12/site-packages/geometry_msgs/msg/_wrench_stamped.py'...
[12.005s] -- Installing: /workspace/jazzy_ws/install/lib/python3.12/site-packages/geometry_msgs/geometry_msgs_s__rosidl_typesupport_fastrtps_c.so
[12.005s] -- Set non-toolchain portion of runtime path of "/workspace/jazzy_ws/install/lib/python3.12/site-packages/geometry_msgs/geometry_msgs_s__rosidl_typesupport_fastrtps_c.so" to ""
[12.005s] -- Installing: /workspace/jazzy_ws/install/lib/python3.12/site-packages/geometry_msgs/geometry_msgs_s__rosidl_typesupport_introspection_c.so
[12.005s] -- Set non-toolchain portion of runtime path of "/workspace/jazzy_ws/install/lib/python3.12/site-packages/geometry_msgs/geometry_msgs_s__rosidl_typesupport_introspection_c.so" to ""
[12.005s] -- Installing: /workspace/jazzy_ws/install/lib/python3.12/site-packages/geometry_msgs/geometry_msgs_s__rosidl_typesupport_c.so
[12.005s] -- Set non-toolchain portion of runtime path of "/workspace/jazzy_ws/install/lib/python3.12/site-packages/geometry_msgs/geometry_msgs_s__rosidl_typesupport_c.so" to ""
[12.005s] -- Installing: /workspace/jazzy_ws/install/lib/libgeometry_msgs__rosidl_generator_py.so
[12.006s] -- Set non-toolchain portion of runtime path of "/workspace/jazzy_ws/install/lib/libgeometry_msgs__rosidl_generator_py.so" to ""
[12.006s] -- Installing: /workspace/jazzy_ws/install/share/geometry_msgs/msg/Accel.idl
[12.006s] -- Installing: /workspace/jazzy_ws/install/share/geometry_msgs/msg/AccelStamped.idl
[12.006s] -- Installing: /workspace/jazzy_ws/install/share/geometry_msgs/msg/AccelWithCovariance.idl
[12.006s] -- Installing: /workspace/jazzy_ws/install/share/geometry_msgs/msg/AccelWithCovarianceStamped.idl
[12.006s] -- Installing: /workspace/jazzy_ws/install/share/geometry_msgs/msg/Inertia.idl
[12.006s] -- Installing: /workspace/jazzy_ws/install/share/geometry_msgs/msg/InertiaStamped.idl
[12.006s] -- Installing: /workspace/jazzy_ws/install/share/geometry_msgs/msg/Point.idl
[12.006s] -- Installing: /workspace/jazzy_ws/install/share/geometry_msgs/msg/Point32.idl
[12.006s] -- Installing: /workspace/jazzy_ws/install/share/geometry_msgs/msg/PointStamped.idl
[12.006s] -- Installing: /workspace/jazzy_ws/install/share/geometry_msgs/msg/Polygon.idl
[12.006s] -- Installing: /workspace/jazzy_ws/install/share/geometry_msgs/msg/PolygonInstance.idl
[12.006s] -- Installing: /workspace/jazzy_ws/install/share/geometry_msgs/msg/PolygonInstanceStamped.idl
[12.006s] -- Installing: /workspace/jazzy_ws/install/share/geometry_msgs/msg/PolygonStamped.idl
[12.006s] -- Installing: /workspace/jazzy_ws/install/share/geometry_msgs/msg/Pose.idl
[12.006s] -- Installing: /workspace/jazzy_ws/install/share/geometry_msgs/msg/Pose2D.idl
[12.007s] -- Installing: /workspace/jazzy_ws/install/share/geometry_msgs/msg/PoseArray.idl
[12.007s] -- Installing: /workspace/jazzy_ws/install/share/geometry_msgs/msg/PoseStamped.idl
[12.007s] -- Installing: /workspace/jazzy_ws/install/share/geometry_msgs/msg/PoseWithCovariance.idl
[12.007s] -- Installing: /workspace/jazzy_ws/install/share/geometry_msgs/msg/PoseWithCovarianceStamped.idl
[12.007s] -- Installing: /workspace/jazzy_ws/install/share/geometry_msgs/msg/Quaternion.idl
[12.007s] -- Installing: /workspace/jazzy_ws/install/share/geometry_msgs/msg/QuaternionStamped.idl
[12.007s] -- Installing: /workspace/jazzy_ws/install/share/geometry_msgs/msg/Transform.idl
[12.007s] -- Installing: /workspace/jazzy_ws/install/share/geometry_msgs/msg/TransformStamped.idl
[12.007s] -- Installing: /workspace/jazzy_ws/install/share/geometry_msgs/msg/Twist.idl
[12.007s] -- Installing: /workspace/jazzy_ws/install/share/geometry_msgs/msg/TwistStamped.idl
[12.007s] -- Installing: /workspace/jazzy_ws/install/share/geometry_msgs/msg/TwistWithCovariance.idl
[12.007s] -- Installing: /workspace/jazzy_ws/install/share/geometry_msgs/msg/TwistWithCovarianceStamped.idl
[12.007s] -- Installing: /workspace/jazzy_ws/install/share/geometry_msgs/msg/Vector3.idl
[12.008s] -- Installing: /workspace/jazzy_ws/install/share/geometry_msgs/msg/Vector3Stamped.idl
[12.008s] -- Installing: /workspace/jazzy_ws/install/share/geometry_msgs/msg/VelocityStamped.idl
[12.008s] -- Installing: /workspace/jazzy_ws/install/share/geometry_msgs/msg/Wrench.idl
[12.008s] -- Installing: /workspace/jazzy_ws/install/share/geometry_msgs/msg/WrenchStamped.idl
[12.008s] -- Installing: /workspace/jazzy_ws/install/share/geometry_msgs/msg/Accel.msg
[12.008s] -- Installing: /workspace/jazzy_ws/install/share/geometry_msgs/msg/AccelStamped.msg
[12.008s] -- Installing: /workspace/jazzy_ws/install/share/geometry_msgs/msg/AccelWithCovariance.msg
[12.009s] -- Installing: /workspace/jazzy_ws/install/share/geometry_msgs/msg/AccelWithCovarianceStamped.msg
[12.009s] -- Installing: /workspace/jazzy_ws/install/share/geometry_msgs/msg/Inertia.msg
[12.009s] -- Installing: /workspace/jazzy_ws/install/share/geometry_msgs/msg/InertiaStamped.msg
[12.009s] -- Installing: /workspace/jazzy_ws/install/share/geometry_msgs/msg/Point.msg
[12.009s] -- Installing: /workspace/jazzy_ws/install/share/geometry_msgs/msg/Point32.msg
[12.009s] -- Installing: /workspace/jazzy_ws/install/share/geometry_msgs/msg/PointStamped.msg
[12.009s] -- Installing: /workspace/jazzy_ws/install/share/geometry_msgs/msg/Polygon.msg
[12.009s] -- Installing: /workspace/jazzy_ws/install/share/geometry_msgs/msg/PolygonInstance.msg
[12.009s] -- Installing: /workspace/jazzy_ws/install/share/geometry_msgs/msg/PolygonInstanceStamped.msg
[12.009s] -- Installing: /workspace/jazzy_ws/install/share/geometry_msgs/msg/PolygonStamped.msg
[12.009s] -- Installing: /workspace/jazzy_ws/install/share/geometry_msgs/msg/Pose.msg
[12.009s] -- Installing: /workspace/jazzy_ws/install/share/geometry_msgs/msg/Pose2D.msg
[12.010s] -- Installing: /workspace/jazzy_ws/install/share/geometry_msgs/msg/PoseArray.msg
[12.010s] -- Installing: /workspace/jazzy_ws/install/share/geometry_msgs/msg/PoseStamped.msg
[12.010s] -- Installing: /workspace/jazzy_ws/install/share/geometry_msgs/msg/PoseWithCovariance.msg
[12.010s] -- Installing: /workspace/jazzy_ws/install/share/geometry_msgs/msg/PoseWithCovarianceStamped.msg
[12.010s] -- Installing: /workspace/jazzy_ws/install/share/geometry_msgs/msg/Quaternion.msg
[12.010s] -- Installing: /workspace/jazzy_ws/install/share/geometry_msgs/msg/QuaternionStamped.msg
[12.010s] -- Installing: /workspace/jazzy_ws/install/share/geometry_msgs/msg/Transform.msg
[12.010s] -- Installing: /workspace/jazzy_ws/install/share/geometry_msgs/msg/TransformStamped.msg
[12.010s] -- Installing: /workspace/jazzy_ws/install/share/geometry_msgs/msg/Twist.msg
[12.010s] -- Installing: /workspace/jazzy_ws/install/share/geometry_msgs/msg/TwistStamped.msg
[12.010s] -- Installing: /workspace/jazzy_ws/install/share/geometry_msgs/msg/TwistWithCovariance.msg
[12.010s] -- Installing: /workspace/jazzy_ws/install/share/geometry_msgs/msg/TwistWithCovarianceStamped.msg
[12.011s] -- Installing: /workspace/jazzy_ws/install/share/geometry_msgs/msg/Vector3.msg
[12.011s] -- Installing: /workspace/jazzy_ws/install/share/geometry_msgs/msg/Vector3Stamped.msg
[12.011s] -- Installing: /workspace/jazzy_ws/install/share/geometry_msgs/msg/VelocityStamped.msg
[12.011s] -- Installing: /workspace/jazzy_ws/install/share/geometry_msgs/msg/Wrench.msg
[12.011s] -- Installing: /workspace/jazzy_ws/install/share/geometry_msgs/msg/WrenchStamped.msg
[12.011s] -- Installing: /workspace/jazzy_ws/install/share/ament_index/resource_index/package_run_dependencies/geometry_msgs
[12.011s] -- Installing: /workspace/jazzy_ws/install/share/ament_index/resource_index/parent_prefix_path/geometry_msgs
[12.011s] -- Installing: /workspace/jazzy_ws/install/share/geometry_msgs/environment/ament_prefix_path.sh
[12.011s] -- Installing: /workspace/jazzy_ws/install/share/geometry_msgs/environment/ament_prefix_path.dsv
[12.011s] -- Installing: /workspace/jazzy_ws/install/share/geometry_msgs/environment/path.sh
[12.011s] -- Installing: /workspace/jazzy_ws/install/share/geometry_msgs/environment/path.dsv
[12.011s] -- Installing: /workspace/jazzy_ws/install/share/geometry_msgs/local_setup.bash
[12.012s] -- Installing: /workspace/jazzy_ws/install/share/geometry_msgs/local_setup.sh
[12.012s] -- Installing: /workspace/jazzy_ws/install/share/geometry_msgs/local_setup.zsh
[12.012s] -- Installing: /workspace/jazzy_ws/install/share/geometry_msgs/local_setup.dsv
[12.012s] -- Installing: /workspace/jazzy_ws/install/share/geometry_msgs/package.dsv
[12.012s] -- Installing: /workspace/jazzy_ws/install/share/ament_index/resource_index/packages/geometry_msgs
[12.012s] -- Installing: /workspace/jazzy_ws/install/share/geometry_msgs/cmake/export_geometry_msgs__rosidl_generator_cExport.cmake
[12.012s] -- Installing: /workspace/jazzy_ws/install/share/geometry_msgs/cmake/export_geometry_msgs__rosidl_generator_cExport-noconfig.cmake
[12.012s] -- Installing: /workspace/jazzy_ws/install/share/geometry_msgs/cmake/export_geometry_msgs__rosidl_typesupport_fastrtps_cExport.cmake
[12.012s] -- Installing: /workspace/jazzy_ws/install/share/geometry_msgs/cmake/export_geometry_msgs__rosidl_typesupport_fastrtps_cExport-noconfig.cmake
[12.013s] -- Installing: /workspace/jazzy_ws/install/share/geometry_msgs/cmake/geometry_msgs__rosidl_typesupport_introspection_cExport.cmake
[12.013s] -- Installing: /workspace/jazzy_ws/install/share/geometry_msgs/cmake/geometry_msgs__rosidl_typesupport_introspection_cExport-noconfig.cmake
[12.013s] -- Installing: /workspace/jazzy_ws/install/share/geometry_msgs/cmake/geometry_msgs__rosidl_typesupport_cExport.cmake
[12.013s] -- Installing: /workspace/jazzy_ws/install/share/geometry_msgs/cmake/geometry_msgs__rosidl_typesupport_cExport-noconfig.cmake
[12.013s] -- Installing: /workspace/jazzy_ws/install/share/geometry_msgs/cmake/export_geometry_msgs__rosidl_generator_cppExport.cmake
[12.013s] -- Installing: /workspace/jazzy_ws/install/share/geometry_msgs/cmake/export_geometry_msgs__rosidl_typesupport_fastrtps_cppExport.cmake
[12.013s] -- Installing: /workspace/jazzy_ws/install/share/geometry_msgs/cmake/export_geometry_msgs__rosidl_typesupport_fastrtps_cppExport-noconfig.cmake
[12.013s] -- Installing: /workspace/jazzy_ws/install/share/geometry_msgs/cmake/geometry_msgs__rosidl_typesupport_introspection_cppExport.cmake
[12.013s] -- Installing: /workspace/jazzy_ws/install/share/geometry_msgs/cmake/geometry_msgs__rosidl_typesupport_introspection_cppExport-noconfig.cmake
[12.013s] -- Installing: /workspace/jazzy_ws/install/share/geometry_msgs/cmake/geometry_msgs__rosidl_typesupport_cppExport.cmake
[12.013s] -- Installing: /workspace/jazzy_ws/install/share/geometry_msgs/cmake/geometry_msgs__rosidl_typesupport_cppExport-noconfig.cmake
[12.013s] -- Installing: /workspace/jazzy_ws/install/share/geometry_msgs/cmake/export_geometry_msgs__rosidl_generator_pyExport.cmake
[12.013s] -- Installing: /workspace/jazzy_ws/install/share/geometry_msgs/cmake/export_geometry_msgs__rosidl_generator_pyExport-noconfig.cmake
[12.013s] -- Installing: /workspace/jazzy_ws/install/share/geometry_msgs/cmake/rosidl_cmake-extras.cmake
[12.014s] -- Installing: /workspace/jazzy_ws/install/share/geometry_msgs/cmake/ament_cmake_export_dependencies-extras.cmake
[12.014s] -- Installing: /workspace/jazzy_ws/install/share/geometry_msgs/cmake/ament_cmake_export_include_directories-extras.cmake
[12.014s] -- Installing: /workspace/jazzy_ws/install/share/geometry_msgs/cmake/ament_cmake_export_libraries-extras.cmake
[12.014s] -- Installing: /workspace/jazzy_ws/install/share/geometry_msgs/cmake/ament_cmake_export_targets-extras.cmake
[12.014s] -- Installing: /workspace/jazzy_ws/install/share/geometry_msgs/cmake/rosidl_cmake_export_typesupport_targets-extras.cmake
[12.014s] -- Installing: /workspace/jazzy_ws/install/share/geometry_msgs/cmake/rosidl_cmake_export_typesupport_libraries-extras.cmake
[12.014s] -- Installing: /workspace/jazzy_ws/install/share/geometry_msgs/cmake/geometry_msgsConfig.cmake
[12.014s] -- Installing: /workspace/jazzy_ws/install/share/geometry_msgs/cmake/geometry_msgsConfig-version.cmake
[12.014s] -- Installing: /workspace/jazzy_ws/install/share/geometry_msgs/package.xml
[12.016s] Invoked command in '/workspace/jazzy_ws/build/geometry_msgs' returned '0': AMENT_PREFIX_PATH=/workspace/jazzy_ws/install CMAKE_PREFIX_PATH=/workspace/jazzy_ws/install LD_LIBRARY_PATH=/workspace/jazzy_ws/install/lib:/workspace/jazzy_ws/install/opt/mimick_vendor/lib PATH=/workspace/jazzy_ws/install/bin:/workspace/jazzy_ws/install/opt/uncrustify_vendor/bin:${PATH} PKG_CONFIG_PATH=/workspace/jazzy_ws/install/lib/x86_64-linux-gnu/pkgconfig:/workspace/jazzy_ws/install/lib/pkgconfig PYTHONPATH=/workspace/jazzy_ws/install/lib/python3.12/site-packages /usr/bin/cmake --install /workspace/jazzy_ws/build/geometry_msgs
